Top_Percent,aaindex_Linear_HitRate,aaindex_Linear_Recall,aaindex_Ridge_HitRate,aaindex_Ridge_Recall,aaindex_Lasso_HitRate,aaindex_Lasso_Recall,aaindex_ElasticNet_HitRate,aaindex_ElasticNet_Recall,aaindex_NeuralNet_HitRate,aaindex_NeuralNet_Recall,aaindex_RandomForest_HitRate,aaindex_RandomForest_Recall,aaindex_XGBoost_HitRate,aaindex_XGBoost_Recall,aaindex_KNN_HitRate,aaindex_KNN_Recall,aaindex_GaussianProcess_HitRate,aaindex_GaussianProcess_Recall,aaindex_PLSRegression_HitRate,aaindex_PLSRegression_Recall,aaindex_SVR_HitRate,aaindex_SVR_Recall,aaindex_ExtraTrees_HitRate,aaindex_ExtraTrees_Recall,aaindex_with_esm_Linear_HitRate,aaindex_with_esm_Linear_Recall,aaindex_with_esm_Ridge_HitRate,aaindex_with_esm_Ridge_Recall,aaindex_with_esm_Lasso_HitRate,aaindex_with_esm_Lasso_Recall,aaindex_with_esm_ElasticNet_HitRate,aaindex_with_esm_ElasticNet_Recall,aaindex_with_esm_NeuralNet_HitRate,aaindex_with_esm_NeuralNet_Recall,aaindex_with_esm_RandomForest_HitRate,aaindex_with_esm_RandomForest_Recall,aaindex_with_esm_XGBoost_HitRate,aaindex_with_esm_XGBoost_Recall,aaindex_with_esm_KNN_HitRate,aaindex_with_esm_KNN_Recall,aaindex_with_esm_GaussianProcess_HitRate,aaindex_with_esm_GaussianProcess_Recall,aaindex_with_esm_PLSRegression_HitRate,aaindex_with_esm_PLSRegression_Recall,aaindex_with_esm_SVR_HitRate,aaindex_with_esm_SVR_Recall,aaindex_with_esm_ExtraTrees_HitRate,aaindex_with_esm_ExtraTrees_Recall,onehot_Linear_HitRate,onehot_Linear_Recall,onehot_Ridge_HitRate,onehot_Ridge_Recall,onehot_Lasso_HitRate,onehot_Lasso_Recall,onehot_ElasticNet_HitRate,onehot_ElasticNet_Recall,onehot_NeuralNet_HitRate,onehot_NeuralNet_Recall,onehot_RandomForest_HitRate,onehot_RandomForest_Recall,onehot_XGBoost_HitRate,onehot_XGBoost_Recall,onehot_KNN_HitRate,onehot_KNN_Recall,onehot_GaussianProcess_HitRate,onehot_GaussianProcess_Recall,onehot_PLSRegression_HitRate,onehot_PLSRegression_Recall,onehot_SVR_HitRate,onehot_SVR_Recall,onehot_ExtraTrees_HitRate,onehot_ExtraTrees_Recall,onehot_with_esm_Linear_HitRate,onehot_with_esm_Linear_Recall,onehot_with_esm_Ridge_HitRate,onehot_with_esm_Ridge_Recall,onehot_with_esm_Lasso_HitRate,onehot_with_esm_Lasso_Recall,onehot_with_esm_ElasticNet_HitRate,onehot_with_esm_ElasticNet_Recall,onehot_with_esm_NeuralNet_HitRate,onehot_with_esm_NeuralNet_Recall,onehot_with_esm_RandomForest_HitRate,onehot_with_esm_RandomForest_Recall,onehot_with_esm_XGBoost_HitRate,onehot_with_esm_XGBoost_Recall,onehot_with_esm_KNN_HitRate,onehot_with_esm_KNN_Recall,onehot_with_esm_GaussianProcess_HitRate,onehot_with_esm_GaussianProcess_Recall,onehot_with_esm_PLSRegression_HitRate,onehot_with_esm_PLSRegression_Recall,onehot_with_esm_SVR_HitRate,onehot_with_esm_SVR_Recall,onehot_with_esm_ExtraTrees_HitRate,onehot_with_esm_ExtraTrees_Recall,georgiev_Linear_HitRate,georgiev_Linear_Recall,georgiev_Ridge_HitRate,georgiev_Ridge_Recall,georgiev_Lasso_HitRate,georgiev_Lasso_Recall,georgiev_ElasticNet_HitRate,georgiev_ElasticNet_Recall,georgiev_NeuralNet_HitRate,georgiev_NeuralNet_Recall,georgiev_RandomForest_HitRate,georgiev_RandomForest_Recall,georgiev_XGBoost_HitRate,georgiev_XGBoost_Recall,georgiev_KNN_HitRate,georgiev_KNN_Recall,georgiev_GaussianProcess_HitRate,georgiev_GaussianProcess_Recall,georgiev_PLSRegression_HitRate,georgiev_PLSRegression_Recall,georgiev_SVR_HitRate,georgiev_SVR_Recall,georgiev_ExtraTrees_HitRate,georgiev_ExtraTrees_Recall,georgiev_with_esm_Linear_HitRate,georgiev_with_esm_Linear_Recall,georgiev_with_esm_Ridge_HitRate,georgiev_with_esm_Ridge_Recall,georgiev_with_esm_Lasso_HitRate,georgiev_with_esm_Lasso_Recall,georgiev_with_esm_ElasticNet_HitRate,georgiev_with_esm_ElasticNet_Recall,georgiev_with_esm_NeuralNet_HitRate,georgiev_with_esm_NeuralNet_Recall,georgiev_with_esm_RandomForest_HitRate,georgiev_with_esm_RandomForest_Recall,georgiev_with_esm_XGBoost_HitRate,georgiev_with_esm_XGBoost_Recall,georgiev_with_esm_KNN_HitRate,georgiev_with_esm_KNN_Recall,georgiev_with_esm_GaussianProcess_HitRate,georgiev_with_esm_GaussianProcess_Recall,georgiev_with_esm_PLSRegression_HitRate,georgiev_with_esm_PLSRegression_Recall,georgiev_with_esm_SVR_HitRate,georgiev_with_esm_SVR_Recall,georgiev_with_esm_ExtraTrees_HitRate,georgiev_with_esm_ExtraTrees_Recall,prott5_Linear_HitRate,prott5_Linear_Recall,prott5_Ridge_HitRate,prott5_Ridge_Recall,prott5_Lasso_HitRate,prott5_Lasso_Recall,prott5_ElasticNet_HitRate,prott5_ElasticNet_Recall,prott5_NeuralNet_HitRate,prott5_NeuralNet_Recall,prott5_RandomForest_HitRate,prott5_RandomForest_Recall,prott5_XGBoost_HitRate,prott5_XGBoost_Recall,prott5_KNN_HitRate,prott5_KNN_Recall,prott5_GaussianProcess_HitRate,prott5_GaussianProcess_Recall,prott5_PLSRegression_HitRate,prott5_PLSRegression_Recall,prott5_SVR_HitRate,prott5_SVR_Recall,prott5_ExtraTrees_HitRate,prott5_ExtraTrees_Recall,prott5_with_esm_Linear_HitRate,prott5_with_esm_Linear_Recall,prott5_with_esm_Ridge_HitRate,prott5_with_esm_Ridge_Recall,prott5_with_esm_Lasso_HitRate,prott5_with_esm_Lasso_Recall,prott5_with_esm_ElasticNet_HitRate,prott5_with_esm_ElasticNet_Recall,prott5_with_esm_NeuralNet_HitRate,prott5_with_esm_NeuralNet_Recall,prott5_with_esm_RandomForest_HitRate,prott5_with_esm_RandomForest_Recall,prott5_with_esm_XGBoost_HitRate,prott5_with_esm_XGBoost_Recall,prott5_with_esm_KNN_HitRate,prott5_with_esm_KNN_Recall,prott5_with_esm_GaussianProcess_HitRate,prott5_with_esm_GaussianProcess_Recall,prott5_with_esm_PLSRegression_HitRate,prott5_with_esm_PLSRegression_Recall,prott5_with_esm_SVR_HitRate,prott5_with_esm_SVR_Recall,prott5_with_esm_ExtraTrees_HitRate,prott5_with_esm_ExtraTrees_Recall
1,0.014925373134328358,0.012987012987012988,0.014925373134328358,0.012987012987012988,0.0,0.0,0.0,0.0,0.0,0.0,0.0,0.0,0.0,0.0,0.0,0.0,0.0,0.0,0.014925373134328358,0.012987012987012988,0.014925373134328358,0.012987012987012988,0.0,0.0,0.014925373134328358,0.012987012987012988,0.014925373134328358,0.012987012987012988,0.0,0.0,0.0,0.0,0.014925373134328358,0.012987012987012988,0.0,0.0,0.0,0.0,0.0,0.0,0.0,0.0,0.014925373134328358,0.012987012987012988,0.0,0.0,0.0,0.0,0.0,0.0,0.0,0.0,0.0,0.0,0.0,0.0,0.0,0.0,0.0,0.0,0.0,0.0,0.0,0.0,0.0,0.0,0.0,0.0,0.0,0.0,0.0,0.0,0.0,0.0,0.0,0.0,0.0,0.0,0.0,0.0,0.0,0.0,0.0,0.0,0.0,0.0,0.0,0.0,0.0,0.0,0.0,0.0,0.0,0.0,0.0,0.0,0.0,0.0,0.0,0.0,0.0,0.0,0.0,0.0,0.0,0.0,0.014925373134328358,0.012987012987012988,0.0,0.0,0.0,0.0,0.0,0.0,0.0,0.0,0.0,0.0,0.0,0.0,0.0,0.0,0.0,0.0,0.0,0.0,0.0,0.0,0.0,0.0,0.0,0.0,0.0,0.0,0.0,0.0,0.014925373134328358,0.012987012987012988,0.0,0.0,0.0,0.0,0.0,0.0,0.0,0.0,0.014925373134328358,0.012987012987012988,0.029850746268656716,0.025974025974025976,0.029850746268656716,0.025974025974025976,0.0,0.0,0.029850746268656716,0.025974025974025976,0.0,0.0,0.014925373134328358,0.012987012987012988,0.0,0.0,0.0,0.0,0.0,0.0,0.0,0.0,0.0,0.0,0.014925373134328358,0.012987012987012988,0.029850746268656716,0.025974025974025976,0.029850746268656716,0.025974025974025976,0.05970149253731343,0.05194805194805195,0.029850746268656716,0.025974025974025976,0.014925373134328358,0.012987012987012988,0.029850746268656716,0.025974025974025976,0.0,0.0,0.0,0.0,0.0,0.0,0.0,0.0
2,0.007462686567164179,0.012987012987012988,0.007462686567164179,0.012987012987012988,0.0,0.0,0.0,0.0,0.007462686567164179,0.012987012987012988,0.0,0.0,0.0,0.0,0.0,0.0,0.007462686567164179,0.012987012987012988,0.007462686567164179,0.012987012987012988,0.007462686567164179,0.012987012987012988,0.0,0.0,0.007462686567164179,0.012987012987012988,0.007462686567164179,0.012987012987012988,0.0,0.0,0.0,0.0,0.007462686567164179,0.012987012987012988,0.007462686567164179,0.012987012987012988,0.007462686567164179,0.012987012987012988,0.0,0.0,0.007462686567164179,0.012987012987012988,0.007462686567164179,0.012987012987012988,0.007462686567164179,0.012987012987012988,0.0,0.0,0.0,0.0,0.0,0.0,0.0,0.0,0.0,0.0,0.007462686567164179,0.012987012987012988,0.0,0.0,0.0,0.0,0.0,0.0,0.0,0.0,0.0,0.0,0.0,0.0,0.0,0.0,0.0,0.0,0.0,0.0,0.0,0.0,0.0,0.0,0.0,0.0,0.0,0.0,0.0,0.0,0.007462686567164179,0.012987012987012988,0.0,0.0,0.0,0.0,0.0,0.0,0.0,0.0,0.007462686567164179,0.012987012987012988,0.007462686567164179,0.012987012987012988,0.007462686567164179,0.012987012987012988,0.0,0.0,0.014925373134328358,0.025974025974025976,0.007462686567164179,0.012987012987012988,0.0,0.0,0.0,0.0,0.014925373134328358,0.025974025974025976,0.007462686567164179,0.012987012987012988,0.014925373134328358,0.025974025974025976,0.007462686567164179,0.012987012987012988,0.007462686567164179,0.012987012987012988,0.007462686567164179,0.012987012987012988,0.007462686567164179,0.012987012987012988,0.0,0.0,0.007462686567164179,0.012987012987012988,0.0,0.0,0.007462686567164179,0.012987012987012988,0.007462686567164179,0.012987012987012988,0.007462686567164179,0.012987012987012988,0.007462686567164179,0.012987012987012988,0.0,0.0,0.0,0.0,0.007462686567164179,0.012987012987012988,0.014925373134328358,0.025974025974025976,0.04477611940298507,0.07792207792207792,0.04477611940298507,0.07792207792207792,0.014925373134328358,0.025974025974025976,0.022388059701492536,0.03896103896103896,0.007462686567164179,0.012987012987012988,0.007462686567164179,0.012987012987012988,0.0,0.0,0.0,0.0,0.0,0.0,0.0,0.0,0.007462686567164179,0.012987012987012988,0.007462686567164179,0.012987012987012988,0.04477611940298507,0.07792207792207792,0.04477611940298507,0.07792207792207792,0.04477611940298507,0.07792207792207792,0.014925373134328358,0.025974025974025976,0.014925373134328358,0.025974025974025976,0.022388059701492536,0.03896103896103896,0.0,0.0,0.0,0.0,0.0,0.0,0.0,0.0
3,0.004975124378109453,0.012987012987012988,0.004975124378109453,0.012987012987012988,0.0,0.0,0.0,0.0,0.004975124378109453,0.012987012987012988,0.004975124378109453,0.012987012987012988,0.0,0.0,0.0,0.0,0.004975124378109453,0.012987012987012988,0.004975124378109453,0.012987012987012988,0.004975124378109453,0.012987012987012988,0.0,0.0,0.004975124378109453,0.012987012987012988,0.004975124378109453,0.012987012987012988,0.0,0.0,0.0,0.0,0.009950248756218905,0.025974025974025976,0.004975124378109453,0.012987012987012988,0.004975124378109453,0.012987012987012988,0.0,0.0,0.004975124378109453,0.012987012987012988,0.004975124378109453,0.012987012987012988,0.004975124378109453,0.012987012987012988,0.0,0.0,0.0,0.0,0.0,0.0,0.0,0.0,0.0,0.0,0.004975124378109453,0.012987012987012988,0.0,0.0,0.0,0.0,0.0,0.0,0.0,0.0,0.0,0.0,0.0,0.0,0.0,0.0,0.004975124378109453,0.012987012987012988,0.004975124378109453,0.012987012987012988,0.0,0.0,0.0,0.0,0.0,0.0,0.0,0.0,0.0,0.0,0.009950248756218905,0.025974025974025976,0.0,0.0,0.004975124378109453,0.012987012987012988,0.0,0.0,0.0,0.0,0.004975124378109453,0.012987012987012988,0.004975124378109453,0.012987012987012988,0.004975124378109453,0.012987012987012988,0.0,0.0,0.009950248756218905,0.025974025974025976,0.004975124378109453,0.012987012987012988,0.0,0.0,0.004975124378109453,0.012987012987012988,0.009950248756218905,0.025974025974025976,0.004975124378109453,0.012987012987012988,0.009950248756218905,0.025974025974025976,0.004975124378109453,0.012987012987012988,0.004975124378109453,0.012987012987012988,0.004975124378109453,0.012987012987012988,0.004975124378109453,0.012987012987012988,0.0,0.0,0.004975124378109453,0.012987012987012988,0.004975124378109453,0.012987012987012988,0.004975124378109453,0.012987012987012988,0.004975124378109453,0.012987012987012988,0.004975124378109453,0.012987012987012988,0.004975124378109453,0.012987012987012988,0.0,0.0,0.0,0.0,0.01990049751243781,0.05194805194805195,0.009950248756218905,0.025974025974025976,0.04477611940298507,0.11688311688311688,0.04477611940298507,0.11688311688311688,0.009950248756218905,0.025974025974025976,0.01990049751243781,0.05194805194805195,0.014925373134328358,0.03896103896103896,0.004975124378109453,0.012987012987012988,0.0,0.0,0.004975124378109453,0.012987012987012988,0.0,0.0,0.004975124378109453,0.012987012987012988,0.024875621890547265,0.06493506493506493,0.009950248756218905,0.025974025974025976,0.04477611940298507,0.11688311688311688,0.04477611940298507,0.11688311688311688,0.03482587064676617,0.09090909090909091,0.014925373134328358,0.03896103896103896,0.014925373134328358,0.03896103896103896,0.014925373134328358,0.03896103896103896,0.0,0.0,0.004975124378109453,0.012987012987012988,0.0,0.0,0.0,0.0
4,0.011194029850746268,0.03896103896103896,0.011194029850746268,0.03896103896103896,0.0,0.0,0.0,0.0,0.0037313432835820895,0.012987012987012988,0.0037313432835820895,0.012987012987012988,0.0,0.0,0.0037313432835820895,0.012987012987012988,0.0037313432835820895,0.012987012987012988,0.011194029850746268,0.03896103896103896,0.0037313432835820895,0.012987012987012988,0.0037313432835820895,0.012987012987012988,0.011194029850746268,0.03896103896103896,0.011194029850746268,0.03896103896103896,0.0,0.0,0.0,0.0,0.007462686567164179,0.025974025974025976,0.0037313432835820895,0.012987012987012988,0.0037313432835820895,0.012987012987012988,0.0,0.0,0.0037313432835820895,0.012987012987012988,0.011194029850746268,0.03896103896103896,0.0037313432835820895,0.012987012987012988,0.0,0.0,0.0037313432835820895,0.012987012987012988,0.0037313432835820895,0.012987012987012988,0.0,0.0,0.0,0.0,0.0037313432835820895,0.012987012987012988,0.0,0.0,0.0,0.0,0.0,0.0,0.0,0.0,0.0037313432835820895,0.012987012987012988,0.0,0.0,0.0037313432835820895,0.012987012987012988,0.0037313432835820895,0.012987012987012988,0.0037313432835820895,0.012987012987012988,0.0,0.0,0.0,0.0,0.0,0.0,0.0,0.0,0.0,0.0,0.007462686567164179,0.025974025974025976,0.0,0.0,0.0037313432835820895,0.012987012987012988,0.0,0.0,0.0,0.0,0.0037313432835820895,0.012987012987012988,0.0037313432835820895,0.012987012987012988,0.0037313432835820895,0.012987012987012988,0.0,0.0,0.007462686567164179,0.025974025974025976,0.0037313432835820895,0.012987012987012988,0.0,0.0,0.007462686567164179,0.025974025974025976,0.011194029850746268,0.03896103896103896,0.0037313432835820895,0.012987012987012988,0.011194029850746268,0.03896103896103896,0.0037313432835820895,0.012987012987012988,0.0037313432835820895,0.012987012987012988,0.0037313432835820895,0.012987012987012988,0.0037313432835820895,0.012987012987012988,0.0,0.0,0.007462686567164179,0.025974025974025976,0.0037313432835820895,0.012987012987012988,0.0037313432835820895,0.012987012987012988,0.026119402985074626,0.09090909090909091,0.007462686567164179,0.025974025974025976,0.0037313432835820895,0.012987012987012988,0.0,0.0,0.0037313432835820895,0.012987012987012988,0.026119402985074626,0.09090909090909091,0.014925373134328358,0.05194805194805195,0.055970149253731345,0.19480519480519481,0.055970149253731345,0.19480519480519481,0.014925373134328358,0.05194805194805195,0.018656716417910446,0.06493506493506493,0.011194029850746268,0.03896103896103896,0.0037313432835820895,0.012987012987012988,0.0,0.0,0.0037313432835820895,0.012987012987012988,0.0,0.0,0.007462686567164179,0.025974025974025976,0.022388059701492536,0.07792207792207792,0.014925373134328358,0.05194805194805195,0.055970149253731345,0.19480519480519481,0.055970149253731345,0.19480519480519481,0.033582089552238806,0.11688311688311688,0.014925373134328358,0.05194805194805195,0.018656716417910446,0.06493506493506493,0.011194029850746268,0.03896103896103896,0.0,0.0,0.0037313432835820895,0.012987012987012988,0.0,0.0,0.0,0.0
5,0.008955223880597015,0.03896103896103896,0.008955223880597015,0.03896103896103896,0.0,0.0,0.0,0.0,0.0029850746268656717,0.012987012987012988,0.0029850746268656717,0.012987012987012988,0.0,0.0,0.0029850746268656717,0.012987012987012988,0.0029850746268656717,0.012987012987012988,0.008955223880597015,0.03896103896103896,0.0029850746268656717,0.012987012987012988,0.0029850746268656717,0.012987012987012988,0.008955223880597015,0.03896103896103896,0.008955223880597015,0.03896103896103896,0.0,0.0,0.0,0.0,0.005970149253731343,0.025974025974025976,0.0029850746268656717,0.012987012987012988,0.0029850746268656717,0.012987012987012988,0.0,0.0,0.0029850746268656717,0.012987012987012988,0.008955223880597015,0.03896103896103896,0.005970149253731343,0.025974025974025976,0.0029850746268656717,0.012987012987012988,0.0029850746268656717,0.012987012987012988,0.0029850746268656717,0.012987012987012988,0.0,0.0,0.0,0.0,0.0029850746268656717,0.012987012987012988,0.0,0.0,0.0,0.0,0.0029850746268656717,0.012987012987012988,0.0,0.0,0.0029850746268656717,0.012987012987012988,0.0,0.0,0.0029850746268656717,0.012987012987012988,0.0029850746268656717,0.012987012987012988,0.0029850746268656717,0.012987012987012988,0.0,0.0,0.0,0.0,0.0,0.0,0.005970149253731343,0.025974025974025976,0.0029850746268656717,0.012987012987012988,0.005970149253731343,0.025974025974025976,0.0029850746268656717,0.012987012987012988,0.0029850746268656717,0.012987012987012988,0.0,0.0,0.0,0.0,0.0029850746268656717,0.012987012987012988,0.0029850746268656717,0.012987012987012988,0.0029850746268656717,0.012987012987012988,0.0029850746268656717,0.012987012987012988,0.005970149253731343,0.025974025974025976,0.0029850746268656717,0.012987012987012988,0.0,0.0,0.005970149253731343,0.025974025974025976,0.008955223880597015,0.03896103896103896,0.0029850746268656717,0.012987012987012988,0.008955223880597015,0.03896103896103896,0.0029850746268656717,0.012987012987012988,0.0029850746268656717,0.012987012987012988,0.0029850746268656717,0.012987012987012988,0.0029850746268656717,0.012987012987012988,0.0029850746268656717,0.012987012987012988,0.005970149253731343,0.025974025974025976,0.005970149253731343,0.025974025974025976,0.0029850746268656717,0.012987012987012988,0.023880597014925373,0.1038961038961039,0.008955223880597015,0.03896103896103896,0.0029850746268656717,0.012987012987012988,0.0,0.0,0.0029850746268656717,0.012987012987012988,0.026865671641791045,0.11688311688311688,0.014925373134328358,0.06493506493506493,0.05373134328358209,0.23376623376623376,0.05373134328358209,0.23376623376623376,0.014925373134328358,0.06493506493506493,0.014925373134328358,0.06493506493506493,0.020895522388059702,0.09090909090909091,0.0029850746268656717,0.012987012987012988,0.0,0.0,0.0029850746268656717,0.012987012987012988,0.0,0.0,0.008955223880597015,0.03896103896103896,0.020895522388059702,0.09090909090909091,0.014925373134328358,0.06493506493506493,0.05373134328358209,0.23376623376623376,0.05373134328358209,0.23376623376623376,0.03582089552238806,0.15584415584415584,0.014925373134328358,0.06493506493506493,0.014925373134328358,0.06493506493506493,0.011940298507462687,0.05194805194805195,0.0,0.0,0.0029850746268656717,0.012987012987012988,0.0,0.0,0.0,0.0
6,0.007462686567164179,0.03896103896103896,0.007462686567164179,0.03896103896103896,0.0,0.0,0.0,0.0,0.0024875621890547263,0.012987012987012988,0.0024875621890547263,0.012987012987012988,0.0,0.0,0.0024875621890547263,0.012987012987012988,0.004975124378109453,0.025974025974025976,0.007462686567164179,0.03896103896103896,0.004975124378109453,0.025974025974025976,0.0024875621890547263,0.012987012987012988,0.007462686567164179,0.03896103896103896,0.007462686567164179,0.03896103896103896,0.0,0.0,0.0,0.0,0.007462686567164179,0.03896103896103896,0.0024875621890547263,0.012987012987012988,0.0024875621890547263,0.012987012987012988,0.0,0.0,0.004975124378109453,0.025974025974025976,0.007462686567164179,0.03896103896103896,0.004975124378109453,0.025974025974025976,0.0024875621890547263,0.012987012987012988,0.0024875621890547263,0.012987012987012988,0.0024875621890547263,0.012987012987012988,0.0,0.0,0.0,0.0,0.0024875621890547263,0.012987012987012988,0.0,0.0,0.0,0.0,0.0024875621890547263,0.012987012987012988,0.0,0.0,0.0024875621890547263,0.012987012987012988,0.0,0.0,0.0024875621890547263,0.012987012987012988,0.0024875621890547263,0.012987012987012988,0.0024875621890547263,0.012987012987012988,0.0,0.0,0.0,0.0,0.004975124378109453,0.025974025974025976,0.004975124378109453,0.025974025974025976,0.004975124378109453,0.025974025974025976,0.004975124378109453,0.025974025974025976,0.0024875621890547263,0.012987012987012988,0.0024875621890547263,0.012987012987012988,0.0,0.0,0.0,0.0,0.004975124378109453,0.025974025974025976,0.004975124378109453,0.025974025974025976,0.0024875621890547263,0.012987012987012988,0.0024875621890547263,0.012987012987012988,0.004975124378109453,0.025974025974025976,0.0024875621890547263,0.012987012987012988,0.0,0.0,0.004975124378109453,0.025974025974025976,0.007462686567164179,0.03896103896103896,0.004975124378109453,0.025974025974025976,0.007462686567164179,0.03896103896103896,0.0024875621890547263,0.012987012987012988,0.004975124378109453,0.025974025974025976,0.004975124378109453,0.025974025974025976,0.0024875621890547263,0.012987012987012988,0.0024875621890547263,0.012987012987012988,0.004975124378109453,0.025974025974025976,0.004975124378109453,0.025974025974025976,0.0024875621890547263,0.012987012987012988,0.022388059701492536,0.11688311688311688,0.009950248756218905,0.05194805194805195,0.004975124378109453,0.025974025974025976,0.0,0.0,0.004975124378109453,0.025974025974025976,0.022388059701492536,0.11688311688311688,0.012437810945273632,0.06493506493506493,0.0472636815920398,0.24675324675324675,0.0472636815920398,0.24675324675324675,0.014925373134328358,0.07792207792207792,0.014925373134328358,0.07792207792207792,0.017412935323383085,0.09090909090909091,0.009950248756218905,0.05194805194805195,0.0,0.0,0.004975124378109453,0.025974025974025976,0.0,0.0,0.009950248756218905,0.05194805194805195,0.01990049751243781,0.1038961038961039,0.012437810945273632,0.06493506493506493,0.0472636815920398,0.24675324675324675,0.0472636815920398,0.24675324675324675,0.03233830845771144,0.16883116883116883,0.017412935323383085,0.09090909090909091,0.017412935323383085,0.09090909090909091,0.017412935323383085,0.09090909090909091,0.0,0.0,0.004975124378109453,0.025974025974025976,0.0,0.0,0.0,0.0
7,0.006396588486140725,0.03896103896103896,0.006396588486140725,0.03896103896103896,0.0,0.0,0.0,0.0,0.0021321961620469083,0.012987012987012988,0.0021321961620469083,0.012987012987012988,0.0,0.0,0.0021321961620469083,0.012987012987012988,0.0042643923240938165,0.025974025974025976,0.006396588486140725,0.03896103896103896,0.0042643923240938165,0.025974025974025976,0.0021321961620469083,0.012987012987012988,0.006396588486140725,0.03896103896103896,0.006396588486140725,0.03896103896103896,0.0,0.0,0.0,0.0,0.006396588486140725,0.03896103896103896,0.0042643923240938165,0.025974025974025976,0.0021321961620469083,0.012987012987012988,0.0021321961620469083,0.012987012987012988,0.0042643923240938165,0.025974025974025976,0.006396588486140725,0.03896103896103896,0.0042643923240938165,0.025974025974025976,0.0042643923240938165,0.025974025974025976,0.0021321961620469083,0.012987012987012988,0.0021321961620469083,0.012987012987012988,0.0,0.0,0.0,0.0,0.0021321961620469083,0.012987012987012988,0.0021321961620469083,0.012987012987012988,0.0,0.0,0.0021321961620469083,0.012987012987012988,0.0021321961620469083,0.012987012987012988,0.0021321961620469083,0.012987012987012988,0.0,0.0,0.0021321961620469083,0.012987012987012988,0.0021321961620469083,0.012987012987012988,0.0021321961620469083,0.012987012987012988,0.0,0.0,0.0,0.0,0.0042643923240938165,0.025974025974025976,0.0042643923240938165,0.025974025974025976,0.0042643923240938165,0.025974025974025976,0.008528784648187633,0.05194805194805195,0.0021321961620469083,0.012987012987012988,0.0021321961620469083,0.012987012987012988,0.0021321961620469083,0.012987012987012988,0.0,0.0,0.0042643923240938165,0.025974025974025976,0.0042643923240938165,0.025974025974025976,0.0021321961620469083,0.012987012987012988,0.0021321961620469083,0.012987012987012988,0.0042643923240938165,0.025974025974025976,0.0021321961620469083,0.012987012987012988,0.0,0.0,0.0042643923240938165,0.025974025974025976,0.006396588486140725,0.03896103896103896,0.0042643923240938165,0.025974025974025976,0.006396588486140725,0.03896103896103896,0.0021321961620469083,0.012987012987012988,0.0042643923240938165,0.025974025974025976,0.0042643923240938165,0.025974025974025976,0.0021321961620469083,0.012987012987012988,0.0021321961620469083,0.012987012987012988,0.0042643923240938165,0.025974025974025976,0.0042643923240938165,0.025974025974025976,0.0021321961620469083,0.012987012987012988,0.021321961620469083,0.12987012987012986,0.010660980810234541,0.06493506493506493,0.0042643923240938165,0.025974025974025976,0.0,0.0,0.006396588486140725,0.03896103896103896,0.023454157782515993,0.14285714285714285,0.019189765458422176,0.11688311688311688,0.04477611940298507,0.2727272727272727,0.04477611940298507,0.2727272727272727,0.017057569296375266,0.1038961038961039,0.014925373134328358,0.09090909090909091,0.019189765458422176,0.11688311688311688,0.010660980810234541,0.06493506493506493,0.0,0.0,0.006396588486140725,0.03896103896103896,0.0021321961620469083,0.012987012987012988,0.008528784648187633,0.05194805194805195,0.021321961620469083,0.12987012987012986,0.017057569296375266,0.1038961038961039,0.04477611940298507,0.2727272727272727,0.04477611940298507,0.2727272727272727,0.02771855010660981,0.16883116883116883,0.017057569296375266,0.1038961038961039,0.017057569296375266,0.1038961038961039,0.017057569296375266,0.1038961038961039,0.0,0.0,0.006396588486140725,0.03896103896103896,0.0021321961620469083,0.012987012987012988,0.0,0.0
8,0.00558659217877095,0.03896103896103896,0.00558659217877095,0.03896103896103896,0.0,0.0,0.0,0.0,0.00186219739292365,0.012987012987012988,0.00186219739292365,0.012987012987012988,0.0,0.0,0.00186219739292365,0.012987012987012988,0.0037243947858473,0.025974025974025976,0.00558659217877095,0.03896103896103896,0.0037243947858473,0.025974025974025976,0.00186219739292365,0.012987012987012988,0.00558659217877095,0.03896103896103896,0.00558659217877095,0.03896103896103896,0.0,0.0,0.0,0.0,0.00558659217877095,0.03896103896103896,0.0074487895716946,0.05194805194805195,0.0037243947858473,0.025974025974025976,0.00186219739292365,0.012987012987012988,0.0037243947858473,0.025974025974025976,0.00558659217877095,0.03896103896103896,0.0037243947858473,0.025974025974025976,0.00558659217877095,0.03896103896103896,0.00186219739292365,0.012987012987012988,0.00186219739292365,0.012987012987012988,0.0,0.0,0.0,0.0,0.0037243947858473,0.025974025974025976,0.0037243947858473,0.025974025974025976,0.0,0.0,0.00186219739292365,0.012987012987012988,0.00186219739292365,0.012987012987012988,0.00186219739292365,0.012987012987012988,0.0,0.0,0.00186219739292365,0.012987012987012988,0.00186219739292365,0.012987012987012988,0.00186219739292365,0.012987012987012988,0.0,0.0,0.0,0.0,0.0037243947858473,0.025974025974025976,0.0037243947858473,0.025974025974025976,0.00558659217877095,0.03896103896103896,0.01303538175046555,0.09090909090909091,0.00186219739292365,0.012987012987012988,0.00186219739292365,0.012987012987012988,0.0037243947858473,0.025974025974025976,0.00186219739292365,0.012987012987012988,0.0037243947858473,0.025974025974025976,0.0037243947858473,0.025974025974025976,0.00186219739292365,0.012987012987012988,0.00186219739292365,0.012987012987012988,0.0037243947858473,0.025974025974025976,0.00186219739292365,0.012987012987012988,0.0,0.0,0.0037243947858473,0.025974025974025976,0.0074487895716946,0.05194805194805195,0.0037243947858473,0.025974025974025976,0.00558659217877095,0.03896103896103896,0.00186219739292365,0.012987012987012988,0.0037243947858473,0.025974025974025976,0.0037243947858473,0.025974025974025976,0.00186219739292365,0.012987012987012988,0.00186219739292365,0.012987012987012988,0.0037243947858473,0.025974025974025976,0.0037243947858473,0.025974025974025976,0.0037243947858473,0.025974025974025976,0.020484171322160148,0.14285714285714285,0.00931098696461825,0.06493506493506493,0.0037243947858473,0.025974025974025976,0.0,0.0,0.00558659217877095,0.03896103896103896,0.0260707635009311,0.18181818181818182,0.01675977653631285,0.11688311688311688,0.04283054003724395,0.2987012987012987,0.04283054003724395,0.2987012987012987,0.0148975791433892,0.1038961038961039,0.0186219739292365,0.12987012987012986,0.0186219739292365,0.12987012987012986,0.0111731843575419,0.07792207792207792,0.0,0.0,0.0074487895716946,0.05194805194805195,0.0074487895716946,0.05194805194805195,0.0074487895716946,0.05194805194805195,0.0223463687150838,0.15584415584415584,0.0148975791433892,0.1038961038961039,0.04283054003724395,0.2987012987012987,0.04283054003724395,0.2987012987012987,0.027932960893854747,0.19480519480519481,0.0148975791433892,0.1038961038961039,0.0148975791433892,0.1038961038961039,0.0148975791433892,0.1038961038961039,0.0,0.0,0.0074487895716946,0.05194805194805195,0.0074487895716946,0.05194805194805195,0.00186219739292365,0.012987012987012988
9,0.004966887417218543,0.03896103896103896,0.004966887417218543,0.03896103896103896,0.0016556291390728477,0.012987012987012988,0.0016556291390728477,0.012987012987012988,0.0016556291390728477,0.012987012987012988,0.0033112582781456954,0.025974025974025976,0.0,0.0,0.0016556291390728477,0.012987012987012988,0.0033112582781456954,0.025974025974025976,0.004966887417218543,0.03896103896103896,0.0033112582781456954,0.025974025974025976,0.0033112582781456954,0.025974025974025976,0.004966887417218543,0.03896103896103896,0.004966887417218543,0.03896103896103896,0.0016556291390728477,0.012987012987012988,0.0016556291390728477,0.012987012987012988,0.004966887417218543,0.03896103896103896,0.006622516556291391,0.05194805194805195,0.004966887417218543,0.03896103896103896,0.0016556291390728477,0.012987012987012988,0.0033112582781456954,0.025974025974025976,0.004966887417218543,0.03896103896103896,0.004966887417218543,0.03896103896103896,0.004966887417218543,0.03896103896103896,0.0016556291390728477,0.012987012987012988,0.0016556291390728477,0.012987012987012988,0.0016556291390728477,0.012987012987012988,0.0016556291390728477,0.012987012987012988,0.0033112582781456954,0.025974025974025976,0.0033112582781456954,0.025974025974025976,0.0,0.0,0.0016556291390728477,0.012987012987012988,0.0016556291390728477,0.012987012987012988,0.0016556291390728477,0.012987012987012988,0.0,0.0,0.0016556291390728477,0.012987012987012988,0.0016556291390728477,0.012987012987012988,0.0016556291390728477,0.012987012987012988,0.0016556291390728477,0.012987012987012988,0.0016556291390728477,0.012987012987012988,0.0033112582781456954,0.025974025974025976,0.0033112582781456954,0.025974025974025976,0.004966887417218543,0.03896103896103896,0.013245033112582781,0.1038961038961039,0.0016556291390728477,0.012987012987012988,0.0016556291390728477,0.012987012987012988,0.0033112582781456954,0.025974025974025976,0.0033112582781456954,0.025974025974025976,0.0033112582781456954,0.025974025974025976,0.0033112582781456954,0.025974025974025976,0.0016556291390728477,0.012987012987012988,0.0016556291390728477,0.012987012987012988,0.0033112582781456954,0.025974025974025976,0.0033112582781456954,0.025974025974025976,0.0,0.0,0.0033112582781456954,0.025974025974025976,0.008278145695364239,0.06493506493506493,0.0033112582781456954,0.025974025974025976,0.008278145695364239,0.06493506493506493,0.0016556291390728477,0.012987012987012988,0.0033112582781456954,0.025974025974025976,0.0033112582781456954,0.025974025974025976,0.0016556291390728477,0.012987012987012988,0.0016556291390728477,0.012987012987012988,0.0033112582781456954,0.025974025974025976,0.004966887417218543,0.03896103896103896,0.004966887417218543,0.03896103896103896,0.018211920529801324,0.14285714285714285,0.011589403973509934,0.09090909090909091,0.0033112582781456954,0.025974025974025976,0.0,0.0,0.004966887417218543,0.03896103896103896,0.023178807947019868,0.18181818181818182,0.018211920529801324,0.14285714285714285,0.039735099337748346,0.3116883116883117,0.039735099337748346,0.3116883116883117,0.018211920529801324,0.14285714285714285,0.018211920529801324,0.14285714285714285,0.016556291390728478,0.12987012987012986,0.013245033112582781,0.1038961038961039,0.0,0.0,0.009933774834437087,0.07792207792207792,0.006622516556291391,0.05194805194805195,0.009933774834437087,0.07792207792207792,0.02152317880794702,0.16883116883116883,0.018211920529801324,0.14285714285714285,0.039735099337748346,0.3116883116883117,0.039735099337748346,0.3116883116883117,0.024834437086092714,0.19480519480519481,0.013245033112582781,0.1038961038961039,0.02152317880794702,0.16883116883116883,0.013245033112582781,0.1038961038961039,0.0,0.0,0.011589403973509934,0.09090909090909091,0.006622516556291391,0.05194805194805195,0.0016556291390728477,0.012987012987012988
10,0.004470938897168405,0.03896103896103896,0.004470938897168405,0.03896103896103896,0.029806259314456036,0.2597402597402597,0.029806259314456036,0.2597402597402597,0.0014903129657228018,0.012987012987012988,0.0029806259314456036,0.025974025974025976,0.0,0.0,0.0014903129657228018,0.012987012987012988,0.004470938897168405,0.03896103896103896,0.004470938897168405,0.03896103896103896,0.004470938897168405,0.03896103896103896,0.0029806259314456036,0.025974025974025976,0.004470938897168405,0.03896103896103896,0.004470938897168405,0.03896103896103896,0.029806259314456036,0.2597402597402597,0.029806259314456036,0.2597402597402597,0.004470938897168405,0.03896103896103896,0.005961251862891207,0.05194805194805195,0.004470938897168405,0.03896103896103896,0.0014903129657228018,0.012987012987012988,0.004470938897168405,0.03896103896103896,0.004470938897168405,0.03896103896103896,0.004470938897168405,0.03896103896103896,0.004470938897168405,0.03896103896103896,0.0014903129657228018,0.012987012987012988,0.0014903129657228018,0.012987012987012988,0.029806259314456036,0.2597402597402597,0.029806259314456036,0.2597402597402597,0.004470938897168405,0.03896103896103896,0.004470938897168405,0.03896103896103896,0.0,0.0,0.0029806259314456036,0.025974025974025976,0.0029806259314456036,0.025974025974025976,0.0014903129657228018,0.012987012987012988,0.0,0.0,0.0014903129657228018,0.012987012987012988,0.0014903129657228018,0.012987012987012988,0.0014903129657228018,0.012987012987012988,0.029806259314456036,0.2597402597402597,0.029806259314456036,0.2597402597402597,0.0029806259314456036,0.025974025974025976,0.004470938897168405,0.03896103896103896,0.004470938897168405,0.03896103896103896,0.013412816691505217,0.11688311688311688,0.0029806259314456036,0.025974025974025976,0.0014903129657228018,0.012987012987012988,0.0029806259314456036,0.025974025974025976,0.005961251862891207,0.05194805194805195,0.0029806259314456036,0.025974025974025976,0.0029806259314456036,0.025974025974025976,0.0014903129657228018,0.012987012987012988,0.0014903129657228018,0.012987012987012988,0.0029806259314456036,0.025974025974025976,0.0029806259314456036,0.025974025974025976,0.0,0.0,0.0029806259314456036,0.025974025974025976,0.007451564828614009,0.06493506493506493,0.0029806259314456036,0.025974025974025976,0.007451564828614009,0.06493506493506493,0.0029806259314456036,0.025974025974025976,0.0029806259314456036,0.025974025974025976,0.0029806259314456036,0.025974025974025976,0.0014903129657228018,0.012987012987012988,0.0014903129657228018,0.012987012987012988,0.0029806259314456036,0.025974025974025976,0.004470938897168405,0.03896103896103896,0.005961251862891207,0.05194805194805195,0.01639344262295082,0.14285714285714285,0.013412816691505217,0.11688311688311688,0.0029806259314456036,0.025974025974025976,0.0,0.0,0.005961251862891207,0.05194805194805195,0.022354694485842028,0.19480519480519481,0.020864381520119227,0.18181818181818182,0.037257824143070044,0.3246753246753247,0.037257824143070044,0.3246753246753247,0.01788375558867362,0.15584415584415584,0.01639344262295082,0.14285714285714285,0.019374068554396422,0.16883116883116883,0.011922503725782414,0.1038961038961039,0.0,0.0,0.011922503725782414,0.1038961038961039,0.005961251862891207,0.05194805194805195,0.00894187779433681,0.07792207792207792,0.020864381520119227,0.18181818181818182,0.01788375558867362,0.15584415584415584,0.037257824143070044,0.3246753246753247,0.037257824143070044,0.3246753246753247,0.022354694485842028,0.19480519480519481,0.014903129657228018,0.12987012987012986,0.020864381520119227,0.18181818181818182,0.013412816691505217,0.11688311688311688,0.0,0.0,0.011922503725782414,0.1038961038961039,0.005961251862891207,0.05194805194805195,0.0014903129657228018,0.012987012987012988
11,0.0040650406504065045,0.03896103896103896,0.0040650406504065045,0.03896103896103896,0.032520325203252036,0.3116883116883117,0.032520325203252036,0.3116883116883117,0.0013550135501355014,0.012987012987012988,0.0027100271002710027,0.025974025974025976,0.0,0.0,0.0013550135501355014,0.012987012987012988,0.0040650406504065045,0.03896103896103896,0.0040650406504065045,0.03896103896103896,0.0040650406504065045,0.03896103896103896,0.0027100271002710027,0.025974025974025976,0.0040650406504065045,0.03896103896103896,0.0040650406504065045,0.03896103896103896,0.032520325203252036,0.3116883116883117,0.032520325203252036,0.3116883116883117,0.0040650406504065045,0.03896103896103896,0.005420054200542005,0.05194805194805195,0.0040650406504065045,0.03896103896103896,0.0027100271002710027,0.025974025974025976,0.005420054200542005,0.05194805194805195,0.0040650406504065045,0.03896103896103896,0.005420054200542005,0.05194805194805195,0.0040650406504065045,0.03896103896103896,0.0013550135501355014,0.012987012987012988,0.0013550135501355014,0.012987012987012988,0.032520325203252036,0.3116883116883117,0.032520325203252036,0.3116883116883117,0.0040650406504065045,0.03896103896103896,0.0040650406504065045,0.03896103896103896,0.0,0.0,0.0027100271002710027,0.025974025974025976,0.0027100271002710027,0.025974025974025976,0.0013550135501355014,0.012987012987012988,0.0,0.0,0.0013550135501355014,0.012987012987012988,0.0013550135501355014,0.012987012987012988,0.0013550135501355014,0.012987012987012988,0.032520325203252036,0.3116883116883117,0.032520325203252036,0.3116883116883117,0.0027100271002710027,0.025974025974025976,0.005420054200542005,0.05194805194805195,0.0040650406504065045,0.03896103896103896,0.014905149051490514,0.14285714285714285,0.0027100271002710027,0.025974025974025976,0.0013550135501355014,0.012987012987012988,0.0027100271002710027,0.025974025974025976,0.006775067750677507,0.06493506493506493,0.0027100271002710027,0.025974025974025976,0.0027100271002710027,0.025974025974025976,0.0013550135501355014,0.012987012987012988,0.0013550135501355014,0.012987012987012988,0.0027100271002710027,0.025974025974025976,0.0040650406504065045,0.03896103896103896,0.0,0.0,0.0027100271002710027,0.025974025974025976,0.006775067750677507,0.06493506493506493,0.0027100271002710027,0.025974025974025976,0.006775067750677507,0.06493506493506493,0.0027100271002710027,0.025974025974025976,0.0027100271002710027,0.025974025974025976,0.0027100271002710027,0.025974025974025976,0.0013550135501355014,0.012987012987012988,0.0013550135501355014,0.012987012987012988,0.0027100271002710027,0.025974025974025976,0.005420054200542005,0.05194805194805195,0.006775067750677507,0.06493506493506493,0.018970189701897018,0.18181818181818182,0.012195121951219513,0.11688311688311688,0.0027100271002710027,0.025974025974025976,0.0,0.0,0.005420054200542005,0.05194805194805195,0.024390243902439025,0.23376623376623376,0.02032520325203252,0.19480519480519481,0.03523035230352303,0.33766233766233766,0.03523035230352303,0.33766233766233766,0.017615176151761516,0.16883116883116883,0.017615176151761516,0.16883116883116883,0.017615176151761516,0.16883116883116883,0.01084010840108401,0.1038961038961039,0.0,0.0,0.012195121951219513,0.11688311688311688,0.006775067750677507,0.06493506493506493,0.008130081300813009,0.07792207792207792,0.02168021680216802,0.2077922077922078,0.016260162601626018,0.15584415584415584,0.03523035230352303,0.33766233766233766,0.03523035230352303,0.33766233766233766,0.02168021680216802,0.2077922077922078,0.014905149051490514,0.14285714285714285,0.018970189701897018,0.18181818181818182,0.012195121951219513,0.11688311688311688,0.0,0.0,0.012195121951219513,0.11688311688311688,0.006775067750677507,0.06493506493506493,0.0013550135501355014,0.012987012987012988
12,0.0037267080745341614,0.03896103896103896,0.0037267080745341614,0.03896103896103896,0.03229813664596273,0.33766233766233766,0.03229813664596273,0.33766233766233766,0.0012422360248447205,0.012987012987012988,0.002484472049689441,0.025974025974025976,0.0,0.0,0.0012422360248447205,0.012987012987012988,0.004968944099378882,0.05194805194805195,0.0037267080745341614,0.03896103896103896,0.004968944099378882,0.05194805194805195,0.002484472049689441,0.025974025974025976,0.0037267080745341614,0.03896103896103896,0.0037267080745341614,0.03896103896103896,0.03229813664596273,0.33766233766233766,0.03229813664596273,0.33766233766233766,0.004968944099378882,0.05194805194805195,0.006211180124223602,0.06493506493506493,0.004968944099378882,0.05194805194805195,0.002484472049689441,0.025974025974025976,0.004968944099378882,0.05194805194805195,0.0037267080745341614,0.03896103896103896,0.004968944099378882,0.05194805194805195,0.0037267080745341614,0.03896103896103896,0.0012422360248447205,0.012987012987012988,0.0012422360248447205,0.012987012987012988,0.03229813664596273,0.33766233766233766,0.03229813664596273,0.33766233766233766,0.004968944099378882,0.05194805194805195,0.0037267080745341614,0.03896103896103896,0.0,0.0,0.002484472049689441,0.025974025974025976,0.002484472049689441,0.025974025974025976,0.0012422360248447205,0.012987012987012988,0.0,0.0,0.0012422360248447205,0.012987012987012988,0.0012422360248447205,0.012987012987012988,0.0012422360248447205,0.012987012987012988,0.03229813664596273,0.33766233766233766,0.03229813664596273,0.33766233766233766,0.002484472049689441,0.025974025974025976,0.006211180124223602,0.06493506493506493,0.006211180124223602,0.06493506493506493,0.016149068322981366,0.16883116883116883,0.002484472049689441,0.025974025974025976,0.0012422360248447205,0.012987012987012988,0.002484472049689441,0.025974025974025976,0.006211180124223602,0.06493506493506493,0.002484472049689441,0.025974025974025976,0.002484472049689441,0.025974025974025976,0.0012422360248447205,0.012987012987012988,0.0012422360248447205,0.012987012987012988,0.0037267080745341614,0.03896103896103896,0.0037267080745341614,0.03896103896103896,0.0,0.0,0.002484472049689441,0.025974025974025976,0.006211180124223602,0.06493506493506493,0.002484472049689441,0.025974025974025976,0.006211180124223602,0.06493506493506493,0.002484472049689441,0.025974025974025976,0.002484472049689441,0.025974025974025976,0.002484472049689441,0.025974025974025976,0.0012422360248447205,0.012987012987012988,0.0012422360248447205,0.012987012987012988,0.002484472049689441,0.025974025974025976,0.006211180124223602,0.06493506493506493,0.007453416149068323,0.07792207792207792,0.018633540372670808,0.19480519480519481,0.013664596273291925,0.14285714285714285,0.002484472049689441,0.025974025974025976,0.002484472049689441,0.025974025974025976,0.006211180124223602,0.06493506493506493,0.02236024844720497,0.23376623376623376,0.02236024844720497,0.23376623376623376,0.034782608695652174,0.36363636363636365,0.034782608695652174,0.36363636363636365,0.018633540372670808,0.19480519480519481,0.017391304347826087,0.18181818181818182,0.018633540372670808,0.19480519480519481,0.012422360248447204,0.12987012987012986,0.0,0.0,0.011180124223602485,0.11688311688311688,0.006211180124223602,0.06493506493506493,0.007453416149068323,0.07792207792207792,0.01987577639751553,0.2077922077922078,0.017391304347826087,0.18181818181818182,0.034782608695652174,0.36363636363636365,0.034782608695652174,0.36363636363636365,0.01987577639751553,0.2077922077922078,0.013664596273291925,0.14285714285714285,0.017391304347826087,0.18181818181818182,0.011180124223602485,0.11688311688311688,0.0012422360248447205,0.012987012987012988,0.011180124223602485,0.11688311688311688,0.006211180124223602,0.06493506493506493,0.0012422360248447205,0.012987012987012988
13,0.0034403669724770644,0.03896103896103896,0.0034403669724770644,0.03896103896103896,0.02981651376146789,0.33766233766233766,0.02981651376146789,0.33766233766233766,0.0034403669724770644,0.03896103896103896,0.0022935779816513763,0.025974025974025976,0.0,0.0,0.0011467889908256881,0.012987012987012988,0.005733944954128441,0.06493506493506493,0.0034403669724770644,0.03896103896103896,0.005733944954128441,0.06493506493506493,0.0022935779816513763,0.025974025974025976,0.0034403669724770644,0.03896103896103896,0.0034403669724770644,0.03896103896103896,0.02981651376146789,0.33766233766233766,0.02981651376146789,0.33766233766233766,0.005733944954128441,0.06493506493506493,0.005733944954128441,0.06493506493506493,0.008027522935779817,0.09090909090909091,0.0022935779816513763,0.025974025974025976,0.0045871559633027525,0.05194805194805195,0.0034403669724770644,0.03896103896103896,0.0045871559633027525,0.05194805194805195,0.0045871559633027525,0.05194805194805195,0.0011467889908256881,0.012987012987012988,0.0011467889908256881,0.012987012987012988,0.02981651376146789,0.33766233766233766,0.02981651376146789,0.33766233766233766,0.008027522935779817,0.09090909090909091,0.0034403669724770644,0.03896103896103896,0.0,0.0,0.0034403669724770644,0.03896103896103896,0.0034403669724770644,0.03896103896103896,0.0011467889908256881,0.012987012987012988,0.0,0.0,0.0011467889908256881,0.012987012987012988,0.0011467889908256881,0.012987012987012988,0.0022935779816513763,0.025974025974025976,0.02981651376146789,0.33766233766233766,0.02981651376146789,0.33766233766233766,0.0022935779816513763,0.025974025974025976,0.005733944954128441,0.06493506493506493,0.005733944954128441,0.06493506493506493,0.016055045871559634,0.18181818181818182,0.0022935779816513763,0.025974025974025976,0.0011467889908256881,0.012987012987012988,0.0045871559633027525,0.05194805194805195,0.005733944954128441,0.06493506493506493,0.0022935779816513763,0.025974025974025976,0.0022935779816513763,0.025974025974025976,0.0011467889908256881,0.012987012987012988,0.0011467889908256881,0.012987012987012988,0.0034403669724770644,0.03896103896103896,0.0034403669724770644,0.03896103896103896,0.0,0.0,0.0022935779816513763,0.025974025974025976,0.005733944954128441,0.06493506493506493,0.0022935779816513763,0.025974025974025976,0.005733944954128441,0.06493506493506493,0.0022935779816513763,0.025974025974025976,0.0022935779816513763,0.025974025974025976,0.0022935779816513763,0.025974025974025976,0.0011467889908256881,0.012987012987012988,0.0011467889908256881,0.012987012987012988,0.0022935779816513763,0.025974025974025976,0.005733944954128441,0.06493506493506493,0.008027522935779817,0.09090909090909091,0.017201834862385322,0.19480519480519481,0.014908256880733946,0.16883116883116883,0.0022935779816513763,0.025974025974025976,0.0034403669724770644,0.03896103896103896,0.005733944954128441,0.06493506493506493,0.020642201834862386,0.23376623376623376,0.020642201834862386,0.23376623376623376,0.03555045871559633,0.4025974025974026,0.03669724770642202,0.4155844155844156,0.017201834862385322,0.19480519480519481,0.016055045871559634,0.18181818181818182,0.01834862385321101,0.2077922077922078,0.01261467889908257,0.14285714285714285,0.0011467889908256881,0.012987012987012988,0.011467889908256881,0.12987012987012986,0.005733944954128441,0.06493506493506493,0.009174311926605505,0.1038961038961039,0.0194954128440367,0.22077922077922077,0.0194954128440367,0.22077922077922077,0.03555045871559633,0.4025974025974026,0.03669724770642202,0.4155844155844156,0.01834862385321101,0.2077922077922078,0.014908256880733946,0.16883116883116883,0.016055045871559634,0.18181818181818182,0.01261467889908257,0.14285714285714285,0.0011467889908256881,0.012987012987012988,0.011467889908256881,0.12987012987012986,0.005733944954128441,0.06493506493506493,0.0022935779816513763,0.025974025974025976
14,0.003194888178913738,0.03896103896103896,0.003194888178913738,0.03896103896103896,0.027689030883919063,0.33766233766233766,0.027689030883919063,0.33766233766233766,0.003194888178913738,0.03896103896103896,0.002129925452609159,0.025974025974025976,0.0,0.0,0.0010649627263045794,0.012987012987012988,0.005324813631522897,0.06493506493506493,0.003194888178913738,0.03896103896103896,0.005324813631522897,0.06493506493506493,0.002129925452609159,0.025974025974025976,0.003194888178913738,0.03896103896103896,0.003194888178913738,0.03896103896103896,0.027689030883919063,0.33766233766233766,0.027689030883919063,0.33766233766233766,0.006389776357827476,0.07792207792207792,0.005324813631522897,0.06493506493506493,0.007454739084132056,0.09090909090909091,0.002129925452609159,0.025974025974025976,0.005324813631522897,0.06493506493506493,0.003194888178913738,0.03896103896103896,0.005324813631522897,0.06493506493506493,0.004259850905218318,0.05194805194805195,0.0010649627263045794,0.012987012987012988,0.0010649627263045794,0.012987012987012988,0.027689030883919063,0.33766233766233766,0.027689030883919063,0.33766233766233766,0.008519701810436636,0.1038961038961039,0.003194888178913738,0.03896103896103896,0.0,0.0,0.003194888178913738,0.03896103896103896,0.003194888178913738,0.03896103896103896,0.0010649627263045794,0.012987012987012988,0.0,0.0,0.0010649627263045794,0.012987012987012988,0.002129925452609159,0.025974025974025976,0.002129925452609159,0.025974025974025976,0.027689030883919063,0.33766233766233766,0.027689030883919063,0.33766233766233766,0.002129925452609159,0.025974025974025976,0.005324813631522897,0.06493506493506493,0.006389776357827476,0.07792207792207792,0.014909478168264111,0.18181818181818182,0.002129925452609159,0.025974025974025976,0.002129925452609159,0.025974025974025976,0.004259850905218318,0.05194805194805195,0.005324813631522897,0.06493506493506493,0.002129925452609159,0.025974025974025976,0.002129925452609159,0.025974025974025976,0.0010649627263045794,0.012987012987012988,0.0010649627263045794,0.012987012987012988,0.004259850905218318,0.05194805194805195,0.003194888178913738,0.03896103896103896,0.0,0.0,0.002129925452609159,0.025974025974025976,0.005324813631522897,0.06493506493506493,0.002129925452609159,0.025974025974025976,0.005324813631522897,0.06493506493506493,0.002129925452609159,0.025974025974025976,0.002129925452609159,0.025974025974025976,0.002129925452609159,0.025974025974025976,0.0010649627263045794,0.012987012987012988,0.0010649627263045794,0.012987012987012988,0.004259850905218318,0.05194805194805195,0.005324813631522897,0.06493506493506493,0.007454739084132056,0.09090909090909091,0.01597444089456869,0.19480519480519481,0.013844515441959531,0.16883116883116883,0.002129925452609159,0.025974025974025976,0.003194888178913738,0.03896103896103896,0.006389776357827476,0.07792207792207792,0.019169329073482427,0.23376623376623376,0.019169329073482427,0.23376623376623376,0.03514376996805112,0.42857142857142855,0.03514376996805112,0.42857142857142855,0.01597444089456869,0.19480519480519481,0.01703940362087327,0.2077922077922078,0.01703940362087327,0.2077922077922078,0.011714589989350373,0.14285714285714285,0.0010649627263045794,0.012987012987012988,0.010649627263045794,0.12987012987012986,0.005324813631522897,0.06493506493506493,0.009584664536741214,0.11688311688311688,0.019169329073482427,0.23376623376623376,0.019169329073482427,0.23376623376623376,0.03514376996805112,0.42857142857142855,0.03514376996805112,0.42857142857142855,0.01703940362087327,0.2077922077922078,0.01597444089456869,0.19480519480519481,0.014909478168264111,0.18181818181818182,0.012779552715654952,0.15584415584415584,0.0010649627263045794,0.012987012987012988,0.011714589989350373,0.14285714285714285,0.005324813631522897,0.06493506493506493,0.002129925452609159,0.025974025974025976
15,0.0029791459781529296,0.03896103896103896,0.0029791459781529296,0.03896103896103896,0.026812313803376366,0.35064935064935066,0.026812313803376366,0.35064935064935066,0.0029791459781529296,0.03896103896103896,0.0019860973187686196,0.025974025974025976,0.0,0.0,0.0009930486593843098,0.012987012987012988,0.004965243296921549,0.06493506493506493,0.0029791459781529296,0.03896103896103896,0.004965243296921549,0.06493506493506493,0.0019860973187686196,0.025974025974025976,0.0029791459781529296,0.03896103896103896,0.0029791459781529296,0.03896103896103896,0.026812313803376366,0.35064935064935066,0.026812313803376366,0.35064935064935066,0.010923535253227408,0.14285714285714285,0.004965243296921549,0.06493506493506493,0.006951340615690168,0.09090909090909091,0.0019860973187686196,0.025974025974025976,0.004965243296921549,0.06493506493506493,0.0029791459781529296,0.03896103896103896,0.004965243296921549,0.06493506493506493,0.003972194637537239,0.05194805194805195,0.0009930486593843098,0.012987012987012988,0.0009930486593843098,0.012987012987012988,0.026812313803376366,0.35064935064935066,0.026812313803376366,0.35064935064935066,0.00893743793445879,0.11688311688311688,0.0029791459781529296,0.03896103896103896,0.0,0.0,0.0029791459781529296,0.03896103896103896,0.0029791459781529296,0.03896103896103896,0.0009930486593843098,0.012987012987012988,0.0,0.0,0.0009930486593843098,0.012987012987012988,0.0029791459781529296,0.03896103896103896,0.0019860973187686196,0.025974025974025976,0.026812313803376366,0.35064935064935066,0.026812313803376366,0.35064935064935066,0.0019860973187686196,0.025974025974025976,0.004965243296921549,0.06493506493506493,0.009930486593843098,0.12987012987012986,0.013902681231380337,0.18181818181818182,0.0029791459781529296,0.03896103896103896,0.0029791459781529296,0.03896103896103896,0.003972194637537239,0.05194805194805195,0.004965243296921549,0.06493506493506493,0.0019860973187686196,0.025974025974025976,0.0019860973187686196,0.025974025974025976,0.0009930486593843098,0.012987012987012988,0.0009930486593843098,0.012987012987012988,0.003972194637537239,0.05194805194805195,0.0029791459781529296,0.03896103896103896,0.0,0.0,0.0019860973187686196,0.025974025974025976,0.004965243296921549,0.06493506493506493,0.0019860973187686196,0.025974025974025976,0.004965243296921549,0.06493506493506493,0.0019860973187686196,0.025974025974025976,0.0019860973187686196,0.025974025974025976,0.0019860973187686196,0.025974025974025976,0.0009930486593843098,0.012987012987012988,0.0009930486593843098,0.012987012987012988,0.006951340615690168,0.09090909090909091,0.004965243296921549,0.06493506493506493,0.007944389275074478,0.1038961038961039,0.014895729890764648,0.19480519480519481,0.014895729890764648,0.19480519480519481,0.0019860973187686196,0.025974025974025976,0.0029791459781529296,0.03896103896103896,0.005958291956305859,0.07792207792207792,0.01787487586891758,0.23376623376623376,0.019860973187686197,0.2597402597402597,0.03277060575968222,0.42857142857142855,0.03277060575968222,0.42857142857142855,0.01787487586891758,0.23376623376623376,0.015888778550148957,0.2077922077922078,0.015888778550148957,0.2077922077922078,0.011916583912611719,0.15584415584415584,0.0009930486593843098,0.012987012987012988,0.010923535253227408,0.14285714285714285,0.004965243296921549,0.06493506493506493,0.009930486593843098,0.12987012987012986,0.018867924528301886,0.24675324675324675,0.019860973187686197,0.2597402597402597,0.03277060575968222,0.42857142857142855,0.03277060575968222,0.42857142857142855,0.015888778550148957,0.2077922077922078,0.014895729890764648,0.19480519480519481,0.013902681231380337,0.18181818181818182,0.011916583912611719,0.15584415584415584,0.0009930486593843098,0.012987012987012988,0.010923535253227408,0.14285714285714285,0.004965243296921549,0.06493506493506493,0.0029791459781529296,0.03896103896103896
16,0.002793296089385475,0.03896103896103896,0.002793296089385475,0.03896103896103896,0.04189944134078212,0.5844155844155844,0.04189944134078212,0.5844155844155844,0.002793296089385475,0.03896103896103896,0.00186219739292365,0.025974025974025976,0.0,0.0,0.000931098696461825,0.012987012987012988,0.004655493482309125,0.06493506493506493,0.002793296089385475,0.03896103896103896,0.004655493482309125,0.06493506493506493,0.00186219739292365,0.025974025974025976,0.0037243947858473,0.05194805194805195,0.0037243947858473,0.05194805194805195,0.04189944134078212,0.5844155844155844,0.04189944134078212,0.5844155844155844,0.010242085661080074,0.14285714285714285,0.004655493482309125,0.06493506493506493,0.006517690875232775,0.09090909090909091,0.00186219739292365,0.025974025974025976,0.00558659217877095,0.07792207792207792,0.0037243947858473,0.05194805194805195,0.00558659217877095,0.07792207792207792,0.004655493482309125,0.06493506493506493,0.000931098696461825,0.012987012987012988,0.000931098696461825,0.012987012987012988,0.04189944134078212,0.5844155844155844,0.04189944134078212,0.5844155844155844,0.00931098696461825,0.12987012987012986,0.002793296089385475,0.03896103896103896,0.0,0.0,0.002793296089385475,0.03896103896103896,0.002793296089385475,0.03896103896103896,0.000931098696461825,0.012987012987012988,0.0,0.0,0.000931098696461825,0.012987012987012988,0.002793296089385475,0.03896103896103896,0.002793296089385475,0.03896103896103896,0.04189944134078212,0.5844155844155844,0.04189944134078212,0.5844155844155844,0.00186219739292365,0.025974025974025976,0.004655493482309125,0.06493506493506493,0.00931098696461825,0.12987012987012986,0.01303538175046555,0.18181818181818182,0.0037243947858473,0.05194805194805195,0.002793296089385475,0.03896103896103896,0.00558659217877095,0.07792207792207792,0.004655493482309125,0.06493506493506493,0.00186219739292365,0.025974025974025976,0.00186219739292365,0.025974025974025976,0.000931098696461825,0.012987012987012988,0.000931098696461825,0.012987012987012988,0.0037243947858473,0.05194805194805195,0.002793296089385475,0.03896103896103896,0.0,0.0,0.00186219739292365,0.025974025974025976,0.004655493482309125,0.06493506493506493,0.00186219739292365,0.025974025974025976,0.004655493482309125,0.06493506493506493,0.00186219739292365,0.025974025974025976,0.00186219739292365,0.025974025974025976,0.00186219739292365,0.025974025974025976,0.000931098696461825,0.012987012987012988,0.000931098696461825,0.012987012987012988,0.008379888268156424,0.11688311688311688,0.004655493482309125,0.06493506493506493,0.008379888268156424,0.11688311688311688,0.013966480446927373,0.19480519480519481,0.0186219739292365,0.2597402597402597,0.00186219739292365,0.025974025974025976,0.0037243947858473,0.05194805194805195,0.00558659217877095,0.07792207792207792,0.017690875232774673,0.24675324675324675,0.0186219739292365,0.2597402597402597,0.03165735567970205,0.44155844155844154,0.03165735567970205,0.44155844155844154,0.01675977653631285,0.23376623376623376,0.015828677839851025,0.22077922077922077,0.01675977653631285,0.23376623376623376,0.012104283054003724,0.16883116883116883,0.000931098696461825,0.012987012987012988,0.0111731843575419,0.15584415584415584,0.006517690875232775,0.09090909090909091,0.0111731843575419,0.15584415584415584,0.017690875232774673,0.24675324675324675,0.019553072625698324,0.2727272727272727,0.03165735567970205,0.44155844155844154,0.03165735567970205,0.44155844155844154,0.01675977653631285,0.23376623376623376,0.013966480446927373,0.19480519480519481,0.01303538175046555,0.18181818181818182,0.0111731843575419,0.15584415584415584,0.000931098696461825,0.012987012987012988,0.0111731843575419,0.15584415584415584,0.006517690875232775,0.09090909090909091,0.0037243947858473,0.05194805194805195
17,0.0026292725679228747,0.03896103896103896,0.0026292725679228747,0.03896103896103896,0.04294478527607362,0.6363636363636364,0.04294478527607362,0.6363636363636364,0.0035056967572304996,0.05194805194805195,0.0017528483786152498,0.025974025974025976,0.0,0.0,0.0008764241893076249,0.012987012987012988,0.0052585451358457495,0.07792207792207792,0.0026292725679228747,0.03896103896103896,0.0052585451358457495,0.07792207792207792,0.0017528483786152498,0.025974025974025976,0.0035056967572304996,0.05194805194805195,0.0035056967572304996,0.05194805194805195,0.04294478527607362,0.6363636363636364,0.04294478527607362,0.6363636363636364,0.010517090271691499,0.15584415584415584,0.0052585451358457495,0.07792207792207792,0.007011393514460999,0.1038961038961039,0.0035056967572304996,0.05194805194805195,0.0052585451358457495,0.07792207792207792,0.0035056967572304996,0.05194805194805195,0.0052585451358457495,0.07792207792207792,0.0052585451358457495,0.07792207792207792,0.0008764241893076249,0.012987012987012988,0.0008764241893076249,0.012987012987012988,0.04294478527607362,0.6363636363636364,0.04294478527607362,0.6363636363636364,0.011393514460999123,0.16883116883116883,0.0026292725679228747,0.03896103896103896,0.0,0.0,0.0026292725679228747,0.03896103896103896,0.0026292725679228747,0.03896103896103896,0.0008764241893076249,0.012987012987012988,0.0,0.0,0.0008764241893076249,0.012987012987012988,0.0035056967572304996,0.05194805194805195,0.0035056967572304996,0.05194805194805195,0.04294478527607362,0.6363636363636364,0.04294478527607362,0.6363636363636364,0.0017528483786152498,0.025974025974025976,0.0043821209465381246,0.06493506493506493,0.009640666082383873,0.14285714285714285,0.012269938650306749,0.18181818181818182,0.0035056967572304996,0.05194805194805195,0.0035056967572304996,0.05194805194805195,0.0052585451358457495,0.07792207792207792,0.0043821209465381246,0.06493506493506493,0.0017528483786152498,0.025974025974025976,0.0017528483786152498,0.025974025974025976,0.0008764241893076249,0.012987012987012988,0.0008764241893076249,0.012987012987012988,0.0043821209465381246,0.06493506493506493,0.0026292725679228747,0.03896103896103896,0.0,0.0,0.0017528483786152498,0.025974025974025976,0.0052585451358457495,0.07792207792207792,0.0017528483786152498,0.025974025974025976,0.0043821209465381246,0.06493506493506493,0.0017528483786152498,0.025974025974025976,0.0017528483786152498,0.025974025974025976,0.0017528483786152498,0.025974025974025976,0.0008764241893076249,0.012987012987012988,0.0008764241893076249,0.012987012987012988,0.009640666082383873,0.14285714285714285,0.0043821209465381246,0.06493506493506493,0.009640666082383873,0.14285714285714285,0.013146362839614373,0.19480519480519481,0.021910604732690624,0.3246753246753247,0.0026292725679228747,0.03896103896103896,0.0035056967572304996,0.05194805194805195,0.0052585451358457495,0.07792207792207792,0.017528483786152498,0.2597402597402597,0.017528483786152498,0.2597402597402597,0.03155127081507449,0.4675324675324675,0.03155127081507449,0.4675324675324675,0.017528483786152498,0.2597402597402597,0.016652059596844872,0.24675324675324675,0.015775635407537247,0.23376623376623376,0.011393514460999123,0.16883116883116883,0.0008764241893076249,0.012987012987012988,0.010517090271691499,0.15584415584415584,0.006134969325153374,0.09090909090909091,0.010517090271691499,0.15584415584415584,0.016652059596844872,0.24675324675324675,0.018404907975460124,0.2727272727272727,0.03155127081507449,0.4675324675324675,0.03155127081507449,0.4675324675324675,0.016652059596844872,0.24675324675324675,0.014022787028921999,0.2077922077922078,0.012269938650306749,0.18181818181818182,0.011393514460999123,0.16883116883116883,0.0008764241893076249,0.012987012987012988,0.011393514460999123,0.16883116883116883,0.006134969325153374,0.09090909090909091,0.006134969325153374,0.09090909090909091
18,0.0024834437086092716,0.03896103896103896,0.0024834437086092716,0.03896103896103896,0.04552980132450331,0.7142857142857143,0.04552980132450331,0.7142857142857143,0.004966887417218543,0.07792207792207792,0.0016556291390728477,0.025974025974025976,0.0,0.0,0.0008278145695364238,0.012987012987012988,0.004966887417218543,0.07792207792207792,0.0024834437086092716,0.03896103896103896,0.004966887417218543,0.07792207792207792,0.0016556291390728477,0.025974025974025976,0.0033112582781456954,0.05194805194805195,0.0033112582781456954,0.05194805194805195,0.04552980132450331,0.7142857142857143,0.04552980132450331,0.7142857142857143,0.01076158940397351,0.16883116883116883,0.004966887417218543,0.07792207792207792,0.006622516556291391,0.1038961038961039,0.0041390728476821195,0.06493506493506493,0.004966887417218543,0.07792207792207792,0.0033112582781456954,0.05194805194805195,0.004966887417218543,0.07792207792207792,0.004966887417218543,0.07792207792207792,0.0008278145695364238,0.012987012987012988,0.0008278145695364238,0.012987012987012988,0.04552980132450331,0.7142857142857143,0.04552980132450331,0.7142857142857143,0.01076158940397351,0.16883116883116883,0.0024834437086092716,0.03896103896103896,0.0,0.0,0.0024834437086092716,0.03896103896103896,0.0024834437086092716,0.03896103896103896,0.0008278145695364238,0.012987012987012988,0.0,0.0,0.0008278145695364238,0.012987012987012988,0.0033112582781456954,0.05194805194805195,0.0033112582781456954,0.05194805194805195,0.04552980132450331,0.7142857142857143,0.04552980132450331,0.7142857142857143,0.0024834437086092716,0.03896103896103896,0.004966887417218543,0.07792207792207792,0.009933774834437087,0.15584415584415584,0.012417218543046357,0.19480519480519481,0.0033112582781456954,0.05194805194805195,0.0033112582781456954,0.05194805194805195,0.005794701986754967,0.09090909090909091,0.004966887417218543,0.07792207792207792,0.0016556291390728477,0.025974025974025976,0.0016556291390728477,0.025974025974025976,0.0008278145695364238,0.012987012987012988,0.0008278145695364238,0.012987012987012988,0.005794701986754967,0.09090909090909091,0.0024834437086092716,0.03896103896103896,0.0,0.0,0.0016556291390728477,0.025974025974025976,0.004966887417218543,0.07792207792207792,0.0016556291390728477,0.025974025974025976,0.004966887417218543,0.07792207792207792,0.0016556291390728477,0.025974025974025976,0.0016556291390728477,0.025974025974025976,0.0016556291390728477,0.025974025974025976,0.0008278145695364238,0.012987012987012988,0.0008278145695364238,0.012987012987012988,0.01076158940397351,0.16883116883116883,0.0041390728476821195,0.06493506493506493,0.009105960264900662,0.14285714285714285,0.014072847682119206,0.22077922077922077,0.020695364238410598,0.3246753246753247,0.0024834437086092716,0.03896103896103896,0.0041390728476821195,0.06493506493506493,0.006622516556291391,0.1038961038961039,0.0173841059602649,0.2727272727272727,0.0173841059602649,0.2727272727272727,0.029801324503311258,0.4675324675324675,0.029801324503311258,0.4675324675324675,0.016556291390728478,0.2597402597402597,0.015728476821192054,0.24675324675324675,0.015728476821192054,0.24675324675324675,0.012417218543046357,0.19480519480519481,0.0008278145695364238,0.012987012987012988,0.01076158940397351,0.16883116883116883,0.005794701986754967,0.09090909090909091,0.011589403973509934,0.18181818181818182,0.016556291390728478,0.2597402597402597,0.0173841059602649,0.2727272727272727,0.029801324503311258,0.4675324675324675,0.029801324503311258,0.4675324675324675,0.015728476821192054,0.24675324675324675,0.014900662251655629,0.23376623376623376,0.012417218543046357,0.19480519480519481,0.01076158940397351,0.16883116883116883,0.0016556291390728477,0.025974025974025976,0.01076158940397351,0.16883116883116883,0.005794701986754967,0.09090909090909091,0.006622516556291391,0.1038961038961039
19,0.002352941176470588,0.03896103896103896,0.002352941176470588,0.03896103896103896,0.04784313725490196,0.7922077922077922,0.04784313725490196,0.7922077922077922,0.005490196078431373,0.09090909090909091,0.001568627450980392,0.025974025974025976,0.0,0.0,0.000784313725490196,0.012987012987012988,0.005490196078431373,0.09090909090909091,0.002352941176470588,0.03896103896103896,0.005490196078431373,0.09090909090909091,0.001568627450980392,0.025974025974025976,0.003137254901960784,0.05194805194805195,0.003137254901960784,0.05194805194805195,0.04784313725490196,0.7922077922077922,0.04784313725490196,0.7922077922077922,0.010980392156862745,0.18181818181818182,0.004705882352941176,0.07792207792207792,0.006274509803921568,0.1038961038961039,0.00392156862745098,0.06493506493506493,0.005490196078431373,0.09090909090909091,0.003137254901960784,0.05194805194805195,0.005490196078431373,0.09090909090909091,0.004705882352941176,0.07792207792207792,0.000784313725490196,0.012987012987012988,0.000784313725490196,0.012987012987012988,0.04784313725490196,0.7922077922077922,0.04784313725490196,0.7922077922077922,0.01019607843137255,0.16883116883116883,0.002352941176470588,0.03896103896103896,0.0,0.0,0.002352941176470588,0.03896103896103896,0.002352941176470588,0.03896103896103896,0.000784313725490196,0.012987012987012988,0.0,0.0,0.000784313725490196,0.012987012987012988,0.003137254901960784,0.05194805194805195,0.003137254901960784,0.05194805194805195,0.04784313725490196,0.7922077922077922,0.04784313725490196,0.7922077922077922,0.002352941176470588,0.03896103896103896,0.004705882352941176,0.07792207792207792,0.009411764705882352,0.15584415584415584,0.011764705882352941,0.19480519480519481,0.003137254901960784,0.05194805194805195,0.003137254901960784,0.05194805194805195,0.005490196078431373,0.09090909090909091,0.004705882352941176,0.07792207792207792,0.001568627450980392,0.025974025974025976,0.001568627450980392,0.025974025974025976,0.000784313725490196,0.012987012987012988,0.000784313725490196,0.012987012987012988,0.006274509803921568,0.1038961038961039,0.002352941176470588,0.03896103896103896,0.0,0.0,0.001568627450980392,0.025974025974025976,0.005490196078431373,0.09090909090909091,0.001568627450980392,0.025974025974025976,0.004705882352941176,0.07792207792207792,0.001568627450980392,0.025974025974025976,0.001568627450980392,0.025974025974025976,0.001568627450980392,0.025974025974025976,0.000784313725490196,0.012987012987012988,0.000784313725490196,0.012987012987012988,0.010980392156862745,0.18181818181818182,0.00392156862745098,0.06493506493506493,0.009411764705882352,0.15584415584415584,0.013333333333333334,0.22077922077922077,0.0203921568627451,0.33766233766233766,0.002352941176470588,0.03896103896103896,0.00392156862745098,0.06493506493506493,0.008627450980392156,0.14285714285714285,0.01647058823529412,0.2727272727272727,0.01647058823529412,0.2727272727272727,0.02823529411764706,0.4675324675324675,0.02823529411764706,0.4675324675324675,0.017254901960784313,0.2857142857142857,0.014901960784313726,0.24675324675324675,0.014901960784313726,0.24675324675324675,0.012549019607843137,0.2077922077922078,0.002352941176470588,0.03896103896103896,0.010980392156862745,0.18181818181818182,0.006274509803921568,0.1038961038961039,0.011764705882352941,0.19480519480519481,0.01647058823529412,0.2727272727272727,0.01647058823529412,0.2727272727272727,0.02823529411764706,0.4675324675324675,0.02823529411764706,0.4675324675324675,0.014901960784313726,0.24675324675324675,0.01411764705882353,0.23376623376623376,0.011764705882352941,0.19480519480519481,0.01019607843137255,0.16883116883116883,0.002352941176470588,0.03896103896103896,0.01019607843137255,0.16883116883116883,0.006274509803921568,0.1038961038961039,0.006274509803921568,0.1038961038961039
20,0.0022354694485842027,0.03896103896103896,0.0022354694485842027,0.03896103896103896,0.04694485842026826,0.8181818181818182,0.04694485842026826,0.8181818181818182,0.005216095380029807,0.09090909090909091,0.0014903129657228018,0.025974025974025976,0.0,0.0,0.0007451564828614009,0.012987012987012988,0.0067064083457526085,0.11688311688311688,0.0022354694485842027,0.03896103896103896,0.0067064083457526085,0.11688311688311688,0.0014903129657228018,0.025974025974025976,0.0029806259314456036,0.05194805194805195,0.0029806259314456036,0.05194805194805195,0.04694485842026826,0.8181818181818182,0.04694485842026826,0.8181818181818182,0.011177347242921014,0.19480519480519481,0.004470938897168405,0.07792207792207792,0.007451564828614009,0.12987012987012986,0.0037257824143070045,0.06493506493506493,0.005961251862891207,0.1038961038961039,0.0029806259314456036,0.05194805194805195,0.005216095380029807,0.09090909090909091,0.005216095380029807,0.09090909090909091,0.0007451564828614009,0.012987012987012988,0.0007451564828614009,0.012987012987012988,0.04694485842026826,0.8181818181818182,0.04694485842026826,0.8181818181818182,0.010432190760059613,0.18181818181818182,0.0022354694485842027,0.03896103896103896,0.0,0.0,0.0022354694485842027,0.03896103896103896,0.0022354694485842027,0.03896103896103896,0.0007451564828614009,0.012987012987012988,0.0,0.0,0.0007451564828614009,0.012987012987012988,0.0029806259314456036,0.05194805194805195,0.0029806259314456036,0.05194805194805195,0.04694485842026826,0.8181818181818182,0.04694485842026826,0.8181818181818182,0.0029806259314456036,0.05194805194805195,0.004470938897168405,0.07792207792207792,0.00894187779433681,0.15584415584415584,0.011177347242921014,0.19480519480519481,0.0029806259314456036,0.05194805194805195,0.0029806259314456036,0.05194805194805195,0.005216095380029807,0.09090909090909091,0.005961251862891207,0.1038961038961039,0.0014903129657228018,0.025974025974025976,0.0014903129657228018,0.025974025974025976,0.0007451564828614009,0.012987012987012988,0.0007451564828614009,0.012987012987012988,0.005961251862891207,0.1038961038961039,0.0022354694485842027,0.03896103896103896,0.0,0.0,0.0014903129657228018,0.025974025974025976,0.005961251862891207,0.1038961038961039,0.0014903129657228018,0.025974025974025976,0.005961251862891207,0.1038961038961039,0.0014903129657228018,0.025974025974025976,0.0014903129657228018,0.025974025974025976,0.0014903129657228018,0.025974025974025976,0.0007451564828614009,0.012987012987012988,0.0007451564828614009,0.012987012987012988,0.011922503725782414,0.2077922077922078,0.0037257824143070045,0.06493506493506493,0.00894187779433681,0.15584415584415584,0.013412816691505217,0.23376623376623376,0.020864381520119227,0.36363636363636365,0.0022354694485842027,0.03896103896103896,0.004470938897168405,0.07792207792207792,0.00819672131147541,0.14285714285714285,0.01564828614008942,0.2727272727272727,0.01564828614008942,0.2727272727272727,0.028315946348733235,0.4935064935064935,0.028315946348733235,0.4935064935064935,0.01788375558867362,0.3116883116883117,0.014157973174366617,0.24675324675324675,0.014157973174366617,0.24675324675324675,0.012667660208643815,0.22077922077922077,0.0029806259314456036,0.05194805194805195,0.010432190760059613,0.18181818181818182,0.005961251862891207,0.1038961038961039,0.012667660208643815,0.22077922077922077,0.01564828614008942,0.2727272727272727,0.01564828614008942,0.2727272727272727,0.028315946348733235,0.4935064935064935,0.028315946348733235,0.4935064935064935,0.014157973174366617,0.24675324675324675,0.014903129657228018,0.2597402597402597,0.011922503725782414,0.2077922077922078,0.011922503725782414,0.2077922077922078,0.0022354694485842027,0.03896103896103896,0.010432190760059613,0.18181818181818182,0.005961251862891207,0.1038961038961039,0.005961251862891207,0.1038961038961039
21,0.0021291696238466998,0.03896103896103896,0.0021291696238466998,0.03896103896103896,0.0454222853087296,0.8311688311688312,0.0454222853087296,0.8311688311688312,0.007097232079488999,0.12987012987012986,0.0014194464158978,0.025974025974025976,0.0,0.0,0.0007097232079489,0.012987012987012988,0.008516678495386799,0.15584415584415584,0.0021291696238466998,0.03896103896103896,0.008516678495386799,0.15584415584415584,0.0014194464158978,0.025974025974025976,0.0035486160397444995,0.06493506493506493,0.0035486160397444995,0.06493506493506493,0.0454222853087296,0.8311688311688312,0.0454222853087296,0.8311688311688312,0.0120652945351313,0.22077922077922077,0.0049680624556423,0.09090909090909091,0.007806955287437899,0.14285714285714285,0.0035486160397444995,0.06493506493506493,0.0063875088715401,0.11688311688311688,0.0028388928317956,0.05194805194805195,0.0056777856635912,0.1038961038961039,0.0049680624556423,0.09090909090909091,0.0007097232079489,0.012987012987012988,0.0007097232079489,0.012987012987012988,0.0454222853087296,0.8311688311688312,0.0454222853087296,0.8311688311688312,0.0106458481192335,0.19480519480519481,0.0021291696238466998,0.03896103896103896,0.0,0.0,0.0021291696238466998,0.03896103896103896,0.0021291696238466998,0.03896103896103896,0.0007097232079489,0.012987012987012988,0.0,0.0,0.0007097232079489,0.012987012987012988,0.0028388928317956,0.05194805194805195,0.0028388928317956,0.05194805194805195,0.0454222853087296,0.8311688311688312,0.0454222853087296,0.8311688311688312,0.0028388928317956,0.05194805194805195,0.0049680624556423,0.09090909090909091,0.008516678495386799,0.15584415584415584,0.0113555713271824,0.2077922077922078,0.0028388928317956,0.05194805194805195,0.0028388928317956,0.05194805194805195,0.0049680624556423,0.09090909090909091,0.0063875088715401,0.11688311688311688,0.0014194464158978,0.025974025974025976,0.0014194464158978,0.025974025974025976,0.0007097232079489,0.012987012987012988,0.0014194464158978,0.025974025974025976,0.0056777856635912,0.1038961038961039,0.0021291696238466998,0.03896103896103896,0.0,0.0,0.0014194464158978,0.025974025974025976,0.007097232079488999,0.12987012987012986,0.0014194464158978,0.025974025974025976,0.0063875088715401,0.11688311688311688,0.0014194464158978,0.025974025974025976,0.0014194464158978,0.025974025974025976,0.0014194464158978,0.025974025974025976,0.0007097232079489,0.012987012987012988,0.0014194464158978,0.025974025974025976,0.0120652945351313,0.22077922077922077,0.0042583392476933995,0.07792207792207792,0.008516678495386799,0.15584415584415584,0.016323633782824698,0.2987012987012987,0.0198722498225692,0.36363636363636365,0.0021291696238466998,0.03896103896103896,0.0042583392476933995,0.07792207792207792,0.008516678495386799,0.15584415584415584,0.015613910574875798,0.2857142857142857,0.014904187366926898,0.2727272727272727,0.027679205110007096,0.5064935064935064,0.027679205110007096,0.5064935064935064,0.017033356990773598,0.3116883116883117,0.014194464158977998,0.2597402597402597,0.014194464158977998,0.2597402597402597,0.0120652945351313,0.22077922077922077,0.0028388928317956,0.05194805194805195,0.0113555713271824,0.2077922077922078,0.0056777856635912,0.1038961038961039,0.0134847409510291,0.24675324675324675,0.014904187366926898,0.2727272727272727,0.014904187366926898,0.2727272727272727,0.027679205110007096,0.5064935064935064,0.027679205110007096,0.5064935064935064,0.0134847409510291,0.24675324675324675,0.015613910574875798,0.2857142857142857,0.0120652945351313,0.22077922077922077,0.0113555713271824,0.2077922077922078,0.0021291696238466998,0.03896103896103896,0.0113555713271824,0.2077922077922078,0.0056777856635912,0.1038961038961039,0.0063875088715401,0.11688311688311688
22,0.002031144211238998,0.03896103896103896,0.002031144211238998,0.03896103896103896,0.043331076506431955,0.8311688311688312,0.043331076506431955,0.8311688311688312,0.006770480704129994,0.12987012987012986,0.0013540961408259986,0.025974025974025976,0.0,0.0,0.0006770480704129993,0.012987012987012988,0.008801624915368992,0.16883116883116883,0.002031144211238998,0.03896103896103896,0.008801624915368992,0.16883116883116883,0.0013540961408259986,0.025974025974025976,0.004062288422477996,0.07792207792207792,0.004062288422477996,0.07792207792207792,0.043331076506431955,0.8311688311688312,0.043331076506431955,0.8311688311688312,0.012186865267433988,0.23376623376623376,0.005416384563303994,0.1038961038961039,0.007447528774542992,0.14285714285714285,0.003385240352064997,0.06493506493506493,0.008124576844955992,0.15584415584415584,0.004062288422477996,0.07792207792207792,0.006093432633716994,0.11688311688311688,0.004739336492890996,0.09090909090909091,0.0006770480704129993,0.012987012987012988,0.0006770480704129993,0.012987012987012988,0.043331076506431955,0.8311688311688312,0.043331076506431955,0.8311688311688312,0.010832769126607989,0.2077922077922078,0.002031144211238998,0.03896103896103896,0.0,0.0,0.002031144211238998,0.03896103896103896,0.002031144211238998,0.03896103896103896,0.0006770480704129993,0.012987012987012988,0.0,0.0,0.0006770480704129993,0.012987012987012988,0.002708192281651997,0.05194805194805195,0.002708192281651997,0.05194805194805195,0.043331076506431955,0.8311688311688312,0.043331076506431955,0.8311688311688312,0.002708192281651997,0.05194805194805195,0.004739336492890996,0.09090909090909091,0.009478672985781991,0.18181818181818182,0.010832769126607989,0.2077922077922078,0.002708192281651997,0.05194805194805195,0.002708192281651997,0.05194805194805195,0.004739336492890996,0.09090909090909091,0.007447528774542992,0.14285714285714285,0.0013540961408259986,0.025974025974025976,0.0013540961408259986,0.025974025974025976,0.0013540961408259986,0.025974025974025976,0.0013540961408259986,0.025974025974025976,0.005416384563303994,0.1038961038961039,0.002031144211238998,0.03896103896103896,0.0,0.0,0.0013540961408259986,0.025974025974025976,0.006770480704129994,0.12987012987012986,0.0013540961408259986,0.025974025974025976,0.006770480704129994,0.12987012987012986,0.0013540961408259986,0.025974025974025976,0.0013540961408259986,0.025974025974025976,0.0013540961408259986,0.025974025974025976,0.0013540961408259986,0.025974025974025976,0.0013540961408259986,0.025974025974025976,0.011509817197020988,0.22077922077922077,0.004739336492890996,0.09090909090909091,0.008124576844955992,0.15584415584415584,0.016249153689911984,0.3116883116883117,0.01963439404197698,0.37662337662337664,0.003385240352064997,0.06493506493506493,0.004062288422477996,0.07792207792207792,0.008801624915368992,0.16883116883116883,0.015572105619498984,0.2987012987012987,0.014218009478672985,0.2727272727272727,0.026404874746106973,0.5064935064935064,0.026404874746106973,0.5064935064935064,0.017603249830737983,0.33766233766233766,0.014218009478672985,0.2727272727272727,0.013540961408259987,0.2597402597402597,0.013540961408259987,0.2597402597402597,0.002708192281651997,0.05194805194805195,0.010832769126607989,0.2077922077922078,0.006093432633716994,0.11688311688311688,0.014218009478672985,0.2727272727272727,0.014218009478672985,0.2727272727272727,0.014218009478672985,0.2727272727272727,0.026404874746106973,0.5064935064935064,0.026404874746106973,0.5064935064935064,0.012863913337846988,0.24675324675324675,0.014895057549085985,0.2857142857142857,0.011509817197020988,0.22077922077922077,0.011509817197020988,0.22077922077922077,0.002708192281651997,0.05194805194805195,0.011509817197020988,0.22077922077922077,0.006093432633716994,0.11688311688311688,0.006770480704129994,0.12987012987012986
23,0.0019430051813471502,0.03896103896103896,0.0019430051813471502,0.03896103896103896,0.04145077720207254,0.8311688311688312,0.04145077720207254,0.8311688311688312,0.006476683937823834,0.12987012987012986,0.0012953367875647669,0.025974025974025976,0.0,0.0,0.0006476683937823834,0.012987012987012988,0.008419689119170985,0.16883116883116883,0.0019430051813471502,0.03896103896103896,0.009067357512953367,0.18181818181818182,0.0012953367875647669,0.025974025974025976,0.0038860103626943004,0.07792207792207792,0.0038860103626943004,0.07792207792207792,0.04145077720207254,0.8311688311688312,0.04145077720207254,0.8311688311688312,0.012305699481865285,0.24675324675324675,0.0051813471502590676,0.1038961038961039,0.007124352331606218,0.14285714285714285,0.003238341968911917,0.06493506493506493,0.008419689119170985,0.16883116883116883,0.0038860103626943004,0.07792207792207792,0.006476683937823834,0.12987012987012986,0.007124352331606218,0.14285714285714285,0.0006476683937823834,0.012987012987012988,0.0006476683937823834,0.012987012987012988,0.04145077720207254,0.8311688311688312,0.04145077720207254,0.8311688311688312,0.011010362694300517,0.22077922077922077,0.0019430051813471502,0.03896103896103896,0.0,0.0,0.0019430051813471502,0.03896103896103896,0.0019430051813471502,0.03896103896103896,0.0006476683937823834,0.012987012987012988,0.0,0.0,0.0006476683937823834,0.012987012987012988,0.0025906735751295338,0.05194805194805195,0.003238341968911917,0.06493506493506493,0.04145077720207254,0.8311688311688312,0.04145077720207254,0.8311688311688312,0.003238341968911917,0.06493506493506493,0.0051813471502590676,0.1038961038961039,0.009715025906735751,0.19480519480519481,0.011010362694300517,0.22077922077922077,0.003238341968911917,0.06493506493506493,0.0025906735751295338,0.05194805194805195,0.0045336787564766836,0.09090909090909091,0.007124352331606218,0.14285714285714285,0.0012953367875647669,0.025974025974025976,0.0012953367875647669,0.025974025974025976,0.0012953367875647669,0.025974025974025976,0.0012953367875647669,0.025974025974025976,0.0051813471502590676,0.1038961038961039,0.0019430051813471502,0.03896103896103896,0.0,0.0,0.0012953367875647669,0.025974025974025976,0.006476683937823834,0.12987012987012986,0.0012953367875647669,0.025974025974025976,0.006476683937823834,0.12987012987012986,0.0012953367875647669,0.025974025974025976,0.0025906735751295338,0.05194805194805195,0.0025906735751295338,0.05194805194805195,0.0012953367875647669,0.025974025974025976,0.0012953367875647669,0.025974025974025976,0.012305699481865285,0.24675324675324675,0.006476683937823834,0.12987012987012986,0.008419689119170985,0.16883116883116883,0.016191709844559584,0.3246753246753247,0.01878238341968912,0.37662337662337664,0.003238341968911917,0.06493506493506493,0.0038860103626943004,0.07792207792207792,0.010362694300518135,0.2077922077922078,0.014896373056994818,0.2987012987012987,0.013601036269430052,0.2727272727272727,0.025259067357512953,0.5064935064935064,0.025259067357512953,0.5064935064935064,0.017487046632124352,0.35064935064935066,0.014248704663212436,0.2857142857142857,0.012953367875647668,0.2597402597402597,0.012953367875647668,0.2597402597402597,0.0025906735751295338,0.05194805194805195,0.011010362694300517,0.22077922077922077,0.005829015544041451,0.11688311688311688,0.013601036269430052,0.2727272727272727,0.014896373056994818,0.2987012987012987,0.013601036269430052,0.2727272727272727,0.025259067357512953,0.5064935064935064,0.025259067357512953,0.5064935064935064,0.012305699481865285,0.24675324675324675,0.014248704663212436,0.2857142857142857,0.011658031088082901,0.23376623376623376,0.011010362694300517,0.22077922077922077,0.0025906735751295338,0.05194805194805195,0.011010362694300517,0.22077922077922077,0.006476683937823834,0.12987012987012986,0.006476683937823834,0.12987012987012986
24,0.00186219739292365,0.03896103896103896,0.00186219739292365,0.03896103896103896,0.040347610180012414,0.8441558441558441,0.040347610180012414,0.8441558441558441,0.006828057107386716,0.14285714285714285,0.0012414649286157666,0.025974025974025976,0.0,0.0,0.0006207324643078833,0.012987012987012988,0.008690254500310366,0.18181818181818182,0.00186219739292365,0.03896103896103896,0.009931719428926133,0.2077922077922078,0.0012414649286157666,0.025974025974025976,0.0037243947858473,0.07792207792207792,0.0037243947858473,0.07792207792207792,0.040347610180012414,0.8441558441558441,0.040347610180012414,0.8441558441558441,0.014276846679081317,0.2987012987012987,0.00558659217877095,0.11688311688311688,0.0074487895716946,0.15584415584415584,0.0031036623215394167,0.06493506493506493,0.008690254500310366,0.18181818181818182,0.0037243947858473,0.07792207792207792,0.006207324643078833,0.12987012987012986,0.0074487895716946,0.15584415584415584,0.0006207324643078833,0.012987012987012988,0.0006207324643078833,0.012987012987012988,0.040347610180012414,0.8441558441558441,0.040347610180012414,0.8441558441558441,0.0111731843575419,0.23376623376623376,0.00186219739292365,0.03896103896103896,0.0,0.0,0.00186219739292365,0.03896103896103896,0.00186219739292365,0.03896103896103896,0.0006207324643078833,0.012987012987012988,0.0,0.0,0.0006207324643078833,0.012987012987012988,0.0031036623215394167,0.06493506493506493,0.0031036623215394167,0.06493506493506493,0.040347610180012414,0.8441558441558441,0.040347610180012414,0.8441558441558441,0.0031036623215394167,0.06493506493506493,0.00558659217877095,0.11688311688311688,0.009931719428926133,0.2077922077922078,0.014276846679081317,0.2987012987012987,0.0031036623215394167,0.06493506493506493,0.0031036623215394167,0.06493506493506493,0.004345127250155183,0.09090909090909091,0.006828057107386716,0.14285714285714285,0.0012414649286157666,0.025974025974025976,0.0012414649286157666,0.025974025974025976,0.0012414649286157666,0.025974025974025976,0.0012414649286157666,0.025974025974025976,0.006828057107386716,0.14285714285714285,0.00186219739292365,0.03896103896103896,0.0,0.0,0.0012414649286157666,0.025974025974025976,0.006828057107386716,0.14285714285714285,0.0012414649286157666,0.025974025974025976,0.006207324643078833,0.12987012987012986,0.0012414649286157666,0.025974025974025976,0.0031036623215394167,0.06493506493506493,0.0031036623215394167,0.06493506493506493,0.0012414649286157666,0.025974025974025976,0.0012414649286157666,0.025974025974025976,0.012414649286157667,0.2597402597402597,0.006828057107386716,0.14285714285714285,0.008690254500310366,0.18181818181818182,0.016139044072004966,0.33766233766233766,0.019863438857852266,0.4155844155844156,0.0031036623215394167,0.06493506493506493,0.0037243947858473,0.07792207792207792,0.010552451893234015,0.22077922077922077,0.015518311607697082,0.3246753246753247,0.01303538175046555,0.2727272727272727,0.0260707635009311,0.5454545454545454,0.0260707635009311,0.5454545454545454,0.018001241464928614,0.37662337662337664,0.013656114214773432,0.2857142857142857,0.01303538175046555,0.2727272727272727,0.013656114214773432,0.2857142857142857,0.0031036623215394167,0.06493506493506493,0.010552451893234015,0.22077922077922077,0.006207324643078833,0.12987012987012986,0.014276846679081317,0.2987012987012987,0.014276846679081317,0.2987012987012987,0.01303538175046555,0.2727272727272727,0.0260707635009311,0.5454545454545454,0.0260707635009311,0.5454545454545454,0.011793916821849782,0.24675324675324675,0.014276846679081317,0.2987012987012987,0.011793916821849782,0.24675324675324675,0.012414649286157667,0.2597402597402597,0.002482929857231533,0.05194805194805195,0.010552451893234015,0.22077922077922077,0.006207324643078833,0.12987012987012986,0.006828057107386716,0.14285714285714285
25,0.0017878426698450535,0.03896103896103896,0.0017878426698450535,0.03896103896103896,0.03873659117997616,0.8441558441558441,0.03873659117997616,0.8441558441558441,0.006555423122765197,0.14285714285714285,0.0011918951132300357,0.025974025974025976,0.0,0.0,0.0005959475566150178,0.012987012987012988,0.009535160905840286,0.2077922077922078,0.0017878426698450535,0.03896103896103896,0.009535160905840286,0.2077922077922078,0.0011918951132300357,0.025974025974025976,0.004767580452920143,0.1038961038961039,0.004767580452920143,0.1038961038961039,0.03873659117997616,0.8441558441558441,0.03873659117997616,0.8441558441558441,0.014302741358760428,0.3116883116883117,0.0059594755661501785,0.12987012987012986,0.007151370679380214,0.15584415584415584,0.0029797377830750892,0.06493506493506493,0.008939213349225268,0.19480519480519481,0.004767580452920143,0.1038961038961039,0.0077473182359952325,0.16883116883116883,0.00834326579261025,0.18181818181818182,0.0005959475566150178,0.012987012987012988,0.0005959475566150178,0.012987012987012988,0.03873659117997616,0.8441558441558441,0.03873659117997616,0.8441558441558441,0.010727056019070322,0.23376623376623376,0.0017878426698450535,0.03896103896103896,0.0,0.0,0.0017878426698450535,0.03896103896103896,0.0017878426698450535,0.03896103896103896,0.0005959475566150178,0.012987012987012988,0.0,0.0,0.0005959475566150178,0.012987012987012988,0.004171632896305125,0.09090909090909091,0.004171632896305125,0.09090909090909091,0.03873659117997616,0.8441558441558441,0.03873659117997616,0.8441558441558441,0.0029797377830750892,0.06493506493506493,0.005363528009535161,0.11688311688311688,0.010131108462455305,0.22077922077922077,0.013706793802145411,0.2987012987012987,0.004171632896305125,0.09090909090909091,0.004171632896305125,0.09090909090909091,0.004171632896305125,0.09090909090909091,0.006555423122765197,0.14285714285714285,0.0011918951132300357,0.025974025974025976,0.0011918951132300357,0.025974025974025976,0.0011918951132300357,0.025974025974025976,0.0011918951132300357,0.025974025974025976,0.006555423122765197,0.14285714285714285,0.0017878426698450535,0.03896103896103896,0.0,0.0,0.0011918951132300357,0.025974025974025976,0.007151370679380214,0.15584415584415584,0.0011918951132300357,0.025974025974025976,0.007151370679380214,0.15584415584415584,0.0011918951132300357,0.025974025974025976,0.0029797377830750892,0.06493506493506493,0.0029797377830750892,0.06493506493506493,0.0011918951132300357,0.025974025974025976,0.0011918951132300357,0.025974025974025976,0.011918951132300357,0.2597402597402597,0.006555423122765197,0.14285714285714285,0.00834326579261025,0.18181818181818182,0.0166865315852205,0.36363636363636365,0.01966626936829559,0.42857142857142855,0.0029797377830750892,0.06493506493506493,0.004171632896305125,0.09090909090909091,0.010131108462455305,0.22077922077922077,0.014898688915375448,0.3246753246753247,0.013110846245530394,0.2857142857142857,0.025029797377830752,0.5454545454545454,0.025029797377830752,0.5454545454545454,0.01728247914183552,0.37662337662337664,0.013706793802145411,0.2987012987012987,0.013110846245530394,0.2857142857142857,0.014302741358760428,0.3116883116883117,0.0029797377830750892,0.06493506493506493,0.010131108462455305,0.22077922077922077,0.0059594755661501785,0.12987012987012986,0.014302741358760428,0.3116883116883117,0.013706793802145411,0.2987012987012987,0.012514898688915376,0.2727272727272727,0.025029797377830752,0.5454545454545454,0.025029797377830752,0.5454545454545454,0.01132300357568534,0.24675324675324675,0.014302741358760428,0.3116883116883117,0.01132300357568534,0.24675324675324675,0.013110846245530394,0.2857142857142857,0.0023837902264600714,0.05194805194805195,0.010131108462455305,0.22077922077922077,0.0059594755661501785,0.12987012987012986,0.007151370679380214,0.15584415584415584
26,0.0017191977077363897,0.03896103896103896,0.0017191977077363897,0.03896103896103896,0.03724928366762178,0.8441558441558441,0.03724928366762178,0.8441558441558441,0.006303724928366762,0.14285714285714285,0.001146131805157593,0.025974025974025976,0.0,0.0,0.0005730659025787965,0.012987012987012988,0.009742120343839542,0.22077922077922077,0.0017191977077363897,0.03896103896103896,0.010315186246418338,0.23376623376623376,0.001146131805157593,0.025974025974025976,0.004584527220630372,0.1038961038961039,0.004584527220630372,0.1038961038961039,0.03724928366762178,0.8441558441558441,0.03724928366762178,0.8441558441558441,0.013753581661891117,0.3116883116883117,0.0057306590257879654,0.12987012987012986,0.006876790830945559,0.15584415584415584,0.0034383954154727794,0.07792207792207792,0.009169054441260744,0.2077922077922078,0.004584527220630372,0.1038961038961039,0.009742120343839542,0.22077922077922077,0.008022922636103151,0.18181818181818182,0.0005730659025787965,0.012987012987012988,0.0005730659025787965,0.012987012987012988,0.03724928366762178,0.8441558441558441,0.03724928366762178,0.8441558441558441,0.010888252148997135,0.24675324675324675,0.0017191977077363897,0.03896103896103896,0.0,0.0,0.0017191977077363897,0.03896103896103896,0.0017191977077363897,0.03896103896103896,0.0005730659025787965,0.012987012987012988,0.0,0.0,0.0005730659025787965,0.012987012987012988,0.004584527220630372,0.1038961038961039,0.004584527220630372,0.1038961038961039,0.03724928366762178,0.8441558441558441,0.03724928366762178,0.8441558441558441,0.0034383954154727794,0.07792207792207792,0.006303724928366762,0.14285714285714285,0.009742120343839542,0.22077922077922077,0.014326647564469915,0.3246753246753247,0.0040114613180515755,0.09090909090909091,0.004584527220630372,0.1038961038961039,0.0040114613180515755,0.09090909090909091,0.006303724928366762,0.14285714285714285,0.001146131805157593,0.025974025974025976,0.001146131805157593,0.025974025974025976,0.001146131805157593,0.025974025974025976,0.001146131805157593,0.025974025974025976,0.006876790830945559,0.15584415584415584,0.0017191977077363897,0.03896103896103896,0.0,0.0,0.001146131805157593,0.025974025974025976,0.007449856733524355,0.16883116883116883,0.001146131805157593,0.025974025974025976,0.006876790830945559,0.15584415584415584,0.001146131805157593,0.025974025974025976,0.0034383954154727794,0.07792207792207792,0.0034383954154727794,0.07792207792207792,0.001146131805157593,0.025974025974025976,0.001146131805157593,0.025974025974025976,0.012607449856733524,0.2857142857142857,0.006303724928366762,0.14285714285714285,0.009169054441260744,0.2077922077922078,0.016045845272206302,0.36363636363636365,0.018911174785100286,0.42857142857142855,0.0034383954154727794,0.07792207792207792,0.0040114613180515755,0.09090909090909091,0.011461318051575931,0.2597402597402597,0.014326647564469915,0.3246753246753247,0.012607449856733524,0.2857142857142857,0.024068767908309457,0.5454545454545454,0.02464183381088825,0.5584415584415584,0.017191977077363897,0.38961038961038963,0.013180515759312322,0.2987012987012987,0.012607449856733524,0.2857142857142857,0.013753581661891117,0.3116883116883117,0.0028653295128939827,0.06493506493506493,0.010315186246418338,0.23376623376623376,0.0057306590257879654,0.12987012987012986,0.013753581661891117,0.3116883116883117,0.013180515759312322,0.2987012987012987,0.012607449856733524,0.2857142857142857,0.024068767908309457,0.5454545454545454,0.02464183381088825,0.5584415584415584,0.010888252148997135,0.24675324675324675,0.01489971346704871,0.33766233766233766,0.011461318051575931,0.2597402597402597,0.013180515759312322,0.2987012987012987,0.002292263610315186,0.05194805194805195,0.010315186246418338,0.23376623376623376,0.0057306590257879654,0.12987012987012986,0.008022922636103151,0.18181818181818182
27,0.0016556291390728477,0.03896103896103896,0.0016556291390728477,0.03896103896103896,0.0358719646799117,0.8441558441558441,0.0358719646799117,0.8441558441558441,0.00772626931567329,0.18181818181818182,0.0011037527593818985,0.025974025974025976,0.0,0.0,0.0005518763796909492,0.012987012987012988,0.009933774834437087,0.23376623376623376,0.0016556291390728477,0.03896103896103896,0.010485651214128035,0.24675324675324675,0.0011037527593818985,0.025974025974025976,0.004415011037527594,0.1038961038961039,0.004415011037527594,0.1038961038961039,0.0358719646799117,0.8441558441558441,0.0358719646799117,0.8441558441558441,0.014900662251655629,0.35064935064935066,0.006622516556291391,0.15584415584415584,0.00717439293598234,0.16883116883116883,0.004966887417218543,0.11688311688311688,0.009933774834437087,0.23376623376623376,0.004415011037527594,0.1038961038961039,0.009381898454746136,0.22077922077922077,0.00772626931567329,0.18181818181818182,0.0005518763796909492,0.012987012987012988,0.0005518763796909492,0.012987012987012988,0.0358719646799117,0.8441558441558441,0.0358719646799117,0.8441558441558441,0.010485651214128035,0.24675324675324675,0.0016556291390728477,0.03896103896103896,0.0,0.0,0.0016556291390728477,0.03896103896103896,0.0016556291390728477,0.03896103896103896,0.0005518763796909492,0.012987012987012988,0.0,0.0,0.0005518763796909492,0.012987012987012988,0.004415011037527594,0.1038961038961039,0.004966887417218543,0.11688311688311688,0.0358719646799117,0.8441558441558441,0.0358719646799117,0.8441558441558441,0.0033112582781456954,0.07792207792207792,0.006070640176600441,0.14285714285714285,0.009381898454746136,0.22077922077922077,0.014900662251655629,0.35064935064935066,0.004415011037527594,0.1038961038961039,0.004415011037527594,0.1038961038961039,0.003863134657836645,0.09090909090909091,0.006070640176600441,0.14285714285714285,0.0011037527593818985,0.025974025974025976,0.0011037527593818985,0.025974025974025976,0.0011037527593818985,0.025974025974025976,0.0011037527593818985,0.025974025974025976,0.00717439293598234,0.16883116883116883,0.0016556291390728477,0.03896103896103896,0.0,0.0,0.0011037527593818985,0.025974025974025976,0.00772626931567329,0.18181818181818182,0.0011037527593818985,0.025974025974025976,0.00772626931567329,0.18181818181818182,0.0011037527593818985,0.025974025974025976,0.0033112582781456954,0.07792207792207792,0.0033112582781456954,0.07792207792207792,0.0011037527593818985,0.025974025974025976,0.0011037527593818985,0.025974025974025976,0.01379690949227373,0.3246753246753247,0.006622516556291391,0.15584415584415584,0.008830022075055188,0.2077922077922078,0.018211920529801324,0.42857142857142855,0.018763796909492272,0.44155844155844154,0.003863134657836645,0.09090909090909091,0.004415011037527594,0.1038961038961039,0.011589403973509934,0.2727272727272727,0.01379690949227373,0.3246753246753247,0.013245033112582781,0.3116883116883117,0.024282560706401765,0.5714285714285714,0.024282560706401765,0.5714285714285714,0.017660044150110375,0.4155844155844156,0.01379690949227373,0.3246753246753247,0.012141280353200883,0.2857142857142857,0.01379690949227373,0.3246753246753247,0.0027593818984547464,0.06493506493506493,0.009933774834437087,0.23376623376623376,0.005518763796909493,0.12987012987012986,0.014900662251655629,0.35064935064935066,0.012693156732891833,0.2987012987012987,0.012141280353200883,0.2857142857142857,0.024282560706401765,0.5714285714285714,0.024282560706401765,0.5714285714285714,0.010485651214128035,0.24675324675324675,0.01434878587196468,0.33766233766233766,0.011589403973509934,0.2727272727272727,0.013245033112582781,0.3116883116883117,0.0027593818984547464,0.06493506493506493,0.009933774834437087,0.23376623376623376,0.005518763796909493,0.12987012987012986,0.008278145695364239,0.19480519480519481
28,0.0015965939329430547,0.03896103896103896,0.0015965939329430547,0.03896103896103896,0.034592868547099524,0.8441558441558441,0.034592868547099524,0.8441558441558441,0.009047365620010643,0.22077922077922077,0.0015965939329430547,0.03896103896103896,0.0,0.0,0.0005321979776476849,0.012987012987012988,0.011708355508249068,0.2857142857142857,0.0015965939329430547,0.03896103896103896,0.011708355508249068,0.2857142857142857,0.0010643959552953698,0.025974025974025976,0.004257583821181479,0.1038961038961039,0.004257583821181479,0.1038961038961039,0.034592868547099524,0.8441558441558441,0.034592868547099524,0.8441558441558441,0.014901543374135177,0.36363636363636365,0.006918573709419904,0.16883116883116883,0.006918573709419904,0.16883116883116883,0.005854177754124534,0.14285714285714285,0.011176157530601383,0.2727272727272727,0.004257583821181479,0.1038961038961039,0.010111761575306013,0.24675324675324675,0.007450771687067589,0.18181818181818182,0.0005321979776476849,0.012987012987012988,0.0005321979776476849,0.012987012987012988,0.034592868547099524,0.8441558441558441,0.034592868547099524,0.8441558441558441,0.010111761575306013,0.24675324675324675,0.0015965939329430547,0.03896103896103896,0.0,0.0,0.0015965939329430547,0.03896103896103896,0.0015965939329430547,0.03896103896103896,0.0005321979776476849,0.012987012987012988,0.0,0.0,0.0005321979776476849,0.012987012987012988,0.004789781798829164,0.11688311688311688,0.004789781798829164,0.11688311688311688,0.034592868547099524,0.8441558441558441,0.034592868547099524,0.8441558441558441,0.0031931878658861094,0.07792207792207792,0.005854177754124534,0.14285714285714285,0.009047365620010643,0.22077922077922077,0.014901543374135177,0.36363636363636365,0.004257583821181479,0.1038961038961039,0.004789781798829164,0.11688311688311688,0.004257583821181479,0.1038961038961039,0.005854177754124534,0.14285714285714285,0.0010643959552953698,0.025974025974025976,0.0010643959552953698,0.025974025974025976,0.0010643959552953698,0.025974025974025976,0.0010643959552953698,0.025974025974025976,0.006918573709419904,0.16883116883116883,0.0015965939329430547,0.03896103896103896,0.0,0.0,0.0010643959552953698,0.025974025974025976,0.007450771687067589,0.18181818181818182,0.0010643959552953698,0.025974025974025976,0.007450771687067589,0.18181818181818182,0.0010643959552953698,0.025974025974025976,0.0031931878658861094,0.07792207792207792,0.0031931878658861094,0.07792207792207792,0.0010643959552953698,0.025974025974025976,0.0010643959552953698,0.025974025974025976,0.014901543374135177,0.36363636363636365,0.006386375731772219,0.15584415584415584,0.010111761575306013,0.24675324675324675,0.017562533262373604,0.42857142857142855,0.018094731240021287,0.44155844155844154,0.0037253858435337944,0.09090909090909091,0.004257583821181479,0.1038961038961039,0.011708355508249068,0.2857142857142857,0.013304949441192123,0.3246753246753247,0.012772751463544438,0.3116883116883117,0.023416711016498136,0.5714285714285714,0.023416711016498136,0.5714285714285714,0.017562533262373604,0.42857142857142855,0.013304949441192123,0.3246753246753247,0.011708355508249068,0.2857142857142857,0.013304949441192123,0.3246753246753247,0.0026609898882384245,0.06493506493506493,0.009579563597658328,0.23376623376623376,0.005321979776476849,0.12987012987012986,0.015433741351782864,0.37662337662337664,0.012772751463544438,0.3116883116883117,0.011708355508249068,0.2857142857142857,0.023416711016498136,0.5714285714285714,0.023416711016498136,0.5714285714285714,0.010111761575306013,0.24675324675324675,0.014901543374135177,0.36363636363636365,0.012240553485896753,0.2987012987012987,0.013304949441192123,0.3246753246753247,0.0026609898882384245,0.06493506493506493,0.009579563597658328,0.23376623376623376,0.005321979776476849,0.12987012987012986,0.009047365620010643,0.22077922077922077
29,0.0015408320493066256,0.03896103896103896,0.0015408320493066256,0.03896103896103896,0.036466358500256806,0.922077922077922,0.036466358500256806,0.922077922077922,0.009244992295839754,0.23376623376623376,0.0015408320493066256,0.03896103896103896,0.0,0.0,0.0005136106831022085,0.012987012987012988,0.011813045711350795,0.2987012987012987,0.0015408320493066256,0.03896103896103896,0.011813045711350795,0.2987012987012987,0.001027221366204417,0.025974025974025976,0.004108885464817668,0.1038961038961039,0.004108885464817668,0.1038961038961039,0.036466358500256806,0.922077922077922,0.036466358500256806,0.922077922077922,0.016435541859270673,0.4155844155844156,0.00667693888032871,0.16883116883116883,0.007704160246533128,0.19480519480519481,0.0061633281972265025,0.15584415584415584,0.011299435028248588,0.2857142857142857,0.004108885464817668,0.1038961038961039,0.01027221366204417,0.2597402597402597,0.007190549563430919,0.18181818181818182,0.0005136106831022085,0.012987012987012988,0.0005136106831022085,0.012987012987012988,0.036466358500256806,0.922077922077922,0.036466358500256806,0.922077922077922,0.01027221366204417,0.2597402597402597,0.0015408320493066256,0.03896103896103896,0.0,0.0,0.0015408320493066256,0.03896103896103896,0.0015408320493066256,0.03896103896103896,0.0005136106831022085,0.012987012987012988,0.0,0.0,0.0005136106831022085,0.012987012987012988,0.005136106831022085,0.12987012987012986,0.005136106831022085,0.12987012987012986,0.036466358500256806,0.922077922077922,0.036466358500256806,0.922077922077922,0.0035952747817154596,0.09090909090909091,0.005649717514124294,0.14285714285714285,0.009758602978941962,0.24675324675324675,0.014381099126861838,0.36363636363636365,0.004108885464817668,0.1038961038961039,0.005136106831022085,0.12987012987012986,0.004108885464817668,0.1038961038961039,0.005649717514124294,0.14285714285714285,0.001027221366204417,0.025974025974025976,0.001027221366204417,0.025974025974025976,0.001027221366204417,0.025974025974025976,0.001027221366204417,0.025974025974025976,0.007704160246533128,0.19480519480519481,0.0015408320493066256,0.03896103896103896,0.0,0.0,0.001027221366204417,0.025974025974025976,0.007190549563430919,0.18181818181818182,0.001027221366204417,0.025974025974025976,0.007190549563430919,0.18181818181818182,0.001027221366204417,0.025974025974025976,0.0035952747817154596,0.09090909090909091,0.0035952747817154596,0.09090909090909091,0.001027221366204417,0.025974025974025976,0.001027221366204417,0.025974025974025976,0.014894709809964048,0.37662337662337664,0.0061633281972265025,0.15584415584415584,0.009758602978941962,0.24675324675324675,0.01694915254237288,0.42857142857142855,0.01746276322547509,0.44155844155844154,0.0035952747817154596,0.09090909090909091,0.004108885464817668,0.1038961038961039,0.011299435028248588,0.2857142857142857,0.01386748844375963,0.35064935064935066,0.012326656394453005,0.3116883116883117,0.022598870056497175,0.5714285714285714,0.022598870056497175,0.5714285714285714,0.01694915254237288,0.42857142857142855,0.01386748844375963,0.35064935064935066,0.012326656394453005,0.3116883116883117,0.012840267077555213,0.3246753246753247,0.0025680534155110425,0.06493506493506493,0.009244992295839754,0.23376623376623376,0.005649717514124294,0.14285714285714285,0.014894709809964048,0.37662337662337664,0.01335387776065742,0.33766233766233766,0.011299435028248588,0.2857142857142857,0.022598870056497175,0.5714285714285714,0.022598870056497175,0.5714285714285714,0.009758602978941962,0.24675324675324675,0.014381099126861838,0.36363636363636365,0.012326656394453005,0.3116883116883117,0.012840267077555213,0.3246753246753247,0.0030816640986132513,0.07792207792207792,0.009244992295839754,0.23376623376623376,0.0061633281972265025,0.15584415584415584,0.009244992295839754,0.23376623376623376
30,0.0014895729890764648,0.03896103896103896,0.0014895729890764648,0.03896103896103896,0.03624627606752731,0.948051948051948,0.03624627606752731,0.948051948051948,0.009433962264150943,0.24675324675324675,0.0014895729890764648,0.03896103896103896,0.0,0.0,0.0004965243296921549,0.012987012987012988,0.012909632571996028,0.33766233766233766,0.0014895729890764648,0.03896103896103896,0.012909632571996028,0.33766233766233766,0.0009930486593843098,0.025974025974025976,0.003972194637537239,0.1038961038961039,0.003972194637537239,0.1038961038961039,0.03624627606752731,0.948051948051948,0.03624627606752731,0.948051948051948,0.016881827209533268,0.44155844155844154,0.006454816285998014,0.16883116883116883,0.007944389275074478,0.2077922077922078,0.008440913604766634,0.22077922077922077,0.012413108242303872,0.3246753246753247,0.003972194637537239,0.1038961038961039,0.011916583912611719,0.3116883116883117,0.007447864945382324,0.19480519480519481,0.0004965243296921549,0.012987012987012988,0.0004965243296921549,0.012987012987012988,0.03624627606752731,0.948051948051948,0.03624627606752731,0.948051948051948,0.010923535253227408,0.2857142857142857,0.0014895729890764648,0.03896103896103896,0.0,0.0,0.0014895729890764648,0.03896103896103896,0.0014895729890764648,0.03896103896103896,0.0004965243296921549,0.012987012987012988,0.0,0.0,0.0004965243296921549,0.012987012987012988,0.004965243296921549,0.12987012987012986,0.005461767626613704,0.14285714285714285,0.03624627606752731,0.948051948051948,0.03624627606752731,0.948051948051948,0.004468718967229395,0.11688311688311688,0.005958291956305859,0.15584415584415584,0.009433962264150943,0.24675324675324675,0.013902681231380337,0.36363636363636365,0.004468718967229395,0.11688311688311688,0.004965243296921549,0.12987012987012986,0.005461767626613704,0.14285714285714285,0.005461767626613704,0.14285714285714285,0.0009930486593843098,0.025974025974025976,0.0009930486593843098,0.025974025974025976,0.0009930486593843098,0.025974025974025976,0.0009930486593843098,0.025974025974025976,0.007944389275074478,0.2077922077922078,0.0014895729890764648,0.03896103896103896,0.0,0.0,0.0009930486593843098,0.025974025974025976,0.007447864945382324,0.19480519480519481,0.0009930486593843098,0.025974025974025976,0.007447864945382324,0.19480519480519481,0.0009930486593843098,0.025974025974025976,0.003972194637537239,0.1038961038961039,0.003972194637537239,0.1038961038961039,0.0009930486593843098,0.025974025974025976,0.0009930486593843098,0.025974025974025976,0.015392254220456803,0.4025974025974026,0.005958291956305859,0.15584415584415584,0.009930486593843098,0.2597402597402597,0.01638530287984111,0.42857142857142855,0.016881827209533268,0.44155844155844154,0.003475670307845084,0.09090909090909091,0.003972194637537239,0.1038961038961039,0.011420059582919563,0.2987012987012987,0.013902681231380337,0.36363636363636365,0.011916583912611719,0.3116883116883117,0.021847070506454815,0.5714285714285714,0.022343594836146972,0.5844155844155844,0.01737835153922542,0.45454545454545453,0.013406156901688183,0.35064935064935066,0.012413108242303872,0.3246753246753247,0.012909632571996028,0.33766233766233766,0.003475670307845084,0.09090909090909091,0.009433962264150943,0.24675324675324675,0.006454816285998014,0.16883116883116883,0.014895729890764648,0.38961038961038963,0.013406156901688183,0.35064935064935066,0.011420059582919563,0.2987012987012987,0.021847070506454815,0.5714285714285714,0.022343594836146972,0.5844155844155844,0.009433962264150943,0.24675324675324675,0.014895729890764648,0.38961038961038963,0.012909632571996028,0.33766233766233766,0.012413108242303872,0.3246753246753247,0.0029791459781529296,0.07792207792207792,0.009433962264150943,0.24675324675324675,0.006454816285998014,0.16883116883116883,0.010427010923535254,0.2727272727272727
31,0.0014416146083613647,0.03896103896103896,0.0014416146083613647,0.03896103896103896,0.035079288803459875,0.948051948051948,0.035079288803459875,0.948051948051948,0.009610764055742432,0.2597402597402597,0.0014416146083613647,0.03896103896103896,0.0,0.0,0.0004805382027871216,0.012987012987012988,0.012493993272465162,0.33766233766233766,0.0014416146083613647,0.03896103896103896,0.012493993272465162,0.33766233766233766,0.0009610764055742432,0.025974025974025976,0.004324843825084094,0.11688311688311688,0.004324843825084094,0.11688311688311688,0.035079288803459875,0.948051948051948,0.035079288803459875,0.948051948051948,0.016338298894762134,0.44155844155844154,0.006727534839019702,0.18181818181818182,0.0076886112445939455,0.2077922077922078,0.009610764055742432,0.2597402597402597,0.012493993272465162,0.33766233766233766,0.004324843825084094,0.11688311688311688,0.011532916866890917,0.3116883116883117,0.0076886112445939455,0.2077922077922078,0.0004805382027871216,0.012987012987012988,0.0004805382027871216,0.012987012987012988,0.035079288803459875,0.948051948051948,0.035079288803459875,0.948051948051948,0.010571840461316675,0.2857142857142857,0.0014416146083613647,0.03896103896103896,0.0,0.0,0.0014416146083613647,0.03896103896103896,0.0014416146083613647,0.03896103896103896,0.0004805382027871216,0.012987012987012988,0.0,0.0,0.0004805382027871216,0.012987012987012988,0.005285920230658337,0.14285714285714285,0.005285920230658337,0.14285714285714285,0.035079288803459875,0.948051948051948,0.035079288803459875,0.948051948051948,0.004324843825084094,0.11688311688311688,0.005766458433445459,0.15584415584415584,0.00913022585295531,0.24675324675324675,0.013935607880826525,0.37662337662337664,0.004324843825084094,0.11688311688311688,0.005285920230658337,0.14285714285714285,0.006246996636232581,0.16883116883116883,0.005285920230658337,0.14285714285714285,0.0009610764055742432,0.025974025974025976,0.0009610764055742432,0.025974025974025976,0.0009610764055742432,0.025974025974025976,0.0009610764055742432,0.025974025974025976,0.008169149447381067,0.22077922077922077,0.0014416146083613647,0.03896103896103896,0.0,0.0,0.0009610764055742432,0.025974025974025976,0.007208073041806823,0.19480519480519481,0.0009610764055742432,0.025974025974025976,0.007208073041806823,0.19480519480519481,0.0009610764055742432,0.025974025974025976,0.0038443056222969728,0.1038961038961039,0.0038443056222969728,0.1038961038961039,0.0009610764055742432,0.025974025974025976,0.0009610764055742432,0.025974025974025976,0.015377222489187891,0.4155844155844156,0.006246996636232581,0.16883116883116883,0.010091302258529554,0.2727272727272727,0.01585776069197501,0.42857142857142855,0.016338298894762134,0.44155844155844154,0.003363767419509851,0.09090909090909091,0.004805382027871216,0.12987012987012986,0.011052378664103796,0.2987012987012987,0.013455069678039404,0.36363636363636365,0.011532916866890917,0.3116883116883117,0.02162421912542047,0.5844155844155844,0.02162421912542047,0.5844155844155844,0.017299375300336376,0.4675324675324675,0.012974531475252283,0.35064935064935066,0.012974531475252283,0.35064935064935066,0.012493993272465162,0.33766233766233766,0.003363767419509851,0.09090909090909091,0.00913022585295531,0.24675324675324675,0.006246996636232581,0.16883116883116883,0.014416146083613647,0.38961038961038963,0.012974531475252283,0.35064935064935066,0.011532916866890917,0.3116883116883117,0.02162421912542047,0.5844155844155844,0.02162421912542047,0.5844155844155844,0.00913022585295531,0.24675324675324675,0.014416146083613647,0.38961038961038963,0.012493993272465162,0.33766233766233766,0.012493993272465162,0.33766233766233766,0.0028832292167227293,0.07792207792207792,0.00913022585295531,0.24675324675324675,0.006246996636232581,0.16883116883116883,0.010571840461316675,0.2857142857142857
32,0.0013966480446927375,0.03896103896103896,0.0013966480446927375,0.03896103896103896,0.03398510242085661,0.948051948051948,0.03398510242085661,0.948051948051948,0.010242085661080074,0.2857142857142857,0.0013966480446927375,0.03896103896103896,0.0,0.0,0.0004655493482309125,0.012987012987012988,0.012104283054003724,0.33766233766233766,0.0013966480446927375,0.03896103896103896,0.012104283054003724,0.33766233766233766,0.000931098696461825,0.025974025974025976,0.005121042830540037,0.14285714285714285,0.005121042830540037,0.14285714285714285,0.03398510242085661,0.948051948051948,0.03398510242085661,0.948051948051948,0.015828677839851025,0.44155844155844154,0.006983240223463687,0.19480519480519481,0.0074487895716946,0.2077922077922078,0.009776536312849162,0.2727272727272727,0.012104283054003724,0.33766233766233766,0.005121042830540037,0.14285714285714285,0.0111731843575419,0.3116883116883117,0.0074487895716946,0.2077922077922078,0.0004655493482309125,0.012987012987012988,0.0004655493482309125,0.012987012987012988,0.03398510242085661,0.948051948051948,0.03398510242085661,0.948051948051948,0.010242085661080074,0.2857142857142857,0.0013966480446927375,0.03896103896103896,0.0004655493482309125,0.012987012987012988,0.0013966480446927375,0.03896103896103896,0.0013966480446927375,0.03896103896103896,0.0004655493482309125,0.012987012987012988,0.0,0.0,0.0004655493482309125,0.012987012987012988,0.00558659217877095,0.15584415584415584,0.005121042830540037,0.14285714285714285,0.03398510242085661,0.948051948051948,0.03398510242085661,0.948051948051948,0.004189944134078212,0.11688311688311688,0.00558659217877095,0.15584415584415584,0.008845437616387336,0.24675324675324675,0.013500931098696461,0.37662337662337664,0.004189944134078212,0.11688311688311688,0.00558659217877095,0.15584415584415584,0.006517690875232775,0.18181818181818182,0.005121042830540037,0.14285714285714285,0.000931098696461825,0.025974025974025976,0.000931098696461825,0.025974025974025976,0.000931098696461825,0.025974025974025976,0.000931098696461825,0.025974025974025976,0.008379888268156424,0.23376623376623376,0.0013966480446927375,0.03896103896103896,0.0,0.0,0.000931098696461825,0.025974025974025976,0.0074487895716946,0.2077922077922078,0.000931098696461825,0.025974025974025976,0.0074487895716946,0.2077922077922078,0.000931098696461825,0.025974025974025976,0.004189944134078212,0.11688311688311688,0.004189944134078212,0.11688311688311688,0.000931098696461825,0.025974025974025976,0.000931098696461825,0.025974025974025976,0.015363128491620111,0.42857142857142855,0.006517690875232775,0.18181818181818182,0.009776536312849162,0.2727272727272727,0.015828677839851025,0.44155844155844154,0.015828677839851025,0.44155844155844154,0.004189944134078212,0.11688311688311688,0.005121042830540037,0.14285714285714285,0.0111731843575419,0.3116883116883117,0.014432029795158287,0.4025974025974026,0.012104283054003724,0.33766233766233766,0.02094972067039106,0.5844155844155844,0.021415270018621976,0.5974025974025974,0.01722532588454376,0.4805194805194805,0.01303538175046555,0.36363636363636365,0.012569832402234637,0.35064935064935066,0.012104283054003724,0.33766233766233766,0.0032588454376163874,0.09090909090909091,0.008845437616387336,0.24675324675324675,0.006052141527001862,0.16883116883116883,0.0148975791433892,0.4155844155844156,0.01303538175046555,0.36363636363636365,0.0111731843575419,0.3116883116883117,0.02094972067039106,0.5844155844155844,0.021415270018621976,0.5974025974025974,0.008845437616387336,0.24675324675324675,0.013966480446927373,0.38961038961038963,0.01303538175046555,0.36363636363636365,0.012104283054003724,0.33766233766233766,0.0032588454376163874,0.09090909090909091,0.008845437616387336,0.24675324675324675,0.006517690875232775,0.18181818181818182,0.010707635009310988,0.2987012987012987
33,0.0013544018058690745,0.03896103896103896,0.0013544018058690745,0.03896103896103896,0.03295711060948081,0.948051948051948,0.03295711060948081,0.948051948051948,0.010835214446952596,0.3116883116883117,0.0013544018058690745,0.03896103896103896,0.0004514672686230248,0.012987012987012988,0.0004514672686230248,0.012987012987012988,0.011738148984198645,0.33766233766233766,0.0013544018058690745,0.03896103896103896,0.01218961625282167,0.35064935064935066,0.0009029345372460496,0.025974025974025976,0.005417607223476298,0.15584415584415584,0.005417607223476298,0.15584415584415584,0.03295711060948081,0.948051948051948,0.03295711060948081,0.948051948051948,0.01580135440180587,0.45454545454545453,0.007223476297968397,0.2077922077922078,0.007223476297968397,0.2077922077922078,0.009932279909706547,0.2857142857142857,0.011738148984198645,0.33766233766233766,0.005417607223476298,0.15584415584415584,0.011286681715575621,0.3246753246753247,0.007223476297968397,0.2077922077922078,0.0004514672686230248,0.012987012987012988,0.0004514672686230248,0.012987012987012988,0.03295711060948081,0.948051948051948,0.03295711060948081,0.948051948051948,0.010835214446952596,0.3116883116883117,0.0013544018058690745,0.03896103896103896,0.0004514672686230248,0.012987012987012988,0.0013544018058690745,0.03896103896103896,0.0013544018058690745,0.03896103896103896,0.0004514672686230248,0.012987012987012988,0.0,0.0,0.0004514672686230248,0.012987012987012988,0.005869074492099322,0.16883116883116883,0.005869074492099322,0.16883116883116883,0.03295711060948081,0.948051948051948,0.03295711060948081,0.948051948051948,0.004063205417607223,0.11688311688311688,0.005417607223476298,0.15584415584415584,0.009029345372460496,0.2597402597402597,0.01309255079006772,0.37662337662337664,0.004514672686230248,0.12987012987012986,0.005869074492099322,0.16883116883116883,0.006320541760722348,0.18181818181818182,0.004966139954853273,0.14285714285714285,0.0009029345372460496,0.025974025974025976,0.0009029345372460496,0.025974025974025976,0.0009029345372460496,0.025974025974025976,0.0009029345372460496,0.025974025974025976,0.009932279909706547,0.2857142857142857,0.0013544018058690745,0.03896103896103896,0.0004514672686230248,0.012987012987012988,0.0009029345372460496,0.025974025974025976,0.007223476297968397,0.2077922077922078,0.0009029345372460496,0.025974025974025976,0.007223476297968397,0.2077922077922078,0.0009029345372460496,0.025974025974025976,0.004063205417607223,0.11688311688311688,0.004063205417607223,0.11688311688311688,0.0009029345372460496,0.025974025974025976,0.0009029345372460496,0.025974025974025976,0.014898419864559819,0.42857142857142855,0.006320541760722348,0.18181818181818182,0.009480812641083521,0.2727272727272727,0.01580135440180587,0.45454545454545453,0.015349887133182845,0.44155844155844154,0.004966139954853273,0.14285714285714285,0.005869074492099322,0.16883116883116883,0.010835214446952596,0.3116883116883117,0.01399548532731377,0.4025974025974026,0.01218961625282167,0.35064935064935066,0.02076749435665914,0.5974025974025974,0.02076749435665914,0.5974025974025974,0.01805869074492099,0.5194805194805194,0.01309255079006772,0.37662337662337664,0.012641083521444696,0.36363636363636365,0.011738148984198645,0.33766233766233766,0.003160270880361174,0.09090909090909091,0.008577878103837472,0.24675324675324675,0.006320541760722348,0.18181818181818182,0.015349887133182845,0.44155844155844154,0.012641083521444696,0.36363636363636365,0.010835214446952596,0.3116883116883117,0.02076749435665914,0.5974025974025974,0.02076749435665914,0.5974025974025974,0.009480812641083521,0.2727272727272727,0.014898419864559819,0.42857142857142855,0.012641083521444696,0.36363636363636365,0.011738148984198645,0.33766233766233766,0.003160270880361174,0.09090909090909091,0.008577878103837472,0.24675324675324675,0.006772009029345372,0.19480519480519481,0.010835214446952596,0.3116883116883117
34,0.0013146362839614374,0.03896103896103896,0.0013146362839614374,0.03896103896103896,0.031989482909728306,0.948051948051948,0.031989482909728306,0.948051948051948,0.010517090271691499,0.3116883116883117,0.0013146362839614374,0.03896103896103896,0.00043821209465381246,0.012987012987012988,0.00043821209465381246,0.012987012987012988,0.011831726555652936,0.35064935064935066,0.0013146362839614374,0.03896103896103896,0.011831726555652936,0.35064935064935066,0.0008764241893076249,0.025974025974025976,0.0052585451358457495,0.15584415584415584,0.0052585451358457495,0.15584415584415584,0.031989482909728306,0.948051948051948,0.031989482909728306,0.948051948051948,0.01621384750219106,0.4805194805194805,0.007449605609114811,0.22077922077922077,0.007887817703768623,0.23376623376623376,0.010955302366345312,0.3246753246753247,0.011831726555652936,0.35064935064935066,0.0052585451358457495,0.15584415584415584,0.011393514460999123,0.33766233766233766,0.007011393514460999,0.2077922077922078,0.00043821209465381246,0.012987012987012988,0.00043821209465381246,0.012987012987012988,0.031989482909728306,0.948051948051948,0.031989482909728306,0.948051948051948,0.011393514460999123,0.33766233766233766,0.0013146362839614374,0.03896103896103896,0.00043821209465381246,0.012987012987012988,0.0013146362839614374,0.03896103896103896,0.0013146362839614374,0.03896103896103896,0.00043821209465381246,0.012987012987012988,0.0,0.0,0.00043821209465381246,0.012987012987012988,0.0056967572304995615,0.16883116883116883,0.0056967572304995615,0.16883116883116883,0.031989482909728306,0.948051948051948,0.031989482909728306,0.948051948051948,0.0043821209465381246,0.12987012987012986,0.006134969325153374,0.18181818181818182,0.009202453987730062,0.2727272727272727,0.014022787028921999,0.4155844155844156,0.0043821209465381246,0.12987012987012986,0.0056967572304995615,0.16883116883116883,0.006134969325153374,0.18181818181818182,0.0056967572304995615,0.16883116883116883,0.0008764241893076249,0.025974025974025976,0.0008764241893076249,0.025974025974025976,0.0008764241893076249,0.025974025974025976,0.0008764241893076249,0.025974025974025976,0.010078878177037686,0.2987012987012987,0.0013146362839614374,0.03896103896103896,0.00043821209465381246,0.012987012987012988,0.0008764241893076249,0.025974025974025976,0.007449605609114811,0.22077922077922077,0.0008764241893076249,0.025974025974025976,0.007449605609114811,0.22077922077922077,0.0008764241893076249,0.025974025974025976,0.0043821209465381246,0.12987012987012986,0.0043821209465381246,0.12987012987012986,0.0008764241893076249,0.025974025974025976,0.0008764241893076249,0.025974025974025976,0.014460999123575811,0.42857142857142855,0.006134969325153374,0.18181818181818182,0.009202453987730062,0.2727272727272727,0.01621384750219106,0.4805194805194805,0.014899211218229623,0.44155844155844154,0.004820333041191937,0.14285714285714285,0.006134969325153374,0.18181818181818182,0.011393514460999123,0.33766233766233766,0.013584574934268186,0.4025974025974026,0.012269938650306749,0.36363636363636365,0.020157756354075372,0.5974025974025974,0.020157756354075372,0.5974025974025974,0.01796669588080631,0.5324675324675324,0.013146362839614373,0.38961038961038963,0.012708150744960562,0.37662337662337664,0.011831726555652936,0.35064935064935066,0.003067484662576687,0.09090909090909091,0.008326029798422436,0.24675324675324675,0.007011393514460999,0.2077922077922078,0.014899211218229623,0.44155844155844154,0.012708150744960562,0.37662337662337664,0.011393514460999123,0.33766233766233766,0.020157756354075372,0.5974025974025974,0.020157756354075372,0.5974025974025974,0.009202453987730062,0.2727272727272727,0.014460999123575811,0.42857142857142855,0.012708150744960562,0.37662337662337664,0.011831726555652936,0.35064935064935066,0.003067484662576687,0.09090909090909091,0.008326029798422436,0.24675324675324675,0.007011393514460999,0.2077922077922078,0.010517090271691499,0.3116883116883117
35,0.001277139208173691,0.03896103896103896,0.001277139208173691,0.03896103896103896,0.031502767134951044,0.961038961038961,0.031502767134951044,0.961038961038961,0.010217113665389528,0.3116883116883117,0.001277139208173691,0.03896103896103896,0.0004257130693912303,0.012987012987012988,0.0004257130693912303,0.012987012987012988,0.011494252873563218,0.35064935064935066,0.001277139208173691,0.03896103896103896,0.011494252873563218,0.35064935064935066,0.0008514261387824606,0.025974025974025976,0.005108556832694764,0.15584415584415584,0.005108556832694764,0.15584415584415584,0.031502767134951044,0.961038961038961,0.031502767134951044,0.961038961038961,0.016177096636866752,0.4935064935064935,0.007237122179650915,0.22077922077922077,0.008088548318433376,0.24675324675324675,0.011919965942954448,0.36363636363636365,0.011494252873563218,0.35064935064935066,0.005108556832694764,0.15584415584415584,0.011068539804171988,0.33766233766233766,0.007237122179650915,0.22077922077922077,0.0004257130693912303,0.012987012987012988,0.0004257130693912303,0.012987012987012988,0.031502767134951044,0.961038961038961,0.031502767134951044,0.961038961038961,0.011068539804171988,0.33766233766233766,0.001277139208173691,0.03896103896103896,0.0004257130693912303,0.012987012987012988,0.001277139208173691,0.03896103896103896,0.001277139208173691,0.03896103896103896,0.0004257130693912303,0.012987012987012988,0.0,0.0,0.0004257130693912303,0.012987012987012988,0.005534269902085994,0.16883116883116883,0.005959982971477224,0.18181818181818182,0.031502767134951044,0.961038961038961,0.031502767134951044,0.961038961038961,0.004257130693912303,0.12987012987012986,0.006385696040868455,0.19480519480519481,0.009365687526607066,0.2857142857142857,0.01362281822051937,0.4155844155844156,0.004682843763303533,0.14285714285714285,0.005534269902085994,0.16883116883116883,0.006385696040868455,0.19480519480519481,0.005534269902085994,0.16883116883116883,0.0008514261387824606,0.025974025974025976,0.0008514261387824606,0.025974025974025976,0.0008514261387824606,0.025974025974025976,0.0008514261387824606,0.025974025974025976,0.010642826734780758,0.3246753246753247,0.001277139208173691,0.03896103896103896,0.0004257130693912303,0.012987012987012988,0.0008514261387824606,0.025974025974025976,0.008939974457215836,0.2727272727272727,0.0008514261387824606,0.025974025974025976,0.008088548318433376,0.24675324675324675,0.0008514261387824606,0.025974025974025976,0.005108556832694764,0.15584415584415584,0.005108556832694764,0.15584415584415584,0.0008514261387824606,0.025974025974025976,0.0008514261387824606,0.025974025974025976,0.01489995742869306,0.45454545454545453,0.005959982971477224,0.18181818181818182,0.008939974457215836,0.2727272727272727,0.015751383567475522,0.4805194805194805,0.01489995742869306,0.45454545454545453,0.005108556832694764,0.15584415584415584,0.005959982971477224,0.18181818181818182,0.011068539804171988,0.33766233766233766,0.01362281822051937,0.4155844155844156,0.012345679012345678,0.37662337662337664,0.020008514261387826,0.6103896103896104,0.020008514261387826,0.6103896103896104,0.018305661983822902,0.5584415584415584,0.01319710515112814,0.4025974025974026,0.01277139208173691,0.38961038961038963,0.011494252873563218,0.35064935064935066,0.002979991485738612,0.09090909090909091,0.008088548318433376,0.24675324675324675,0.006811409110259685,0.2077922077922078,0.01447424435930183,0.44155844155844154,0.01319710515112814,0.4025974025974026,0.011919965942954448,0.36363636363636365,0.020008514261387826,0.6103896103896104,0.020008514261387826,0.6103896103896104,0.008939974457215836,0.2727272727272727,0.01447424435930183,0.44155844155844154,0.01277139208173691,0.38961038961038963,0.011494252873563218,0.35064935064935066,0.002979991485738612,0.09090909090909091,0.008088548318433376,0.24675324675324675,0.006811409110259685,0.2077922077922078,0.010642826734780758,0.3246753246753247
36,0.0012412081092263137,0.03896103896103896,0.0012412081092263137,0.03896103896103896,0.03103020273065784,0.974025974025974,0.03103020273065784,0.974025974025974,0.01075713694662805,0.33766233766233766,0.0012412081092263137,0.03896103896103896,0.0004137360364087712,0.012987012987012988,0.0004137360364087712,0.012987012987012988,0.011170872983036822,0.35064935064935066,0.0012412081092263137,0.03896103896103896,0.011584609019445594,0.36363636363636365,0.0008274720728175424,0.025974025974025976,0.005378568473314025,0.16883116883116883,0.004964832436905255,0.15584415584415584,0.03103020273065784,0.974025974025974,0.03103020273065784,0.974025974025974,0.016549441456350848,0.5194805194805194,0.00703351261894911,0.22077922077922077,0.007860984691766652,0.24675324675324675,0.011998345055854365,0.37662337662337664,0.011170872983036822,0.35064935064935066,0.005378568473314025,0.16883116883116883,0.011170872983036822,0.35064935064935066,0.007860984691766652,0.24675324675324675,0.0004137360364087712,0.012987012987012988,0.0004137360364087712,0.012987012987012988,0.03103020273065784,0.974025974025974,0.03103020273065784,0.974025974025974,0.011170872983036822,0.35064935064935066,0.0012412081092263137,0.03896103896103896,0.0004137360364087712,0.012987012987012988,0.0012412081092263137,0.03896103896103896,0.0012412081092263137,0.03896103896103896,0.0004137360364087712,0.012987012987012988,0.0,0.0,0.0008274720728175424,0.025974025974025976,0.005792304509722797,0.18181818181818182,0.005792304509722797,0.18181818181818182,0.03103020273065784,0.974025974025974,0.03103020273065784,0.974025974025974,0.004137360364087712,0.12987012987012986,0.006619776582540339,0.2077922077922078,0.009515928837401738,0.2987012987012987,0.013239553165080678,0.4155844155844156,0.004551096400496483,0.14285714285714285,0.005792304509722797,0.18181818181818182,0.006206040546131568,0.19480519480519481,0.005792304509722797,0.18181818181818182,0.0008274720728175424,0.025974025974025976,0.0008274720728175424,0.025974025974025976,0.0008274720728175424,0.025974025974025976,0.0008274720728175424,0.025974025974025976,0.01034340091021928,0.3246753246753247,0.0012412081092263137,0.03896103896103896,0.0004137360364087712,0.012987012987012988,0.0008274720728175424,0.025974025974025976,0.008688456764584195,0.2727272727272727,0.0008274720728175424,0.025974025974025976,0.008688456764584195,0.2727272727272727,0.0008274720728175424,0.025974025974025976,0.005792304509722797,0.18181818181818182,0.005792304509722797,0.18181818181818182,0.0008274720728175424,0.025974025974025976,0.0008274720728175424,0.025974025974025976,0.014480761274306992,0.45454545454545453,0.005792304509722797,0.18181818181818182,0.00992966487381051,0.3116883116883117,0.015308233347124535,0.4805194805194805,0.014480761274306992,0.45454545454545453,0.005378568473314025,0.16883116883116883,0.006206040546131568,0.19480519480519481,0.01075713694662805,0.33766233766233766,0.01365328920148945,0.42857142857142855,0.012412081092263137,0.38961038961038963,0.019445593711212246,0.6103896103896104,0.019445593711212246,0.6103896103896104,0.01779064956557716,0.5584415584415584,0.01365328920148945,0.42857142857142855,0.012825817128671908,0.4025974025974026,0.011170872983036822,0.35064935064935066,0.0028961522548613984,0.09090909090909091,0.007860984691766652,0.24675324675324675,0.006619776582540339,0.2077922077922078,0.014480761274306992,0.45454545454545453,0.012825817128671908,0.4025974025974026,0.011998345055854365,0.37662337662337664,0.019445593711212246,0.6103896103896104,0.019445593711212246,0.6103896103896104,0.008688456764584195,0.2727272727272727,0.01406702523789822,0.44155844155844154,0.012825817128671908,0.4025974025974026,0.011170872983036822,0.35064935064935066,0.0028961522548613984,0.09090909090909091,0.007860984691766652,0.24675324675324675,0.00703351261894911,0.22077922077922077,0.01075713694662805,0.33766233766233766
37,0.0012077294685990338,0.03896103896103896,0.0012077294685990338,0.03896103896103896,0.030193236714975844,0.974025974025974,0.030193236714975844,0.974025974025974,0.011272141706924315,0.36363636363636365,0.0012077294685990338,0.03896103896103896,0.00040257648953301127,0.012987012987012988,0.00040257648953301127,0.012987012987012988,0.012077294685990338,0.38961038961038963,0.0012077294685990338,0.03896103896103896,0.01247987117552335,0.4025974025974026,0.0008051529790660225,0.025974025974025976,0.006038647342995169,0.19480519480519481,0.006038647342995169,0.19480519480519481,0.030193236714975844,0.974025974025974,0.030193236714975844,0.974025974025974,0.016908212560386472,0.5454545454545454,0.006843800322061192,0.22077922077922077,0.008051529790660225,0.2597402597402597,0.01247987117552335,0.4025974025974026,0.011674718196457327,0.37662337662337664,0.006038647342995169,0.19480519480519481,0.011674718196457327,0.37662337662337664,0.008051529790660225,0.2597402597402597,0.00040257648953301127,0.012987012987012988,0.00040257648953301127,0.012987012987012988,0.030193236714975844,0.974025974025974,0.030193236714975844,0.974025974025974,0.011674718196457327,0.37662337662337664,0.0012077294685990338,0.03896103896103896,0.00040257648953301127,0.012987012987012988,0.0012077294685990338,0.03896103896103896,0.0012077294685990338,0.03896103896103896,0.00040257648953301127,0.012987012987012988,0.0,0.0,0.0008051529790660225,0.025974025974025976,0.005636070853462158,0.18181818181818182,0.005636070853462158,0.18181818181818182,0.030193236714975844,0.974025974025974,0.030193236714975844,0.974025974025974,0.004025764895330112,0.12987012987012986,0.006843800322061192,0.22077922077922077,0.009259259259259259,0.2987012987012987,0.01288244766505636,0.4155844155844156,0.004428341384863124,0.14285714285714285,0.005636070853462158,0.18181818181818182,0.006038647342995169,0.19480519480519481,0.005636070853462158,0.18181818181818182,0.0008051529790660225,0.025974025974025976,0.0008051529790660225,0.025974025974025976,0.0008051529790660225,0.025974025974025976,0.0008051529790660225,0.025974025974025976,0.010466988727858293,0.33766233766233766,0.0012077294685990338,0.03896103896103896,0.00040257648953301127,0.012987012987012988,0.0012077294685990338,0.03896103896103896,0.008454106280193236,0.2727272727272727,0.0008051529790660225,0.025974025974025976,0.008454106280193236,0.2727272727272727,0.0008051529790660225,0.025974025974025976,0.006038647342995169,0.19480519480519481,0.006038647342995169,0.19480519480519481,0.0008051529790660225,0.025974025974025976,0.0008051529790660225,0.025974025974025976,0.014090177133655395,0.45454545454545453,0.00644122383252818,0.2077922077922078,0.010064412238325281,0.3246753246753247,0.01570048309178744,0.5064935064935064,0.014090177133655395,0.45454545454545453,0.005636070853462158,0.18181818181818182,0.00644122383252818,0.2077922077922078,0.010466988727858293,0.33766233766233766,0.013687600644122383,0.44155844155844154,0.012077294685990338,0.38961038961038963,0.01892109500805153,0.6103896103896104,0.01892109500805153,0.6103896103896104,0.018115942028985508,0.5844155844155844,0.013687600644122383,0.44155844155844154,0.01288244766505636,0.4155844155844156,0.010869565217391304,0.35064935064935066,0.002818035426731079,0.09090909090909091,0.007648953301127214,0.24675324675324675,0.006843800322061192,0.22077922077922077,0.014090177133655395,0.45454545454545453,0.01288244766505636,0.4155844155844156,0.012077294685990338,0.38961038961038963,0.01892109500805153,0.6103896103896104,0.01892109500805153,0.6103896103896104,0.008856682769726247,0.2857142857142857,0.013687600644122383,0.44155844155844154,0.01288244766505636,0.4155844155844156,0.010869565217391304,0.35064935064935066,0.002818035426731079,0.09090909090909091,0.007648953301127214,0.24675324675324675,0.006843800322061192,0.22077922077922077,0.010869565217391304,0.35064935064935066
38,0.0011760094080752645,0.03896103896103896,0.0011760094080752645,0.03896103896103896,0.029400235201881616,0.974025974025974,0.029400235201881616,0.974025974025974,0.011368090944727557,0.37662337662337664,0.0011760094080752645,0.03896103896103896,0.0003920031360250882,0.012987012987012988,0.0003920031360250882,0.012987012987012988,0.012936103488827911,0.42857142857142855,0.0011760094080752645,0.03896103896103896,0.012936103488827911,0.42857142857142855,0.0007840062720501764,0.025974025974025976,0.006272050176401411,0.2077922077922078,0.006272050176401411,0.2077922077922078,0.029400235201881616,0.974025974025974,0.029400235201881616,0.974025974025974,0.016464131713053703,0.5454545454545454,0.006664053312426499,0.22077922077922077,0.007840062720501764,0.2597402597402597,0.012152097216777734,0.4025974025974026,0.012544100352802822,0.4155844155844156,0.005880047040376323,0.19480519480519481,0.012544100352802822,0.4155844155844156,0.007840062720501764,0.2597402597402597,0.0003920031360250882,0.012987012987012988,0.0003920031360250882,0.012987012987012988,0.029400235201881616,0.974025974025974,0.029400235201881616,0.974025974025974,0.011760094080752646,0.38961038961038963,0.0011760094080752645,0.03896103896103896,0.0003920031360250882,0.012987012987012988,0.0011760094080752645,0.03896103896103896,0.0011760094080752645,0.03896103896103896,0.0003920031360250882,0.012987012987012988,0.0,0.0,0.0007840062720501764,0.025974025974025976,0.005488043904351235,0.18181818181818182,0.005488043904351235,0.18181818181818182,0.029400235201881616,0.974025974025974,0.029400235201881616,0.974025974025974,0.004704037632301058,0.15584415584415584,0.006664053312426499,0.22077922077922077,0.00901607212857703,0.2987012987012987,0.012544100352802822,0.4155844155844156,0.005488043904351235,0.18181818181818182,0.005488043904351235,0.18181818181818182,0.005880047040376323,0.19480519480519481,0.005880047040376323,0.19480519480519481,0.0007840062720501764,0.025974025974025976,0.0007840062720501764,0.025974025974025976,0.0007840062720501764,0.025974025974025976,0.0007840062720501764,0.025974025974025976,0.010584084672677381,0.35064935064935066,0.0011760094080752645,0.03896103896103896,0.0003920031360250882,0.012987012987012988,0.0011760094080752645,0.03896103896103896,0.008232065856526851,0.2727272727272727,0.0007840062720501764,0.025974025974025976,0.008232065856526851,0.2727272727272727,0.0007840062720501764,0.025974025974025976,0.005880047040376323,0.19480519480519481,0.005880047040376323,0.19480519480519481,0.0007840062720501764,0.025974025974025976,0.0007840062720501764,0.025974025974025976,0.014112112896903175,0.4675324675324675,0.006664053312426499,0.22077922077922077,0.009800078400627205,0.3246753246753247,0.01528812230497844,0.5064935064935064,0.013720109760878087,0.45454545454545453,0.005880047040376323,0.19480519480519481,0.006664053312426499,0.22077922077922077,0.010192081536652292,0.33766233766233766,0.013328106624852998,0.44155844155844154,0.012544100352802822,0.4155844155844156,0.018816150529204233,0.6233766233766234,0.018816150529204233,0.6233766233766234,0.018424147393179144,0.6103896103896104,0.014112112896903175,0.4675324675324675,0.012936103488827911,0.42857142857142855,0.010584084672677381,0.35064935064935066,0.0027440219521756176,0.09090909090909091,0.007448059584476676,0.24675324675324675,0.006664053312426499,0.22077922077922077,0.013720109760878087,0.45454545454545453,0.012544100352802822,0.4155844155844156,0.011760094080752646,0.38961038961038963,0.018816150529204233,0.6233766233766234,0.018816150529204233,0.6233766233766234,0.00862406899255194,0.2857142857142857,0.013720109760878087,0.45454545454545453,0.012544100352802822,0.4155844155844156,0.01097608780870247,0.36363636363636365,0.0027440219521756176,0.09090909090909091,0.007840062720501764,0.2597402597402597,0.006664053312426499,0.22077922077922077,0.01097608780870247,0.36363636363636365
39,0.001145912910618793,0.03896103896103896,0.001145912910618793,0.03896103896103896,0.028647822765469823,0.974025974025974,0.028647822765469823,0.974025974025974,0.012223071046600458,0.4155844155844156,0.001145912910618793,0.03896103896103896,0.0003819709702062643,0.012987012987012988,0.0007639419404125286,0.025974025974025976,0.012987012987012988,0.44155844155844154,0.001145912910618793,0.03896103896103896,0.013750954927425516,0.4675324675324675,0.0007639419404125286,0.025974025974025976,0.006493506493506494,0.22077922077922077,0.006493506493506494,0.22077922077922077,0.028647822765469823,0.974025974025974,0.028647822765469823,0.974025974025974,0.017188693659281894,0.5844155844155844,0.006493506493506494,0.22077922077922077,0.008021390374331552,0.2727272727272727,0.013368983957219251,0.45454545454545453,0.012605042016806723,0.42857142857142855,0.006493506493506494,0.22077922077922077,0.012605042016806723,0.42857142857142855,0.008021390374331552,0.2727272727272727,0.0003819709702062643,0.012987012987012988,0.0003819709702062643,0.012987012987012988,0.028647822765469823,0.974025974025974,0.028647822765469823,0.974025974025974,0.011841100076394193,0.4025974025974026,0.001145912910618793,0.03896103896103896,0.0003819709702062643,0.012987012987012988,0.001145912910618793,0.03896103896103896,0.001145912910618793,0.03896103896103896,0.0003819709702062643,0.012987012987012988,0.0,0.0,0.0007639419404125286,0.025974025974025976,0.005729564553093965,0.19480519480519481,0.0053475935828877,0.18181818181818182,0.028647822765469823,0.974025974025974,0.028647822765469823,0.974025974025974,0.004965622612681436,0.16883116883116883,0.006875477463712758,0.23376623376623376,0.00878533231474408,0.2987012987012987,0.012605042016806723,0.42857142857142855,0.0053475935828877,0.18181818181818182,0.005729564553093965,0.19480519480519481,0.005729564553093965,0.19480519480519481,0.006493506493506494,0.22077922077922077,0.0007639419404125286,0.025974025974025976,0.0007639419404125286,0.025974025974025976,0.0007639419404125286,0.025974025974025976,0.0007639419404125286,0.025974025974025976,0.010313216195569137,0.35064935064935066,0.001145912910618793,0.03896103896103896,0.0003819709702062643,0.012987012987012988,0.001145912910618793,0.03896103896103896,0.008021390374331552,0.2727272727272727,0.0007639419404125286,0.025974025974025976,0.008021390374331552,0.2727272727272727,0.0007639419404125286,0.025974025974025976,0.005729564553093965,0.19480519480519481,0.005729564553093965,0.19480519480519481,0.0007639419404125286,0.025974025974025976,0.0007639419404125286,0.025974025974025976,0.013750954927425516,0.4675324675324675,0.006875477463712758,0.23376623376623376,0.009549274255156608,0.3246753246753247,0.014896867838044309,0.5064935064935064,0.013750954927425516,0.4675324675324675,0.005729564553093965,0.19480519480519481,0.006493506493506494,0.22077922077922077,0.009931245225362872,0.33766233766233766,0.012987012987012988,0.44155844155844154,0.012223071046600458,0.4155844155844156,0.01833460656990069,0.6233766233766234,0.01833460656990069,0.6233766233766234,0.01833460656990069,0.6233766233766234,0.01413292589763178,0.4805194805194805,0.013368983957219251,0.45454545454545453,0.011077158135981665,0.37662337662337664,0.00267379679144385,0.09090909090909091,0.007639419404125287,0.2597402597402597,0.007257448433919022,0.24675324675324675,0.013368983957219251,0.45454545454545453,0.012987012987012988,0.44155844155844154,0.012605042016806723,0.42857142857142855,0.01833460656990069,0.6233766233766234,0.01833460656990069,0.6233766233766234,0.008403361344537815,0.2857142857142857,0.014514896867838044,0.4935064935064935,0.012605042016806723,0.42857142857142855,0.011077158135981665,0.37662337662337664,0.00267379679144385,0.09090909090909091,0.007639419404125287,0.2597402597402597,0.006875477463712758,0.23376623376623376,0.011077158135981665,0.37662337662337664
40,0.0011173184357541898,0.03896103896103896,0.0011173184357541898,0.03896103896103896,0.027932960893854747,0.974025974025974,0.027932960893854747,0.974025974025974,0.011918063314711359,0.4155844155844156,0.0011173184357541898,0.03896103896103896,0.00037243947858472997,0.012987012987012988,0.0007448789571694599,0.025974025974025976,0.013407821229050279,0.4675324675324675,0.0011173184357541898,0.03896103896103896,0.013407821229050279,0.4675324675324675,0.0007448789571694599,0.025974025974025976,0.0067039106145251395,0.23376623376623376,0.00633147113594041,0.22077922077922077,0.027932960893854747,0.974025974025974,0.027932960893854747,0.974025974025974,0.01713221601489758,0.5974025974025974,0.0067039106145251395,0.23376623376623376,0.00782122905027933,0.2727272727272727,0.01303538175046555,0.45454545454545453,0.01303538175046555,0.45454545454545453,0.00633147113594041,0.22077922077922077,0.012290502793296089,0.42857142857142855,0.00819366852886406,0.2857142857142857,0.00037243947858472997,0.012987012987012988,0.00037243947858472997,0.012987012987012988,0.027932960893854747,0.974025974025974,0.027932960893854747,0.974025974025974,0.012290502793296089,0.42857142857142855,0.0011173184357541898,0.03896103896103896,0.00037243947858472997,0.012987012987012988,0.0011173184357541898,0.03896103896103896,0.0014897579143389199,0.05194805194805195,0.00037243947858472997,0.012987012987012988,0.0,0.0,0.0007448789571694599,0.025974025974025976,0.00558659217877095,0.19480519480519481,0.00558659217877095,0.19480519480519481,0.027932960893854747,0.974025974025974,0.027932960893854747,0.974025974025974,0.0052141527001862194,0.18181818181818182,0.0067039106145251395,0.23376623376623376,0.00856610800744879,0.2987012987012987,0.012290502793296089,0.42857142857142855,0.00558659217877095,0.19480519480519481,0.00558659217877095,0.19480519480519481,0.00558659217877095,0.19480519480519481,0.00707635009310987,0.24675324675324675,0.0007448789571694599,0.025974025974025976,0.0007448789571694599,0.025974025974025976,0.0007448789571694599,0.025974025974025976,0.0007448789571694599,0.025974025974025976,0.01080074487895717,0.37662337662337664,0.0011173184357541898,0.03896103896103896,0.00037243947858472997,0.012987012987012988,0.0011173184357541898,0.03896103896103896,0.00819366852886406,0.2857142857142857,0.0007448789571694599,0.025974025974025976,0.00782122905027933,0.2727272727272727,0.0007448789571694599,0.025974025974025976,0.00558659217877095,0.19480519480519481,0.00558659217877095,0.19480519480519481,0.0007448789571694599,0.025974025974025976,0.0007448789571694599,0.025974025974025976,0.013407821229050279,0.4675324675324675,0.0074487895716946,0.2597402597402597,0.00931098696461825,0.3246753246753247,0.015270018621973929,0.5324675324675324,0.013407821229050279,0.4675324675324675,0.0059590316573556795,0.2077922077922078,0.0067039106145251395,0.23376623376623376,0.00968342644320298,0.33766233766233766,0.01303538175046555,0.45454545454545453,0.012290502793296089,0.42857142857142855,0.01824953445065177,0.6363636363636364,0.01824953445065177,0.6363636363636364,0.01824953445065177,0.6363636363636364,0.013780260707635009,0.4805194805194805,0.013780260707635009,0.4805194805194805,0.0111731843575419,0.38961038961038963,0.0026070763500931097,0.09090909090909091,0.0074487895716946,0.2597402597402597,0.00707635009310987,0.24675324675324675,0.01303538175046555,0.45454545454545453,0.01266294227188082,0.44155844155844154,0.012290502793296089,0.42857142857142855,0.01824953445065177,0.6363636363636364,0.01824953445065177,0.6363636363636364,0.00856610800744879,0.2987012987012987,0.01452513966480447,0.5064935064935064,0.01266294227188082,0.44155844155844154,0.01080074487895717,0.37662337662337664,0.0026070763500931097,0.09090909090909091,0.0074487895716946,0.2597402597402597,0.00707635009310987,0.24675324675324675,0.01080074487895717,0.37662337662337664
41,0.0010901162790697674,0.03896103896103896,0.0010901162790697674,0.03896103896103896,0.027252906976744186,0.974025974025974,0.027252906976744186,0.974025974025974,0.011627906976744186,0.4155844155844156,0.0010901162790697674,0.03896103896103896,0.0003633720930232558,0.012987012987012988,0.0007267441860465116,0.025974025974025976,0.01308139534883721,0.4675324675324675,0.0010901162790697674,0.03896103896103896,0.01308139534883721,0.4675324675324675,0.0007267441860465116,0.025974025974025976,0.006540697674418605,0.23376623376623376,0.006540697674418605,0.23376623376623376,0.027252906976744186,0.974025974025974,0.027252906976744186,0.974025974025974,0.016715116279069766,0.5974025974025974,0.006540697674418605,0.23376623376623376,0.007994186046511628,0.2857142857142857,0.012718023255813954,0.45454545454545453,0.01308139534883721,0.4675324675324675,0.006540697674418605,0.23376623376623376,0.01308139534883721,0.4675324675324675,0.007994186046511628,0.2857142857142857,0.0003633720930232558,0.012987012987012988,0.0003633720930232558,0.012987012987012988,0.027252906976744186,0.974025974025974,0.027252906976744186,0.974025974025974,0.011991279069767442,0.42857142857142855,0.0010901162790697674,0.03896103896103896,0.0003633720930232558,0.012987012987012988,0.0010901162790697674,0.03896103896103896,0.0014534883720930232,0.05194805194805195,0.0003633720930232558,0.012987012987012988,0.0,0.0,0.0007267441860465116,0.025974025974025976,0.005450581395348837,0.19480519480519481,0.005450581395348837,0.19480519480519481,0.027252906976744186,0.974025974025974,0.027252906976744186,0.974025974025974,0.005087209302325582,0.18181818181818182,0.006904069767441861,0.24675324675324675,0.009084302325581396,0.3246753246753247,0.011991279069767442,0.42857142857142855,0.0061773255813953485,0.22077922077922077,0.005450581395348837,0.19480519480519481,0.005813953488372093,0.2077922077922078,0.006904069767441861,0.24675324675324675,0.0007267441860465116,0.025974025974025976,0.0007267441860465116,0.025974025974025976,0.0007267441860465116,0.025974025974025976,0.0007267441860465116,0.025974025974025976,0.01126453488372093,0.4025974025974026,0.0010901162790697674,0.03896103896103896,0.0003633720930232558,0.012987012987012988,0.0010901162790697674,0.03896103896103896,0.007994186046511628,0.2857142857142857,0.0007267441860465116,0.025974025974025976,0.007994186046511628,0.2857142857142857,0.0007267441860465116,0.025974025974025976,0.005450581395348837,0.19480519480519481,0.005450581395348837,0.19480519480519481,0.0007267441860465116,0.025974025974025976,0.0007267441860465116,0.025974025974025976,0.013444767441860465,0.4805194805194805,0.007630813953488372,0.2727272727272727,0.009084302325581396,0.3246753246753247,0.015261627906976744,0.5454545454545454,0.01308139534883721,0.4675324675324675,0.0061773255813953485,0.22077922077922077,0.006540697674418605,0.23376623376623376,0.009811046511627907,0.35064935064935066,0.012718023255813954,0.45454545454545453,0.012354651162790697,0.44155844155844154,0.017805232558139535,0.6363636363636364,0.017805232558139535,0.6363636363636364,0.018168604651162792,0.6493506493506493,0.014171511627906976,0.5064935064935064,0.013444767441860465,0.4805194805194805,0.01126453488372093,0.4025974025974026,0.002543604651162791,0.09090909090909091,0.007267441860465116,0.2597402597402597,0.007630813953488372,0.2727272727272727,0.012718023255813954,0.45454545454545453,0.012354651162790697,0.44155844155844154,0.011991279069767442,0.42857142857142855,0.017805232558139535,0.6363636363636364,0.017805232558139535,0.6363636363636364,0.00872093023255814,0.3116883116883117,0.014171511627906976,0.5064935064935064,0.01308139534883721,0.4675324675324675,0.010901162790697675,0.38961038961038963,0.002543604651162791,0.09090909090909091,0.007267441860465116,0.2597402597402597,0.007267441860465116,0.2597402597402597,0.010537790697674418,0.37662337662337664
42,0.001064207165661582,0.03896103896103896,0.001064207165661582,0.03896103896103896,0.026605179141539554,0.974025974025974,0.026605179141539554,0.974025974025974,0.012061014544164597,0.44155844155844154,0.001064207165661582,0.03896103896103896,0.000354735721887194,0.012987012987012988,0.000709471443774388,0.025974025974025976,0.01312522170982618,0.4805194805194805,0.001064207165661582,0.03896103896103896,0.01312522170982618,0.4805194805194805,0.000709471443774388,0.025974025974025976,0.006385242993969493,0.23376623376623376,0.006385242993969493,0.23376623376623376,0.026605179141539554,0.974025974025974,0.026605179141539554,0.974025974025974,0.016317843206810925,0.5974025974025974,0.006739978715856687,0.24675324675324675,0.007804185881518269,0.2857142857142857,0.012415750266051791,0.45454545454545453,0.01312522170982618,0.4805194805194805,0.006385242993969493,0.23376623376623376,0.01312522170982618,0.4805194805194805,0.00886839304717985,0.3246753246753247,0.000354735721887194,0.012987012987012988,0.000354735721887194,0.012987012987012988,0.026605179141539554,0.974025974025974,0.026605179141539554,0.974025974025974,0.012061014544164597,0.44155844155844154,0.001064207165661582,0.03896103896103896,0.000354735721887194,0.012987012987012988,0.001064207165661582,0.03896103896103896,0.001418942887548776,0.05194805194805195,0.000354735721887194,0.012987012987012988,0.0,0.0,0.000709471443774388,0.025974025974025976,0.005321035828307911,0.19480519480519481,0.005321035828307911,0.19480519480519481,0.026605179141539554,0.974025974025974,0.026605179141539554,0.974025974025974,0.004966300106420717,0.18181818181818182,0.006739978715856687,0.24675324675324675,0.00957786449095424,0.35064935064935066,0.011706278822277403,0.42857142857142855,0.006030507272082299,0.22077922077922077,0.005321035828307911,0.19480519480519481,0.006385242993969493,0.23376623376623376,0.006739978715856687,0.24675324675324675,0.000709471443774388,0.025974025974025976,0.000709471443774388,0.025974025974025976,0.000709471443774388,0.025974025974025976,0.000709471443774388,0.025974025974025976,0.010996807378503014,0.4025974025974026,0.001064207165661582,0.03896103896103896,0.000354735721887194,0.012987012987012988,0.001064207165661582,0.03896103896103896,0.008158921603405462,0.2987012987012987,0.000709471443774388,0.025974025974025976,0.008158921603405462,0.2987012987012987,0.000709471443774388,0.025974025974025976,0.005321035828307911,0.19480519480519481,0.005321035828307911,0.19480519480519481,0.000709471443774388,0.025974025974025976,0.000709471443774388,0.025974025974025976,0.01312522170982618,0.4805194805194805,0.007449450159631075,0.2727272727272727,0.00886839304717985,0.3246753246753247,0.01489890031926215,0.5454545454545454,0.012770485987938986,0.4675324675324675,0.006030507272082299,0.22077922077922077,0.0070947144377438804,0.2597402597402597,0.009932600212841433,0.36363636363636365,0.012415750266051791,0.45454545454545453,0.012061014544164597,0.44155844155844154,0.0177367860943597,0.6493506493506493,0.0177367860943597,0.6493506493506493,0.01844625753813409,0.6753246753246753,0.014544164597374955,0.5324675324675324,0.013479957431713374,0.4935064935064935,0.010996807378503014,0.4025974025974026,0.0024831500532103584,0.09090909090909091,0.0070947144377438804,0.2597402597402597,0.008158921603405462,0.2987012987012987,0.01312522170982618,0.4805194805194805,0.012061014544164597,0.44155844155844154,0.012061014544164597,0.44155844155844154,0.0177367860943597,0.6493506493506493,0.0177367860943597,0.6493506493506493,0.008513657325292657,0.3116883116883117,0.015253636041149344,0.5584415584415584,0.012770485987938986,0.4675324675324675,0.010996807378503014,0.4025974025974026,0.0024831500532103584,0.09090909090909091,0.0070947144377438804,0.2597402597402597,0.007804185881518269,0.2857142857142857,0.010996807378503014,0.4025974025974026
43,0.0010391409767925182,0.03896103896103896,0.0010391409767925182,0.03896103896103896,0.025978524419812955,0.974025974025974,0.025978524419812955,0.974025974025974,0.012123311395912712,0.45454545454545453,0.0010391409767925182,0.03896103896103896,0.00034638032559750607,0.012987012987012988,0.0006927606511950121,0.025974025974025976,0.013162452372705231,0.4935064935064935,0.0010391409767925182,0.03896103896103896,0.013162452372705231,0.4935064935064935,0.0006927606511950121,0.025974025974025976,0.0065812261863526155,0.24675324675324675,0.0065812261863526155,0.24675324675324675,0.025978524419812955,0.974025974025974,0.025978524419812955,0.974025974025974,0.01593349497748528,0.5974025974025974,0.0065812261863526155,0.24675324675324675,0.00796674748874264,0.2987012987012987,0.012123311395912712,0.45454545454545453,0.013162452372705231,0.4935064935064935,0.0065812261863526155,0.24675324675324675,0.013162452372705231,0.4935064935064935,0.009352268791132663,0.35064935064935066,0.00034638032559750607,0.012987012987012988,0.00034638032559750607,0.012987012987012988,0.025978524419812955,0.974025974025974,0.025978524419812955,0.974025974025974,0.012123311395912712,0.45454545454545453,0.0010391409767925182,0.03896103896103896,0.00034638032559750607,0.012987012987012988,0.0010391409767925182,0.03896103896103896,0.0013855213023900243,0.05194805194805195,0.00034638032559750607,0.012987012987012988,0.0,0.0,0.0006927606511950121,0.025974025974025976,0.005195704883962591,0.19480519480519481,0.005195704883962591,0.19480519480519481,0.025978524419812955,0.974025974025974,0.025978524419812955,0.974025974025974,0.005195704883962591,0.19480519480519481,0.0065812261863526155,0.24675324675324675,0.009698649116730169,0.36363636363636365,0.0114305507447177,0.42857142857142855,0.006234845860755109,0.23376623376623376,0.005195704883962591,0.19480519480519481,0.006234845860755109,0.23376623376623376,0.006927606511950121,0.2597402597402597,0.0006927606511950121,0.025974025974025976,0.0006927606511950121,0.025974025974025976,0.0006927606511950121,0.025974025974025976,0.0006927606511950121,0.025974025974025976,0.011084170419120194,0.4155844155844156,0.0010391409767925182,0.03896103896103896,0.00034638032559750607,0.012987012987012988,0.0010391409767925182,0.03896103896103896,0.008659508139937652,0.3246753246753247,0.0006927606511950121,0.025974025974025976,0.008659508139937652,0.3246753246753247,0.0006927606511950121,0.025974025974025976,0.005542085209560097,0.2077922077922078,0.005542085209560097,0.2077922077922078,0.0006927606511950121,0.025974025974025976,0.0006927606511950121,0.025974025974025976,0.013162452372705231,0.4935064935064935,0.007620367163145133,0.2857142857142857,0.008659508139937652,0.3246753246753247,0.014547973675095255,0.5454545454545454,0.012816072047107724,0.4805194805194805,0.006234845860755109,0.23376623376623376,0.007273986837547627,0.2727272727272727,0.009698649116730169,0.36363636363636365,0.012123311395912712,0.45454545454545453,0.012469691721510218,0.4675324675324675,0.017319016279875303,0.6493506493506493,0.017319016279875303,0.6493506493506493,0.018358157256667822,0.6883116883116883,0.014547973675095255,0.5454545454545454,0.013855213023900243,0.5194805194805194,0.010737790093522688,0.4025974025974026,0.0024246622791825423,0.09090909090909091,0.006927606511950121,0.2597402597402597,0.00796674748874264,0.2987012987012987,0.012816072047107724,0.4805194805194805,0.012123311395912712,0.45454545454545453,0.011776931070315206,0.44155844155844154,0.017319016279875303,0.6493506493506493,0.017319016279875303,0.6493506493506493,0.008313127814340146,0.3116883116883117,0.01593349497748528,0.5974025974025974,0.012469691721510218,0.4675324675324675,0.010737790093522688,0.4025974025974026,0.0024246622791825423,0.09090909090909091,0.006927606511950121,0.2597402597402597,0.00796674748874264,0.2987012987012987,0.010737790093522688,0.4025974025974026
44,0.001015572105619499,0.03896103896103896,0.001015572105619499,0.03896103896103896,0.025389302640487475,0.974025974025974,0.025389302640487475,0.974025974025974,0.011848341232227487,0.45454545454545453,0.001015572105619499,0.03896103896103896,0.00033852403520649965,0.012987012987012988,0.0006770480704129993,0.025974025974025976,0.012863913337846988,0.4935064935064935,0.001015572105619499,0.03896103896103896,0.012863913337846988,0.4935064935064935,0.001015572105619499,0.03896103896103896,0.006431956668923494,0.24675324675324675,0.006431956668923494,0.24675324675324675,0.025389302640487475,0.974025974025974,0.025389302640487475,0.974025974025974,0.015572105619498984,0.5974025974025974,0.006431956668923494,0.24675324675324675,0.007786052809749492,0.2987012987012987,0.011848341232227487,0.45454545454545453,0.012863913337846988,0.4935064935064935,0.006431956668923494,0.24675324675324675,0.013202437373053487,0.5064935064935064,0.00914014895057549,0.35064935064935066,0.00033852403520649965,0.012987012987012988,0.00033852403520649965,0.012987012987012988,0.025389302640487475,0.974025974025974,0.025389302640487475,0.974025974025974,0.011848341232227487,0.45454545454545453,0.001015572105619499,0.03896103896103896,0.00033852403520649965,0.012987012987012988,0.001015572105619499,0.03896103896103896,0.0013540961408259986,0.05194805194805195,0.00033852403520649965,0.012987012987012988,0.002031144211238998,0.07792207792207792,0.0006770480704129993,0.025974025974025976,0.0050778605280974946,0.19480519480519481,0.0050778605280974946,0.19480519480519481,0.025389302640487475,0.974025974025974,0.025389302640487475,0.974025974025974,0.005416384563303994,0.2077922077922078,0.006431956668923494,0.24675324675324675,0.009478672985781991,0.36363636363636365,0.01117129316181449,0.42857142857142855,0.006431956668923494,0.24675324675324675,0.0050778605280974946,0.19480519480519481,0.006093432633716994,0.23376623376623376,0.006770480704129994,0.2597402597402597,0.0006770480704129993,0.025974025974025976,0.0006770480704129993,0.025974025974025976,0.0006770480704129993,0.025974025974025976,0.0006770480704129993,0.025974025974025976,0.011509817197020988,0.44155844155844154,0.001015572105619499,0.03896103896103896,0.00033852403520649965,0.012987012987012988,0.001015572105619499,0.03896103896103896,0.00914014895057549,0.35064935064935066,0.0006770480704129993,0.025974025974025976,0.008801624915368992,0.33766233766233766,0.001015572105619499,0.03896103896103896,0.005754908598510494,0.22077922077922077,0.005754908598510494,0.22077922077922077,0.0006770480704129993,0.025974025974025976,0.0006770480704129993,0.025974025974025976,0.013540961408259987,0.5194805194805194,0.007447528774542992,0.2857142857142857,0.00914014895057549,0.35064935064935066,0.014218009478672985,0.5454545454545454,0.012525389302640487,0.4805194805194805,0.006093432633716994,0.23376623376623376,0.0071090047393364926,0.2727272727272727,0.010155721056194989,0.38961038961038963,0.012525389302640487,0.4805194805194805,0.012186865267433988,0.4675324675324675,0.016926201760324982,0.6493506493506493,0.017264725795531483,0.6623376623376623,0.01828029790115098,0.7012987012987013,0.014218009478672985,0.5454545454545454,0.013879485443466486,0.5324675324675324,0.01049424509140149,0.4025974025974026,0.002369668246445498,0.09090909090909091,0.0071090047393364926,0.2727272727272727,0.008124576844955992,0.3116883116883117,0.012525389302640487,0.4805194805194805,0.012186865267433988,0.4675324675324675,0.011848341232227487,0.45454545454545453,0.016926201760324982,0.6493506493506493,0.017264725795531483,0.6623376623376623,0.008463100880162491,0.3246753246753247,0.015910629654705483,0.6103896103896104,0.012525389302640487,0.4805194805194805,0.01049424509140149,0.4025974025974026,0.002369668246445498,0.09090909090909091,0.0071090047393364926,0.2727272727272727,0.008124576844955992,0.3116883116883117,0.011509817197020988,0.44155844155844154
45,0.0009930486593843098,0.03896103896103896,0.0009930486593843098,0.03896103896103896,0.024826216484607744,0.974025974025974,0.024826216484607744,0.974025974025974,0.011916583912611719,0.4675324675324675,0.0009930486593843098,0.03896103896103896,0.00033101621979476995,0.012987012987012988,0.0006620324395895399,0.025974025974025976,0.012909632571996028,0.5064935064935064,0.0009930486593843098,0.03896103896103896,0.012909632571996028,0.5064935064935064,0.0009930486593843098,0.03896103896103896,0.006289308176100629,0.24675324675324675,0.006289308176100629,0.24675324675324675,0.024826216484607744,0.974025974025974,0.024826216484607744,0.974025974025974,0.015226746110559417,0.5974025974025974,0.006620324395895399,0.2597402597402597,0.007944389275074478,0.3116883116883117,0.012247600132406488,0.4805194805194805,0.012909632571996028,0.5064935064935064,0.006289308176100629,0.24675324675324675,0.012909632571996028,0.5064935064935064,0.00893743793445879,0.35064935064935066,0.00033101621979476995,0.012987012987012988,0.00033101621979476995,0.012987012987012988,0.024826216484607744,0.974025974025974,0.024826216484607744,0.974025974025974,0.011585567692816948,0.45454545454545453,0.0009930486593843098,0.03896103896103896,0.00033101621979476995,0.012987012987012988,0.0009930486593843098,0.03896103896103896,0.0013240648791790798,0.05194805194805195,0.00033101621979476995,0.012987012987012988,0.0029791459781529296,0.11688311688311688,0.0006620324395895399,0.025974025974025976,0.004965243296921549,0.19480519480519481,0.004965243296921549,0.19480519480519481,0.024826216484607744,0.974025974025974,0.024826216484607744,0.974025974025974,0.005627275736511089,0.22077922077922077,0.006620324395895399,0.2597402597402597,0.010261502813637868,0.4025974025974026,0.010923535253227408,0.42857142857142855,0.006289308176100629,0.24675324675324675,0.004965243296921549,0.19480519480519481,0.006620324395895399,0.2597402597402597,0.006620324395895399,0.2597402597402597,0.0006620324395895399,0.025974025974025976,0.0006620324395895399,0.025974025974025976,0.0006620324395895399,0.025974025974025976,0.0006620324395895399,0.025974025974025976,0.011916583912611719,0.4675324675324675,0.0009930486593843098,0.03896103896103896,0.00033101621979476995,0.012987012987012988,0.0009930486593843098,0.03896103896103896,0.00893743793445879,0.35064935064935066,0.0006620324395895399,0.025974025974025976,0.00893743793445879,0.35064935064935066,0.0009930486593843098,0.03896103896103896,0.005627275736511089,0.22077922077922077,0.005627275736511089,0.22077922077922077,0.0006620324395895399,0.025974025974025976,0.0006620324395895399,0.025974025974025976,0.013571665011585568,0.5324675324675324,0.007282356835484938,0.2857142857142857,0.00893743793445879,0.35064935064935066,0.014233697451175108,0.5584415584415584,0.012909632571996028,0.5064935064935064,0.005958291956305859,0.23376623376623376,0.007282356835484938,0.2857142857142857,0.009930486593843098,0.38961038961038963,0.012578616352201259,0.4935064935064935,0.011916583912611719,0.4675324675324675,0.016881827209533268,0.6623376623376623,0.016881827209533268,0.6623376623376623,0.01787487586891758,0.7012987012987013,0.014233697451175108,0.5584415584415584,0.013902681231380337,0.5454545454545454,0.010261502813637868,0.4025974025974026,0.0026481297583581596,0.1038961038961039,0.007282356835484938,0.2857142857142857,0.007944389275074478,0.3116883116883117,0.012909632571996028,0.5064935064935064,0.012247600132406488,0.4805194805194805,0.011585567692816948,0.45454545454545453,0.016881827209533268,0.6623376623376623,0.016881827209533268,0.6623376623376623,0.008606421714664018,0.33766233766233766,0.015557762330354188,0.6103896103896104,0.012578616352201259,0.4935064935064935,0.010261502813637868,0.4025974025974026,0.0023171135385633896,0.09090909090909091,0.007282356835484938,0.2857142857142857,0.007944389275074478,0.3116883116883117,0.011254551473022179,0.44155844155844154
46,0.0009715025906735751,0.03896103896103896,0.0009715025906735751,0.03896103896103896,0.024287564766839378,0.974025974025974,0.024287564766839378,0.974025974025974,0.011981865284974092,0.4805194805194805,0.0009715025906735751,0.03896103896103896,0.0003238341968911917,0.012987012987012988,0.0006476683937823834,0.025974025974025976,0.012953367875647668,0.5194805194805194,0.0009715025906735751,0.03896103896103896,0.012953367875647668,0.5194805194805194,0.0009715025906735751,0.03896103896103896,0.006152849740932643,0.24675324675324675,0.006152849740932643,0.24675324675324675,0.024287564766839378,0.974025974025974,0.024287564766839378,0.974025974025974,0.01522020725388601,0.6103896103896104,0.006476683937823834,0.2597402597402597,0.007772020725388601,0.3116883116883117,0.012305699481865285,0.4935064935064935,0.012953367875647668,0.5194805194805194,0.006152849740932643,0.24675324675324675,0.012629533678756476,0.5064935064935064,0.010038860103626942,0.4025974025974026,0.0003238341968911917,0.012987012987012988,0.0003238341968911917,0.012987012987012988,0.024287564766839378,0.974025974025974,0.024287564766839378,0.974025974025974,0.011658031088082901,0.4675324675324675,0.0009715025906735751,0.03896103896103896,0.0003238341968911917,0.012987012987012988,0.0009715025906735751,0.03896103896103896,0.0012953367875647669,0.05194805194805195,0.0003238341968911917,0.012987012987012988,0.005829015544041451,0.23376623376623376,0.0006476683937823834,0.025974025974025976,0.0051813471502590676,0.2077922077922078,0.0051813471502590676,0.2077922077922078,0.024287564766839378,0.974025974025974,0.024287564766839378,0.974025974025974,0.005505181347150259,0.22077922077922077,0.006476683937823834,0.2597402597402597,0.010362694300518135,0.4155844155844156,0.010686528497409326,0.42857142857142855,0.006476683937823834,0.2597402597402597,0.0051813471502590676,0.2077922077922078,0.006800518134715026,0.2727272727272727,0.006476683937823834,0.2597402597402597,0.0006476683937823834,0.025974025974025976,0.0006476683937823834,0.025974025974025976,0.0006476683937823834,0.025974025974025976,0.0006476683937823834,0.025974025974025976,0.011981865284974092,0.4805194805194805,0.0009715025906735751,0.03896103896103896,0.0003238341968911917,0.012987012987012988,0.0009715025906735751,0.03896103896103896,0.008743523316062176,0.35064935064935066,0.0006476683937823834,0.025974025974025976,0.008743523316062176,0.35064935064935066,0.0009715025906735751,0.03896103896103896,0.005829015544041451,0.23376623376623376,0.005829015544041451,0.23376623376623376,0.0006476683937823834,0.025974025974025976,0.0006476683937823834,0.025974025974025976,0.013924870466321243,0.5584415584415584,0.007124352331606218,0.2857142857142857,0.009067357512953367,0.36363636363636365,0.014896373056994818,0.5974025974025974,0.012629533678756476,0.5064935064935064,0.005829015544041451,0.23376623376623376,0.007124352331606218,0.2857142857142857,0.009715025906735751,0.38961038961038963,0.012305699481865285,0.4935064935064935,0.011658031088082901,0.4675324675324675,0.01683937823834197,0.6753246753246753,0.01683937823834197,0.6753246753246753,0.017487046632124352,0.7012987012987013,0.014896373056994818,0.5974025974025974,0.013601036269430052,0.5454545454545454,0.010362694300518135,0.4155844155844156,0.0029145077720207253,0.11688311688311688,0.007124352331606218,0.2857142857142857,0.007772020725388601,0.3116883116883117,0.012629533678756476,0.5064935064935064,0.011981865284974092,0.4805194805194805,0.01133419689119171,0.45454545454545453,0.01683937823834197,0.6753246753246753,0.01683937823834197,0.6753246753246753,0.008419689119170985,0.33766233766233766,0.015544041450777202,0.6233766233766234,0.012305699481865285,0.4935064935064935,0.010362694300518135,0.4155844155844156,0.0029145077720207253,0.11688311688311688,0.007124352331606218,0.2857142857142857,0.007772020725388601,0.3116883116883117,0.011010362694300517,0.44155844155844154
47,0.0009508716323296355,0.03896103896103896,0.0009508716323296355,0.03896103896103896,0.024088748019017434,0.987012987012987,0.024088748019017434,0.987012987012987,0.011727416798732172,0.4805194805194805,0.0009508716323296355,0.03896103896103896,0.0003169572107765452,0.012987012987012988,0.0006339144215530904,0.025974025974025976,0.012995245641838352,0.5324675324675324,0.0009508716323296355,0.03896103896103896,0.012995245641838352,0.5324675324675324,0.0009508716323296355,0.03896103896103896,0.006656101426307449,0.2727272727272727,0.006656101426307449,0.2727272727272727,0.024088748019017434,0.987012987012987,0.024088748019017434,0.987012987012987,0.015213946117274169,0.6233766233766234,0.006656101426307449,0.2727272727272727,0.00792393026941363,0.3246753246753247,0.012361331220285262,0.5064935064935064,0.012678288431061807,0.5194805194805194,0.006339144215530904,0.2597402597402597,0.013312202852614897,0.5454545454545454,0.0098256735340729,0.4025974025974026,0.0003169572107765452,0.012987012987012988,0.0003169572107765452,0.012987012987012988,0.024088748019017434,0.987012987012987,0.024088748019017434,0.987012987012987,0.011410459587955626,0.4675324675324675,0.0009508716323296355,0.03896103896103896,0.0003169572107765452,0.012987012987012988,0.0009508716323296355,0.03896103896103896,0.0012678288431061807,0.05194805194805195,0.0003169572107765452,0.012987012987012988,0.007290015847860539,0.2987012987012987,0.0006339144215530904,0.025974025974025976,0.005388272583201268,0.22077922077922077,0.005705229793977813,0.23376623376623376,0.024088748019017434,0.987012987012987,0.024088748019017434,0.987012987012987,0.005388272583201268,0.22077922077922077,0.006339144215530904,0.2597402597402597,0.010459587955625991,0.42857142857142855,0.010459587955625991,0.42857142857142855,0.006973058637083994,0.2857142857142857,0.005388272583201268,0.22077922077922077,0.007606973058637084,0.3116883116883117,0.007290015847860539,0.2987012987012987,0.0006339144215530904,0.025974025974025976,0.0006339144215530904,0.025974025974025976,0.0006339144215530904,0.025974025974025976,0.0006339144215530904,0.025974025974025976,0.011727416798732172,0.4805194805194805,0.0009508716323296355,0.03896103896103896,0.0003169572107765452,0.012987012987012988,0.0009508716323296355,0.03896103896103896,0.008874801901743265,0.36363636363636365,0.0006339144215530904,0.025974025974025976,0.008874801901743265,0.36363636363636365,0.0009508716323296355,0.03896103896103896,0.006022187004754358,0.24675324675324675,0.006022187004754358,0.24675324675324675,0.0006339144215530904,0.025974025974025976,0.0006339144215530904,0.025974025974025976,0.014580031695721078,0.5974025974025974,0.006973058637083994,0.2857142857142857,0.009508716323296355,0.38961038961038963,0.01648177496038035,0.6753246753246753,0.012995245641838352,0.5324675324675324,0.005705229793977813,0.23376623376623376,0.007290015847860539,0.2987012987012987,0.009508716323296355,0.38961038961038963,0.012361331220285262,0.5064935064935064,0.011727416798732172,0.4805194805194805,0.016798732171156894,0.6883116883116883,0.016798732171156894,0.6883116883116883,0.01711568938193344,0.7012987012987013,0.014580031695721078,0.5974025974025974,0.013629160063391443,0.5584415584415584,0.010459587955625991,0.42857142857142855,0.0028526148969889066,0.11688311688311688,0.006973058637083994,0.2857142857142857,0.007606973058637084,0.3116883116883117,0.012678288431061807,0.5194805194805194,0.011727416798732172,0.4805194805194805,0.011410459587955626,0.4675324675324675,0.016798732171156894,0.6883116883116883,0.016798732171156894,0.6883116883116883,0.008240887480190175,0.33766233766233766,0.015213946117274169,0.6233766233766234,0.012678288431061807,0.5194805194805194,0.010459587955625991,0.42857142857142855,0.0028526148969889066,0.11688311688311688,0.007290015847860539,0.2987012987012987,0.007606973058637084,0.3116883116883117,0.011410459587955626,0.4675324675324675
48,0.000931098696461825,0.03896103896103896,0.000931098696461825,0.03896103896103896,0.023587833643699565,0.987012987012987,0.023587833643699565,0.987012987012987,0.012104283054003724,0.5064935064935064,0.000931098696461825,0.03896103896103896,0.00031036623215394165,0.012987012987012988,0.0006207324643078833,0.025974025974025976,0.01334574798261949,0.5584415584415584,0.000931098696461825,0.03896103896103896,0.01334574798261949,0.5584415584415584,0.000931098696461825,0.03896103896103896,0.006517690875232775,0.2727272727272727,0.006517690875232775,0.2727272727272727,0.023587833643699565,0.987012987012987,0.023587833643699565,0.987012987012987,0.0148975791433892,0.6233766233766234,0.007138423339540658,0.2987012987012987,0.008069522036002483,0.33766233766233766,0.012725015518311608,0.5324675324675324,0.01334574798261949,0.5584415584415584,0.006517690875232775,0.2727272727272727,0.01334574798261949,0.5584415584415584,0.010242085661080074,0.42857142857142855,0.00031036623215394165,0.012987012987012988,0.00031036623215394165,0.012987012987012988,0.023587833643699565,0.987012987012987,0.023587833643699565,0.987012987012987,0.011483550589695841,0.4805194805194805,0.000931098696461825,0.03896103896103896,0.00031036623215394165,0.012987012987012988,0.000931098696461825,0.03896103896103896,0.0012414649286157666,0.05194805194805195,0.00031036623215394165,0.012987012987012988,0.007759155803848541,0.3246753246753247,0.0006207324643078833,0.025974025974025976,0.005896958410924891,0.24675324675324675,0.00558659217877095,0.23376623376623376,0.023587833643699565,0.987012987012987,0.023587833643699565,0.987012987012987,0.005276225946617008,0.22077922077922077,0.006517690875232775,0.2727272727272727,0.0111731843575419,0.4675324675324675,0.010242085661080074,0.42857142857142855,0.007759155803848541,0.3246753246753247,0.005896958410924891,0.24675324675324675,0.0074487895716946,0.3116883116883117,0.007138423339540658,0.2987012987012987,0.0006207324643078833,0.025974025974025976,0.0006207324643078833,0.025974025974025976,0.0006207324643078833,0.025974025974025976,0.0006207324643078833,0.025974025974025976,0.011483550589695841,0.4805194805194805,0.000931098696461825,0.03896103896103896,0.00031036623215394165,0.012987012987012988,0.000931098696461825,0.03896103896103896,0.009000620732464307,0.37662337662337664,0.0006207324643078833,0.025974025974025976,0.009000620732464307,0.37662337662337664,0.000931098696461825,0.03896103896103896,0.006207324643078833,0.2597402597402597,0.006207324643078833,0.2597402597402597,0.0006207324643078833,0.025974025974025976,0.0006207324643078833,0.025974025974025976,0.014587212911235258,0.6103896103896104,0.006828057107386716,0.2857142857142857,0.010552451893234015,0.44155844155844154,0.01707014276846679,0.7142857142857143,0.013656114214773432,0.5714285714285714,0.006207324643078833,0.2597402597402597,0.007138423339540658,0.2987012987012987,0.009931719428926133,0.4155844155844156,0.012414649286157667,0.5194805194805194,0.011483550589695841,0.4805194805194805,0.01675977653631285,0.7012987012987013,0.01675977653631285,0.7012987012987013,0.01707014276846679,0.7142857142857143,0.014587212911235258,0.6103896103896104,0.01334574798261949,0.5584415584415584,0.010242085661080074,0.42857142857142855,0.002793296089385475,0.11688311688311688,0.007138423339540658,0.2987012987012987,0.0074487895716946,0.3116883116883117,0.01303538175046555,0.5454545454545454,0.011483550589695841,0.4805194805194805,0.0111731843575419,0.4675324675324675,0.01675977653631285,0.7012987012987013,0.01675977653631285,0.7012987012987013,0.008069522036002483,0.33766233766233766,0.0148975791433892,0.6233766233766234,0.012725015518311608,0.5324675324675324,0.010242085661080074,0.42857142857142855,0.002793296089385475,0.11688311688311688,0.007138423339540658,0.2987012987012987,0.0074487895716946,0.3116883116883117,0.0111731843575419,0.4675324675324675
49,0.0009121313469139556,0.03896103896103896,0.0015202189115232593,0.06493506493506493,0.023107327455153544,0.987012987012987,0.023107327455153544,0.987012987012987,0.012769838856795378,0.5454545454545454,0.0009121313469139556,0.03896103896103896,0.0003040437823046519,0.012987012987012988,0.0006080875646093037,0.025974025974025976,0.013377926421404682,0.5714285714285714,0.0015202189115232593,0.06493506493506493,0.013681970203709334,0.5844155844155844,0.0009121313469139556,0.03896103896103896,0.006688963210702341,0.2857142857142857,0.006688963210702341,0.2857142857142857,0.023107327455153544,0.987012987012987,0.023107327455153544,0.987012987012987,0.01459410155062329,0.6233766233766234,0.007297050775311645,0.3116883116883117,0.008513225904530252,0.36363636363636365,0.012769838856795378,0.5454545454545454,0.013377926421404682,0.5714285714285714,0.006688963210702341,0.2857142857142857,0.01307388263910003,0.5584415584415584,0.010337488598358164,0.44155844155844154,0.0003040437823046519,0.012987012987012988,0.0003040437823046519,0.012987012987012988,0.023107327455153544,0.987012987012987,0.023107327455153544,0.987012987012987,0.01124961994527212,0.4805194805194805,0.0009121313469139556,0.03896103896103896,0.0003040437823046519,0.012987012987012988,0.0009121313469139556,0.03896103896103896,0.0012161751292186075,0.05194805194805195,0.0003040437823046519,0.012987012987012988,0.007601094557616297,0.3246753246753247,0.0006080875646093037,0.025974025974025976,0.005776831863788386,0.24675324675324675,0.005776831863788386,0.24675324675324675,0.023107327455153544,0.987012987012987,0.023107327455153544,0.987012987012987,0.005776831863788386,0.24675324675324675,0.006688963210702341,0.2857142857142857,0.01124961994527212,0.4805194805194805,0.010033444816053512,0.42857142857142855,0.007601094557616297,0.3246753246753247,0.005776831863788386,0.24675324675324675,0.007905138339920948,0.33766233766233766,0.006993006993006993,0.2987012987012987,0.0006080875646093037,0.025974025974025976,0.0006080875646093037,0.025974025974025976,0.0006080875646093037,0.025974025974025976,0.0012161751292186075,0.05194805194805195,0.01124961994527212,0.4805194805194805,0.0009121313469139556,0.03896103896103896,0.0003040437823046519,0.012987012987012988,0.0009121313469139556,0.03896103896103896,0.008817269686834904,0.37662337662337664,0.0006080875646093037,0.025974025974025976,0.008817269686834904,0.37662337662337664,0.0009121313469139556,0.03896103896103896,0.006384919428397689,0.2727272727272727,0.006384919428397689,0.2727272727272727,0.0006080875646093037,0.025974025974025976,0.0012161751292186075,0.05194805194805195,0.014898145332927942,0.6363636363636364,0.006688963210702341,0.2857142857142857,0.010945576162967468,0.4675324675324675,0.017026451809060504,0.7272727272727273,0.013377926421404682,0.5714285714285714,0.006384919428397689,0.2727272727272727,0.007601094557616297,0.3246753246753247,0.010641532380662816,0.45454545454545453,0.012465795074490726,0.5324675324675324,0.011553663727576772,0.4935064935064935,0.0164183642444512,0.7012987012987013,0.0164183642444512,0.7012987012987013,0.017026451809060504,0.7272727272727273,0.014290057768318638,0.6103896103896104,0.01307388263910003,0.5584415584415584,0.010033444816053512,0.42857142857142855,0.002736394040741867,0.11688311688311688,0.006993006993006993,0.2987012987012987,0.007297050775311645,0.3116883116883117,0.01307388263910003,0.5584415584415584,0.011857707509881422,0.5064935064935064,0.010945576162967468,0.4675324675324675,0.0164183642444512,0.7012987012987013,0.0164183642444512,0.7012987012987013,0.0082091821222256,0.35064935064935066,0.01459410155062329,0.6233766233766234,0.012465795074490726,0.5324675324675324,0.010033444816053512,0.42857142857142855,0.002736394040741867,0.11688311688311688,0.006993006993006993,0.2987012987012987,0.007601094557616297,0.3246753246753247,0.010945576162967468,0.4675324675324675
50,0.0008936550491510277,0.03896103896103896,0.004170390229371462,0.18181818181818182,0.02263926124515937,0.987012987012987,0.02263926124515937,0.987012987012987,0.012809055704498064,0.5584415584415584,0.0008936550491510277,0.03896103896103896,0.0002978850163836759,0.012987012987012988,0.0008936550491510277,0.03896103896103896,0.013702710753649091,0.5974025974025974,0.004170390229371462,0.18181818181818182,0.013702710753649091,0.5974025974025974,0.0008936550491510277,0.03896103896103896,0.0068513553768245455,0.2987012987012987,0.0071492403932082215,0.3116883116883117,0.02263926124515937,0.987012987012987,0.02263926124515937,0.987012987012987,0.01459636580280012,0.6363636363636364,0.0077450104259755735,0.33766233766233766,0.009532320524277629,0.4155844155844156,0.012511170688114389,0.5454545454545454,0.013404825737265416,0.5844155844155844,0.0068513553768245455,0.2987012987012987,0.013106940720881739,0.5714285714285714,0.010425975573428656,0.45454545454545453,0.0005957700327673518,0.025974025974025976,0.0005957700327673518,0.025974025974025976,0.02263926124515937,0.987012987012987,0.02263926124515937,0.987012987012987,0.011021745606196008,0.4805194805194805,0.0008936550491510277,0.03896103896103896,0.0005957700327673518,0.025974025974025976,0.0008936550491510277,0.03896103896103896,0.0011915400655347036,0.05194805194805195,0.0005957700327673518,0.025974025974025976,0.0074471254095918975,0.3246753246753247,0.0005957700327673518,0.025974025974025976,0.006255585344057194,0.2727272727272727,0.0065534703604408695,0.2857142857142857,0.02263926124515937,0.987012987012987,0.02263926124515937,0.987012987012987,0.006255585344057194,0.2727272727272727,0.0065534703604408695,0.2857142857142857,0.011021745606196008,0.4805194805194805,0.009830205540661306,0.42857142857142855,0.00804289544235925,0.35064935064935066,0.006255585344057194,0.2727272727272727,0.00804289544235925,0.35064935064935066,0.0077450104259755735,0.33766233766233766,0.0005957700327673518,0.025974025974025976,0.0005957700327673518,0.025974025974025976,0.0032767351802204347,0.14285714285714285,0.0038725052129877867,0.16883116883116883,0.011319630622579685,0.4935064935064935,0.0008936550491510277,0.03896103896103896,0.0002978850163836759,0.012987012987012988,0.0008936550491510277,0.03896103896103896,0.008638665475126601,0.37662337662337664,0.0005957700327673518,0.025974025974025976,0.008638665475126601,0.37662337662337664,0.0008936550491510277,0.03896103896103896,0.006255585344057194,0.2727272727272727,0.006255585344057194,0.2727272727272727,0.0032767351802204347,0.14285714285714285,0.0038725052129877867,0.16883116883116883,0.01519213583556747,0.6623376623376623,0.0068513553768245455,0.2987012987012987,0.011021745606196008,0.4805194805194805,0.01668156091748585,0.7272727272727273,0.013106940720881739,0.5714285714285714,0.0065534703604408695,0.2857142857142857,0.00804289544235925,0.35064935064935066,0.010425975573428656,0.45454545454545453,0.012511170688114389,0.5454545454545454,0.01161751563896336,0.5064935064935064,0.016383675901102176,0.7142857142857143,0.016383675901102176,0.7142857142857143,0.01668156091748585,0.7272727272727273,0.014000595770032768,0.6103896103896104,0.012809055704498064,0.5584415584415584,0.009830205540661306,0.42857142857142855,0.002978850163836759,0.12987012987012986,0.0068513553768245455,0.2987012987012987,0.0071492403932082215,0.3116883116883117,0.013106940720881739,0.5714285714285714,0.01161751563896336,0.5064935064935064,0.011021745606196008,0.4805194805194805,0.016383675901102176,0.7142857142857143,0.016383675901102176,0.7142857142857143,0.00804289544235925,0.35064935064935066,0.014894250819183795,0.6493506493506493,0.012511170688114389,0.5454545454545454,0.01012809055704498,0.44155844155844154,0.0032767351802204347,0.14285714285714285,0.0068513553768245455,0.2987012987012987,0.0074471254095918975,0.3246753246753247,0.011319630622579685,0.4935064935064935
51,0.0008761682242990654,0.03896103896103896,0.005841121495327103,0.2597402597402597,0.02219626168224299,0.987012987012987,0.02219626168224299,0.987012987012987,0.012850467289719626,0.5714285714285714,0.0008761682242990654,0.03896103896103896,0.0020443925233644858,0.09090909090909091,0.0020443925233644858,0.09090909090909091,0.013434579439252336,0.5974025974025974,0.005549065420560747,0.24675324675324675,0.013434579439252336,0.5974025974025974,0.0008761682242990654,0.03896103896103896,0.007009345794392523,0.3116883116883117,0.0073014018691588784,0.3246753246753247,0.02219626168224299,0.987012987012987,0.02219626168224299,0.987012987012987,0.014602803738317757,0.6493506493506493,0.008177570093457943,0.36363636363636365,0.009345794392523364,0.4155844155844156,0.012266355140186916,0.5454545454545454,0.013434579439252336,0.5974025974025974,0.007009345794392523,0.3116883116883117,0.013434579439252336,0.5974025974025974,0.01022196261682243,0.45454545454545453,0.0005841121495327102,0.025974025974025976,0.0005841121495327102,0.025974025974025976,0.02219626168224299,0.987012987012987,0.02219626168224299,0.987012987012987,0.01080607476635514,0.4805194805194805,0.002336448598130841,0.1038961038961039,0.002628504672897196,0.11688311688311688,0.0008761682242990654,0.03896103896103896,0.0011682242990654205,0.05194805194805195,0.0005841121495327102,0.025974025974025976,0.0073014018691588784,0.3246753246753247,0.0020443925233644858,0.09090909090909091,0.006717289719626168,0.2987012987012987,0.006425233644859813,0.2857142857142857,0.02219626168224299,0.987012987012987,0.02219626168224299,0.987012987012987,0.006425233644859813,0.2857142857142857,0.007009345794392523,0.3116883116883117,0.011098130841121495,0.4935064935064935,0.009637850467289719,0.42857142857142855,0.008177570093457943,0.36363636363636365,0.006425233644859813,0.2857142857142857,0.008469626168224298,0.37662337662337664,0.008177570093457943,0.36363636363636365,0.0005841121495327102,0.025974025974025976,0.0005841121495327102,0.025974025974025976,0.005549065420560747,0.24675324675324675,0.005549065420560747,0.24675324675324675,0.011682242990654205,0.5194805194805194,0.002336448598130841,0.1038961038961039,0.0017523364485981308,0.07792207792207792,0.0008761682242990654,0.03896103896103896,0.008469626168224298,0.37662337662337664,0.0005841121495327102,0.025974025974025976,0.008469626168224298,0.37662337662337664,0.0008761682242990654,0.03896103896103896,0.006133177570093458,0.2727272727272727,0.006133177570093458,0.2727272727272727,0.005549065420560747,0.24675324675324675,0.005549065420560747,0.24675324675324675,0.014894859813084112,0.6623376623376623,0.0073014018691588784,0.3246753246753247,0.011098130841121495,0.4935064935064935,0.016355140186915886,0.7272727272727273,0.013142523364485981,0.5844155844155844,0.006425233644859813,0.2857142857142857,0.009053738317757009,0.4025974025974026,0.01022196261682243,0.45454545454545453,0.01255841121495327,0.5584415584415584,0.01139018691588785,0.5064935064935064,0.016355140186915886,0.7272727272727273,0.016355140186915886,0.7272727272727273,0.016939252336448597,0.7532467532467533,0.014018691588785047,0.6233766233766234,0.012850467289719626,0.5714285714285714,0.01080607476635514,0.4805194805194805,0.0032126168224299065,0.14285714285714285,0.006717289719626168,0.2987012987012987,0.0073014018691588784,0.3246753246753247,0.013142523364485981,0.5844155844155844,0.01197429906542056,0.5324675324675324,0.011098130841121495,0.4935064935064935,0.016355140186915886,0.7272727272727273,0.016355140186915886,0.7272727272727273,0.007885514018691588,0.35064935064935066,0.014894859813084112,0.6623376623376623,0.012266355140186916,0.5454545454545454,0.011098130841121495,0.4935064935064935,0.0032126168224299065,0.14285714285714285,0.007009345794392523,0.3116883116883117,0.0073014018691588784,0.3246753246753247,0.011098130841121495,0.4935064935064935
52,0.0008593526210254941,0.03896103896103896,0.005729017473503294,0.2597402597402597,0.021770266399312517,0.987012987012987,0.021770266399312517,0.987012987012987,0.012603838441707248,0.5714285714285714,0.0008593526210254941,0.03896103896103896,0.0025780578630764826,0.11688311688311688,0.004583213978802635,0.2077922077922078,0.013176740189057576,0.5974025974025974,0.005729017473503294,0.2597402597402597,0.013463191062732742,0.6103896103896104,0.0008593526210254941,0.03896103896103896,0.007447722715554283,0.33766233766233766,0.007447722715554283,0.33766233766233766,0.021770266399312517,0.987012987012987,0.021770266399312517,0.987012987012987,0.014895445431108566,0.6753246753246753,0.008307075336579777,0.37662337662337664,0.0097393297049556,0.44155844155844154,0.012030936694356918,0.5454545454545454,0.013176740189057576,0.5974025974025974,0.007447722715554283,0.33766233766233766,0.013463191062732742,0.6103896103896104,0.01031223145230593,0.4675324675324675,0.0005729017473503294,0.025974025974025976,0.0005729017473503294,0.025974025974025976,0.021770266399312517,0.987012987012987,0.021770266399312517,0.987012987012987,0.010885133199656259,0.4935064935064935,0.0037238613577771414,0.16883116883116883,0.004010312231452306,0.18181818181818182,0.0025780578630764826,0.11688311688311688,0.0011458034947006588,0.05194805194805195,0.0005729017473503294,0.025974025974025976,0.007161271841879118,0.3246753246753247,0.0022916069894013177,0.1038961038961039,0.007161271841879118,0.3246753246753247,0.006874820968203953,0.3116883116883117,0.021770266399312517,0.987012987012987,0.021770266399312517,0.987012987012987,0.006588370094528788,0.2987012987012987,0.007161271841879118,0.3246753246753247,0.011458034947006588,0.5194805194805194,0.009452878831280435,0.42857142857142855,0.00859352621025494,0.38961038961038963,0.007161271841879118,0.3246753246753247,0.008879977083930107,0.4025974025974026,0.00859352621025494,0.38961038961038963,0.0005729017473503294,0.025974025974025976,0.0005729017473503294,0.025974025974025976,0.006015468347178459,0.2727272727272727,0.006015468347178459,0.2727272727272727,0.011458034947006588,0.5194805194805194,0.003150959610426812,0.14285714285714285,0.002864508736751647,0.12987012987012986,0.0008593526210254941,0.03896103896103896,0.00859352621025494,0.38961038961038963,0.0005729017473503294,0.025974025974025976,0.00859352621025494,0.38961038961038963,0.0008593526210254941,0.03896103896103896,0.006301919220853624,0.2857142857142857,0.006301919220853624,0.2857142857142857,0.006015468347178459,0.2727272727272727,0.006015468347178459,0.2727272727272727,0.0146089945574334,0.6623376623376623,0.007447722715554283,0.33766233766233766,0.011171584073331424,0.5064935064935064,0.016041248925809225,0.7272727272727273,0.012890289315382412,0.5844155844155844,0.006588370094528788,0.2987012987012987,0.009452878831280435,0.42857142857142855,0.01031223145230593,0.4675324675324675,0.012603838441707248,0.5714285714285714,0.011458034947006588,0.5194805194805194,0.016041248925809225,0.7272727272727273,0.016041248925809225,0.7272727272727273,0.016900601546834718,0.7662337662337663,0.013749641936407906,0.6233766233766234,0.012603838441707248,0.5714285714285714,0.010598682325981094,0.4805194805194805,0.0034374104841019765,0.15584415584415584,0.007161271841879118,0.3246753246753247,0.007161271841879118,0.3246753246753247,0.013176740189057576,0.5974025974025974,0.011744485820681752,0.5324675324675324,0.011171584073331424,0.5064935064935064,0.016041248925809225,0.7272727272727273,0.016041248925809225,0.7272727272727273,0.007734173589229447,0.35064935064935066,0.0146089945574334,0.6623376623376623,0.012603838441707248,0.5714285714285714,0.011171584073331424,0.5064935064935064,0.0034374104841019765,0.15584415584415584,0.006874820968203953,0.3116883116883117,0.007161271841879118,0.3246753246753247,0.010885133199656259,0.4935064935064935
53,0.0019673974142776843,0.09090909090909091,0.007307476110174255,0.33766233766233766,0.021360314783586284,0.987012987012987,0.021360314783586284,0.987012987012987,0.012366498032602586,0.5714285714285714,0.0008431703204047217,0.03896103896103896,0.00477796514896009,0.22077922077922077,0.004496908375491849,0.2077922077922078,0.013209668353007308,0.6103896103896104,0.007869589657110737,0.36363636363636365,0.013209668353007308,0.6103896103896104,0.0008431703204047217,0.03896103896103896,0.007307476110174255,0.33766233766233766,0.007307476110174255,0.33766233766233766,0.021360314783586284,0.987012987012987,0.021360314783586284,0.987012987012987,0.014896008993816752,0.6883116883116883,0.008150646430578976,0.37662337662337664,0.00983698707138842,0.45454545454545453,0.012085441259134345,0.5584415584415584,0.013490725126475547,0.6233766233766234,0.007307476110174255,0.33766233766233766,0.013490725126475547,0.6233766233766234,0.010399100618324901,0.4805194805194805,0.0030916245081506464,0.14285714285714285,0.0030916245081506464,0.14285714285714285,0.021360314783586284,0.987012987012987,0.021360314783586284,0.987012987012987,0.010961214165261383,0.5064935064935064,0.0042158516020236085,0.19480519480519481,0.005621135469364812,0.2597402597402597,0.0039347948285553686,0.18181818181818182,0.0011242270938729624,0.05194805194805195,0.0030916245081506464,0.14285714285714285,0.008712759977515458,0.4025974025974026,0.003372681281618887,0.15584415584415584,0.0070264193367060145,0.3246753246753247,0.007307476110174255,0.33766233766233766,0.021360314783586284,0.987012987012987,0.021360314783586284,0.987012987012987,0.0070264193367060145,0.3246753246753247,0.0070264193367060145,0.3246753246753247,0.011523327712197865,0.5324675324675324,0.00927487352445194,0.42857142857142855,0.008712759977515458,0.4025974025974026,0.0070264193367060145,0.3246753246753247,0.008993816750983699,0.4155844155844156,0.008993816750983699,0.4155844155844156,0.0019673974142776843,0.09090909090909091,0.0016863406408094434,0.07792207792207792,0.006464305789769534,0.2987012987012987,0.007869589657110737,0.36363636363636365,0.011242270938729624,0.5194805194805194,0.004496908375491849,0.2077922077922078,0.00477796514896009,0.22077922077922077,0.001405283867341203,0.06493506493506493,0.008431703204047217,0.38961038961038963,0.001405283867341203,0.06493506493506493,0.008431703204047217,0.38961038961038963,0.0008431703204047217,0.03896103896103896,0.006745362563237774,0.3116883116883117,0.006745362563237774,0.3116883116883117,0.006464305789769534,0.2987012987012987,0.007869589657110737,0.36363636363636365,0.014896008993816752,0.6883116883116883,0.007869589657110737,0.36363636363636365,0.010961214165261383,0.5064935064935064,0.016301292861157952,0.7532467532467533,0.012647554806070826,0.5844155844155844,0.006745362563237774,0.3116883116883117,0.01011804384485666,0.4675324675324675,0.010399100618324901,0.4805194805194805,0.012366498032602586,0.5714285714285714,0.011804384485666104,0.5454545454545454,0.016020236087689713,0.7402597402597403,0.016020236087689713,0.7402597402597403,0.016582349634626195,0.7662337662337663,0.013490725126475547,0.6233766233766234,0.012366498032602586,0.5714285714285714,0.010399100618324901,0.4805194805194805,0.0036537380550871277,0.16883116883116883,0.007588532883642495,0.35064935064935066,0.0070264193367060145,0.3246753246753247,0.012928611579539067,0.5974025974025974,0.011523327712197865,0.5324675324675324,0.011242270938729624,0.5194805194805194,0.016020236087689713,0.7402597402597403,0.016020236087689713,0.7402597402597403,0.008150646430578976,0.37662337662337664,0.01433389544688027,0.6623376623376623,0.012647554806070826,0.5844155844155844,0.010961214165261383,0.5064935064935064,0.0036537380550871277,0.16883116883116883,0.007588532883642495,0.35064935064935066,0.0070264193367060145,0.3246753246753247,0.010961214165261383,0.5064935064935064
54,0.003310344827586207,0.15584415584415584,0.008551724137931035,0.4025974025974026,0.020965517241379312,0.987012987012987,0.020965517241379312,0.987012987012987,0.012413793103448275,0.5844155844155844,0.001103448275862069,0.05194805194805195,0.004965517241379311,0.23376623376623376,0.004689655172413793,0.22077922077922077,0.013517241379310345,0.6363636363636364,0.008551724137931035,0.4025974025974026,0.013241379310344827,0.6233766233766234,0.0008275862068965517,0.03896103896103896,0.007172413793103448,0.33766233766233766,0.007172413793103448,0.33766233766233766,0.020965517241379312,0.987012987012987,0.020965517241379312,0.987012987012987,0.014620689655172414,0.6883116883116883,0.008275862068965517,0.38961038961038963,0.009931034482758621,0.4675324675324675,0.01186206896551724,0.5584415584415584,0.013241379310344827,0.6233766233766234,0.007172413793103448,0.33766233766233766,0.013241379310344827,0.6233766233766234,0.010482758620689656,0.4935064935064935,0.004413793103448276,0.2077922077922078,0.004413793103448276,0.2077922077922078,0.020965517241379312,0.987012987012987,0.020965517241379312,0.987012987012987,0.011034482758620689,0.5194805194805194,0.005241379310344828,0.24675324675324675,0.005517241379310344,0.2597402597402597,0.005517241379310344,0.2597402597402597,0.001103448275862069,0.05194805194805195,0.004413793103448276,0.2077922077922078,0.009931034482758621,0.4675324675324675,0.004137931034482759,0.19480519480519481,0.007724137931034483,0.36363636363636365,0.0074482758620689656,0.35064935064935066,0.020965517241379312,0.987012987012987,0.020965517241379312,0.987012987012987,0.0074482758620689656,0.35064935064935066,0.006896551724137931,0.3246753246753247,0.011586206896551723,0.5454545454545454,0.00910344827586207,0.42857142857142855,0.008827586206896552,0.4155844155844156,0.007724137931034483,0.36363636363636365,0.009379310344827587,0.44155844155844154,0.00910344827586207,0.42857142857142855,0.0038620689655172414,0.18181818181818182,0.002206896551724138,0.1038961038961039,0.00910344827586207,0.42857142857142855,0.009655172413793104,0.45454545454545453,0.011034482758620689,0.5194805194805194,0.006344827586206896,0.2987012987012987,0.004689655172413793,0.22077922077922077,0.0016551724137931034,0.07792207792207792,0.008551724137931035,0.4025974025974026,0.0019310344827586207,0.09090909090909091,0.008827586206896552,0.4155844155844156,0.0008275862068965517,0.03896103896103896,0.006896551724137931,0.3246753246753247,0.006896551724137931,0.3246753246753247,0.00910344827586207,0.42857142857142855,0.009655172413793104,0.45454545454545453,0.014620689655172414,0.6883116883116883,0.008551724137931035,0.4025974025974026,0.011034482758620689,0.5194805194805194,0.016,0.7532467532467533,0.012413793103448275,0.5844155844155844,0.006896551724137931,0.3246753246753247,0.010206896551724139,0.4805194805194805,0.010206896551724139,0.4805194805194805,0.012137931034482758,0.5714285714285714,0.011586206896551723,0.5454545454545454,0.016275862068965516,0.7662337662337663,0.016,0.7532467532467533,0.016275862068965516,0.7662337662337663,0.013517241379310345,0.6363636363636364,0.012137931034482758,0.5714285714285714,0.010206896551724139,0.4805194805194805,0.0038620689655172414,0.18181818181818182,0.008,0.37662337662337664,0.006896551724137931,0.3246753246753247,0.01296551724137931,0.6103896103896104,0.011586206896551723,0.5454545454545454,0.011034482758620689,0.5194805194805194,0.016275862068965516,0.7662337662337663,0.016,0.7532467532467533,0.008275862068965517,0.38961038961038963,0.014344827586206896,0.6753246753246753,0.012689655172413793,0.5974025974025974,0.010758620689655173,0.5064935064935064,0.003586206896551724,0.16883116883116883,0.008,0.37662337662337664,0.006896551724137931,0.3246753246753247,0.010758620689655173,0.5064935064935064
55,0.004062838569880823,0.19480519480519481,0.008396533044420368,0.4025974025974026,0.020585048754062838,0.987012987012987,0.020585048754062838,0.987012987012987,0.012730227518959913,0.6103896103896104,0.0010834236186348862,0.05194805194805195,0.007313109425785482,0.35064935064935066,0.010021668472372697,0.4805194805194805,0.0138136511375948,0.6623376623376623,0.008396533044420368,0.4025974025974026,0.0138136511375948,0.6623376623376623,0.0010834236186348862,0.05194805194805195,0.007583965330444204,0.36363636363636365,0.007583965330444204,0.36363636363636365,0.020585048754062838,0.987012987012987,0.020585048754062838,0.987012987012987,0.014897074756229686,0.7142857142857143,0.008396533044420368,0.4025974025974026,0.010834236186348862,0.5194805194805194,0.011917659804983749,0.5714285714285714,0.013001083423618635,0.6233766233766234,0.007313109425785482,0.35064935064935066,0.013001083423618635,0.6233766233766234,0.01056338028169014,0.5064935064935064,0.004333694474539545,0.2077922077922078,0.004333694474539545,0.2077922077922078,0.020585048754062838,0.987012987012987,0.020585048754062838,0.987012987012987,0.010834236186348862,0.5194805194805194,0.0065005417118093175,0.3116883116883117,0.008396533044420368,0.4025974025974026,0.005687973997833153,0.2727272727272727,0.0010834236186348862,0.05194805194805195,0.004333694474539545,0.2077922077922078,0.01056338028169014,0.5064935064935064,0.004062838569880823,0.19480519480519481,0.008125677139761646,0.38961038961038963,0.007854821235102925,0.37662337662337664,0.020585048754062838,0.987012987012987,0.020585048754062838,0.987012987012987,0.007313109425785482,0.35064935064935066,0.007313109425785482,0.35064935064935066,0.011375947995666305,0.5454545454545454,0.008938244853737811,0.42857142857142855,0.009479956663055254,0.45454545454545453,0.008125677139761646,0.38961038961038963,0.009479956663055254,0.45454545454545453,0.009209100758396533,0.44155844155844154,0.004333694474539545,0.2077922077922078,0.002437703141928494,0.11688311688311688,0.009209100758396533,0.44155844155844154,0.009479956663055254,0.45454545454545453,0.010834236186348862,0.5194805194805194,0.0065005417118093175,0.3116883116883117,0.00866738894907909,0.4155844155844156,0.0032502708559046588,0.15584415584415584,0.008938244853737811,0.42857142857142855,0.002437703141928494,0.11688311688311688,0.008938244853737811,0.42857142857142855,0.0008125677139761647,0.03896103896103896,0.006771397616468039,0.3246753246753247,0.006771397616468039,0.3246753246753247,0.009209100758396533,0.44155844155844154,0.009479956663055254,0.45454545454545453,0.014355362946912243,0.6883116883116883,0.008396533044420368,0.4025974025974026,0.011105092091007584,0.5324675324675324,0.016793066088840736,0.8051948051948052,0.01218851570964247,0.5844155844155844,0.007313109425785482,0.35064935064935066,0.010021668472372697,0.4805194805194805,0.010021668472372697,0.4805194805194805,0.011917659804983749,0.5714285714285714,0.011375947995666305,0.5454545454545454,0.015980498374864573,0.7662337662337663,0.015980498374864573,0.7662337662337663,0.015980498374864573,0.7662337662337663,0.0138136511375948,0.6623376623376623,0.013271939328277357,0.6363636363636364,0.010021668472372697,0.4805194805194805,0.003791982665222102,0.18181818181818182,0.008396533044420368,0.4025974025974026,0.006771397616468039,0.3246753246753247,0.013001083423618635,0.6233766233766234,0.011646803900325027,0.5584415584415584,0.010834236186348862,0.5194805194805194,0.015980498374864573,0.7662337662337663,0.015980498374864573,0.7662337662337663,0.008125677139761646,0.38961038961038963,0.014084507042253521,0.6753246753246753,0.012730227518959913,0.6103896103896104,0.01056338028169014,0.5064935064935064,0.004062838569880823,0.19480519480519481,0.008125677139761646,0.38961038961038963,0.006771397616468039,0.3246753246753247,0.01056338028169014,0.5064935064935064
56,0.0039904229848363925,0.19480519480519481,0.008246874168661877,0.4025974025974026,0.020218143123171058,0.987012987012987,0.020218143123171058,0.987012987012987,0.012503325352487363,0.6103896103896104,0.0010641127959563714,0.05194805194805195,0.009577015163607342,0.4675324675324675,0.010109071561585529,0.4935064935064935,0.013833466347432828,0.6753246753246753,0.008246874168661877,0.4025974025974026,0.013567438148443736,0.6623376623376623,0.0023942537909018356,0.11688311688311688,0.0074487895716946,0.36363636363636365,0.0074487895716946,0.36363636363636365,0.020218143123171058,0.987012987012987,0.020218143123171058,0.987012987012987,0.014631550944400107,0.7142857142857143,0.008512902367650971,0.4155844155844156,0.010641127959563713,0.5194805194805194,0.01223729715349827,0.5974025974025974,0.01303538175046555,0.6363636363636364,0.0074487895716946,0.36363636363636365,0.013833466347432828,0.6753246753246753,0.010375099760574621,0.5064935064935064,0.004522479382814578,0.22077922077922077,0.004522479382814578,0.22077922077922077,0.020218143123171058,0.987012987012987,0.020218143123171058,0.987012987012987,0.010907156158552806,0.5324675324675324,0.010109071561585529,0.4935064935064935,0.009044958765629156,0.44155844155844154,0.007714817770683693,0.37662337662337664,0.0010641127959563714,0.05194805194805195,0.004522479382814578,0.22077922077922077,0.010375099760574621,0.5064935064935064,0.007980845969672785,0.38961038961038963,0.007980845969672785,0.38961038961038963,0.007980845969672785,0.38961038961038963,0.020218143123171058,0.987012987012987,0.020218143123171058,0.987012987012987,0.0074487895716946,0.36363636363636365,0.0074487895716946,0.36363636363636365,0.0111731843575419,0.5454545454545454,0.00931098696461825,0.45454545454545453,0.00931098696461825,0.45454545454545453,0.007980845969672785,0.38961038961038963,0.009577015163607342,0.4675324675324675,0.00931098696461825,0.45454545454545453,0.004256451183825486,0.2077922077922078,0.0026602819898909284,0.12987012987012986,0.009044958765629156,0.44155844155844154,0.00931098696461825,0.45454545454545453,0.010907156158552806,0.5324675324675324,0.010375099760574621,0.5064935064935064,0.009577015163607342,0.4675324675324675,0.005320563979781857,0.2597402597402597,0.00931098696461825,0.45454545454545453,0.0026602819898909284,0.12987012987012986,0.009044958765629156,0.44155844155844154,0.002128225591912743,0.1038961038961039,0.006916733173716414,0.33766233766233766,0.006916733173716414,0.33766233766233766,0.009044958765629156,0.44155844155844154,0.00931098696461825,0.45454545454545453,0.01409949454642192,0.6883116883116883,0.008778930566640064,0.42857142857142855,0.0111731843575419,0.5454545454545454,0.017025804735301943,0.8311688311688312,0.012769353551476457,0.6233766233766234,0.007714817770683693,0.37662337662337664,0.010109071561585529,0.4935064935064935,0.010375099760574621,0.5064935064935064,0.011971268954509178,0.5844155844155844,0.0111731843575419,0.5454545454545454,0.01596169193934557,0.7792207792207793,0.01596169193934557,0.7792207792207793,0.015695663740356476,0.7662337662337663,0.013833466347432828,0.6753246753246753,0.01303538175046555,0.6363636363636364,0.010109071561585529,0.4935064935064935,0.004256451183825486,0.2077922077922078,0.008246874168661877,0.4025974025974026,0.006650704974727321,0.3246753246753247,0.012769353551476457,0.6233766233766234,0.011705240755520084,0.5714285714285714,0.011439212556530992,0.5584415584415584,0.01596169193934557,0.7792207792207793,0.01596169193934557,0.7792207792207793,0.008246874168661877,0.4025974025974026,0.014365522745411013,0.7012987012987013,0.012769353551476457,0.6233766233766234,0.010907156158552806,0.5324675324675324,0.004256451183825486,0.2077922077922078,0.008246874168661877,0.4025974025974026,0.006650704974727321,0.3246753246753247,0.010907156158552806,0.5324675324675324
57,0.003920543648719289,0.19480519480519481,0.008625196027182437,0.42857142857142855,0.01986408782017773,0.987012987012987,0.01986408782017773,0.987012987012987,0.012545739675901725,0.6233766233766234,0.0010454783063251437,0.05194805194805195,0.009932043910088865,0.4935064935064935,0.009932043910088865,0.4935064935064935,0.013591217982226868,0.6753246753246753,0.00836382645060115,0.4155844155844156,0.013329848405645583,0.6623376623376623,0.0031364349189754314,0.15584415584415584,0.008102456874019864,0.4025974025974026,0.008102456874019864,0.4025974025974026,0.01986408782017773,0.987012987012987,0.01986408782017773,0.987012987012987,0.014375326711970726,0.7142857142857143,0.00836382645060115,0.4155844155844156,0.010716152639832723,0.5324675324675324,0.012023000522739153,0.5974025974025974,0.01280710925248301,0.6363636363636364,0.007841087297438577,0.38961038961038963,0.013591217982226868,0.6753246753246753,0.010193413486670152,0.5064935064935064,0.004443282801881861,0.22077922077922077,0.004443282801881861,0.22077922077922077,0.01986408782017773,0.987012987012987,0.01986408782017773,0.987012987012987,0.010716152639832723,0.5324675324675324,0.010193413486670152,0.5064935064935064,0.008886565603763722,0.44155844155844154,0.010193413486670152,0.5064935064935064,0.0010454783063251437,0.05194805194805195,0.004443282801881861,0.22077922077922077,0.010193413486670152,0.5064935064935064,0.00967067433350758,0.4805194805194805,0.007841087297438577,0.38961038961038963,0.007841087297438577,0.38961038961038963,0.01986408782017773,0.987012987012987,0.01986408782017773,0.987012987012987,0.007318348144276007,0.36363636363636365,0.007841087297438577,0.38961038961038963,0.011238891792995295,0.5584415584415584,0.009409304756926294,0.4675324675324675,0.009147935180345007,0.45454545454545453,0.007841087297438577,0.38961038961038963,0.00967067433350758,0.4805194805194805,0.009147935180345007,0.45454545454545453,0.004181913225300575,0.2077922077922078,0.0026136957658128594,0.12987012987012986,0.009147935180345007,0.45454545454545453,0.009409304756926294,0.4675324675324675,0.010716152639832723,0.5324675324675324,0.010193413486670152,0.5064935064935064,0.00967067433350758,0.4805194805194805,0.005488761108207005,0.2727272727272727,0.009147935180345007,0.45454545454545453,0.0031364349189754314,0.15584415584415584,0.009147935180345007,0.45454545454545453,0.003397804495556717,0.16883116883116883,0.007318348144276007,0.36363636363636365,0.007318348144276007,0.36363636363636365,0.009147935180345007,0.45454545454545453,0.009409304756926294,0.4675324675324675,0.014113957135389441,0.7012987012987013,0.008625196027182437,0.42857142857142855,0.011238891792995295,0.5584415584415584,0.0167276529012023,0.8311688311688312,0.012545739675901725,0.6233766233766234,0.007579717720857292,0.37662337662337664,0.009932043910088865,0.4935064935064935,0.010454783063251438,0.5194805194805194,0.011761630946157868,0.5844155844155844,0.01097752221641401,0.5454545454545454,0.015682174594877155,0.7792207792207793,0.015682174594877155,0.7792207792207793,0.015682174594877155,0.7792207792207793,0.013591217982226868,0.6753246753246753,0.013068478829064296,0.6493506493506493,0.009932043910088865,0.4935064935064935,0.004181913225300575,0.2077922077922078,0.008102456874019864,0.4025974025974026,0.006534239414532148,0.3246753246753247,0.012545739675901725,0.6233766233766234,0.01150026136957658,0.5714285714285714,0.011238891792995295,0.5584415584415584,0.015682174594877155,0.7792207792207793,0.015682174594877155,0.7792207792207793,0.008102456874019864,0.4025974025974026,0.014375326711970726,0.7142857142857143,0.012545739675901725,0.6233766233766234,0.010716152639832723,0.5324675324675324,0.004181913225300575,0.2077922077922078,0.008102456874019864,0.4025974025974026,0.006534239414532148,0.3246753246753247,0.01097752221641401,0.5454545454545454
58,0.003852080123266564,0.19480519480519481,0.01027221366204417,0.5194805194805194,0.019517205957883924,0.987012987012987,0.019517205957883924,0.987012987012987,0.012326656394453005,0.6233766233766234,0.0012840267077555213,0.06493506493506493,0.009758602978941962,0.4935064935064935,0.009758602978941962,0.4935064935064935,0.01335387776065742,0.6753246753246753,0.01027221366204417,0.5194805194805194,0.013610683102208527,0.6883116883116883,0.003852080123266564,0.19480519480519481,0.007960965588084233,0.4025974025974026,0.007960965588084233,0.4025974025974026,0.019517205957883924,0.987012987012987,0.019517205957883924,0.987012987012987,0.014381099126861838,0.7272727272727273,0.008731381612737545,0.44155844155844154,0.010529019003595274,0.5324675324675324,0.012583461736004109,0.6363636363636364,0.012583461736004109,0.6363636363636364,0.007960965588084233,0.4025974025974026,0.01335387776065742,0.6753246753246753,0.010015408320493066,0.5064935064935064,0.004622496147919877,0.23376623376623376,0.004622496147919877,0.23376623376623376,0.019517205957883924,0.987012987012987,0.019517205957883924,0.987012987012987,0.010529019003595274,0.5324675324675324,0.010015408320493066,0.5064935064935064,0.008731381612737545,0.44155844155844154,0.01027221366204417,0.5194805194805194,0.0025680534155110425,0.12987012987012986,0.004622496147919877,0.23376623376623376,0.010015408320493066,0.5064935064935064,0.009758602978941962,0.4935064935064935,0.007960965588084233,0.4025974025974026,0.007960965588084233,0.4025974025974026,0.019517205957883924,0.987012987012987,0.019517205957883924,0.987012987012987,0.007704160246533128,0.38961038961038963,0.00847457627118644,0.42857142857142855,0.011299435028248588,0.5714285714285714,0.009501797637390858,0.4805194805194805,0.008988186954288649,0.45454545454545453,0.007960965588084233,0.4025974025974026,0.009758602978941962,0.4935064935064935,0.009244992295839754,0.4675324675324675,0.004365690806368772,0.22077922077922077,0.0025680534155110425,0.12987012987012986,0.009501797637390858,0.4805194805194805,0.010015408320493066,0.5064935064935064,0.01078582434514638,0.5454545454545454,0.01027221366204417,0.5194805194805194,0.009501797637390858,0.4805194805194805,0.00539291217257319,0.2727272727272727,0.009244992295839754,0.4675324675324675,0.0030816640986132513,0.15584415584415584,0.009244992295839754,0.4675324675324675,0.004365690806368772,0.22077922077922077,0.007447354904982024,0.37662337662337664,0.007447354904982024,0.37662337662337664,0.009501797637390858,0.4805194805194805,0.010015408320493066,0.5064935064935064,0.01386748844375963,0.7012987012987013,0.008731381612737545,0.44155844155844154,0.011042629686697484,0.5584415584415584,0.016435541859270673,0.8311688311688312,0.012326656394453005,0.6233766233766234,0.007704160246533128,0.38961038961038963,0.009758602978941962,0.4935064935064935,0.01078582434514638,0.5454545454545454,0.011556240369799691,0.5844155844155844,0.011299435028248588,0.5714285714285714,0.015408320493066256,0.7792207792207793,0.015408320493066256,0.7792207792207793,0.015408320493066256,0.7792207792207793,0.013610683102208527,0.6883116883116883,0.012840267077555213,0.6493506493506493,0.009758602978941962,0.4935064935064935,0.005136106831022085,0.2597402597402597,0.008217770929635337,0.4155844155844156,0.0064201335387776065,0.3246753246753247,0.012840267077555213,0.6493506493506493,0.011556240369799691,0.5844155844155844,0.011299435028248588,0.5714285714285714,0.015408320493066256,0.7792207792207793,0.015408320493066256,0.7792207792207793,0.008217770929635337,0.4155844155844156,0.014381099126861838,0.7272727272727273,0.012583461736004109,0.6363636363636364,0.010529019003595274,0.5324675324675324,0.004879301489470981,0.24675324675324675,0.007960965588084233,0.4025974025974026,0.0064201335387776065,0.3246753246753247,0.011299435028248588,0.5714285714285714
59,0.004039383993940924,0.2077922077922078,0.01009845998485231,0.5194805194805194,0.01918707397121939,0.987012987012987,0.01918707397121939,0.987012987012987,0.01237061348144408,0.6363636363636364,0.0022721534965917697,0.11688311688311688,0.009593536985609694,0.4935064935064935,0.009845998485231003,0.5064935064935064,0.01338045947992931,0.6883116883116883,0.01009845998485231,0.5194805194805194,0.01363292097955062,0.7012987012987013,0.0037869224943196163,0.19480519480519481,0.008331229487503155,0.42857142857142855,0.008331229487503155,0.42857142857142855,0.01918707397121939,0.987012987012987,0.01918707397121939,0.987012987012987,0.014390305478414541,0.7402597402597403,0.008583690987124463,0.44155844155844154,0.010350921484473618,0.5324675324675324,0.012623074981065387,0.6493506493506493,0.012623074981065387,0.6493506493506493,0.008331229487503155,0.42857142857142855,0.01338045947992931,0.6883116883116883,0.010350921484473618,0.5324675324675324,0.0045443069931835394,0.23376623376623376,0.0045443069931835394,0.23376623376623376,0.01918707397121939,0.987012987012987,0.01918707397121939,0.987012987012987,0.010603382984094925,0.5454545454545454,0.009845998485231003,0.5064935064935064,0.008836152486745772,0.45454545454545453,0.01009845998485231,0.5194805194805194,0.0025246149962130774,0.12987012987012986,0.0045443069931835394,0.23376623376623376,0.009845998485231003,0.5064935064935064,0.009593536985609694,0.4935064935064935,0.008078767987881848,0.4155844155844156,0.008078767987881848,0.4155844155844156,0.01918707397121939,0.987012987012987,0.01918707397121939,0.987012987012987,0.007573844988639233,0.38961038961038963,0.008331229487503155,0.42857142857142855,0.01110830598333754,0.5714285714285714,0.009845998485231003,0.5064935064935064,0.009088613986367079,0.4675324675324675,0.008078767987881848,0.4155844155844156,0.009593536985609694,0.4935064935064935,0.009341075485988387,0.4805194805194805,0.004291845493562232,0.22077922077922077,0.002777076495834385,0.14285714285714285,0.01009845998485231,0.5194805194805194,0.01009845998485231,0.5194805194805194,0.01110830598333754,0.5714285714285714,0.01009845998485231,0.5194805194805194,0.009341075485988387,0.4805194805194805,0.0053016914920474625,0.2727272727272727,0.009341075485988387,0.4805194805194805,0.003281999495077001,0.16883116883116883,0.009088613986367079,0.4675324675324675,0.004291845493562232,0.22077922077922077,0.007573844988639233,0.38961038961038963,0.007573844988639233,0.38961038961038963,0.01009845998485231,0.5194805194805194,0.01009845998485231,0.5194805194805194,0.01363292097955062,0.7012987012987013,0.008583690987124463,0.44155844155844154,0.01110830598333754,0.5714285714285714,0.016157535975763696,0.8311688311688312,0.01237061348144408,0.6363636363636364,0.008078767987881848,0.4155844155844156,0.009845998485231003,0.5064935064935064,0.010603382984094925,0.5454545454545454,0.011360767482958849,0.5844155844155844,0.011613228982580156,0.5974025974025974,0.015147689977278465,0.7792207792207793,0.015147689977278465,0.7792207792207793,0.01565261297652108,0.8051948051948052,0.01338045947992931,0.6883116883116883,0.012875536480686695,0.6623376623376623,0.009593536985609694,0.4935064935064935,0.0053016914920474625,0.2727272727272727,0.008583690987124463,0.44155844155844154,0.006563998990154002,0.33766233766233766,0.012875536480686695,0.6623376623376623,0.011360767482958849,0.5844155844155844,0.011360767482958849,0.5844155844155844,0.015147689977278465,0.7792207792207793,0.015147689977278465,0.7792207792207793,0.008078767987881848,0.4155844155844156,0.014390305478414541,0.7402597402597403,0.012623074981065387,0.6493506493506493,0.010603382984094925,0.5454545454545454,0.0053016914920474625,0.2727272727272727,0.009088613986367079,0.4675324675324675,0.006563998990154002,0.33766233766233766,0.01110830598333754,0.5714285714285714
60,0.003972194637537239,0.2077922077922078,0.009930486593843098,0.5194805194805194,0.018867924528301886,0.987012987012987,0.018867924528301886,0.987012987012987,0.01266137040714995,0.6623376623376623,0.0022343594836146973,0.11688311688311688,0.009930486593843098,0.5194805194805194,0.010178748758689175,0.5324675324675324,0.013406156901688183,0.7012987012987013,0.009930486593843098,0.5194805194805194,0.01365441906653426,0.7142857142857143,0.004468718967229395,0.23376623376623376,0.008440913604766634,0.44155844155844154,0.008440913604766634,0.44155844155844154,0.018867924528301886,0.987012987012987,0.018867924528301886,0.987012987012987,0.014150943396226415,0.7402597402597403,0.00868917576961271,0.45454545454545453,0.010178748758689175,0.5324675324675324,0.012413108242303872,0.6493506493506493,0.01266137040714995,0.6623376623376623,0.008440913604766634,0.44155844155844154,0.013406156901688183,0.7012987012987013,0.010178748758689175,0.5324675324675324,0.0067030784508440916,0.35064935064935066,0.0067030784508440916,0.35064935064935066,0.018867924528301886,0.987012987012987,0.018867924528301886,0.987012987012987,0.01067527308838133,0.5584415584415584,0.009930486593843098,0.5194805194805194,0.009433962264150943,0.4935064935064935,0.009930486593843098,0.5194805194805194,0.003475670307845084,0.18181818181818182,0.0067030784508440916,0.35064935064935066,0.010923535253227408,0.5714285714285714,0.009682224428997022,0.5064935064935064,0.008440913604766634,0.44155844155844154,0.00893743793445879,0.4675324675324675,0.018867924528301886,0.987012987012987,0.018867924528301886,0.987012987012987,0.007944389275074478,0.4155844155844156,0.008192651439920555,0.42857142857142855,0.011171797418073486,0.5844155844155844,0.009930486593843098,0.5194805194805194,0.009682224428997022,0.5064935064935064,0.008440913604766634,0.44155844155844154,0.009682224428997022,0.5064935064935064,0.009682224428997022,0.5064935064935064,0.004220456802383317,0.22077922077922077,0.002730883813306852,0.14285714285714285,0.009930486593843098,0.5194805194805194,0.009930486593843098,0.5194805194805194,0.010923535253227408,0.5714285714285714,0.009930486593843098,0.5194805194805194,0.009433962264150943,0.4935064935064935,0.005213505461767627,0.2727272727272727,0.009185700099304866,0.4805194805194805,0.003227408142999007,0.16883116883116883,0.009185700099304866,0.4805194805194805,0.005213505461767627,0.2727272727272727,0.007696127110228402,0.4025974025974026,0.007696127110228402,0.4025974025974026,0.009930486593843098,0.5194805194805194,0.009930486593843098,0.5194805194805194,0.013902681231380337,0.7272727272727273,0.00868917576961271,0.45454545454545453,0.011171797418073486,0.5844155844155844,0.015888778550148957,0.8311688311688312,0.01266137040714995,0.6623376623376623,0.007944389275074478,0.4155844155844156,0.010178748758689175,0.5324675324675324,0.010427010923535254,0.5454545454545454,0.011171797418073486,0.5844155844155844,0.011420059582919563,0.5974025974025974,0.014895729890764648,0.7792207792207793,0.014895729890764648,0.7792207792207793,0.015392254220456803,0.8051948051948052,0.013157894736842105,0.6883116883116883,0.012909632571996028,0.6753246753246753,0.009930486593843098,0.5194805194805194,0.005213505461767627,0.2727272727272727,0.009185700099304866,0.4805194805194805,0.006951340615690168,0.36363636363636365,0.012909632571996028,0.6753246753246753,0.011420059582919563,0.5974025974025974,0.011420059582919563,0.5974025974025974,0.014895729890764648,0.7792207792207793,0.014895729890764648,0.7792207792207793,0.007944389275074478,0.4155844155844156,0.014150943396226415,0.7402597402597403,0.012413108242303872,0.6493506493506493,0.01067527308838133,0.5584415584415584,0.005213505461767627,0.2727272727272727,0.009185700099304866,0.4805194805194805,0.006951340615690168,0.36363636363636365,0.011171797418073486,0.5844155844155844
61,0.003907203907203907,0.2077922077922078,0.009768009768009768,0.5194805194805194,0.01855921855921856,0.987012987012987,0.01855921855921856,0.987012987012987,0.012698412698412698,0.6753246753246753,0.0031746031746031746,0.16883116883116883,0.009768009768009768,0.5194805194805194,0.010012210012210013,0.5324675324675324,0.013186813186813187,0.7012987012987013,0.009768009768009768,0.5194805194805194,0.013431013431013432,0.7142857142857143,0.005128205128205128,0.2727272727272727,0.008791208791208791,0.4675324675324675,0.008791208791208791,0.4675324675324675,0.01855921855921856,0.987012987012987,0.01855921855921856,0.987012987012987,0.014163614163614164,0.7532467532467533,0.008547008547008548,0.45454545454545453,0.010256410256410256,0.5454545454545454,0.012698412698412698,0.6753246753246753,0.012454212454212455,0.6623376623376623,0.008791208791208791,0.4675324675324675,0.013431013431013432,0.7142857142857143,0.010256410256410256,0.5454545454545454,0.00927960927960928,0.4935064935064935,0.00927960927960928,0.4935064935064935,0.01855921855921856,0.987012987012987,0.01855921855921856,0.987012987012987,0.01098901098901099,0.5844155844155844,0.009768009768009768,0.5194805194805194,0.009523809523809525,0.5064935064935064,0.009768009768009768,0.5194805194805194,0.004395604395604396,0.23376623376623376,0.00927960927960928,0.4935064935064935,0.014163614163614164,0.7532467532467533,0.009768009768009768,0.5194805194805194,0.008791208791208791,0.4675324675324675,0.008791208791208791,0.4675324675324675,0.01855921855921856,0.987012987012987,0.01855921855921856,0.987012987012987,0.008302808302808303,0.44155844155844154,0.008547008547008548,0.45454545454545453,0.01098901098901099,0.5844155844155844,0.010256410256410256,0.5454545454545454,0.009523809523809525,0.5064935064935064,0.008302808302808303,0.44155844155844154,0.010256410256410256,0.5454545454545454,0.009523809523809525,0.5064935064935064,0.00463980463980464,0.24675324675324675,0.002686202686202686,0.14285714285714285,0.009768009768009768,0.5194805194805194,0.009768009768009768,0.5194805194805194,0.011233211233211233,0.5974025974025974,0.009768009768009768,0.5194805194805194,0.009768009768009768,0.5194805194805194,0.005372405372405372,0.2857142857142857,0.009035409035409036,0.4805194805194805,0.0031746031746031746,0.16883116883116883,0.009035409035409036,0.4805194805194805,0.005128205128205128,0.2727272727272727,0.00757020757020757,0.4025974025974026,0.00757020757020757,0.4025974025974026,0.009768009768009768,0.5194805194805194,0.009768009768009768,0.5194805194805194,0.013675213675213675,0.7272727272727273,0.008547008547008548,0.45454545454545453,0.011233211233211233,0.5974025974025974,0.01562881562881563,0.8311688311688312,0.012698412698412698,0.6753246753246753,0.007814407814407814,0.4155844155844156,0.010744810744810745,0.5714285714285714,0.010500610500610501,0.5584415584415584,0.01098901098901099,0.5844155844155844,0.011477411477411478,0.6103896103896104,0.014896214896214897,0.7922077922077922,0.014896214896214897,0.7922077922077922,0.01514041514041514,0.8051948051948052,0.013186813186813187,0.7012987012987013,0.012942612942612943,0.6883116883116883,0.010012210012210013,0.5324675324675324,0.005128205128205128,0.2727272727272727,0.00927960927960928,0.4935064935064935,0.006837606837606838,0.36363636363636365,0.013186813186813187,0.7012987012987013,0.011233211233211233,0.5974025974025974,0.011233211233211233,0.5974025974025974,0.014896214896214897,0.7922077922077922,0.014896214896214897,0.7922077922077922,0.00805860805860806,0.42857142857142855,0.014163614163614164,0.7532467532467533,0.012454212454212455,0.6623376623376623,0.010744810744810745,0.5714285714285714,0.005128205128205128,0.2727272727272727,0.00927960927960928,0.4935064935064935,0.006837606837606838,0.36363636363636365,0.011233211233211233,0.5974025974025974
62,0.007928880345987505,0.42857142857142855,0.009610764055742432,0.5194805194805194,0.01826045170591062,0.987012987012987,0.01826045170591062,0.987012987012987,0.012734262373858721,0.6883116883116883,0.0031234983181162904,0.16883116883116883,0.009610764055742432,0.5194805194805194,0.009851033157135992,0.5324675324675324,0.012974531475252283,0.7012987012987013,0.009610764055742432,0.5194805194805194,0.013214800576645843,0.7142857142857143,0.005045651129264777,0.2727272727272727,0.008649687650168188,0.4675324675324675,0.008649687650168188,0.4675324675324675,0.01826045170591062,0.987012987012987,0.01826045170591062,0.987012987012987,0.014416146083613647,0.7792207792207793,0.00888995675156175,0.4805194805194805,0.010331571359923113,0.5584415584415584,0.013695338779432966,0.7402597402597403,0.0122537241710716,0.6623376623376623,0.008649687650168188,0.4675324675324675,0.013214800576645843,0.7142857142857143,0.010091302258529554,0.5454545454545454,0.009610764055742432,0.5194805194805194,0.009610764055742432,0.5194805194805194,0.01826045170591062,0.987012987012987,0.01826045170591062,0.987012987012987,0.011052378664103796,0.5974025974025974,0.009610764055742432,0.5194805194805194,0.009610764055742432,0.5194805194805194,0.009610764055742432,0.5194805194805194,0.004324843825084094,0.23376623376623376,0.009610764055742432,0.5194805194805194,0.014656415185007208,0.7922077922077922,0.009610764055742432,0.5194805194805194,0.00888995675156175,0.4805194805194805,0.00913022585295531,0.4935064935064935,0.01826045170591062,0.987012987012987,0.01826045170591062,0.987012987012987,0.008409418548774628,0.45454545454545453,0.008649687650168188,0.4675324675324675,0.011052378664103796,0.5974025974025974,0.010091302258529554,0.5454545454545454,0.00937049495434887,0.5064935064935064,0.00913022585295531,0.4935064935064935,0.010331571359923113,0.5584415584415584,0.00937049495434887,0.5064935064935064,0.008169149447381067,0.44155844155844154,0.0038443056222969728,0.2077922077922078,0.009610764055742432,0.5194805194805194,0.009610764055742432,0.5194805194805194,0.011052378664103796,0.5974025974025974,0.009610764055742432,0.5194805194805194,0.009610764055742432,0.5194805194805194,0.005285920230658337,0.2857142857142857,0.00937049495434887,0.5064935064935064,0.004805382027871216,0.2597402597402597,0.00913022585295531,0.4935064935064935,0.005285920230658337,0.2857142857142857,0.008169149447381067,0.44155844155844154,0.008169149447381067,0.44155844155844154,0.009610764055742432,0.5194805194805194,0.009610764055742432,0.5194805194805194,0.013695338779432966,0.7402597402597403,0.008649687650168188,0.4675324675324675,0.011052378664103796,0.5974025974025974,0.015377222489187891,0.8311688311688312,0.012734262373858721,0.6883116883116883,0.008409418548774628,0.45454545454545453,0.010571840461316675,0.5714285714285714,0.010571840461316675,0.5714285714285714,0.010812109562710235,0.5844155844155844,0.011292647765497358,0.6103896103896104,0.014656415185007208,0.7922077922077922,0.014656415185007208,0.7922077922077922,0.014896684286400768,0.8051948051948052,0.012974531475252283,0.7012987012987013,0.012974531475252283,0.7012987012987013,0.010091302258529554,0.5454545454545454,0.005045651129264777,0.2727272727272727,0.00913022585295531,0.4935064935064935,0.006967803940413263,0.37662337662337664,0.012974531475252283,0.7012987012987013,0.011052378664103796,0.5974025974025974,0.011292647765497358,0.6103896103896104,0.014656415185007208,0.7922077922077922,0.014656415185007208,0.7922077922077922,0.007928880345987505,0.42857142857142855,0.014175876982220087,0.7662337662337663,0.0122537241710716,0.6623376623376623,0.010812109562710235,0.5844155844155844,0.005045651129264777,0.2727272727272727,0.00913022585295531,0.4935064935064935,0.006967803940413263,0.37662337662337664,0.011052378664103796,0.5974025974025974
63,0.008985575786237881,0.4935064935064935,0.009458500827618822,0.5194805194805194,0.017971151572475762,0.987012987012987,0.017971151572475762,0.987012987012987,0.013241901158666351,0.7272727272727273,0.0030740127689761173,0.16883116883116883,0.009458500827618822,0.5194805194805194,0.009694963348309294,0.5324675324675324,0.01276897611728541,0.7012987012987013,0.009458500827618822,0.5194805194805194,0.013005438637975882,0.7142857142857143,0.004965712934499882,0.2727272727272727,0.008985575786237881,0.4935064935064935,0.008749113265547412,0.4805194805194805,0.017971151572475762,0.987012987012987,0.017971151572475762,0.987012987012987,0.014424213762118705,0.7922077922077922,0.008985575786237881,0.4935064935064935,0.010404350910380705,0.5714285714285714,0.013478363679356823,0.7402597402597403,0.012059588555214,0.6623376623376623,0.008985575786237881,0.4935064935064935,0.013005438637975882,0.7142857142857143,0.010404350910380705,0.5714285714285714,0.009694963348309294,0.5324675324675324,0.009694963348309294,0.5324675324675324,0.017971151572475762,0.987012987012987,0.017971151572475762,0.987012987012987,0.010877275951761646,0.5974025974025974,0.009458500827618822,0.5194805194805194,0.009458500827618822,0.5194805194805194,0.009458500827618822,0.5194805194805194,0.005675100496571293,0.3116883116883117,0.009694963348309294,0.5324675324675324,0.014660676282809175,0.8051948051948052,0.009458500827618822,0.5194805194805194,0.009222038306928353,0.5064935064935064,0.009222038306928353,0.5064935064935064,0.017971151572475762,0.987012987012987,0.017971151572475762,0.987012987012987,0.008749113265547412,0.4805194805194805,0.008749113265547412,0.4805194805194805,0.010877275951761646,0.5974025974025974,0.009931425868999763,0.5454545454545454,0.009222038306928353,0.5064935064935064,0.009222038306928353,0.5064935064935064,0.010404350910380705,0.5714285714285714,0.009222038306928353,0.5064935064935064,0.008985575786237881,0.4935064935064935,0.00425632537242847,0.23376623376623376,0.009458500827618822,0.5194805194805194,0.009458500827618822,0.5194805194805194,0.012059588555214,0.6623376623376623,0.009458500827618822,0.5194805194805194,0.009458500827618822,0.5194805194805194,0.005438637975880823,0.2987012987012987,0.009694963348309294,0.5324675324675324,0.005202175455190352,0.2857142857142857,0.009458500827618822,0.5194805194805194,0.005202175455190352,0.2857142857142857,0.00827618822416647,0.45454545454545453,0.00827618822416647,0.45454545454545453,0.009458500827618822,0.5194805194805194,0.009458500827618822,0.5194805194805194,0.013951288720737764,0.7662337662337663,0.008749113265547412,0.4805194805194805,0.010877275951761646,0.5974025974025974,0.015133601324190116,0.8311688311688312,0.01253251359659494,0.6883116883116883,0.00851265074485694,0.4675324675324675,0.010877275951761646,0.5974025974025974,0.010404350910380705,0.5714285714285714,0.010877275951761646,0.5974025974025974,0.011350200993142587,0.6233766233766234,0.014660676282809175,0.8051948051948052,0.014660676282809175,0.8051948051948052,0.014897138803499646,0.8181818181818182,0.013005438637975882,0.7142857142857143,0.01276897611728541,0.7012987012987013,0.009931425868999763,0.5454545454545454,0.005202175455190352,0.2857142857142857,0.009222038306928353,0.5064935064935064,0.007093875620714117,0.38961038961038963,0.01276897611728541,0.7012987012987013,0.010877275951761646,0.5974025974025974,0.011113738472452117,0.6103896103896104,0.014660676282809175,0.8051948051948052,0.014660676282809175,0.8051948051948052,0.007803263182785528,0.42857142857142855,0.013951288720737764,0.7662337662337663,0.01276897611728541,0.7012987012987013,0.010877275951761646,0.5974025974025974,0.005202175455190352,0.2857142857142857,0.009222038306928353,0.5064935064935064,0.007330338141404587,0.4025974025974026,0.010877275951761646,0.5974025974025974
64,0.008845437616387336,0.4935064935064935,0.00931098696461825,0.5194805194805194,0.017690875232774673,0.987012987012987,0.017690875232774673,0.987012987012987,0.01303538175046555,0.7272727272727273,0.003026070763500931,0.16883116883116883,0.00931098696461825,0.5194805194805194,0.009543761638733706,0.5324675324675324,0.012569832402234637,0.7012987012987013,0.00931098696461825,0.5194805194805194,0.012802607076350093,0.7142857142857143,0.006750465549348231,0.37662337662337664,0.00931098696461825,0.5194805194805194,0.009543761638733706,0.5324675324675324,0.017690875232774673,0.987012987012987,0.017690875232774673,0.987012987012987,0.014432029795158287,0.8051948051948052,0.009078212290502794,0.5064935064935064,0.010707635009310988,0.5974025974025974,0.013268156424581005,0.7402597402597403,0.011871508379888268,0.6623376623376623,0.00931098696461825,0.5194805194805194,0.01303538175046555,0.7272727272727273,0.010242085661080074,0.5714285714285714,0.009776536312849162,0.5454545454545454,0.009776536312849162,0.5454545454545454,0.017690875232774673,0.987012987012987,0.017690875232774673,0.987012987012987,0.010940409683426444,0.6103896103896104,0.00931098696461825,0.5194805194805194,0.00931098696461825,0.5194805194805194,0.00931098696461825,0.5194805194805194,0.00558659217877095,0.3116883116883117,0.009776536312849162,0.5454545454545454,0.014432029795158287,0.8051948051948052,0.00931098696461825,0.5194805194805194,0.00931098696461825,0.5194805194805194,0.009078212290502794,0.5064935064935064,0.017690875232774673,0.987012987012987,0.017690875232774673,0.987012987012987,0.008845437616387336,0.4935064935064935,0.00931098696461825,0.5194805194805194,0.010940409683426444,0.6103896103896104,0.009776536312849162,0.5454545454545454,0.00931098696461825,0.5194805194805194,0.00931098696461825,0.5194805194805194,0.010242085661080074,0.5714285714285714,0.009078212290502794,0.5064935064935064,0.008845437616387336,0.4935064935064935,0.004422718808193668,0.24675324675324675,0.00931098696461825,0.5194805194805194,0.00931098696461825,0.5194805194805194,0.011871508379888268,0.6623376623376623,0.00931098696461825,0.5194805194805194,0.00931098696461825,0.5194805194805194,0.005353817504655494,0.2987012987012987,0.010009310986964618,0.5584415584415584,0.005121042830540037,0.2857142857142857,0.010009310986964618,0.5584415584415584,0.009078212290502794,0.5064935064935064,0.008147113594040968,0.45454545454545453,0.008147113594040968,0.45454545454545453,0.00931098696461825,0.5194805194805194,0.00931098696461825,0.5194805194805194,0.013733705772811917,0.7662337662337663,0.008845437616387336,0.4935064935064935,0.0111731843575419,0.6233766233766234,0.015130353817504655,0.8441558441558441,0.012569832402234637,0.7012987012987013,0.00861266294227188,0.4805194805194805,0.010940409683426444,0.6103896103896104,0.01047486033519553,0.5844155844155844,0.010940409683426444,0.6103896103896104,0.0111731843575419,0.6233766233766234,0.014664804469273743,0.8181818181818182,0.014664804469273743,0.8181818181818182,0.014664804469273743,0.8181818181818182,0.012802607076350093,0.7142857142857143,0.012802607076350093,0.7142857142857143,0.010242085661080074,0.5714285714285714,0.005353817504655494,0.2987012987012987,0.009078212290502794,0.5064935064935064,0.0074487895716946,0.4155844155844156,0.012569832402234637,0.7012987012987013,0.010707635009310988,0.5974025974025974,0.0111731843575419,0.6233766233766234,0.014664804469273743,0.8181818181818182,0.014664804469273743,0.8181818181818182,0.007681564245810056,0.42857142857142855,0.013733705772811917,0.7662337662337663,0.012802607076350093,0.7142857142857143,0.010940409683426444,0.6103896103896104,0.005353817504655494,0.2987012987012987,0.009078212290502794,0.5064935064935064,0.007216014897579144,0.4025974025974026,0.010940409683426444,0.6103896103896104
65,0.00916590284142988,0.5194805194805194,0.00916590284142988,0.5194805194805194,0.017415215398716773,0.987012987012987,0.017415215398716773,0.987012987012987,0.01306141154903758,0.7402597402597403,0.0032080659945004585,0.18181818181818182,0.00916590284142988,0.5194805194805194,0.009395050412465628,0.5324675324675324,0.012832263978001834,0.7272727272727273,0.00916590284142988,0.5194805194805194,0.012832263978001834,0.7272727272727273,0.009624197983501375,0.5454545454545454,0.009624197983501375,0.5454545454545454,0.009624197983501375,0.5454545454545454,0.017415215398716773,0.987012987012987,0.017415215398716773,0.987012987012987,0.01466544454628781,0.8311688311688312,0.009395050412465628,0.5324675324675324,0.01076993583868011,0.6103896103896104,0.01306141154903758,0.7402597402597403,0.011686526122823098,0.6623376623376623,0.009624197983501375,0.5454545454545454,0.012832263978001834,0.7272727272727273,0.010540788267644362,0.5974025974025974,0.009624197983501375,0.5454545454545454,0.009624197983501375,0.5454545454545454,0.017415215398716773,0.987012987012987,0.017415215398716773,0.987012987012987,0.01076993583868011,0.6103896103896104,0.00916590284142988,0.5194805194805194,0.00916590284142988,0.5194805194805194,0.00916590284142988,0.5194805194805194,0.0057286892758936754,0.3246753246753247,0.009624197983501375,0.5454545454545454,0.014436296975252063,0.8181818181818182,0.00916590284142988,0.5194805194805194,0.009395050412465628,0.5324675324675324,0.009395050412465628,0.5324675324675324,0.017415215398716773,0.987012987012987,0.017415215398716773,0.987012987012987,0.00916590284142988,0.5194805194805194,0.00916590284142988,0.5194805194805194,0.01076993583868011,0.6103896103896104,0.009624197983501375,0.5454545454545454,0.00916590284142988,0.5194805194805194,0.009395050412465628,0.5324675324675324,0.010540788267644362,0.5974025974025974,0.00916590284142988,0.5194805194805194,0.009624197983501375,0.5454545454545454,0.00618698441796517,0.35064935064935066,0.00916590284142988,0.5194805194805194,0.00916590284142988,0.5194805194805194,0.011686526122823098,0.6623376623376623,0.00916590284142988,0.5194805194805194,0.00916590284142988,0.5194805194805194,0.008707607699358386,0.4935064935064935,0.010311640696608617,0.5844155844155844,0.006645279560036663,0.37662337662337664,0.010311640696608617,0.5844155844155844,0.01008249312557287,0.5714285714285714,0.00847846012832264,0.4805194805194805,0.00847846012832264,0.4805194805194805,0.00916590284142988,0.5194805194805194,0.00916590284142988,0.5194805194805194,0.013519706691109074,0.7662337662337663,0.008936755270394134,0.5064935064935064,0.010999083409715857,0.6233766233766234,0.015123739688359304,0.8571428571428571,0.012603116406966087,0.7142857142857143,0.00916590284142988,0.5194805194805194,0.01076993583868011,0.6103896103896104,0.010311640696608617,0.5844155844155844,0.01076993583868011,0.6103896103896104,0.010999083409715857,0.6233766233766234,0.014436296975252063,0.8181818181818182,0.014436296975252063,0.8181818181818182,0.014436296975252063,0.8181818181818182,0.01306141154903758,0.7402597402597403,0.013290559120073327,0.7532467532467533,0.010311640696608617,0.5844155844155844,0.0057286892758936754,0.3246753246753247,0.00916590284142988,0.5194805194805194,0.007332722273143905,0.4155844155844156,0.012603116406966087,0.7142857142857143,0.01076993583868011,0.6103896103896104,0.010999083409715857,0.6233766233766234,0.014436296975252063,0.8181818181818182,0.014436296975252063,0.8181818181818182,0.007561869844179652,0.42857142857142855,0.013519706691109074,0.7662337662337663,0.012603116406966087,0.7142857142857143,0.01076993583868011,0.6103896103896104,0.005499541704857928,0.3116883116883117,0.00916590284142988,0.5194805194805194,0.007332722273143905,0.4155844155844156,0.010999083409715857,0.6233766233766234
66,0.010381403746332656,0.5974025974025974,0.011509817197020988,0.6623376623376623,0.01715188445046265,0.987012987012987,0.01715188445046265,0.987012987012987,0.013089596027984653,0.7532467532467533,0.004062288422477996,0.23376623376623376,0.009027307605506657,0.5194805194805194,0.009252990295644324,0.5324675324675324,0.01263823064770932,0.7272727272727273,0.011284134506883321,0.6493506493506493,0.01263823064770932,0.7272727272727273,0.010381403746332656,0.5974025974025974,0.009704355675919657,0.5584415584415584,0.009704355675919657,0.5584415584415584,0.01715188445046265,0.987012987012987,0.01715188445046265,0.987012987012987,0.014443692168810652,0.8311688311688312,0.009252990295644324,0.5324675324675324,0.010832769126607989,0.6233766233766234,0.012863913337846988,0.7402597402597403,0.011509817197020988,0.6623376623376623,0.009704355675919657,0.5584415584415584,0.012863913337846988,0.7402597402597403,0.010381403746332656,0.5974025974025974,0.009704355675919657,0.5584415584415584,0.009704355675919657,0.5584415584415584,0.01715188445046265,0.987012987012987,0.01715188445046265,0.987012987012987,0.010607086436470323,0.6103896103896104,0.009027307605506657,0.5194805194805194,0.009027307605506657,0.5194805194805194,0.009027307605506657,0.5194805194805194,0.005642067253441661,0.3246753246753247,0.009704355675919657,0.5584415584415584,0.014218009478672985,0.8181818181818182,0.009027307605506657,0.5194805194805194,0.009252990295644324,0.5324675324675324,0.009478672985781991,0.5454545454545454,0.01715188445046265,0.987012987012987,0.01715188445046265,0.987012987012987,0.009252990295644324,0.5324675324675324,0.009252990295644324,0.5324675324675324,0.010607086436470323,0.6103896103896104,0.009478672985781991,0.5454545454545454,0.009027307605506657,0.5194805194805194,0.009252990295644324,0.5324675324675324,0.010381403746332656,0.5974025974025974,0.009027307605506657,0.5194805194805194,0.010155721056194989,0.5844155844155844,0.009704355675919657,0.5584415584415584,0.009027307605506657,0.5194805194805194,0.009252990295644324,0.5324675324675324,0.011735499887158655,0.6753246753246753,0.009027307605506657,0.5194805194805194,0.009027307605506657,0.5194805194805194,0.009704355675919657,0.5584415584415584,0.010155721056194989,0.5844155844155844,0.010155721056194989,0.5844155844155844,0.010155721056194989,0.5844155844155844,0.010381403746332656,0.5974025974025974,0.008350259535093659,0.4805194805194805,0.008350259535093659,0.4805194805194805,0.009027307605506657,0.5194805194805194,0.009252990295644324,0.5324675324675324,0.013540961408259987,0.7792207792207793,0.009478672985781991,0.5454545454545454,0.010832769126607989,0.6233766233766234,0.015120740239223652,0.8701298701298701,0.012412547957571655,0.7142857142857143,0.009252990295644324,0.5324675324675324,0.011058451816745656,0.6363636363636364,0.010607086436470323,0.6103896103896104,0.010607086436470323,0.6103896103896104,0.011058451816745656,0.6363636363636364,0.014218009478672985,0.8181818181818182,0.014443692168810652,0.8311688311688312,0.014443692168810652,0.8311688311688312,0.013540961408259987,0.7792207792207793,0.01331527871812232,0.7662337662337663,0.010155721056194989,0.5844155844155844,0.005867749943579328,0.33766233766233766,0.009027307605506657,0.5194805194805194,0.007221846084405326,0.4155844155844156,0.012863913337846988,0.7402597402597403,0.010607086436470323,0.6103896103896104,0.010832769126607989,0.6233766233766234,0.014218009478672985,0.8181818181818182,0.014443692168810652,0.8311688311688312,0.007673211464680659,0.44155844155844154,0.01331527871812232,0.7662337662337663,0.012412547957571655,0.7142857142857143,0.010607086436470323,0.6103896103896104,0.005867749943579328,0.33766233766233766,0.009027307605506657,0.5194805194805194,0.007221846084405326,0.4155844155844156,0.011058451816745656,0.6363636363636364
67,0.013561582925744775,0.7922077922077922,0.011560693641618497,0.6753246753246753,0.016896398399288574,0.987012987012987,0.016896398399288574,0.987012987012987,0.013116940862605602,0.7662337662337663,0.006891951978657181,0.4025974025974026,0.008892841262783458,0.5194805194805194,0.009337483325922631,0.5454545454545454,0.012449977767896843,0.7272727272727273,0.01133837261004891,0.6623376623376623,0.012672298799466429,0.7402597402597403,0.010226767452200978,0.5974025974025974,0.009782125389061804,0.5714285714285714,0.010004446420631391,0.5844155844155844,0.016896398399288574,0.987012987012987,0.016896398399288574,0.987012987012987,0.014450867052023121,0.8441558441558441,0.009559804357492218,0.5584415584415584,0.010893730546909737,0.6363636363636364,0.012672298799466429,0.7402597402597403,0.011560693641618497,0.6753246753246753,0.010004446420631391,0.5844155844155844,0.012672298799466429,0.7402597402597403,0.01067140951534015,0.6233766233766234,0.011783014673188083,0.6883116883116883,0.011783014673188083,0.6883116883116883,0.016896398399288574,0.987012987012987,0.016896398399288574,0.987012987012987,0.010893730546909737,0.6363636363636364,0.008892841262783458,0.5194805194805194,0.008892841262783458,0.5194805194805194,0.008892841262783458,0.5194805194805194,0.005780346820809248,0.33766233766233766,0.011783014673188083,0.6883116883116883,0.014006224988883948,0.8181818181818182,0.008892841262783458,0.5194805194805194,0.009337483325922631,0.5454545454545454,0.009337483325922631,0.5454545454545454,0.016896398399288574,0.987012987012987,0.016896398399288574,0.987012987012987,0.009115162294353045,0.5324675324675324,0.009337483325922631,0.5454545454545454,0.010893730546909737,0.6363636363636364,0.009337483325922631,0.5454545454545454,0.009115162294353045,0.5324675324675324,0.009337483325922631,0.5454545454545454,0.010449088483770564,0.6103896103896104,0.008892841262783458,0.5194805194805194,0.013561582925744775,0.7922077922077922,0.012227656736327256,0.7142857142857143,0.010226767452200978,0.5974025974025974,0.009559804357492218,0.5584415584415584,0.011783014673188083,0.6883116883116883,0.008892841262783458,0.5194805194805194,0.008892841262783458,0.5194805194805194,0.009559804357492218,0.5584415584415584,0.010004446420631391,0.5844155844155844,0.012672298799466429,0.7402597402597403,0.010004446420631391,0.5844155844155844,0.010226767452200978,0.5974025974025974,0.008448199199644287,0.4935064935064935,0.008448199199644287,0.4935064935064935,0.010226767452200978,0.5974025974025974,0.009559804357492218,0.5584415584415584,0.013339261894175189,0.7792207792207793,0.009337483325922631,0.5454545454545454,0.01067140951534015,0.6233766233766234,0.014895509115162294,0.8701298701298701,0.012227656736327256,0.7142857142857143,0.009115162294353045,0.5324675324675324,0.011116051578479324,0.6493506493506493,0.010893730546909737,0.6363636363636364,0.01067140951534015,0.6233766233766234,0.010893730546909737,0.6363636363636364,0.014673188083592708,0.8571428571428571,0.014673188083592708,0.8571428571428571,0.014228546020453535,0.8311688311688312,0.013339261894175189,0.7792207792207793,0.013339261894175189,0.7792207792207793,0.010004446420631391,0.5844155844155844,0.006002667852378835,0.35064935064935066,0.008892841262783458,0.5194805194805194,0.007114273010226767,0.4155844155844156,0.012894619831036016,0.7532467532467533,0.010449088483770564,0.6103896103896104,0.01067140951534015,0.6233766233766234,0.014673188083592708,0.8571428571428571,0.014673188083592708,0.8571428571428571,0.00755891507336594,0.44155844155844154,0.013116940862605602,0.7662337662337663,0.012227656736327256,0.7142857142857143,0.010449088483770564,0.6103896103896104,0.005780346820809248,0.33766233766233766,0.008892841262783458,0.5194805194805194,0.007336594041796354,0.42857142857142855,0.01133837261004891,0.6623376623376623
68,0.014457831325301205,0.8571428571428571,0.011610076670317633,0.6883116883116883,0.01664841182913472,0.987012987012987,0.01664841182913472,0.987012987012987,0.013362541073384446,0.7922077922077922,0.008105147864184009,0.4805194805194805,0.008762322015334063,0.5194805194805194,0.00963855421686747,0.5714285714285714,0.01248630887185104,0.7402597402597403,0.011391018619934282,0.6753246753246753,0.012705366922234392,0.7532467532467533,0.010295728368017525,0.6103896103896104,0.009857612267250822,0.5844155844155844,0.009857612267250822,0.5844155844155844,0.01664841182913472,0.987012987012987,0.01664841182913472,0.987012987012987,0.014457831325301205,0.8571428571428571,0.009419496166484118,0.5584415584415584,0.01095290251916758,0.6493506493506493,0.01248630887185104,0.7402597402597403,0.011610076670317633,0.6883116883116883,0.009857612267250822,0.5844155844155844,0.01248630887185104,0.7402597402597403,0.010733844468784228,0.6363636363636364,0.01380065717415115,0.8181818181818182,0.01380065717415115,0.8181818181818182,0.01664841182913472,0.987012987012987,0.01664841182913472,0.987012987012987,0.010733844468784228,0.6363636363636364,0.008981380065717415,0.5324675324675324,0.008762322015334063,0.5194805194805194,0.008762322015334063,0.5194805194805194,0.006790799561883899,0.4025974025974026,0.01380065717415115,0.8181818181818182,0.01380065717415115,0.8181818181818182,0.008762322015334063,0.5194805194805194,0.009200438116100766,0.5454545454545454,0.009200438116100766,0.5454545454545454,0.01664841182913472,0.987012987012987,0.01664841182913472,0.987012987012987,0.008981380065717415,0.5324675324675324,0.00963855421686747,0.5714285714285714,0.010733844468784228,0.6363636363636364,0.009200438116100766,0.5454545454545454,0.008981380065717415,0.5324675324675324,0.009200438116100766,0.5454545454545454,0.010733844468784228,0.6363636363636364,0.009200438116100766,0.5454545454545454,0.014019715224534502,0.8311688311688312,0.014019715224534502,0.8311688311688312,0.010076670317634174,0.5974025974025974,0.00963855421686747,0.5714285714285714,0.011829134720700987,0.7012987012987013,0.009200438116100766,0.5454545454545454,0.008762322015334063,0.5194805194805194,0.009419496166484118,0.5584415584415584,0.009857612267250822,0.5844155844155844,0.014457831325301205,0.8571428571428571,0.009857612267250822,0.5844155844155844,0.010076670317634174,0.5974025974025974,0.008762322015334063,0.5194805194805194,0.008762322015334063,0.5194805194805194,0.010076670317634174,0.5974025974025974,0.00963855421686747,0.5714285714285714,0.013143483023001095,0.7792207792207793,0.009200438116100766,0.5454545454545454,0.010514786418400876,0.6233766233766234,0.014676889375684557,0.8701298701298701,0.012048192771084338,0.7142857142857143,0.00963855421686747,0.5714285714285714,0.01117196056955093,0.6623376623376623,0.01095290251916758,0.6493506493506493,0.010514786418400876,0.6233766233766234,0.010733844468784228,0.6363636363636364,0.014895947426067908,0.8831168831168831,0.014895947426067908,0.8831168831168831,0.014238773274917854,0.8441558441558441,0.013143483023001095,0.7792207792207793,0.013143483023001095,0.7792207792207793,0.009857612267250822,0.5844155844155844,0.005914567360350493,0.35064935064935066,0.008981380065717415,0.5324675324675324,0.007009857612267251,0.4155844155844156,0.012705366922234392,0.7532467532467533,0.010514786418400876,0.6233766233766234,0.01095290251916758,0.6493506493506493,0.014895947426067908,0.8831168831168831,0.014895947426067908,0.8831168831168831,0.007886089813800658,0.4675324675324675,0.013143483023001095,0.7792207792207793,0.01248630887185104,0.7402597402597403,0.010514786418400876,0.6233766233766234,0.005914567360350493,0.35064935064935066,0.008762322015334063,0.5194805194805194,0.007228915662650603,0.42857142857142855,0.011610076670317633,0.6883116883116883
69,0.014248704663212436,0.8571428571428571,0.011442141623488774,0.6883116883116883,0.016407599309153715,0.987012987012987,0.016407599309153715,0.987012987012987,0.013385146804835924,0.8051948051948052,0.008635578583765112,0.5194805194805194,0.009067357512953367,0.5454545454545454,0.009715025906735751,0.5844155844155844,0.012305699481865285,0.7402597402597403,0.011226252158894647,0.6753246753246753,0.012521588946459413,0.7532467532467533,0.010578583765112263,0.6363636363636364,0.009715025906735751,0.5844155844155844,0.009715025906735751,0.5844155844155844,0.016407599309153715,0.987012987012987,0.016407599309153715,0.987012987012987,0.014248704663212436,0.8571428571428571,0.009499136442141624,0.5714285714285714,0.01079447322970639,0.6493506493506493,0.012305699481865285,0.7402597402597403,0.011442141623488774,0.6883116883116883,0.009715025906735751,0.5844155844155844,0.01273747841105354,0.7662337662337663,0.010578583765112263,0.6363636363636364,0.014032815198618308,0.8441558441558441,0.014032815198618308,0.8441558441558441,0.016407599309153715,0.987012987012987,0.016407599309153715,0.987012987012987,0.010578583765112263,0.6363636363636364,0.009283246977547496,0.5584415584415584,0.010578583765112263,0.6363636363636364,0.009499136442141624,0.5714285714285714,0.010146804835924008,0.6103896103896104,0.014032815198618308,0.8441558441558441,0.013816925734024179,0.8311688311688312,0.009067357512953367,0.5454545454545454,0.009499136442141624,0.5714285714285714,0.009283246977547496,0.5584415584415584,0.016407599309153715,0.987012987012987,0.016407599309153715,0.987012987012987,0.009067357512953367,0.5454545454545454,0.009930915371329879,0.5974025974025974,0.01079447322970639,0.6493506493506493,0.009499136442141624,0.5714285714285714,0.009499136442141624,0.5714285714285714,0.009499136442141624,0.5714285714285714,0.011010362694300517,0.6623376623376623,0.009067357512953367,0.5454545454545454,0.013816925734024179,0.8311688311688312,0.014032815198618308,0.8441558441558441,0.010362694300518135,0.6233766233766234,0.009715025906735751,0.5844155844155844,0.011658031088082901,0.7012987012987013,0.009499136442141624,0.5714285714285714,0.009283246977547496,0.5584415584415584,0.009283246977547496,0.5584415584415584,0.009930915371329879,0.5974025974025974,0.014464594127806563,0.8701298701298701,0.009930915371329879,0.5974025974025974,0.011226252158894647,0.6753246753246753,0.009499136442141624,0.5714285714285714,0.009499136442141624,0.5714285714285714,0.010362694300518135,0.6233766233766234,0.009715025906735751,0.5844155844155844,0.013385146804835924,0.8051948051948052,0.009067357512953367,0.5454545454545454,0.010578583765112263,0.6363636363636364,0.014464594127806563,0.8701298701298701,0.011873920552677029,0.7142857142857143,0.009499136442141624,0.5714285714285714,0.011442141623488774,0.6883116883116883,0.011226252158894647,0.6753246753246753,0.010362694300518135,0.6233766233766234,0.01079447322970639,0.6493506493506493,0.01468048359240069,0.8831168831168831,0.01468048359240069,0.8831168831168831,0.014032815198618308,0.8441558441558441,0.013169257340241797,0.7922077922077922,0.013169257340241797,0.7922077922077922,0.009930915371329879,0.5974025974025974,0.006260794473229706,0.37662337662337664,0.00885146804835924,0.5324675324675324,0.007340241796200345,0.44155844155844154,0.012953367875647668,0.7792207792207793,0.010578583765112263,0.6363636363636364,0.011010362694300517,0.6623376623376623,0.01468048359240069,0.8831168831168831,0.01468048359240069,0.8831168831168831,0.008203799654576857,0.4935064935064935,0.013169257340241797,0.7922077922077922,0.012521588946459413,0.7532467532467533,0.010362694300518135,0.6233766233766234,0.006044905008635579,0.36363636363636365,0.00885146804835924,0.5324675324675324,0.007340241796200345,0.44155844155844154,0.011442141623488774,0.6883116883116883
70,0.014045541604596723,0.8571428571428571,0.013832730368163439,0.8441558441558441,0.016173653968929558,0.987012987012987,0.016173653968929558,0.987012987012987,0.013619919131730156,0.8311688311688312,0.009363694403064482,0.5714285714285714,0.009576505639497766,0.5844155844155844,0.00978931687593105,0.5974025974025974,0.012343051713130453,0.7532467532467533,0.013832730368163439,0.8441558441558441,0.01276867418599702,0.7792207792207793,0.013619919131730156,0.8311688311688312,0.010002128112364332,0.6103896103896104,0.010214939348797617,0.6233766233766234,0.016173653968929558,0.987012987012987,0.016173653968929558,0.987012987012987,0.014471164077463291,0.8831168831168831,0.009576505639497766,0.5844155844155844,0.010853373058097467,0.6623376623376623,0.01213024047669717,0.7402597402597403,0.011278995530964035,0.6883116883116883,0.00978931687593105,0.5974025974025974,0.012555862949563738,0.7662337662337663,0.0104277505852309,0.6363636363636364,0.013832730368163439,0.8441558441558441,0.013832730368163439,0.8441558441558441,0.016173653968929558,0.987012987012987,0.016173653968929558,0.987012987012987,0.010640561821664184,0.6493506493506493,0.009363694403064482,0.5714285714285714,0.011066184294530752,0.6753246753246753,0.009363694403064482,0.5714285714285714,0.010002128112364332,0.6103896103896104,0.013832730368163439,0.8441558441558441,0.013619919131730156,0.8311688311688312,0.009363694403064482,0.5714285714285714,0.009576505639497766,0.5844155844155844,0.010002128112364332,0.6103896103896104,0.016173653968929558,0.987012987012987,0.016173653968929558,0.987012987012987,0.008938071930197914,0.5454545454545454,0.00978931687593105,0.5974025974025974,0.011066184294530752,0.6753246753246753,0.00978931687593105,0.5974025974025974,0.009576505639497766,0.5844155844155844,0.009576505639497766,0.5844155844155844,0.011278995530964035,0.6883116883116883,0.008938071930197914,0.5454545454545454,0.013832730368163439,0.8441558441558441,0.013832730368163439,0.8441558441558441,0.010214939348797617,0.6233766233766234,0.009576505639497766,0.5844155844155844,0.011704618003830602,0.7142857142857143,0.009363694403064482,0.5714285714285714,0.009576505639497766,0.5844155844155844,0.00978931687593105,0.5974025974025974,0.010002128112364332,0.6103896103896104,0.014258352841030006,0.8701298701298701,0.010002128112364332,0.6103896103896104,0.012343051713130453,0.7532467532467533,0.00978931687593105,0.5974025974025974,0.00978931687593105,0.5974025974025974,0.010214939348797617,0.6233766233766234,0.009576505639497766,0.5844155844155844,0.013194296658863588,0.8051948051948052,0.008938071930197914,0.5454545454545454,0.0104277505852309,0.6363636363636364,0.014258352841030006,0.8701298701298701,0.011704618003830602,0.7142857142857143,0.009576505639497766,0.5844155844155844,0.011704618003830602,0.7142857142857143,0.011066184294530752,0.6753246753246753,0.010214939348797617,0.6233766233766234,0.010853373058097467,0.6623376623376623,0.014471164077463291,0.8831168831168831,0.014471164077463291,0.8831168831168831,0.013832730368163439,0.8441558441558441,0.013194296658863588,0.8051948051948052,0.012981485422430303,0.7922077922077922,0.010214939348797617,0.6233766233766234,0.0061715258565652265,0.37662337662337664,0.008725260693764631,0.5324675324675324,0.0072355820387316454,0.44155844155844154,0.01276867418599702,0.7792207792207793,0.0104277505852309,0.6363636363636364,0.010853373058097467,0.6623376623376623,0.014471164077463291,0.8831168831168831,0.014471164077463291,0.8831168831168831,0.008086826984464779,0.4935064935064935,0.012981485422430303,0.7922077922077922,0.012555862949563738,0.7662337662337663,0.010853373058097467,0.6623376623376623,0.0061715258565652265,0.37662337662337664,0.008725260693764631,0.5324675324675324,0.0072355820387316454,0.44155844155844154,0.011704618003830602,0.7142857142857143
71,0.013848090642047839,0.8571428571428571,0.013848090642047839,0.8571428571428571,0.01594628619387327,0.987012987012987,0.01594628619387327,0.987012987012987,0.013848090642047839,0.8571428571428571,0.01049097775912715,0.6493506493506493,0.009861519093579522,0.6103896103896104,0.009861519093579522,0.6103896103896104,0.012169534200587495,0.7532467532467533,0.013848090642047839,0.8571428571428571,0.012798992866135124,0.7922077922077922,0.014477549307595467,0.8961038961038961,0.010071338648762064,0.6233766233766234,0.010071338648762064,0.6233766233766234,0.01594628619387327,0.987012987012987,0.01594628619387327,0.987012987012987,0.014267729752412925,0.8831168831168831,0.009651699538396978,0.5974025974025974,0.010910616869492237,0.6753246753246753,0.011959714645404951,0.7402597402597403,0.011120436424674779,0.6883116883116883,0.010071338648762064,0.6233766233766234,0.012379353755770038,0.7662337662337663,0.01049097775912715,0.6493506493506493,0.013638271086865297,0.8441558441558441,0.013638271086865297,0.8441558441558441,0.01594628619387327,0.987012987012987,0.01594628619387327,0.987012987012987,0.010910616869492237,0.6753246753246753,0.009651699538396978,0.5974025974025974,0.011120436424674779,0.6883116883116883,0.009441879983214435,0.5844155844155844,0.009861519093579522,0.6103896103896104,0.013638271086865297,0.8441558441558441,0.013638271086865297,0.8441558441558441,0.009232060428031893,0.5714285714285714,0.009861519093579522,0.6103896103896104,0.010071338648762064,0.6233766233766234,0.01594628619387327,0.987012987012987,0.01594628619387327,0.987012987012987,0.00902224087284935,0.5584415584415584,0.010071338648762064,0.6233766233766234,0.010910616869492237,0.6753246753246753,0.010071338648762064,0.6233766233766234,0.009861519093579522,0.6103896103896104,0.009861519093579522,0.6103896103896104,0.011540075535039865,0.7142857142857143,0.009232060428031893,0.5714285714285714,0.013638271086865297,0.8441558441558441,0.013638271086865297,0.8441558441558441,0.013638271086865297,0.8441558441558441,0.012798992866135124,0.7922077922077922,0.011540075535039865,0.7142857142857143,0.010071338648762064,0.6233766233766234,0.009441879983214435,0.5844155844155844,0.012798992866135124,0.7922077922077922,0.010071338648762064,0.6233766233766234,0.014057910197230381,0.8701298701298701,0.010071338648762064,0.6233766233766234,0.012798992866135124,0.7922077922077922,0.009861519093579522,0.6103896103896104,0.009861519093579522,0.6103896103896104,0.013638271086865297,0.8441558441558441,0.012798992866135124,0.7922077922077922,0.013008812421317666,0.8051948051948052,0.00902224087284935,0.5584415584415584,0.010700797314309694,0.6623376623376623,0.014057910197230381,0.8701298701298701,0.011540075535039865,0.7142857142857143,0.009861519093579522,0.6103896103896104,0.012169534200587495,0.7532467532467533,0.010910616869492237,0.6753246753246753,0.010281158203944608,0.6363636363636364,0.010910616869492237,0.6753246753246753,0.014267729752412925,0.8831168831168831,0.014267729752412925,0.8831168831168831,0.013848090642047839,0.8571428571428571,0.013008812421317666,0.8051948051948052,0.013008812421317666,0.8051948051948052,0.01049097775912715,0.6493506493506493,0.00629458665547629,0.38961038961038963,0.008602601762484263,0.5324675324675324,0.007343684431389006,0.45454545454545453,0.013008812421317666,0.8051948051948052,0.01049097775912715,0.6493506493506493,0.010700797314309694,0.6623376623376623,0.014267729752412925,0.8831168831168831,0.014267729752412925,0.8831168831168831,0.007973143096936634,0.4935064935064935,0.013008812421317666,0.8051948051948052,0.01258917331095258,0.7792207792207793,0.010700797314309694,0.6623376623376623,0.006084767100293748,0.37662337662337664,0.008602601762484263,0.5324675324675324,0.007343684431389006,0.45454545454545453,0.011540075535039865,0.7142857142857143
72,0.01365328920148945,0.8571428571428571,0.01365328920148945,0.8571428571428571,0.015721969383533305,0.987012987012987,0.015721969383533305,0.987012987012987,0.01365328920148945,0.8571428571428571,0.012412081092263137,0.7792207792207793,0.009722796855606123,0.6103896103896104,0.012825817128671908,0.8051948051948052,0.011998345055854365,0.7532467532467533,0.01365328920148945,0.8571428571428571,0.012618949110467521,0.7922077922077922,0.014687629292511377,0.922077922077922,0.00992966487381051,0.6233766233766234,0.00992966487381051,0.6233766233766234,0.015721969383533305,0.987012987012987,0.015721969383533305,0.987012987012987,0.014273893256102607,0.8961038961038961,0.010550268928423666,0.6623376623376623,0.01075713694662805,0.6753246753246753,0.011791477037649978,0.7402597402597403,0.011170872983036822,0.7012987012987013,0.00992966487381051,0.6233766233766234,0.01220521307405875,0.7662337662337663,0.01034340091021928,0.6493506493506493,0.013446421183285064,0.8441558441558441,0.013446421183285064,0.8441558441558441,0.015721969383533305,0.987012987012987,0.015721969383533305,0.987012987012987,0.010964004964832437,0.6883116883116883,0.011170872983036822,0.7012987012987013,0.010964004964832437,0.6883116883116883,0.009722796855606123,0.6103896103896104,0.009722796855606123,0.6103896103896104,0.013446421183285064,0.8441558441558441,0.013446421183285064,0.8441558441558441,0.009309060819197352,0.5844155844155844,0.01034340091021928,0.6493506493506493,0.00992966487381051,0.6233766233766234,0.015721969383533305,0.987012987012987,0.015721969383533305,0.987012987012987,0.00889532478278858,0.5584415584415584,0.010136532892014894,0.6363636363636364,0.011791477037649978,0.7402597402597403,0.00992966487381051,0.6233766233766234,0.00992966487381051,0.6233766233766234,0.01034340091021928,0.6493506493506493,0.011998345055854365,0.7532467532467533,0.009309060819197352,0.5844155844155844,0.013446421183285064,0.8441558441558441,0.013446421183285064,0.8441558441558441,0.01365328920148945,0.8571428571428571,0.01365328920148945,0.8571428571428571,0.011377741001241209,0.7142857142857143,0.010136532892014894,0.6363636363636364,0.009515928837401738,0.5974025974025974,0.013032685146876293,0.8181818181818182,0.010136532892014894,0.6363636363636364,0.013860157219693836,0.8701298701298701,0.010136532892014894,0.6363636363636364,0.01406702523789822,0.8831168831168831,0.009722796855606123,0.6103896103896104,0.009722796855606123,0.6103896103896104,0.01365328920148945,0.8571428571428571,0.01365328920148945,0.8571428571428571,0.013239553165080678,0.8311688311688312,0.009102192800992967,0.5714285714285714,0.01075713694662805,0.6753246753246753,0.013860157219693836,0.8701298701298701,0.011377741001241209,0.7142857142857143,0.009722796855606123,0.6103896103896104,0.012412081092263137,0.7792207792207793,0.010964004964832437,0.6883116883116883,0.010136532892014894,0.6363636363636364,0.01075713694662805,0.6753246753246753,0.01406702523789822,0.8831168831168831,0.01406702523789822,0.8831168831168831,0.01365328920148945,0.8571428571428571,0.012825817128671908,0.8051948051948052,0.013032685146876293,0.8181818181818182,0.01034340091021928,0.6493506493506493,0.006412908564335954,0.4025974025974026,0.008688456764584195,0.5454545454545454,0.007240380637153496,0.45454545454545453,0.013239553165080678,0.8311688311688312,0.01034340091021928,0.6493506493506493,0.010964004964832437,0.6883116883116883,0.01406702523789822,0.8831168831168831,0.01406702523789822,0.8831168831168831,0.008067852709971039,0.5064935064935064,0.012825817128671908,0.8051948051948052,0.012618949110467521,0.7922077922077922,0.01075713694662805,0.6753246753246753,0.006206040546131568,0.38961038961038963,0.00889532478278858,0.5584415584415584,0.007447248655357882,0.4675324675324675,0.011377741001241209,0.7142857142857143
73,0.013466639461334421,0.8571428571428571,0.013466639461334421,0.8571428571428571,0.015507039379718425,0.987012987012987,0.015507039379718425,0.987012987012987,0.013670679453172822,0.8701298701298701,0.01244643950214242,0.7922077922077922,0.011834319526627219,0.7532467532467533,0.013670679453172822,0.8701298701298701,0.01203835951846562,0.7662337662337663,0.013466639461334421,0.8571428571428571,0.01265047949398082,0.8051948051948052,0.014690879412364823,0.935064935064935,0.009997959600081615,0.6363636363636364,0.009793919608243216,0.6233766233766234,0.015507039379718425,0.987012987012987,0.015507039379718425,0.987012987012987,0.014282799428688023,0.9090909090909091,0.010610079575596816,0.6753246753246753,0.010814119567435217,0.6883116883116883,0.01163027953478882,0.7402597402597403,0.011018159559273618,0.7012987012987013,0.009997959600081615,0.6363636363636364,0.012242399510304019,0.7792207792207793,0.010406039583758417,0.6623376623376623,0.013262599469496022,0.8441558441558441,0.013262599469496022,0.8441558441558441,0.015507039379718425,0.987012987012987,0.015507039379718425,0.987012987012987,0.010814119567435217,0.6883116883116883,0.013466639461334421,0.8571428571428571,0.011834319526627219,0.7532467532467533,0.011222199551112018,0.7142857142857143,0.009589879616404815,0.6103896103896104,0.013262599469496022,0.8441558441558441,0.013262599469496022,0.8441558441558441,0.011426239542950418,0.7272727272727273,0.010406039583758417,0.6623376623376623,0.010201999591920016,0.6493506493506493,0.015507039379718425,0.987012987012987,0.015507039379718425,0.987012987012987,0.009385839624566414,0.5974025974025974,0.010406039583758417,0.6623376623376623,0.01163027953478882,0.7402597402597403,0.009997959600081615,0.6363636363636364,0.009793919608243216,0.6233766233766234,0.010406039583758417,0.6623376623376623,0.01203835951846562,0.7662337662337663,0.009385839624566414,0.5974025974025974,0.013262599469496022,0.8441558441558441,0.013262599469496022,0.8441558441558441,0.013466639461334421,0.8571428571428571,0.013466639461334421,0.8571428571428571,0.011222199551112018,0.7142857142857143,0.013466639461334421,0.8571428571428571,0.011018159559273618,0.7012987012987013,0.013466639461334421,0.8571428571428571,0.009997959600081615,0.6363636363636364,0.013670679453172822,0.8701298701298701,0.009997959600081615,0.6363636363636364,0.014282799428688023,0.9090909090909091,0.009793919608243216,0.6233766233766234,0.009793919608243216,0.6233766233766234,0.013466639461334421,0.8571428571428571,0.013466639461334421,0.8571428571428571,0.013058559477657621,0.8311688311688312,0.008977759640889614,0.5714285714285714,0.010814119567435217,0.6883116883116883,0.013670679453172822,0.8701298701298701,0.011222199551112018,0.7142857142857143,0.009793919608243216,0.6233766233766234,0.01244643950214242,0.7922077922077922,0.010814119567435217,0.6883116883116883,0.010201999591920016,0.6493506493506493,0.010610079575596816,0.6753246753246753,0.013874719445011223,0.8831168831168831,0.013874719445011223,0.8831168831168831,0.013466639461334421,0.8571428571428571,0.01265047949398082,0.8051948051948052,0.01285451948581922,0.8181818181818182,0.010610079575596816,0.6753246753246753,0.00632523974699041,0.4025974025974026,0.008773719649051215,0.5584415584415584,0.007345439706182412,0.4675324675324675,0.013262599469496022,0.8441558441558441,0.010610079575596816,0.6753246753246753,0.010814119567435217,0.6883116883116883,0.013874719445011223,0.8831168831168831,0.013874719445011223,0.8831168831168831,0.007957559681697613,0.5064935064935064,0.013058559477657621,0.8311688311688312,0.01244643950214242,0.7922077922077922,0.010814119567435217,0.6883116883116883,0.00632523974699041,0.4025974025974026,0.008773719649051215,0.5584415584415584,0.007549479698020812,0.4805194805194805,0.011222199551112018,0.7142857142857143
74,0.013285024154589372,0.8571428571428571,0.013285024154589372,0.8571428571428571,0.015297906602254429,0.987012987012987,0.015297906602254429,0.987012987012987,0.013687600644122383,0.8831168831168831,0.014895330112721417,0.961038961038961,0.013285024154589372,0.8571428571428571,0.013486312399355877,0.8701298701298701,0.012278582930756845,0.7922077922077922,0.013285024154589372,0.8571428571428571,0.012681159420289856,0.8181818181818182,0.014492753623188406,0.935064935064935,0.009863123993558777,0.6363636363636364,0.009863123993558777,0.6363636363636364,0.015297906602254429,0.987012987012987,0.015297906602254429,0.987012987012987,0.014090177133655395,0.9090909090909091,0.010869565217391304,0.7012987012987013,0.0106682769726248,0.6883116883116883,0.011473429951690822,0.7402597402597403,0.010869565217391304,0.7012987012987013,0.009863123993558777,0.6363636363636364,0.01247987117552335,0.8051948051948052,0.0106682769726248,0.6883116883116883,0.013083735909822867,0.8441558441558441,0.013083735909822867,0.8441558441558441,0.015297906602254429,0.987012987012987,0.015297906602254429,0.987012987012987,0.0106682769726248,0.6883116883116883,0.013285024154589372,0.8571428571428571,0.013285024154589372,0.8571428571428571,0.013285024154589372,0.8571428571428571,0.010869565217391304,0.7012987012987013,0.013083735909822867,0.8441558441558441,0.013083735909822867,0.8441558441558441,0.013285024154589372,0.8571428571428571,0.010466988727858293,0.6753246753246753,0.010466988727858293,0.6753246753246753,0.015297906602254429,0.987012987012987,0.015297906602254429,0.987012987012987,0.00966183574879227,0.6233766233766234,0.010466988727858293,0.6753246753246753,0.011473429951690822,0.7402597402597403,0.009863123993558777,0.6363636363636364,0.00966183574879227,0.6233766233766234,0.010466988727858293,0.6753246753246753,0.01247987117552335,0.8051948051948052,0.009259259259259259,0.5974025974025974,0.013083735909822867,0.8441558441558441,0.013083735909822867,0.8441558441558441,0.013285024154589372,0.8571428571428571,0.013285024154589372,0.8571428571428571,0.011272141706924315,0.7272727272727273,0.013285024154589372,0.8571428571428571,0.013083735909822867,0.8441558441558441,0.013486312399355877,0.8701298701298701,0.009863123993558777,0.6363636363636364,0.013486312399355877,0.8701298701298701,0.009863123993558777,0.6363636363636364,0.014090177133655395,0.9090909090909091,0.009863123993558777,0.6363636363636364,0.009863123993558777,0.6363636363636364,0.013285024154589372,0.8571428571428571,0.013285024154589372,0.8571428571428571,0.01288244766505636,0.8311688311688312,0.009863123993558777,0.6363636363636364,0.0106682769726248,0.6883116883116883,0.013687600644122383,0.8831168831168831,0.011473429951690822,0.7402597402597403,0.00966183574879227,0.6233766233766234,0.013083735909822867,0.8441558441558441,0.0106682769726248,0.6883116883116883,0.010265700483091788,0.6623376623376623,0.010466988727858293,0.6753246753246753,0.013687600644122383,0.8831168831168831,0.013687600644122383,0.8831168831168831,0.013486312399355877,0.8701298701298701,0.01247987117552335,0.8051948051948052,0.013083735909822867,0.8441558441558441,0.010466988727858293,0.6753246753246753,0.00644122383252818,0.4155844155844156,0.008655394524959743,0.5584415584415584,0.007648953301127214,0.4935064935064935,0.013083735909822867,0.8441558441558441,0.010466988727858293,0.6753246753246753,0.0106682769726248,0.6883116883116883,0.013687600644122383,0.8831168831168831,0.013687600644122383,0.8831168831168831,0.00785024154589372,0.5064935064935064,0.01288244766505636,0.8311688311688312,0.01247987117552335,0.8051948051948052,0.01107085346215781,0.7142857142857143,0.00644122383252818,0.4155844155844156,0.008655394524959743,0.5584415584415584,0.00785024154589372,0.5064935064935064,0.011473429951690822,0.7402597402597403
75,0.01310824230387289,0.8571428571428571,0.01310824230387289,0.8571428571428571,0.01509433962264151,0.987012987012987,0.01509433962264151,0.987012987012987,0.013505461767626613,0.8831168831168831,0.014697120158887786,0.961038961038961,0.01310824230387289,0.8571428571428571,0.013306852035749751,0.8701298701298701,0.01211519364448858,0.7922077922077922,0.01310824230387289,0.8571428571428571,0.012711022840119166,0.8311688311688312,0.014299900695134062,0.935064935064935,0.009930486593843098,0.6493506493506493,0.01012909632571996,0.6623376623376623,0.01509433962264151,0.987012987012987,0.01509433962264151,0.987012987012987,0.013902681231380337,0.9090909090909091,0.010724925521350546,0.7012987012987013,0.010724925521350546,0.7012987012987013,0.011320754716981131,0.7402597402597403,0.010724925521350546,0.7012987012987013,0.01012909632571996,0.6623376623376623,0.012711022840119166,0.8311688311688312,0.010724925521350546,0.7012987012987013,0.012909632571996028,0.8441558441558441,0.012909632571996028,0.8441558441558441,0.01509433962264151,0.987012987012987,0.01509433962264151,0.987012987012987,0.010724925521350546,0.7012987012987013,0.01310824230387289,0.8571428571428571,0.01310824230387289,0.8571428571428571,0.01310824230387289,0.8571428571428571,0.013902681231380337,0.9090909090909091,0.012909632571996028,0.8441558441558441,0.012909632571996028,0.8441558441558441,0.01310824230387289,0.8571428571428571,0.010327706057596822,0.6753246753246753,0.010526315789473684,0.6883116883116883,0.01509433962264151,0.987012987012987,0.01509433962264151,0.987012987012987,0.009533267130089375,0.6233766233766234,0.010327706057596822,0.6753246753246753,0.011320754716981131,0.7402597402597403,0.009930486593843098,0.6493506493506493,0.009731876861966237,0.6363636363636364,0.010327706057596822,0.6753246753246753,0.012512413108242304,0.8181818181818182,0.009930486593843098,0.6493506493506493,0.012909632571996028,0.8441558441558441,0.012909632571996028,0.8441558441558441,0.01310824230387289,0.8571428571428571,0.01310824230387289,0.8571428571428571,0.011320754716981131,0.7402597402597403,0.01310824230387289,0.8571428571428571,0.01310824230387289,0.8571428571428571,0.013306852035749751,0.8701298701298701,0.010724925521350546,0.7012987012987013,0.013306852035749751,0.8701298701298701,0.010327706057596822,0.6753246753246753,0.013902681231380337,0.9090909090909091,0.009731876861966237,0.6363636363636364,0.009731876861966237,0.6363636363636364,0.01310824230387289,0.8571428571428571,0.01310824230387289,0.8571428571428571,0.012711022840119166,0.8311688311688312,0.01012909632571996,0.6623376623376623,0.010724925521350546,0.7012987012987013,0.013505461767626613,0.8831168831168831,0.011717974180734857,0.7662337662337663,0.009731876861966237,0.6363636363636364,0.012909632571996028,0.8441558441558441,0.010526315789473684,0.6883116883116883,0.010327706057596822,0.6753246753246753,0.010526315789473684,0.6883116883116883,0.013505461767626613,0.8831168831168831,0.013505461767626613,0.8831168831168831,0.013306852035749751,0.8701298701298701,0.012512413108242304,0.8181818181818182,0.012909632571996028,0.8441558441558441,0.010327706057596822,0.6753246753246753,0.006355511420059583,0.4155844155844156,0.008540218470705064,0.5584415584415584,0.007944389275074478,0.5194805194805194,0.012909632571996028,0.8441558441558441,0.010526315789473684,0.6883116883116883,0.010526315789473684,0.6883116883116883,0.013505461767626613,0.8831168831168831,0.013505461767626613,0.8831168831168831,0.007944389275074478,0.5194805194805194,0.012711022840119166,0.8311688311688312,0.012711022840119166,0.8311688311688312,0.010923535253227408,0.7142857142857143,0.006355511420059583,0.4155844155844156,0.008540218470705064,0.5584415584415584,0.008341608738828202,0.5454545454545454,0.011519364448857995,0.7532467532467533
76,0.013132105056840454,0.8701298701298701,0.012936103488827911,0.8571428571428571,0.014896119168953352,0.987012987012987,0.014896119168953352,0.987012987012987,0.013524108192865543,0.8961038961038961,0.014504116032928263,0.961038961038961,0.012936103488827911,0.8571428571428571,0.013132105056840454,0.8701298701298701,0.012740101920815367,0.8441558441558441,0.012936103488827911,0.8571428571428571,0.012740101920815367,0.8441558441558441,0.014112112896903175,0.935064935064935,0.00999607996863975,0.6623376623376623,0.00999607996863975,0.6623376623376623,0.014896119168953352,0.987012987012987,0.014896119168953352,0.987012987012987,0.013720109760878087,0.9090909090909091,0.010584084672677381,0.7012987012987013,0.011172089376715013,0.7402597402597403,0.011172089376715013,0.7402597402597403,0.010584084672677381,0.7012987012987013,0.00999607996863975,0.6623376623376623,0.012740101920815367,0.8441558441558441,0.010584084672677381,0.7012987012987013,0.012740101920815367,0.8441558441558441,0.012740101920815367,0.8441558441558441,0.014896119168953352,0.987012987012987,0.014896119168953352,0.987012987012987,0.010584084672677381,0.7012987012987013,0.012936103488827911,0.8571428571428571,0.012936103488827911,0.8571428571428571,0.012936103488827911,0.8571428571428571,0.014308114464915719,0.948051948051948,0.012740101920815367,0.8441558441558441,0.012740101920815367,0.8441558441558441,0.012936103488827911,0.8571428571428571,0.010388083104664837,0.6883116883116883,0.010388083104664837,0.6883116883116883,0.014896119168953352,0.987012987012987,0.014896119168953352,0.987012987012987,0.00999607996863975,0.6623376623376623,0.010388083104664837,0.6883116883116883,0.011368090944727557,0.7532467532467533,0.00999607996863975,0.6623376623376623,0.00999607996863975,0.6623376623376623,0.010388083104664837,0.6883116883116883,0.012740101920815367,0.8441558441558441,0.009800078400627205,0.6493506493506493,0.012936103488827911,0.8571428571428571,0.012740101920815367,0.8441558441558441,0.012936103488827911,0.8571428571428571,0.012936103488827911,0.8571428571428571,0.011172089376715013,0.7402597402597403,0.012936103488827911,0.8571428571428571,0.012936103488827911,0.8571428571428571,0.013132105056840454,0.8701298701298701,0.010780086240689926,0.7142857142857143,0.013132105056840454,0.8701298701298701,0.010780086240689926,0.7142857142857143,0.013720109760878087,0.9090909090909091,0.00999607996863975,0.6623376623376623,0.00999607996863975,0.6623376623376623,0.012936103488827911,0.8571428571428571,0.012936103488827911,0.8571428571428571,0.012740101920815367,0.8441558441558441,0.010388083104664837,0.6883116883116883,0.010584084672677381,0.7012987012987013,0.014504116032928263,0.961038961038961,0.011564092512740102,0.7662337662337663,0.00999607996863975,0.6623376623376623,0.013132105056840454,0.8701298701298701,0.011172089376715013,0.7402597402597403,0.010388083104664837,0.6883116883116883,0.010388083104664837,0.6883116883116883,0.013328106624852998,0.8831168831168831,0.013328106624852998,0.8831168831168831,0.013132105056840454,0.8701298701298701,0.012544100352802822,0.8311688311688312,0.012740101920815367,0.8441558441558441,0.010192081536652292,0.6753246753246753,0.006272050176401411,0.4155844155844156,0.00862406899255194,0.5714285714285714,0.008232065856526851,0.5454545454545454,0.012936103488827911,0.8571428571428571,0.010584084672677381,0.7012987012987013,0.010388083104664837,0.6883116883116883,0.013328106624852998,0.8831168831168831,0.013328106624852998,0.8831168831168831,0.007840062720501764,0.5194805194805194,0.013132105056840454,0.8701298701298701,0.012740101920815367,0.8441558441558441,0.011172089376715013,0.7402597402597403,0.006272050176401411,0.4155844155844156,0.00862406899255194,0.5714285714285714,0.008428067424539396,0.5584415584415584,0.011564092512740102,0.7662337662337663
77,0.012961888179531825,0.8701298701298701,0.012768427161926872,0.8571428571428571,0.014703037337976397,0.987012987012987,0.014703037337976397,0.987012987012987,0.013348810214741729,0.8961038961038961,0.014316115302766493,0.961038961038961,0.012768427161926872,0.8571428571428571,0.012961888179531825,0.8701298701298701,0.012574966144321919,0.8441558441558441,0.012768427161926872,0.8571428571428571,0.012768427161926872,0.8571428571428571,0.013929193267556587,0.935064935064935,0.01044689495066744,0.7012987012987013,0.01044689495066744,0.7012987012987013,0.014703037337976397,0.987012987012987,0.014703037337976397,0.987012987012987,0.013735732249951635,0.922077922077922,0.010640355968272393,0.7142857142857143,0.01122073902108725,0.7532467532467533,0.011027278003482298,0.7402597402597403,0.01044689495066744,0.7012987012987013,0.010253433933062488,0.6883116883116883,0.012768427161926872,0.8571428571428571,0.010833816985877346,0.7272727272727273,0.012574966144321919,0.8441558441558441,0.012574966144321919,0.8441558441558441,0.014703037337976397,0.987012987012987,0.014703037337976397,0.987012987012987,0.010640355968272393,0.7142857142857143,0.012768427161926872,0.8571428571428571,0.012768427161926872,0.8571428571428571,0.012768427161926872,0.8571428571428571,0.01412265428516154,0.948051948051948,0.012574966144321919,0.8441558441558441,0.012574966144321919,0.8441558441558441,0.012768427161926872,0.8571428571428571,0.010253433933062488,0.6883116883116883,0.010253433933062488,0.6883116883116883,0.014703037337976397,0.987012987012987,0.014703037337976397,0.987012987012987,0.010059972915457535,0.6753246753246753,0.01044689495066744,0.7012987012987013,0.011414200038692203,0.7662337662337663,0.009866511897852582,0.6623376623376623,0.009866511897852582,0.6623376623376623,0.010253433933062488,0.6883116883116883,0.012768427161926872,0.8571428571428571,0.010059972915457535,0.6753246753246753,0.012768427161926872,0.8571428571428571,0.012768427161926872,0.8571428571428571,0.012768427161926872,0.8571428571428571,0.012768427161926872,0.8571428571428571,0.01122073902108725,0.7532467532467533,0.012768427161926872,0.8571428571428571,0.012768427161926872,0.8571428571428571,0.012961888179531825,0.8701298701298701,0.011027278003482298,0.7402597402597403,0.013155349197136778,0.8831168831168831,0.010640355968272393,0.7142857142857143,0.013542271232346682,0.9090909090909091,0.010253433933062488,0.6883116883116883,0.010253433933062488,0.6883116883116883,0.012768427161926872,0.8571428571428571,0.012768427161926872,0.8571428571428571,0.012574966144321919,0.8441558441558441,0.010640355968272393,0.7142857142857143,0.010640355968272393,0.7142857142857143,0.014316115302766493,0.961038961038961,0.011607661056297156,0.7792207792207793,0.010059972915457535,0.6753246753246753,0.012961888179531825,0.8701298701298701,0.011027278003482298,0.7402597402597403,0.010253433933062488,0.6883116883116883,0.010640355968272393,0.7142857142857143,0.013348810214741729,0.8961038961038961,0.013348810214741729,0.8961038961038961,0.013155349197136778,0.8831168831168831,0.012574966144321919,0.8441558441558441,0.012574966144321919,0.8441558441558441,0.01044689495066744,0.7012987012987013,0.006384213580963436,0.42857142857142855,0.008512284774617915,0.5714285714285714,0.00812536273940801,0.5454545454545454,0.012768427161926872,0.8571428571428571,0.010833816985877346,0.7272727272727273,0.01044689495066744,0.7012987012987013,0.013348810214741729,0.8961038961038961,0.013348810214741729,0.8961038961038961,0.007738440704198104,0.5194805194805194,0.012961888179531825,0.8701298701298701,0.012768427161926872,0.8571428571428571,0.011027278003482298,0.7402597402597403,0.006384213580963436,0.42857142857142855,0.008512284774617915,0.5714285714285714,0.008318823757012962,0.5584415584415584,0.011414200038692203,0.7662337662337663
78,0.012796027501909855,0.8701298701298701,0.012605042016806723,0.8571428571428571,0.014514896867838044,0.987012987012987,0.014514896867838044,0.987012987012987,0.013177998472116119,0.8961038961038961,0.01413292589763178,0.961038961038961,0.012605042016806723,0.8571428571428571,0.012796027501909855,0.8701298701298701,0.012796027501909855,0.8701298701298701,0.012605042016806723,0.8571428571428571,0.012796027501909855,0.8701298701298701,0.013750954927425516,0.935064935064935,0.01050420168067227,0.7142857142857143,0.01050420168067227,0.7142857142857143,0.014514896867838044,0.987012987012987,0.014514896867838044,0.987012987012987,0.013559969442322383,0.922077922077922,0.010886172650878533,0.7402597402597403,0.011077158135981665,0.7532467532467533,0.010886172650878533,0.7402597402597403,0.0106951871657754,0.7272727272727273,0.01050420168067227,0.7142857142857143,0.012796027501909855,0.8701298701298701,0.0106951871657754,0.7272727272727273,0.01241405653170359,0.8441558441558441,0.01241405653170359,0.8441558441558441,0.014514896867838044,0.987012987012987,0.014514896867838044,0.987012987012987,0.01050420168067227,0.7142857142857143,0.012605042016806723,0.8571428571428571,0.012605042016806723,0.8571428571428571,0.012605042016806723,0.8571428571428571,0.013941940412528648,0.948051948051948,0.01241405653170359,0.8441558441558441,0.01241405653170359,0.8441558441558441,0.012605042016806723,0.8571428571428571,0.010122230710466005,0.6883116883116883,0.010313216195569137,0.7012987012987013,0.014514896867838044,0.987012987012987,0.014514896867838044,0.987012987012987,0.010122230710466005,0.6883116883116883,0.01050420168067227,0.7142857142857143,0.01145912910618793,0.7792207792207793,0.00974025974025974,0.6623376623376623,0.00974025974025974,0.6623376623376623,0.010122230710466005,0.6883116883116883,0.012987012987012988,0.8831168831168831,0.010122230710466005,0.6883116883116883,0.012605042016806723,0.8571428571428571,0.012605042016806723,0.8571428571428571,0.012605042016806723,0.8571428571428571,0.012605042016806723,0.8571428571428571,0.011077158135981665,0.7532467532467533,0.012605042016806723,0.8571428571428571,0.012605042016806723,0.8571428571428571,0.012796027501909855,0.8701298701298701,0.011841100076394193,0.8051948051948052,0.012987012987012988,0.8831168831168831,0.011650114591291063,0.7922077922077922,0.013368983957219251,0.9090909090909091,0.010313216195569137,0.7012987012987013,0.010313216195569137,0.7012987012987013,0.012605042016806723,0.8571428571428571,0.012605042016806723,0.8571428571428571,0.012605042016806723,0.8571428571428571,0.010886172650878533,0.7402597402597403,0.011077158135981665,0.7532467532467533,0.01413292589763178,0.961038961038961,0.01145912910618793,0.7792207792207793,0.01050420168067227,0.7142857142857143,0.013177998472116119,0.8961038961038961,0.011077158135981665,0.7532467532467533,0.010313216195569137,0.7012987012987013,0.0106951871657754,0.7272727272727273,0.013559969442322383,0.922077922077922,0.013559969442322383,0.922077922077922,0.013177998472116119,0.8961038961038961,0.01241405653170359,0.8441558441558441,0.012605042016806723,0.8571428571428571,0.010313216195569137,0.7012987012987013,0.0066844919786096255,0.45454545454545453,0.008594346829640947,0.5844155844155844,0.008212375859434682,0.5584415584415584,0.012605042016806723,0.8571428571428571,0.0106951871657754,0.7272727272727273,0.01050420168067227,0.7142857142857143,0.013559969442322383,0.922077922077922,0.013559969442322383,0.922077922077922,0.008021390374331552,0.5454545454545454,0.012796027501909855,0.8701298701298701,0.012987012987012988,0.8831168831168831,0.011077158135981665,0.7532467532467533,0.0066844919786096255,0.45454545454545453,0.008403361344537815,0.5714285714285714,0.008212375859434682,0.5584415584415584,0.01145912910618793,0.7792207792207793
79,0.012631975867269985,0.8701298701298701,0.012443438914027148,0.8571428571428571,0.014328808446455505,0.987012987012987,0.014328808446455505,0.987012987012987,0.013009049773755657,0.8961038961038961,0.013951734539969835,0.961038961038961,0.012443438914027148,0.8571428571428571,0.012631975867269985,0.8701298701298701,0.01282051282051282,0.8831168831168831,0.012443438914027148,0.8571428571428571,0.01282051282051282,0.8831168831168831,0.013574660633484163,0.935064935064935,0.011500754147812972,0.7922077922077922,0.011500754147812972,0.7922077922077922,0.014328808446455505,0.987012987012987,0.014328808446455505,0.987012987012987,0.013386123680241327,0.922077922077922,0.010746606334841629,0.7402597402597403,0.0111236802413273,0.7662337662337663,0.010746606334841629,0.7402597402597403,0.010558069381598794,0.7272727272727273,0.011500754147812972,0.7922077922077922,0.013009049773755657,0.8961038961038961,0.010558069381598794,0.7272727272727273,0.012254901960784314,0.8441558441558441,0.012254901960784314,0.8441558441558441,0.014328808446455505,0.987012987012987,0.014328808446455505,0.987012987012987,0.0111236802413273,0.7662337662337663,0.012443438914027148,0.8571428571428571,0.012443438914027148,0.8571428571428571,0.012443438914027148,0.8571428571428571,0.013763197586726998,0.948051948051948,0.012254901960784314,0.8441558441558441,0.012443438914027148,0.8571428571428571,0.012443438914027148,0.8571428571428571,0.010369532428355957,0.7142857142857143,0.010558069381598794,0.7272727272727273,0.014328808446455505,0.987012987012987,0.014328808446455505,0.987012987012987,0.010180995475113122,0.7012987012987013,0.010746606334841629,0.7402597402597403,0.011689291101055807,0.8051948051948052,0.00980392156862745,0.6753246753246753,0.00980392156862745,0.6753246753246753,0.010369532428355957,0.7142857142857143,0.01282051282051282,0.8831168831168831,0.010180995475113122,0.7012987012987013,0.012443438914027148,0.8571428571428571,0.012443438914027148,0.8571428571428571,0.012443438914027148,0.8571428571428571,0.012443438914027148,0.8571428571428571,0.010935143288084464,0.7532467532467533,0.012443438914027148,0.8571428571428571,0.012443438914027148,0.8571428571428571,0.012631975867269985,0.8701298701298701,0.011877828054298642,0.8181818181818182,0.01282051282051282,0.8831168831168831,0.011877828054298642,0.8181818181818182,0.013197586726998492,0.9090909090909091,0.010746606334841629,0.7402597402597403,0.010935143288084464,0.7532467532467533,0.012443438914027148,0.8571428571428571,0.012443438914027148,0.8571428571428571,0.013009049773755657,0.8961038961038961,0.010935143288084464,0.7532467532467533,0.0111236802413273,0.7662337662337663,0.013951734539969835,0.961038961038961,0.011500754147812972,0.7922077922077922,0.010935143288084464,0.7532467532467533,0.013009049773755657,0.8961038961038961,0.010935143288084464,0.7532467532467533,0.010369532428355957,0.7142857142857143,0.010558069381598794,0.7272727272727273,0.013574660633484163,0.935064935064935,0.013574660633484163,0.935064935064935,0.013009049773755657,0.8961038961038961,0.012443438914027148,0.8571428571428571,0.012631975867269985,0.8701298701298701,0.010369532428355957,0.7142857142857143,0.006598793363499246,0.45454545454545453,0.008484162895927601,0.5844155844155844,0.008107088989441931,0.5584415584415584,0.012443438914027148,0.8571428571428571,0.010558069381598794,0.7272727272727273,0.010369532428355957,0.7142857142857143,0.013574660633484163,0.935064935064935,0.013574660633484163,0.935064935064935,0.008861236802413273,0.6103896103896104,0.01282051282051282,0.8831168831168831,0.013009049773755657,0.8961038961038961,0.010935143288084464,0.7532467532467533,0.006598793363499246,0.45454545454545453,0.008484162895927601,0.5844155844155844,0.008107088989441931,0.5584415584415584,0.011500754147812972,0.7922077922077922
80,0.012474399553155838,0.8701298701298701,0.012474399553155838,0.8701298701298701,0.014150065164773785,0.987012987012987,0.014150065164773785,0.987012987012987,0.012846769689070937,0.8961038961038961,0.013777695028858686,0.961038961038961,0.012288214485198286,0.8571428571428571,0.012474399553155838,0.8701298701298701,0.012660584621113387,0.8831168831168831,0.012474399553155838,0.8701298701298701,0.012846769689070937,0.8961038961038961,0.013405324892943585,0.935064935064935,0.011915844349283188,0.8311688311688312,0.012102029417240737,0.8441558441558441,0.014150065164773785,0.987012987012987,0.014150065164773785,0.987012987012987,0.013219139824986036,0.922077922077922,0.010798733941537889,0.7532467532467533,0.011357289145410537,0.7922077922077922,0.01061254887358034,0.7402597402597403,0.010798733941537889,0.7532467532467533,0.011915844349283188,0.8311688311688312,0.012846769689070937,0.8961038961038961,0.010798733941537889,0.7532467532467533,0.012102029417240737,0.8441558441558441,0.012102029417240737,0.8441558441558441,0.014150065164773785,0.987012987012987,0.014150065164773785,0.987012987012987,0.010984919009495438,0.7662337662337663,0.012288214485198286,0.8571428571428571,0.012288214485198286,0.8571428571428571,0.012288214485198286,0.8571428571428571,0.013591509960901136,0.948051948051948,0.012102029417240737,0.8441558441558441,0.012288214485198286,0.8571428571428571,0.012288214485198286,0.8571428571428571,0.010426363805622788,0.7272727272727273,0.01061254887358034,0.7402597402597403,0.014150065164773785,0.987012987012987,0.014150065164773785,0.987012987012987,0.010426363805622788,0.7272727272727273,0.010798733941537889,0.7532467532467533,0.011543474213368089,0.8051948051948052,0.010240178737665239,0.7142857142857143,0.00986780860175014,0.6883116883116883,0.010426363805622788,0.7272727272727273,0.012660584621113387,0.8831168831168831,0.010426363805622788,0.7272727272727273,0.012288214485198286,0.8571428571428571,0.012288214485198286,0.8571428571428571,0.012288214485198286,0.8571428571428571,0.012288214485198286,0.8571428571428571,0.011357289145410537,0.7922077922077922,0.012288214485198286,0.8571428571428571,0.012288214485198286,0.8571428571428571,0.012474399553155838,0.8701298701298701,0.012102029417240737,0.8441558441558441,0.012660584621113387,0.8831168831168831,0.012102029417240737,0.8441558441558441,0.013032954757028486,0.9090909090909091,0.011357289145410537,0.7922077922077922,0.011357289145410537,0.7922077922077922,0.012288214485198286,0.8571428571428571,0.012288214485198286,0.8571428571428571,0.013032954757028486,0.9090909090909091,0.011171104077452988,0.7792207792207793,0.011543474213368089,0.8051948051948052,0.013777695028858686,0.961038961038961,0.011729659281325638,0.8181818181818182,0.011543474213368089,0.8051948051948052,0.013219139824986036,0.922077922077922,0.010984919009495438,0.7662337662337663,0.01061254887358034,0.7402597402597403,0.010426363805622788,0.7272727272727273,0.013591509960901136,0.948051948051948,0.013591509960901136,0.948051948051948,0.012846769689070937,0.8961038961038961,0.012288214485198286,0.8571428571428571,0.012474399553155838,0.8701298701298701,0.010426363805622788,0.7272727272727273,0.006516477378514243,0.45454545454545453,0.00837832805808974,0.5844155844155844,0.008005957922174642,0.5584415584415584,0.012288214485198286,0.8571428571428571,0.010426363805622788,0.7272727272727273,0.010240178737665239,0.7142857142857143,0.013591509960901136,0.948051948051948,0.013591509960901136,0.948051948051948,0.00968162353379259,0.6753246753246753,0.012660584621113387,0.8831168831168831,0.012846769689070937,0.8961038961038961,0.010798733941537889,0.7532467532467533,0.006516477378514243,0.45454545454545453,0.00837832805808974,0.5844155844155844,0.008005957922174642,0.5584415584415584,0.011357289145410537,0.7922077922077922
81,0.012320706141963957,0.8701298701298701,0.012320706141963957,0.8701298701298701,0.013975726369988967,0.987012987012987,0.013975726369988967,0.987012987012987,0.012688488414858404,0.8961038961038961,0.01360794409709452,0.961038961038961,0.012136815005516733,0.8571428571428571,0.012320706141963957,0.8701298701298701,0.01250459727841118,0.8831168831168831,0.012320706141963957,0.8701298701298701,0.012688488414858404,0.8961038961038961,0.013240161824200073,0.935064935064935,0.011952923869069512,0.8441558441558441,0.011952923869069512,0.8441558441558441,0.013975726369988967,0.987012987012987,0.013975726369988967,0.987012987012987,0.013240161824200073,0.935064935064935,0.010849577050386172,0.7662337662337663,0.011217359323280617,0.7922077922077922,0.010481794777491725,0.7402597402597403,0.011033468186833395,0.7792207792207793,0.011952923869069512,0.8441558441558441,0.012688488414858404,0.8961038961038961,0.010849577050386172,0.7662337662337663,0.011952923869069512,0.8441558441558441,0.011952923869069512,0.8441558441558441,0.013975726369988967,0.987012987012987,0.013975726369988967,0.987012987012987,0.011033468186833395,0.7792207792207793,0.012136815005516733,0.8571428571428571,0.012136815005516733,0.8571428571428571,0.012136815005516733,0.8571428571428571,0.013424052960647297,0.948051948051948,0.011952923869069512,0.8441558441558441,0.012136815005516733,0.8571428571428571,0.012136815005516733,0.8571428571428571,0.010481794777491725,0.7402597402597403,0.010481794777491725,0.7402597402597403,0.013975726369988967,0.987012987012987,0.013975726369988967,0.987012987012987,0.010481794777491725,0.7402597402597403,0.010849577050386172,0.7662337662337663,0.011585141596175064,0.8181818181818182,0.010297903641044501,0.7272727272727273,0.009746230231702832,0.6883116883116883,0.010481794777491725,0.7402597402597403,0.012872379551305628,0.9090909090909091,0.010481794777491725,0.7402597402597403,0.012136815005516733,0.8571428571428571,0.012136815005516733,0.8571428571428571,0.012136815005516733,0.8571428571428571,0.012136815005516733,0.8571428571428571,0.01140125045972784,0.8051948051948052,0.012136815005516733,0.8571428571428571,0.012136815005516733,0.8571428571428571,0.012320706141963957,0.8701298701298701,0.011952923869069512,0.8441558441558441,0.01250459727841118,0.8831168831168831,0.011952923869069512,0.8441558441558441,0.012872379551305628,0.9090909090909091,0.011769032732622288,0.8311688311688312,0.011769032732622288,0.8311688311688312,0.012136815005516733,0.8571428571428571,0.012136815005516733,0.8571428571428571,0.01305627068775285,0.922077922077922,0.01140125045972784,0.8051948051948052,0.011585141596175064,0.8181818181818182,0.01360794409709452,0.961038961038961,0.011952923869069512,0.8441558441558441,0.011769032732622288,0.8311688311688312,0.013424052960647297,0.948051948051948,0.010849577050386172,0.7662337662337663,0.010665685913938948,0.7532467532467533,0.010297903641044501,0.7272727272727273,0.01360794409709452,0.961038961038961,0.013424052960647297,0.948051948051948,0.012688488414858404,0.8961038961038961,0.012320706141963957,0.8701298701298701,0.012320706141963957,0.8701298701298701,0.010297903641044501,0.7272727272727273,0.00680397204854726,0.4805194805194805,0.008642883413019492,0.6103896103896104,0.0079073188672306,0.5584415584415584,0.012320706141963957,0.8701298701298701,0.010297903641044501,0.7272727272727273,0.010297903641044501,0.7272727272727273,0.01360794409709452,0.961038961038961,0.013424052960647297,0.948051948051948,0.009562339095255609,0.6753246753246753,0.012688488414858404,0.8961038961038961,0.012688488414858404,0.8961038961038961,0.010665685913938948,0.7532467532467533,0.00680397204854726,0.4805194805194805,0.008642883413019492,0.6103896103896104,0.008091210003677823,0.5714285714285714,0.01140125045972784,0.8051948051948052
82,0.012170753860127156,0.8701298701298701,0.012170753860127156,0.8701298701298701,0.013805631244323342,0.987012987012987,0.013805631244323342,0.987012987012987,0.012715712988192553,0.9090909090909091,0.013442325158946413,0.961038961038961,0.011989100817438692,0.8571428571428571,0.012170753860127156,0.8701298701298701,0.012715712988192553,0.9090909090909091,0.012170753860127156,0.8701298701298701,0.012715712988192553,0.9090909090909091,0.013079019073569483,0.935064935064935,0.011989100817438692,0.8571428571428571,0.011989100817438692,0.8571428571428571,0.013805631244323342,0.987012987012987,0.013805631244323342,0.987012987012987,0.013079019073569483,0.935064935064935,0.010899182561307902,0.7792207792207793,0.011262488646684832,0.8051948051948052,0.010354223433242507,0.7402597402597403,0.011080835603996367,0.7922077922077922,0.011989100817438692,0.8571428571428571,0.012715712988192553,0.9090909090909091,0.010717529518619437,0.7662337662337663,0.011807447774750226,0.8441558441558441,0.011807447774750226,0.8441558441558441,0.013805631244323342,0.987012987012987,0.013805631244323342,0.987012987012987,0.011080835603996367,0.7922077922077922,0.011989100817438692,0.8571428571428571,0.012170753860127156,0.8701298701298701,0.011989100817438692,0.8571428571428571,0.013260672116257947,0.948051948051948,0.011807447774750226,0.8441558441558441,0.011989100817438692,0.8571428571428571,0.011989100817438692,0.8571428571428571,0.010535876475930971,0.7532467532467533,0.010535876475930971,0.7532467532467533,0.013805631244323342,0.987012987012987,0.013805631244323342,0.987012987012987,0.010535876475930971,0.7532467532467533,0.010717529518619437,0.7662337662337663,0.011989100817438692,0.8571428571428571,0.010172570390554041,0.7272727272727273,0.009990917347865577,0.7142857142857143,0.010535876475930971,0.7532467532467533,0.012897366030881017,0.922077922077922,0.010535876475930971,0.7532467532467533,0.011989100817438692,0.8571428571428571,0.011989100817438692,0.8571428571428571,0.011989100817438692,0.8571428571428571,0.011989100817438692,0.8571428571428571,0.011444141689373298,0.8181818181818182,0.011989100817438692,0.8571428571428571,0.011989100817438692,0.8571428571428571,0.012170753860127156,0.8701298701298701,0.011989100817438692,0.8571428571428571,0.012352406902815622,0.8831168831168831,0.011989100817438692,0.8571428571428571,0.012715712988192553,0.9090909090909091,0.012170753860127156,0.8701298701298701,0.012170753860127156,0.8701298701298701,0.011989100817438692,0.8571428571428571,0.011989100817438692,0.8571428571428571,0.012897366030881017,0.922077922077922,0.011262488646684832,0.8051948051948052,0.011444141689373298,0.8181818181818182,0.013442325158946413,0.961038961038961,0.012170753860127156,0.8701298701298701,0.011807447774750226,0.8441558441558441,0.013442325158946413,0.961038961038961,0.010899182561307902,0.7792207792207793,0.010535876475930971,0.7532467532467533,0.010354223433242507,0.7402597402597403,0.013442325158946413,0.961038961038961,0.013442325158946413,0.961038961038961,0.012534059945504087,0.8961038961038961,0.012170753860127156,0.8701298701298701,0.012170753860127156,0.8701298701298701,0.010535876475930971,0.7532467532467533,0.0067211625794732065,0.4805194805194805,0.008719346049046322,0.6233766233766234,0.008174386920980926,0.5844155844155844,0.012352406902815622,0.8831168831168831,0.010172570390554041,0.7272727272727273,0.010172570390554041,0.7272727272727273,0.013442325158946413,0.961038961038961,0.013442325158946413,0.961038961038961,0.010172570390554041,0.7272727272727273,0.012534059945504087,0.8961038961038961,0.012715712988192553,0.9090909090909091,0.010899182561307902,0.7792207792207793,0.0067211625794732065,0.4805194805194805,0.008719346049046322,0.6233766233766234,0.008356039963669392,0.5974025974025974,0.011262488646684832,0.8051948051948052
83,0.01202440775305097,0.8701298701298701,0.01256281407035176,0.9090909090909091,0.013639626704953339,0.987012987012987,0.013639626704953339,0.987012987012987,0.01256281407035176,0.9090909090909091,0.013280689160086146,0.961038961038961,0.011844938980617373,0.8571428571428571,0.01202440775305097,0.8701298701298701,0.012742282842785356,0.922077922077922,0.01256281407035176,0.9090909090909091,0.012742282842785356,0.922077922077922,0.012921751615218953,0.935064935064935,0.012203876525484566,0.8831168831168831,0.012203876525484566,0.8831168831168831,0.013639626704953339,0.987012987012987,0.013639626704953339,0.987012987012987,0.012921751615218953,0.935064935064935,0.011127063890882987,0.8051948051948052,0.011306532663316583,0.8181818181818182,0.0104091888011486,0.7532467532467533,0.01094759511844939,0.7922077922077922,0.012203876525484566,0.8831168831168831,0.012742282842785356,0.922077922077922,0.010588657573582197,0.7662337662337663,0.011665470208183776,0.8441558441558441,0.011665470208183776,0.8441558441558441,0.013639626704953339,0.987012987012987,0.013639626704953339,0.987012987012987,0.011127063890882987,0.8051948051948052,0.011844938980617373,0.8571428571428571,0.01202440775305097,0.8701298701298701,0.011844938980617373,0.8571428571428571,0.01310122038765255,0.948051948051948,0.011665470208183776,0.8441558441558441,0.011844938980617373,0.8571428571428571,0.011844938980617373,0.8571428571428571,0.010768126346015794,0.7792207792207793,0.010768126346015794,0.7792207792207793,0.013639626704953339,0.987012987012987,0.013639626704953339,0.987012987012987,0.0104091888011486,0.7532467532467533,0.010588657573582197,0.7662337662337663,0.011844938980617373,0.8571428571428571,0.010229720028715004,0.7402597402597403,0.010050251256281407,0.7272727272727273,0.010768126346015794,0.7792207792207793,0.01310122038765255,0.948051948051948,0.010768126346015794,0.7792207792207793,0.011844938980617373,0.8571428571428571,0.011844938980617373,0.8571428571428571,0.011844938980617373,0.8571428571428571,0.011844938980617373,0.8571428571428571,0.011844938980617373,0.8571428571428571,0.011844938980617373,0.8571428571428571,0.011844938980617373,0.8571428571428571,0.01202440775305097,0.8701298701298701,0.012203876525484566,0.8831168831168831,0.012203876525484566,0.8831168831168831,0.012203876525484566,0.8831168831168831,0.01256281407035176,0.9090909090909091,0.01202440775305097,0.8701298701298701,0.01202440775305097,0.8701298701298701,0.011844938980617373,0.8571428571428571,0.011844938980617373,0.8571428571428571,0.012921751615218953,0.935064935064935,0.011127063890882987,0.8051948051948052,0.011665470208183776,0.8441558441558441,0.013280689160086146,0.961038961038961,0.01256281407035176,0.9090909090909091,0.011844938980617373,0.8571428571428571,0.013280689160086146,0.961038961038961,0.011306532663316583,0.8181818181818182,0.010588657573582197,0.7662337662337663,0.0104091888011486,0.7532467532467533,0.013280689160086146,0.961038961038961,0.013280689160086146,0.961038961038961,0.012383345297918163,0.8961038961038961,0.01202440775305097,0.8701298701298701,0.012203876525484566,0.8831168831168831,0.0104091888011486,0.7532467532467533,0.006999282124910265,0.5064935064935064,0.008793969849246231,0.6363636363636364,0.008255563531945441,0.5974025974025974,0.012203876525484566,0.8831168831168831,0.0104091888011486,0.7532467532467533,0.010050251256281407,0.7272727272727273,0.013280689160086146,0.961038961038961,0.013280689160086146,0.961038961038961,0.010050251256281407,0.7272727272727273,0.012383345297918163,0.8961038961038961,0.01256281407035176,0.9090909090909091,0.01094759511844939,0.7922077922077922,0.006999282124910265,0.5064935064935064,0.008793969849246231,0.6363636363636364,0.008435032304379038,0.6103896103896104,0.011127063890882987,0.8051948051948052
84,0.011881539280014187,0.8701298701298701,0.013300230537329314,0.974025974025974,0.013477566944493705,0.987012987012987,0.013477566944493705,0.987012987012987,0.01241354850150736,0.9090909090909091,0.013122894130164924,0.961038961038961,0.011704202872849796,0.8571428571428571,0.011881539280014187,0.8701298701298701,0.01259088490867175,0.922077922077922,0.012945557723000533,0.948051948051948,0.01259088490867175,0.922077922077922,0.012768221315836142,0.935064935064935,0.012236212094342969,0.8961038961038961,0.012236212094342969,0.8961038961038961,0.013477566944493705,0.987012987012987,0.013477566944493705,0.987012987012987,0.012768221315836142,0.935064935064935,0.011172193651356624,0.8181818181818182,0.011172193651356624,0.8181818181818182,0.01046284802269906,0.7662337662337663,0.010817520837027842,0.7922077922077922,0.012236212094342969,0.8961038961038961,0.012768221315836142,0.935064935064935,0.01064018442986345,0.7792207792207793,0.011704202872849796,0.8571428571428571,0.011704202872849796,0.8571428571428571,0.013477566944493705,0.987012987012987,0.013477566944493705,0.987012987012987,0.011349530058521014,0.8311688311688312,0.011704202872849796,0.8571428571428571,0.011881539280014187,0.8701298701298701,0.011704202872849796,0.8571428571428571,0.012945557723000533,0.948051948051948,0.011704202872849796,0.8571428571428571,0.012058875687178578,0.8831168831168831,0.011704202872849796,0.8571428571428571,0.010994857244192233,0.8051948051948052,0.010994857244192233,0.8051948051948052,0.013477566944493705,0.987012987012987,0.013477566944493705,0.987012987012987,0.01046284802269906,0.7662337662337663,0.01064018442986345,0.7792207792207793,0.012236212094342969,0.8961038961038961,0.01046284802269906,0.7662337662337663,0.009930838801205887,0.7272727272727273,0.010994857244192233,0.8051948051948052,0.012945557723000533,0.948051948051948,0.010994857244192233,0.8051948051948052,0.011704202872849796,0.8571428571428571,0.011704202872849796,0.8571428571428571,0.012236212094342969,0.8961038961038961,0.01259088490867175,0.922077922077922,0.011881539280014187,0.8701298701298701,0.011704202872849796,0.8571428571428571,0.011704202872849796,0.8571428571428571,0.011881539280014187,0.8701298701298701,0.012768221315836142,0.935064935064935,0.012058875687178578,0.8831168831168831,0.012768221315836142,0.935064935064935,0.01241354850150736,0.9090909090909091,0.011881539280014187,0.8701298701298701,0.011881539280014187,0.8701298701298701,0.012236212094342969,0.8961038961038961,0.01259088490867175,0.922077922077922,0.012768221315836142,0.935064935064935,0.010994857244192233,0.8051948051948052,0.011704202872849796,0.8571428571428571,0.013122894130164924,0.961038961038961,0.01241354850150736,0.9090909090909091,0.012058875687178578,0.8831168831168831,0.013122894130164924,0.961038961038961,0.011349530058521014,0.8311688311688312,0.01064018442986345,0.7792207792207793,0.01046284802269906,0.7662337662337663,0.013122894130164924,0.961038961038961,0.013122894130164924,0.961038961038961,0.012236212094342969,0.8961038961038961,0.012058875687178578,0.8831168831168831,0.012236212094342969,0.8961038961038961,0.01046284802269906,0.7662337662337663,0.007093456286575634,0.5194805194805194,0.009398829579712715,0.6883116883116883,0.008334811136726369,0.6103896103896104,0.01241354850150736,0.9090909090909091,0.01064018442986345,0.7792207792207793,0.01046284802269906,0.7662337662337663,0.013122894130164924,0.961038961038961,0.013122894130164924,0.961038961038961,0.009930838801205887,0.7272727272727273,0.01241354850150736,0.9090909090909091,0.01241354850150736,0.9090909090909091,0.010817520837027842,0.7922077922077922,0.007093456286575634,0.5194805194805194,0.009221493172548324,0.6753246753246753,0.008334811136726369,0.6103896103896104,0.011172193651356624,0.8181818181818182
85,0.012267788293024886,0.9090909090909091,0.013144058885383806,0.974025974025974,0.01331931300385559,0.987012987012987,0.01331931300385559,0.987012987012987,0.012267788293024886,0.9090909090909091,0.012968804766912022,0.961038961038961,0.011566771819137749,0.8571428571428571,0.01244304241149667,0.922077922077922,0.01244304241149667,0.922077922077922,0.013144058885383806,0.974025974025974,0.012618296529968454,0.935064935064935,0.012618296529968454,0.935064935064935,0.012267788293024886,0.9090909090909091,0.012267788293024886,0.9090909090909091,0.01331931300385559,0.987012987012987,0.01331931300385559,0.987012987012987,0.012618296529968454,0.935064935064935,0.011041009463722398,0.8181818181818182,0.011216263582194182,0.8311688311688312,0.010865755345250614,0.8051948051948052,0.01069050122677883,0.7922077922077922,0.012267788293024886,0.9090909090909091,0.012618296529968454,0.935064935064935,0.010865755345250614,0.8051948051948052,0.011742025937609533,0.8701298701298701,0.011742025937609533,0.8701298701298701,0.01331931300385559,0.987012987012987,0.01331931300385559,0.987012987012987,0.011216263582194182,0.8311688311688312,0.011566771819137749,0.8571428571428571,0.011742025937609533,0.8701298701298701,0.011566771819137749,0.8571428571428571,0.012793550648440238,0.948051948051948,0.011742025937609533,0.8701298701298701,0.01244304241149667,0.922077922077922,0.011742025937609533,0.8701298701298701,0.011216263582194182,0.8311688311688312,0.011216263582194182,0.8311688311688312,0.01331931300385559,0.987012987012987,0.01331931300385559,0.987012987012987,0.010865755345250614,0.8051948051948052,0.01069050122677883,0.7922077922077922,0.012267788293024886,0.9090909090909091,0.011391517700665965,0.8441558441558441,0.00981423063441991,0.7272727272727273,0.011216263582194182,0.8311688311688312,0.012968804766912022,0.961038961038961,0.010865755345250614,0.8051948051948052,0.012092534174553101,0.8961038961038961,0.012092534174553101,0.8961038961038961,0.012618296529968454,0.935064935064935,0.01244304241149667,0.922077922077922,0.011742025937609533,0.8701298701298701,0.011566771819137749,0.8571428571428571,0.011566771819137749,0.8571428571428571,0.011742025937609533,0.8701298701298701,0.012968804766912022,0.961038961038961,0.012267788293024886,0.9090909090909091,0.012968804766912022,0.961038961038961,0.012267788293024886,0.9090909090909091,0.011917280056081317,0.8831168831168831,0.011917280056081317,0.8831168831168831,0.012618296529968454,0.935064935064935,0.01244304241149667,0.922077922077922,0.012793550648440238,0.948051948051948,0.011041009463722398,0.8181818181818182,0.011742025937609533,0.8701298701298701,0.012968804766912022,0.961038961038961,0.012793550648440238,0.948051948051948,0.012092534174553101,0.8961038961038961,0.012968804766912022,0.961038961038961,0.011742025937609533,0.8701298701298701,0.01069050122677883,0.7922077922077922,0.010339992989835262,0.7662337662337663,0.012968804766912022,0.961038961038961,0.012968804766912022,0.961038961038961,0.012092534174553101,0.8961038961038961,0.011917280056081317,0.8831168831168831,0.012267788293024886,0.9090909090909091,0.010515247108307046,0.7792207792207793,0.007185418857343148,0.5324675324675324,0.00946372239747634,0.7012987012987013,0.008236943568173852,0.6103896103896104,0.012618296529968454,0.935064935064935,0.010515247108307046,0.7792207792207793,0.010339992989835262,0.7662337662337663,0.012968804766912022,0.961038961038961,0.012968804766912022,0.961038961038961,0.010164738871363477,0.7532467532467533,0.01244304241149667,0.922077922077922,0.012267788293024886,0.9090909090909091,0.010865755345250614,0.8051948051948052,0.0070101647388713636,0.5194805194805194,0.00946372239747634,0.7012987012987013,0.008236943568173852,0.6103896103896104,0.011041009463722398,0.8181818181818182
86,0.012989262209906477,0.974025974025974,0.012989262209906477,0.974025974025974,0.013162452372705231,0.987012987012987,0.013162452372705231,0.987012987012987,0.012123311395912712,0.9090909090909091,0.012816072047107724,0.961038961038961,0.011603740907516454,0.8701298701298701,0.012989262209906477,0.974025974025974,0.012642881884308971,0.948051948051948,0.012989262209906477,0.974025974025974,0.012469691721510218,0.935064935064935,0.012469691721510218,0.935064935064935,0.012296501558711466,0.922077922077922,0.012296501558711466,0.922077922077922,0.013162452372705231,0.987012987012987,0.013162452372705231,0.987012987012987,0.012816072047107724,0.961038961038961,0.011084170419120194,0.8311688311688312,0.011603740907516454,0.8701298701298701,0.010737790093522688,0.8051948051948052,0.010737790093522688,0.8051948051948052,0.012296501558711466,0.922077922077922,0.012642881884308971,0.948051948051948,0.011084170419120194,0.8311688311688312,0.012642881884308971,0.948051948051948,0.012642881884308971,0.948051948051948,0.013162452372705231,0.987012987012987,0.013162452372705231,0.987012987012987,0.011257360581918946,0.8441558441558441,0.012816072047107724,0.961038961038961,0.011603740907516454,0.8701298701298701,0.011776931070315206,0.8831168831168831,0.012642881884308971,0.948051948051948,0.012642881884308971,0.948051948051948,0.012296501558711466,0.922077922077922,0.01195012123311396,0.8961038961038961,0.0114305507447177,0.8571428571428571,0.011257360581918946,0.8441558441558441,0.013162452372705231,0.987012987012987,0.013162452372705231,0.987012987012987,0.010737790093522688,0.8051948051948052,0.01091098025632144,0.8181818181818182,0.012296501558711466,0.922077922077922,0.011257360581918946,0.8441558441558441,0.009698649116730169,0.7272727272727273,0.0114305507447177,0.8571428571428571,0.012816072047107724,0.961038961038961,0.011084170419120194,0.8311688311688312,0.012816072047107724,0.961038961038961,0.012816072047107724,0.961038961038961,0.012816072047107724,0.961038961038961,0.012816072047107724,0.961038961038961,0.011776931070315206,0.8831168831168831,0.012642881884308971,0.948051948051948,0.011603740907516454,0.8701298701298701,0.011603740907516454,0.8701298701298701,0.012816072047107724,0.961038961038961,0.012816072047107724,0.961038961038961,0.012816072047107724,0.961038961038961,0.012123311395912712,0.9090909090909091,0.011776931070315206,0.8831168831168831,0.011776931070315206,0.8831168831168831,0.012816072047107724,0.961038961038961,0.012816072047107724,0.961038961038961,0.012642881884308971,0.948051948051948,0.01091098025632144,0.8181818181818182,0.011776931070315206,0.8831168831168831,0.012816072047107724,0.961038961038961,0.012816072047107724,0.961038961038961,0.01195012123311396,0.8961038961038961,0.012816072047107724,0.961038961038961,0.011776931070315206,0.8831168831168831,0.010564599930723935,0.7922077922077922,0.010391409767925183,0.7792207792207793,0.012816072047107724,0.961038961038961,0.012816072047107724,0.961038961038961,0.012123311395912712,0.9090909090909091,0.01195012123311396,0.8961038961038961,0.012123311395912712,0.9090909090909091,0.010564599930723935,0.7922077922077922,0.007273986837547627,0.5454545454545454,0.009352268791132663,0.7012987012987013,0.008139937651541392,0.6103896103896104,0.012469691721510218,0.935064935064935,0.010564599930723935,0.7922077922077922,0.010391409767925183,0.7792207792207793,0.012816072047107724,0.961038961038961,0.012816072047107724,0.961038961038961,0.010391409767925183,0.7792207792207793,0.012469691721510218,0.935064935064935,0.012469691721510218,0.935064935064935,0.01091098025632144,0.8181818181818182,0.007273986837547627,0.5454545454545454,0.009352268791132663,0.7012987012987013,0.008313127814340146,0.6233766233766234,0.011257360581918946,0.8441558441558441
87,0.012840267077555213,0.974025974025974,0.012840267077555213,0.974025974025974,0.013011470638589283,0.987012987012987,0.013011470638589283,0.987012987012987,0.011984249272384865,0.9090909090909091,0.012840267077555213,0.974025974025974,0.011641842150316727,0.8831168831168831,0.012840267077555213,0.974025974025974,0.012669063516521143,0.961038961038961,0.012840267077555213,0.974025974025974,0.012669063516521143,0.961038961038961,0.012326656394453005,0.935064935064935,0.012155452833418935,0.922077922077922,0.012155452833418935,0.922077922077922,0.013011470638589283,0.987012987012987,0.013011470638589283,0.987012987012987,0.012669063516521143,0.961038961038961,0.011470638589282657,0.8701298701298701,0.011984249272384865,0.9090909090909091,0.01061462078411231,0.8051948051948052,0.01061462078411231,0.8051948051948052,0.012155452833418935,0.922077922077922,0.012669063516521143,0.961038961038961,0.011128231467214518,0.8441558441558441,0.012497859955487075,0.948051948051948,0.012497859955487075,0.948051948051948,0.013011470638589283,0.987012987012987,0.013011470638589283,0.987012987012987,0.011813045711350795,0.8961038961038961,0.012669063516521143,0.961038961038961,0.012326656394453005,0.935064935064935,0.011984249272384865,0.9090909090909091,0.012497859955487075,0.948051948051948,0.012497859955487075,0.948051948051948,0.012669063516521143,0.961038961038961,0.012840267077555213,0.974025974025974,0.011641842150316727,0.8831168831168831,0.011641842150316727,0.8831168831168831,0.013011470638589283,0.987012987012987,0.013011470638589283,0.987012987012987,0.011128231467214518,0.8441558441558441,0.010957027906180448,0.8311688311688312,0.012326656394453005,0.935064935064935,0.011641842150316727,0.8831168831168831,0.009587399417907892,0.7272727272727273,0.011641842150316727,0.8831168831168831,0.012669063516521143,0.961038961038961,0.011128231467214518,0.8441558441558441,0.012669063516521143,0.961038961038961,0.012669063516521143,0.961038961038961,0.012669063516521143,0.961038961038961,0.012669063516521143,0.961038961038961,0.011813045711350795,0.8961038961038961,0.012497859955487075,0.948051948051948,0.011984249272384865,0.9090909090909091,0.011470638589282657,0.8701298701298701,0.012669063516521143,0.961038961038961,0.012669063516521143,0.961038961038961,0.012669063516521143,0.961038961038961,0.011984249272384865,0.9090909090909091,0.011641842150316727,0.8831168831168831,0.011641842150316727,0.8831168831168831,0.012669063516521143,0.961038961038961,0.012669063516521143,0.961038961038961,0.012497859955487075,0.948051948051948,0.011470638589282657,0.8701298701298701,0.011641842150316727,0.8831168831168831,0.012669063516521143,0.961038961038961,0.012669063516521143,0.961038961038961,0.011984249272384865,0.9090909090909091,0.012669063516521143,0.961038961038961,0.011641842150316727,0.8831168831168831,0.01044341722307824,0.7922077922077922,0.01044341722307824,0.7922077922077922,0.012669063516521143,0.961038961038961,0.012669063516521143,0.961038961038961,0.011984249272384865,0.9090909090909091,0.011984249272384865,0.9090909090909091,0.011984249272384865,0.9090909090909091,0.01061462078411231,0.8051948051948052,0.007361753124464989,0.5584415584415584,0.009244992295839754,0.7012987012987013,0.008388974490669407,0.6363636363636364,0.012497859955487075,0.948051948051948,0.01044341722307824,0.7922077922077922,0.01044341722307824,0.7922077922077922,0.012669063516521143,0.961038961038961,0.012669063516521143,0.961038961038961,0.01027221366204417,0.7792207792207793,0.012326656394453005,0.935064935064935,0.012326656394453005,0.935064935064935,0.01078582434514638,0.8181818181818182,0.007361753124464989,0.5584415584415584,0.009244992295839754,0.7012987012987013,0.008560178051703475,0.6493506493506493,0.011470638589282657,0.8701298701298701
88,0.012694651320243737,0.974025974025974,0.012863913337846988,0.987012987012987,0.012863913337846988,0.987012987012987,0.012863913337846988,0.987012987012987,0.012017603249830738,0.922077922077922,0.012863913337846988,0.987012987012987,0.012694651320243737,0.974025974025974,0.012694651320243737,0.974025974025974,0.012525389302640487,0.961038961038961,0.012863913337846988,0.987012987012987,0.012525389302640487,0.961038961038961,0.012356127285037238,0.948051948051948,0.012356127285037238,0.948051948051948,0.012356127285037238,0.948051948051948,0.012863913337846988,0.987012987012987,0.012863913337846988,0.987012987012987,0.012694651320243737,0.974025974025974,0.011509817197020988,0.8831168831168831,0.011848341232227487,0.9090909090909091,0.011679079214624239,0.8961038961038961,0.01049424509140149,0.8051948051948052,0.012356127285037238,0.948051948051948,0.012525389302640487,0.961038961038961,0.011509817197020988,0.8831168831168831,0.012525389302640487,0.961038961038961,0.012525389302640487,0.961038961038961,0.012863913337846988,0.987012987012987,0.012863913337846988,0.987012987012987,0.012017603249830738,0.922077922077922,0.012525389302640487,0.961038961038961,0.012694651320243737,0.974025974025974,0.011848341232227487,0.9090909090909091,0.012356127285037238,0.948051948051948,0.012525389302640487,0.961038961038961,0.012525389302640487,0.961038961038961,0.012694651320243737,0.974025974025974,0.011679079214624239,0.8961038961038961,0.011679079214624239,0.8961038961038961,0.012863913337846988,0.987012987012987,0.012863913337846988,0.987012987012987,0.011002031144211239,0.8441558441558441,0.011002031144211239,0.8441558441558441,0.012186865267433988,0.935064935064935,0.011679079214624239,0.8961038961038961,0.00964793500338524,0.7402597402597403,0.011679079214624239,0.8961038961038961,0.012525389302640487,0.961038961038961,0.01117129316181449,0.8571428571428571,0.012525389302640487,0.961038961038961,0.012525389302640487,0.961038961038961,0.012525389302640487,0.961038961038961,0.012525389302640487,0.961038961038961,0.011679079214624239,0.8961038961038961,0.012356127285037238,0.948051948051948,0.012694651320243737,0.974025974025974,0.011340555179417738,0.8701298701298701,0.012525389302640487,0.961038961038961,0.012525389302640487,0.961038961038961,0.012525389302640487,0.961038961038961,0.012017603249830738,0.922077922077922,0.011848341232227487,0.9090909090909091,0.011848341232227487,0.9090909090909091,0.012525389302640487,0.961038961038961,0.012525389302640487,0.961038961038961,0.012356127285037238,0.948051948051948,0.011509817197020988,0.8831168831168831,0.011848341232227487,0.9090909090909091,0.012525389302640487,0.961038961038961,0.012694651320243737,0.974025974025974,0.012186865267433988,0.935064935064935,0.012525389302640487,0.961038961038961,0.011509817197020988,0.8831168831168831,0.01032498307379824,0.7922077922077922,0.01049424509140149,0.8051948051948052,0.012525389302640487,0.961038961038961,0.012525389302640487,0.961038961038961,0.011848341232227487,0.9090909090909091,0.012186865267433988,0.935064935064935,0.012186865267433988,0.935064935064935,0.01049424509140149,0.8051948051948052,0.007447528774542992,0.5714285714285714,0.009478672985781991,0.7272727272727273,0.008632362897765741,0.6623376623376623,0.012356127285037238,0.948051948051948,0.01032498307379824,0.7922077922077922,0.01032498307379824,0.7922077922077922,0.012525389302640487,0.961038961038961,0.012525389302640487,0.961038961038961,0.01032498307379824,0.7922077922077922,0.012356127285037238,0.948051948051948,0.012186865267433988,0.935064935064935,0.01066350710900474,0.8181818181818182,0.007447528774542992,0.5714285714285714,0.009478672985781991,0.7272727272727273,0.008463100880162491,0.6493506493506493,0.011679079214624239,0.8961038961038961
89,0.012552301255230125,0.974025974025974,0.012719665271966527,0.987012987012987,0.012719665271966527,0.987012987012987,0.012719665271966527,0.987012987012987,0.01188284518828452,0.922077922077922,0.012719665271966527,0.987012987012987,0.012552301255230125,0.974025974025974,0.012552301255230125,0.974025974025974,0.012384937238493723,0.961038961038961,0.012719665271966527,0.987012987012987,0.012384937238493723,0.961038961038961,0.012217573221757322,0.948051948051948,0.012384937238493723,0.961038961038961,0.012384937238493723,0.961038961038961,0.012719665271966527,0.987012987012987,0.012719665271966527,0.987012987012987,0.012719665271966527,0.987012987012987,0.011548117154811716,0.8961038961038961,0.012050209205020921,0.935064935064935,0.011548117154811716,0.8961038961038961,0.011548117154811716,0.8961038961038961,0.012384937238493723,0.961038961038961,0.012384937238493723,0.961038961038961,0.011380753138075314,0.8831168831168831,0.012384937238493723,0.961038961038961,0.012384937238493723,0.961038961038961,0.012719665271966527,0.987012987012987,0.012719665271966527,0.987012987012987,0.012217573221757322,0.948051948051948,0.012384937238493723,0.961038961038961,0.012552301255230125,0.974025974025974,0.011715481171548118,0.9090909090909091,0.012217573221757322,0.948051948051948,0.012384937238493723,0.961038961038961,0.012384937238493723,0.961038961038961,0.012552301255230125,0.974025974025974,0.011715481171548118,0.9090909090909091,0.011715481171548118,0.9090909090909091,0.012719665271966527,0.987012987012987,0.012719665271966527,0.987012987012987,0.01104602510460251,0.8571428571428571,0.011380753138075314,0.8831168831168831,0.012050209205020921,0.935064935064935,0.011548117154811716,0.8961038961038961,0.009539748953974895,0.7402597402597403,0.011715481171548118,0.9090909090909091,0.012384937238493723,0.961038961038961,0.01104602510460251,0.8571428571428571,0.012384937238493723,0.961038961038961,0.012384937238493723,0.961038961038961,0.012384937238493723,0.961038961038961,0.012384937238493723,0.961038961038961,0.011715481171548118,0.9090909090909091,0.012384937238493723,0.961038961038961,0.012552301255230125,0.974025974025974,0.011548117154811716,0.8961038961038961,0.012384937238493723,0.961038961038961,0.012384937238493723,0.961038961038961,0.012384937238493723,0.961038961038961,0.01188284518828452,0.922077922077922,0.012050209205020921,0.935064935064935,0.012050209205020921,0.935064935064935,0.012384937238493723,0.961038961038961,0.012384937238493723,0.961038961038961,0.012217573221757322,0.948051948051948,0.011380753138075314,0.8831168831168831,0.011715481171548118,0.9090909090909091,0.012384937238493723,0.961038961038961,0.012552301255230125,0.974025974025974,0.012384937238493723,0.961038961038961,0.012384937238493723,0.961038961038961,0.011380753138075314,0.8831168831168831,0.010209205020920502,0.7922077922077922,0.010376569037656904,0.8051948051948052,0.012384937238493723,0.961038961038961,0.012384937238493723,0.961038961038961,0.012050209205020921,0.935064935064935,0.012217573221757322,0.948051948051948,0.012050209205020921,0.935064935064935,0.010376569037656904,0.8051948051948052,0.007698744769874477,0.5974025974025974,0.009539748953974895,0.7402597402597403,0.008870292887029289,0.6883116883116883,0.012217573221757322,0.948051948051948,0.010376569037656904,0.8051948051948052,0.010376569037656904,0.8051948051948052,0.012384937238493723,0.961038961038961,0.012384937238493723,0.961038961038961,0.01104602510460251,0.8571428571428571,0.012384937238493723,0.961038961038961,0.012050209205020921,0.935064935064935,0.010543933054393306,0.8181818181818182,0.007531380753138075,0.5844155844155844,0.009539748953974895,0.7402597402597403,0.009205020920502092,0.7142857142857143,0.012050209205020921,0.935064935064935
90,0.012578616352201259,0.987012987012987,0.012744124462098643,1.0,0.012578616352201259,0.987012987012987,0.012578616352201259,0.987012987012987,0.011916583912611719,0.935064935064935,0.012578616352201259,0.987012987012987,0.012413108242303872,0.974025974025974,0.012413108242303872,0.974025974025974,0.012247600132406488,0.961038961038961,0.012744124462098643,1.0,0.012247600132406488,0.961038961038961,0.012413108242303872,0.974025974025974,0.012413108242303872,0.974025974025974,0.012413108242303872,0.974025974025974,0.012578616352201259,0.987012987012987,0.012578616352201259,0.987012987012987,0.012578616352201259,0.987012987012987,0.011585567692816948,0.9090909090909091,0.012413108242303872,0.974025974025974,0.011585567692816948,0.9090909090909091,0.011420059582919563,0.8961038961038961,0.012413108242303872,0.974025974025974,0.012247600132406488,0.961038961038961,0.011420059582919563,0.8961038961038961,0.012247600132406488,0.961038961038961,0.012247600132406488,0.961038961038961,0.012578616352201259,0.987012987012987,0.012578616352201259,0.987012987012987,0.012082092022509103,0.948051948051948,0.012247600132406488,0.961038961038961,0.012413108242303872,0.974025974025974,0.012247600132406488,0.961038961038961,0.012082092022509103,0.948051948051948,0.012247600132406488,0.961038961038961,0.012247600132406488,0.961038961038961,0.012413108242303872,0.974025974025974,0.011751075802714332,0.922077922077922,0.011916583912611719,0.935064935064935,0.012578616352201259,0.987012987012987,0.012578616352201259,0.987012987012987,0.011089043363124794,0.8701298701298701,0.011254551473022179,0.8831168831168831,0.011916583912611719,0.935064935064935,0.011420059582919563,0.8961038961038961,0.009433962264150943,0.7402597402597403,0.011751075802714332,0.922077922077922,0.012247600132406488,0.961038961038961,0.011089043363124794,0.8701298701298701,0.012413108242303872,0.974025974025974,0.012247600132406488,0.961038961038961,0.012413108242303872,0.974025974025974,0.012413108242303872,0.974025974025974,0.011751075802714332,0.922077922077922,0.012247600132406488,0.961038961038961,0.012413108242303872,0.974025974025974,0.012247600132406488,0.961038961038961,0.012247600132406488,0.961038961038961,0.012247600132406488,0.961038961038961,0.012247600132406488,0.961038961038961,0.012413108242303872,0.974025974025974,0.012247600132406488,0.961038961038961,0.012247600132406488,0.961038961038961,0.012413108242303872,0.974025974025974,0.012413108242303872,0.974025974025974,0.012082092022509103,0.948051948051948,0.011420059582919563,0.8961038961038961,0.011751075802714332,0.922077922077922,0.012247600132406488,0.961038961038961,0.012578616352201259,0.987012987012987,0.012247600132406488,0.961038961038961,0.012247600132406488,0.961038961038961,0.011254551473022179,0.8831168831168831,0.010427010923535254,0.8181818181818182,0.010261502813637868,0.8051948051948052,0.012413108242303872,0.974025974025974,0.012413108242303872,0.974025974025974,0.011916583912611719,0.935064935064935,0.012247600132406488,0.961038961038961,0.011916583912611719,0.935064935064935,0.010261502813637868,0.8051948051948052,0.007944389275074478,0.6233766233766234,0.009764978483945714,0.7662337662337663,0.009433962264150943,0.7402597402597403,0.012247600132406488,0.961038961038961,0.010427010923535254,0.8181818181818182,0.010261502813637868,0.8051948051948052,0.012413108242303872,0.974025974025974,0.012413108242303872,0.974025974025974,0.011089043363124794,0.8701298701298701,0.012413108242303872,0.974025974025974,0.011916583912611719,0.935064935064935,0.010427010923535254,0.8181818181818182,0.007944389275074478,0.6233766233766234,0.009764978483945714,0.7662337662337663,0.009599470374048328,0.7532467532467533,0.012247600132406488,0.961038961038961
91,0.012440661319364872,0.987012987012987,0.012604354231461778,1.0,0.012440661319364872,0.987012987012987,0.012440661319364872,0.987012987012987,0.011785889670977247,0.935064935064935,0.012440661319364872,0.987012987012987,0.012276968407267965,0.974025974025974,0.012440661319364872,0.987012987012987,0.012113275495171058,0.961038961038961,0.012604354231461778,1.0,0.012113275495171058,0.961038961038961,0.012276968407267965,0.974025974025974,0.012604354231461778,1.0,0.012604354231461778,1.0,0.012440661319364872,0.987012987012987,0.012440661319364872,0.987012987012987,0.012440661319364872,0.987012987012987,0.011458503846783435,0.9090909090909091,0.012276968407267965,0.974025974025974,0.011458503846783435,0.9090909090909091,0.01162219675888034,0.922077922077922,0.012604354231461778,1.0,0.012113275495171058,0.961038961038961,0.011458503846783435,0.9090909090909091,0.012113275495171058,0.961038961038961,0.012113275495171058,0.961038961038961,0.012440661319364872,0.987012987012987,0.012440661319364872,0.987012987012987,0.012113275495171058,0.961038961038961,0.012440661319364872,0.987012987012987,0.012276968407267965,0.974025974025974,0.012113275495171058,0.961038961038961,0.012113275495171058,0.961038961038961,0.012113275495171058,0.961038961038961,0.012113275495171058,0.961038961038961,0.012276968407267965,0.974025974025974,0.011785889670977247,0.935064935064935,0.011785889670977247,0.935064935064935,0.012440661319364872,0.987012987012987,0.012440661319364872,0.987012987012987,0.011294810934686528,0.8961038961038961,0.01162219675888034,0.922077922077922,0.011785889670977247,0.935064935064935,0.011458503846783435,0.9090909090909091,0.009657881813717467,0.7662337662337663,0.011785889670977247,0.935064935064935,0.012113275495171058,0.961038961038961,0.010967425110492715,0.8701298701298701,0.012276968407267965,0.974025974025974,0.012440661319364872,0.987012987012987,0.012276968407267965,0.974025974025974,0.012276968407267965,0.974025974025974,0.01162219675888034,0.922077922077922,0.012440661319364872,0.987012987012987,0.012276968407267965,0.974025974025974,0.012276968407267965,0.974025974025974,0.012113275495171058,0.961038961038961,0.012440661319364872,0.987012987012987,0.012113275495171058,0.961038961038961,0.012276968407267965,0.974025974025974,0.012113275495171058,0.961038961038961,0.012113275495171058,0.961038961038961,0.012276968407267965,0.974025974025974,0.012276968407267965,0.974025974025974,0.012113275495171058,0.961038961038961,0.011294810934686528,0.8961038961038961,0.011785889670977247,0.935064935064935,0.012113275495171058,0.961038961038961,0.012440661319364872,0.987012987012987,0.012113275495171058,0.961038961038961,0.012113275495171058,0.961038961038961,0.011131118022589622,0.8831168831168831,0.010640039286298903,0.8441558441558441,0.010148960550008185,0.8051948051948052,0.012276968407267965,0.974025974025974,0.012276968407267965,0.974025974025974,0.011785889670977247,0.935064935064935,0.012113275495171058,0.961038961038961,0.012276968407267965,0.974025974025974,0.01031265346210509,0.8181818181818182,0.008348338516942217,0.6623376623376623,0.009821574725814372,0.7792207792207793,0.009821574725814372,0.7792207792207793,0.012113275495171058,0.961038961038961,0.01031265346210509,0.8181818181818182,0.010148960550008185,0.8051948051948052,0.012276968407267965,0.974025974025974,0.012276968407267965,0.974025974025974,0.010967425110492715,0.8701298701298701,0.012276968407267965,0.974025974025974,0.011785889670977247,0.935064935064935,0.010476346374201997,0.8311688311688312,0.008348338516942217,0.6623376623376623,0.009821574725814372,0.7792207792207793,0.009985267637911278,0.7922077922077922,0.012276968407267965,0.974025974025974
92,0.01246761658031088,1.0,0.01246761658031088,1.0,0.012305699481865285,0.987012987012987,0.012305699481865285,0.987012987012987,0.011819948186528498,0.948051948051948,0.012305699481865285,0.987012987012987,0.012143782383419689,0.974025974025974,0.01246761658031088,1.0,0.011981865284974092,0.961038961038961,0.01246761658031088,1.0,0.011981865284974092,0.961038961038961,0.012143782383419689,0.974025974025974,0.01246761658031088,1.0,0.01246761658031088,1.0,0.012305699481865285,0.987012987012987,0.012305699481865285,0.987012987012987,0.012305699481865285,0.987012987012987,0.011496113989637305,0.922077922077922,0.012143782383419689,0.974025974025974,0.011496113989637305,0.922077922077922,0.011658031088082901,0.935064935064935,0.01246761658031088,1.0,0.011981865284974092,0.961038961038961,0.01133419689119171,0.9090909090909091,0.012143782383419689,0.974025974025974,0.012143782383419689,0.974025974025974,0.012305699481865285,0.987012987012987,0.012305699481865285,0.987012987012987,0.011981865284974092,0.961038961038961,0.012305699481865285,0.987012987012987,0.012143782383419689,0.974025974025974,0.012143782383419689,0.974025974025974,0.012143782383419689,0.974025974025974,0.012143782383419689,0.974025974025974,0.011981865284974092,0.961038961038961,0.012143782383419689,0.974025974025974,0.011819948186528498,0.948051948051948,0.011819948186528498,0.948051948051948,0.012305699481865285,0.987012987012987,0.012305699481865285,0.987012987012987,0.011496113989637305,0.922077922077922,0.011658031088082901,0.935064935064935,0.011981865284974092,0.961038961038961,0.01133419689119171,0.9090909090909091,0.009715025906735751,0.7792207792207793,0.011819948186528498,0.948051948051948,0.011981865284974092,0.961038961038961,0.010848445595854923,0.8701298701298701,0.012305699481865285,0.987012987012987,0.012305699481865285,0.987012987012987,0.012305699481865285,0.987012987012987,0.012305699481865285,0.987012987012987,0.011658031088082901,0.935064935064935,0.012305699481865285,0.987012987012987,0.012143782383419689,0.974025974025974,0.012143782383419689,0.974025974025974,0.011981865284974092,0.961038961038961,0.012305699481865285,0.987012987012987,0.011981865284974092,0.961038961038961,0.012143782383419689,0.974025974025974,0.012305699481865285,0.987012987012987,0.012305699481865285,0.987012987012987,0.012305699481865285,0.987012987012987,0.012305699481865285,0.987012987012987,0.012143782383419689,0.974025974025974,0.011496113989637305,0.922077922077922,0.011819948186528498,0.948051948051948,0.011981865284974092,0.961038961038961,0.012305699481865285,0.987012987012987,0.012305699481865285,0.987012987012987,0.011981865284974092,0.961038961038961,0.011010362694300517,0.8831168831168831,0.01052461139896373,0.8441558441558441,0.010200777202072539,0.8181818181818182,0.012143782383419689,0.974025974025974,0.012143782383419689,0.974025974025974,0.011658031088082901,0.935064935064935,0.011981865284974092,0.961038961038961,0.012305699481865285,0.987012987012987,0.010200777202072539,0.8181818181818182,0.008419689119170985,0.6753246753246753,0.010200777202072539,0.8181818181818182,0.010200777202072539,0.8181818181818182,0.011981865284974092,0.961038961038961,0.01052461139896373,0.8441558441558441,0.010200777202072539,0.8181818181818182,0.012143782383419689,0.974025974025974,0.012143782383419689,0.974025974025974,0.010848445595854923,0.8701298701298701,0.012143782383419689,0.974025974025974,0.011658031088082901,0.935064935064935,0.010362694300518135,0.8311688311688312,0.008419689119170985,0.6753246753246753,0.010200777202072539,0.8181818181818182,0.010200777202072539,0.8181818181818182,0.012305699481865285,0.987012987012987
93,0.01233183856502242,1.0,0.01233183856502242,1.0,0.012171684817424727,0.987012987012987,0.012171684817424727,0.987012987012987,0.011691223574631647,0.948051948051948,0.012171684817424727,0.987012987012987,0.012011531069827034,0.974025974025974,0.01233183856502242,1.0,0.01185137732222934,0.961038961038961,0.01233183856502242,1.0,0.01185137732222934,0.961038961038961,0.012011531069827034,0.974025974025974,0.01233183856502242,1.0,0.01233183856502242,1.0,0.012171684817424727,0.987012987012987,0.012171684817424727,0.987012987012987,0.012171684817424727,0.987012987012987,0.01137091607943626,0.922077922077922,0.012011531069827034,0.974025974025974,0.01137091607943626,0.922077922077922,0.011531069827033953,0.935064935064935,0.01233183856502242,1.0,0.01185137732222934,0.961038961038961,0.01137091607943626,0.922077922077922,0.012011531069827034,0.974025974025974,0.012011531069827034,0.974025974025974,0.012171684817424727,0.987012987012987,0.012171684817424727,0.987012987012987,0.012171684817424727,0.987012987012987,0.012171684817424727,0.987012987012987,0.012011531069827034,0.974025974025974,0.012011531069827034,0.974025974025974,0.01233183856502242,1.0,0.012011531069827034,0.974025974025974,0.012011531069827034,0.974025974025974,0.012171684817424727,0.987012987012987,0.012011531069827034,0.974025974025974,0.012011531069827034,0.974025974025974,0.012171684817424727,0.987012987012987,0.012171684817424727,0.987012987012987,0.01137091607943626,0.922077922077922,0.011691223574631647,0.948051948051948,0.012011531069827034,0.974025974025974,0.01137091607943626,0.922077922077922,0.009929532351057015,0.8051948051948052,0.012011531069827034,0.974025974025974,0.01185137732222934,0.961038961038961,0.011210762331838564,0.9090909090909091,0.012171684817424727,0.987012987012987,0.012171684817424727,0.987012987012987,0.012171684817424727,0.987012987012987,0.012171684817424727,0.987012987012987,0.01185137732222934,0.961038961038961,0.012171684817424727,0.987012987012987,0.012011531069827034,0.974025974025974,0.012011531069827034,0.974025974025974,0.01185137732222934,0.961038961038961,0.012171684817424727,0.987012987012987,0.012011531069827034,0.974025974025974,0.012011531069827034,0.974025974025974,0.012171684817424727,0.987012987012987,0.012171684817424727,0.987012987012987,0.012171684817424727,0.987012987012987,0.012171684817424727,0.987012987012987,0.012171684817424727,0.987012987012987,0.01137091607943626,0.922077922077922,0.01185137732222934,0.961038961038961,0.012171684817424727,0.987012987012987,0.012171684817424727,0.987012987012987,0.012171684817424727,0.987012987012987,0.012011531069827034,0.974025974025974,0.011050608584240871,0.8961038961038961,0.010730301089045484,0.8701298701298701,0.010249839846252402,0.8311688311688312,0.012011531069827034,0.974025974025974,0.012011531069827034,0.974025974025974,0.011531069827033953,0.935064935064935,0.01185137732222934,0.961038961038961,0.012171684817424727,0.987012987012987,0.010089686098654708,0.8181818181818182,0.008808456117873158,0.7142857142857143,0.010089686098654708,0.8181818181818182,0.010730301089045484,0.8701298701298701,0.01185137732222934,0.961038961038961,0.010730301089045484,0.8701298701298701,0.010409993593850097,0.8441558441558441,0.012011531069827034,0.974025974025974,0.012011531069827034,0.974025974025974,0.011210762331838564,0.9090909090909091,0.012011531069827034,0.974025974025974,0.011531069827033953,0.935064935064935,0.010409993593850097,0.8441558441558441,0.008808456117873158,0.7142857142857143,0.010249839846252402,0.8311688311688312,0.010730301089045484,0.8701298701298701,0.012171684817424727,0.987012987012987
94,0.012200919030264617,1.0,0.012200919030264617,1.0,0.012042465536365076,0.987012987012987,0.012042465536365076,0.987012987012987,0.011567105054666455,0.948051948051948,0.012042465536365076,0.987012987012987,0.012042465536365076,0.987012987012987,0.012200919030264617,1.0,0.011725558548565995,0.961038961038961,0.012200919030264617,1.0,0.011884012042465536,0.974025974025974,0.011884012042465536,0.974025974025974,0.012200919030264617,1.0,0.012200919030264617,1.0,0.012042465536365076,0.987012987012987,0.012042465536365076,0.987012987012987,0.012200919030264617,1.0,0.011567105054666455,0.948051948051948,0.012042465536365076,0.987012987012987,0.011250198066867374,0.922077922077922,0.011408651560766914,0.935064935064935,0.012200919030264617,1.0,0.011884012042465536,0.974025974025974,0.011250198066867374,0.922077922077922,0.012042465536365076,0.987012987012987,0.012042465536365076,0.987012987012987,0.012042465536365076,0.987012987012987,0.012042465536365076,0.987012987012987,0.012200919030264617,1.0,0.012042465536365076,0.987012987012987,0.012042465536365076,0.987012987012987,0.011884012042465536,0.974025974025974,0.012200919030264617,1.0,0.012042465536365076,0.987012987012987,0.012042465536365076,0.987012987012987,0.012042465536365076,0.987012987012987,0.012042465536365076,0.987012987012987,0.012042465536365076,0.987012987012987,0.012042465536365076,0.987012987012987,0.012042465536365076,0.987012987012987,0.011567105054666455,0.948051948051948,0.011725558548565995,0.961038961038961,0.012042465536365076,0.987012987012987,0.011567105054666455,0.948051948051948,0.010299477103470131,0.8441558441558441,0.012042465536365076,0.987012987012987,0.011884012042465536,0.974025974025974,0.011250198066867374,0.922077922077922,0.012042465536365076,0.987012987012987,0.012042465536365076,0.987012987012987,0.012042465536365076,0.987012987012987,0.012042465536365076,0.987012987012987,0.012042465536365076,0.987012987012987,0.012042465536365076,0.987012987012987,0.012200919030264617,1.0,0.011884012042465536,0.974025974025974,0.011725558548565995,0.961038961038961,0.012042465536365076,0.987012987012987,0.011884012042465536,0.974025974025974,0.011884012042465536,0.974025974025974,0.012042465536365076,0.987012987012987,0.012042465536365076,0.987012987012987,0.012042465536365076,0.987012987012987,0.012042465536365076,0.987012987012987,0.012042465536365076,0.987012987012987,0.011725558548565995,0.961038961038961,0.011725558548565995,0.961038961038961,0.012042465536365076,0.987012987012987,0.012042465536365076,0.987012987012987,0.012042465536365076,0.987012987012987,0.011884012042465536,0.974025974025974,0.011091744572967834,0.9090909090909091,0.010774837585168753,0.8831168831168831,0.010457930597369672,0.8571428571428571,0.012042465536365076,0.987012987012987,0.012042465536365076,0.987012987012987,0.011408651560766914,0.935064935064935,0.011725558548565995,0.961038961038961,0.012042465536365076,0.987012987012987,0.010141023609570591,0.8311688311688312,0.008873395658374267,0.7272727272727273,0.010141023609570591,0.8311688311688312,0.010774837585168753,0.8831168831168831,0.011725558548565995,0.961038961038961,0.010933291079068293,0.8961038961038961,0.010616384091269212,0.8701298701298701,0.012042465536365076,0.987012987012987,0.012042465536365076,0.987012987012987,0.011884012042465536,0.974025974025974,0.011884012042465536,0.974025974025974,0.011567105054666455,0.948051948051948,0.010457930597369672,0.8571428571428571,0.008873395658374267,0.7272727272727273,0.010141023609570591,0.8311688311688312,0.010616384091269212,0.8701298701298701,0.012042465536365076,0.987012987012987
95,0.01207275007839448,1.0,0.01207275007839448,1.0,0.01191596111633741,0.987012987012987,0.01191596111633741,0.987012987012987,0.011445594230166197,0.948051948051948,0.01191596111633741,0.987012987012987,0.01191596111633741,0.987012987012987,0.01207275007839448,1.0,0.01191596111633741,0.987012987012987,0.01207275007839448,1.0,0.011759172154280339,0.974025974025974,0.011759172154280339,0.974025974025974,0.01207275007839448,1.0,0.01207275007839448,1.0,0.01191596111633741,0.987012987012987,0.01191596111633741,0.987012987012987,0.01207275007839448,1.0,0.011445594230166197,0.948051948051948,0.01191596111633741,0.987012987012987,0.011132016306052053,0.922077922077922,0.011445594230166197,0.948051948051948,0.01207275007839448,1.0,0.01191596111633741,0.987012987012987,0.011445594230166197,0.948051948051948,0.01191596111633741,0.987012987012987,0.01191596111633741,0.987012987012987,0.01191596111633741,0.987012987012987,0.01191596111633741,0.987012987012987,0.01207275007839448,1.0,0.01191596111633741,0.987012987012987,0.01191596111633741,0.987012987012987,0.01191596111633741,0.987012987012987,0.01207275007839448,1.0,0.01191596111633741,0.987012987012987,0.01191596111633741,0.987012987012987,0.01207275007839448,1.0,0.01191596111633741,0.987012987012987,0.01191596111633741,0.987012987012987,0.01191596111633741,0.987012987012987,0.01191596111633741,0.987012987012987,0.01191596111633741,0.987012987012987,0.011759172154280339,0.974025974025974,0.01191596111633741,0.987012987012987,0.011445594230166197,0.948051948051948,0.01066164941988084,0.8831168831168831,0.01191596111633741,0.987012987012987,0.011759172154280339,0.974025974025974,0.011445594230166197,0.948051948051948,0.01191596111633741,0.987012987012987,0.01191596111633741,0.987012987012987,0.01191596111633741,0.987012987012987,0.01191596111633741,0.987012987012987,0.01191596111633741,0.987012987012987,0.01191596111633741,0.987012987012987,0.01207275007839448,1.0,0.01191596111633741,0.987012987012987,0.011602383192223268,0.961038961038961,0.01191596111633741,0.987012987012987,0.01191596111633741,0.987012987012987,0.01191596111633741,0.987012987012987,0.01191596111633741,0.987012987012987,0.01191596111633741,0.987012987012987,0.01191596111633741,0.987012987012987,0.01191596111633741,0.987012987012987,0.01191596111633741,0.987012987012987,0.011602383192223268,0.961038961038961,0.011759172154280339,0.974025974025974,0.01191596111633741,0.987012987012987,0.01191596111633741,0.987012987012987,0.01191596111633741,0.987012987012987,0.01191596111633741,0.987012987012987,0.011288805268109126,0.935064935064935,0.01066164941988084,0.8831168831168831,0.010818438381937912,0.8961038961038961,0.01191596111633741,0.987012987012987,0.01191596111633741,0.987012987012987,0.011445594230166197,0.948051948051948,0.011759172154280339,0.974025974025974,0.01207275007839448,1.0,0.010191282533709626,0.8441558441558441,0.009093759799310128,0.7532467532467533,0.010348071495766699,0.8571428571428571,0.011288805268109126,0.935064935064935,0.011759172154280339,0.974025974025974,0.010818438381937912,0.8961038961038961,0.010818438381937912,0.8961038961038961,0.01191596111633741,0.987012987012987,0.01191596111633741,0.987012987012987,0.01191596111633741,0.987012987012987,0.011759172154280339,0.974025974025974,0.011445594230166197,0.948051948051948,0.010348071495766699,0.8571428571428571,0.009093759799310128,0.7532467532467533,0.010348071495766699,0.8571428571428571,0.010975227343994982,0.9090909090909091,0.01191596111633741,0.987012987012987
96,0.011947245927075252,1.0,0.011947245927075252,1.0,0.011792086889061288,0.987012987012987,0.011792086889061288,0.987012987012987,0.01148176881303336,0.961038961038961,0.011792086889061288,0.987012987012987,0.011792086889061288,0.987012987012987,0.011947245927075252,1.0,0.011792086889061288,0.987012987012987,0.011947245927075252,1.0,0.011792086889061288,0.987012987012987,0.011792086889061288,0.987012987012987,0.011947245927075252,1.0,0.011947245927075252,1.0,0.011792086889061288,0.987012987012987,0.011792086889061288,0.987012987012987,0.011947245927075252,1.0,0.01148176881303336,0.961038961038961,0.011792086889061288,0.987012987012987,0.011016291698991466,0.922077922077922,0.011326609775019396,0.948051948051948,0.011947245927075252,1.0,0.011792086889061288,0.987012987012987,0.011326609775019396,0.948051948051948,0.011792086889061288,0.987012987012987,0.011792086889061288,0.987012987012987,0.011792086889061288,0.987012987012987,0.011792086889061288,0.987012987012987,0.011947245927075252,1.0,0.011792086889061288,0.987012987012987,0.011792086889061288,0.987012987012987,0.011792086889061288,0.987012987012987,0.011947245927075252,1.0,0.011792086889061288,0.987012987012987,0.011792086889061288,0.987012987012987,0.011947245927075252,1.0,0.011792086889061288,0.987012987012987,0.011792086889061288,0.987012987012987,0.011792086889061288,0.987012987012987,0.011792086889061288,0.987012987012987,0.011792086889061288,0.987012987012987,0.011792086889061288,0.987012987012987,0.011792086889061288,0.987012987012987,0.01148176881303336,0.961038961038961,0.010861132660977503,0.9090909090909091,0.011792086889061288,0.987012987012987,0.011792086889061288,0.987012987012987,0.01148176881303336,0.961038961038961,0.011947245927075252,1.0,0.011947245927075252,1.0,0.011947245927075252,1.0,0.011947245927075252,1.0,0.011792086889061288,0.987012987012987,0.011792086889061288,0.987012987012987,0.011947245927075252,1.0,0.011947245927075252,1.0,0.01148176881303336,0.961038961038961,0.011947245927075252,1.0,0.011792086889061288,0.987012987012987,0.011792086889061288,0.987012987012987,0.011947245927075252,1.0,0.011947245927075252,1.0,0.011947245927075252,1.0,0.011947245927075252,1.0,0.011792086889061288,0.987012987012987,0.011636927851047323,0.974025974025974,0.011947245927075252,1.0,0.011792086889061288,0.987012987012987,0.011792086889061288,0.987012987012987,0.011947245927075252,1.0,0.011792086889061288,0.987012987012987,0.01148176881303336,0.961038961038961,0.010705973622963537,0.8961038961038961,0.010861132660977503,0.9090909090909091,0.011947245927075252,1.0,0.011947245927075252,1.0,0.011326609775019396,0.948051948051948,0.011636927851047323,0.974025974025974,0.011947245927075252,1.0,0.010240496508921644,0.8571428571428571,0.009154383242823895,0.7662337662337663,0.01039565554693561,0.8701298701298701,0.011636927851047323,0.974025974025974,0.011636927851047323,0.974025974025974,0.010861132660977503,0.9090909090909091,0.010861132660977503,0.9090909090909091,0.011947245927075252,1.0,0.011947245927075252,1.0,0.011792086889061288,0.987012987012987,0.011636927851047323,0.974025974025974,0.01148176881303336,0.961038961038961,0.01039565554693561,0.8701298701298701,0.009930178432893715,0.8311688311688312,0.01039565554693561,0.8701298701298701,0.011636927851047323,0.974025974025974,0.011792086889061288,0.987012987012987
97,0.011824324324324325,1.0,0.011824324324324325,1.0,0.011824324324324325,1.0,0.011824324324324325,1.0,0.011517199017199017,0.974025974025974,0.01167076167076167,0.987012987012987,0.01167076167076167,0.987012987012987,0.011824324324324325,1.0,0.011824324324324325,1.0,0.011824324324324325,1.0,0.011824324324324325,1.0,0.01167076167076167,0.987012987012987,0.011824324324324325,1.0,0.011824324324324325,1.0,0.011824324324324325,1.0,0.011824324324324325,1.0,0.011824324324324325,1.0,0.01167076167076167,0.987012987012987,0.011824324324324325,1.0,0.01167076167076167,0.987012987012987,0.01121007371007371,0.948051948051948,0.011824324324324325,1.0,0.01167076167076167,0.987012987012987,0.01167076167076167,0.987012987012987,0.01167076167076167,0.987012987012987,0.01167076167076167,0.987012987012987,0.011824324324324325,1.0,0.011824324324324325,1.0,0.011824324324324325,1.0,0.01167076167076167,0.987012987012987,0.01167076167076167,0.987012987012987,0.01167076167076167,0.987012987012987,0.011824324324324325,1.0,0.01167076167076167,0.987012987012987,0.011824324324324325,1.0,0.011824324324324325,1.0,0.01167076167076167,0.987012987012987,0.01167076167076167,0.987012987012987,0.011824324324324325,1.0,0.011824324324324325,1.0,0.011824324324324325,1.0,0.011824324324324325,1.0,0.011824324324324325,1.0,0.011824324324324325,1.0,0.010902948402948403,0.922077922077922,0.01167076167076167,0.987012987012987,0.011824324324324325,1.0,0.01167076167076167,0.987012987012987,0.011824324324324325,1.0,0.011824324324324325,1.0,0.011824324324324325,1.0,0.011824324324324325,1.0,0.01167076167076167,0.987012987012987,0.01167076167076167,0.987012987012987,0.011824324324324325,1.0,0.011824324324324325,1.0,0.011517199017199017,0.974025974025974,0.011824324324324325,1.0,0.01167076167076167,0.987012987012987,0.01167076167076167,0.987012987012987,0.011824324324324325,1.0,0.011824324324324325,1.0,0.011824324324324325,1.0,0.011824324324324325,1.0,0.01167076167076167,0.987012987012987,0.011824324324324325,1.0,0.011824324324324325,1.0,0.01167076167076167,0.987012987012987,0.01167076167076167,0.987012987012987,0.011824324324324325,1.0,0.011824324324324325,1.0,0.011517199017199017,0.974025974025974,0.010902948402948403,0.922077922077922,0.01074938574938575,0.9090909090909091,0.011824324324324325,1.0,0.011824324324324325,1.0,0.01121007371007371,0.948051948051948,0.011517199017199017,0.974025974025974,0.011824324324324325,1.0,0.011056511056511056,0.935064935064935,0.011056511056511056,0.935064935064935,0.010902948402948403,0.922077922077922,0.011824324324324325,1.0,0.01167076167076167,0.987012987012987,0.010902948402948403,0.922077922077922,0.01074938574938575,0.9090909090909091,0.011824324324324325,1.0,0.011824324324324325,1.0,0.01167076167076167,0.987012987012987,0.011517199017199017,0.974025974025974,0.011824324324324325,1.0,0.011056511056511056,0.935064935064935,0.010135135135135136,0.8571428571428571,0.01074938574938575,0.9090909090909091,0.011824324324324325,1.0,0.011824324324324325,1.0
98,0.01170390636874905,1.0,0.01170390636874905,1.0,0.01170390636874905,1.0,0.01170390636874905,1.0,0.011399908800729594,0.974025974025974,0.01170390636874905,1.0,0.01170390636874905,1.0,0.01170390636874905,1.0,0.01170390636874905,1.0,0.01170390636874905,1.0,0.01170390636874905,1.0,0.01170390636874905,1.0,0.01170390636874905,1.0,0.01170390636874905,1.0,0.01170390636874905,1.0,0.01170390636874905,1.0,0.01170390636874905,1.0,0.01170390636874905,1.0,0.01170390636874905,1.0,0.01170390636874905,1.0,0.011095911232710138,0.948051948051948,0.01170390636874905,1.0,0.011551907584739321,0.987012987012987,0.01170390636874905,1.0,0.01170390636874905,1.0,0.01170390636874905,1.0,0.01170390636874905,1.0,0.01170390636874905,1.0,0.01170390636874905,1.0,0.01170390636874905,1.0,0.01170390636874905,1.0,0.01170390636874905,1.0,0.01170390636874905,1.0,0.01170390636874905,1.0,0.01170390636874905,1.0,0.01170390636874905,1.0,0.01170390636874905,1.0,0.01170390636874905,1.0,0.01170390636874905,1.0,0.01170390636874905,1.0,0.01170390636874905,1.0,0.01170390636874905,1.0,0.01170390636874905,1.0,0.01170390636874905,1.0,0.011095911232710138,0.948051948051948,0.01170390636874905,1.0,0.01170390636874905,1.0,0.011551907584739321,0.987012987012987,0.01170390636874905,1.0,0.01170390636874905,1.0,0.01170390636874905,1.0,0.01170390636874905,1.0,0.011551907584739321,0.987012987012987,0.01170390636874905,1.0,0.01170390636874905,1.0,0.01170390636874905,1.0,0.011399908800729594,0.974025974025974,0.01170390636874905,1.0,0.011551907584739321,0.987012987012987,0.01170390636874905,1.0,0.01170390636874905,1.0,0.01170390636874905,1.0,0.01170390636874905,1.0,0.01170390636874905,1.0,0.011551907584739321,0.987012987012987,0.01170390636874905,1.0,0.01170390636874905,1.0,0.011551907584739321,0.987012987012987,0.01170390636874905,1.0,0.01170390636874905,1.0,0.01170390636874905,1.0,0.01170390636874905,1.0,0.01094391244870041,0.935064935064935,0.011095911232710138,0.948051948051948,0.01170390636874905,1.0,0.01170390636874905,1.0,0.01170390636874905,1.0,0.011551907584739321,0.987012987012987,0.01170390636874905,1.0,0.011247910016719867,0.961038961038961,0.011095911232710138,0.948051948051948,0.01094391244870041,0.935064935064935,0.01170390636874905,1.0,0.01170390636874905,1.0,0.011247910016719867,0.961038961038961,0.01094391244870041,0.935064935064935,0.01170390636874905,1.0,0.01170390636874905,1.0,0.01170390636874905,1.0,0.011399908800729594,0.974025974025974,0.01170390636874905,1.0,0.011247910016719867,0.961038961038961,0.010639914880680954,0.9090909090909091,0.01094391244870041,0.935064935064935,0.01170390636874905,1.0,0.01170390636874905,1.0
99,0.011585916340656035,1.0,0.011585916340656035,1.0,0.011585916340656035,1.0,0.011585916340656035,1.0,0.011284983448690942,0.974025974025974,0.011585916340656035,1.0,0.011585916340656035,1.0,0.011585916340656035,1.0,0.011585916340656035,1.0,0.011585916340656035,1.0,0.011585916340656035,1.0,0.011585916340656035,1.0,0.011585916340656035,1.0,0.011585916340656035,1.0,0.011585916340656035,1.0,0.011585916340656035,1.0,0.011585916340656035,1.0,0.011585916340656035,1.0,0.011585916340656035,1.0,0.011585916340656035,1.0,0.011284983448690942,0.974025974025974,0.011585916340656035,1.0,0.011585916340656035,1.0,0.011585916340656035,1.0,0.011585916340656035,1.0,0.011585916340656035,1.0,0.011585916340656035,1.0,0.011585916340656035,1.0,0.011585916340656035,1.0,0.011585916340656035,1.0,0.011585916340656035,1.0,0.011585916340656035,1.0,0.011585916340656035,1.0,0.011585916340656035,1.0,0.011585916340656035,1.0,0.011585916340656035,1.0,0.011585916340656035,1.0,0.011585916340656035,1.0,0.011585916340656035,1.0,0.011585916340656035,1.0,0.011585916340656035,1.0,0.011585916340656035,1.0,0.011585916340656035,1.0,0.011585916340656035,1.0,0.011435449894673488,0.987012987012987,0.011585916340656035,1.0,0.011585916340656035,1.0,0.011585916340656035,1.0,0.011585916340656035,1.0,0.011585916340656035,1.0,0.011585916340656035,1.0,0.011585916340656035,1.0,0.011585916340656035,1.0,0.011585916340656035,1.0,0.011585916340656035,1.0,0.011585916340656035,1.0,0.011435449894673488,0.987012987012987,0.011585916340656035,1.0,0.011585916340656035,1.0,0.011585916340656035,1.0,0.011585916340656035,1.0,0.011585916340656035,1.0,0.011585916340656035,1.0,0.011585916340656035,1.0,0.011435449894673488,0.987012987012987,0.011585916340656035,1.0,0.011585916340656035,1.0,0.011585916340656035,1.0,0.011585916340656035,1.0,0.011585916340656035,1.0,0.011585916340656035,1.0,0.011585916340656035,1.0,0.011284983448690942,0.974025974025974,0.011585916340656035,1.0,0.011585916340656035,1.0,0.011585916340656035,1.0,0.011585916340656035,1.0,0.011585916340656035,1.0,0.011585916340656035,1.0,0.011435449894673488,0.987012987012987,0.01098405055672585,0.948051948051948,0.011284983448690942,0.974025974025974,0.011585916340656035,1.0,0.011585916340656035,1.0,0.011284983448690942,0.974025974025974,0.011585916340656035,1.0,0.011585916340656035,1.0,0.011585916340656035,1.0,0.011585916340656035,1.0,0.011435449894673488,0.987012987012987,0.011585916340656035,1.0,0.011435449894673488,0.987012987012987,0.010833584110743304,0.935064935064935,0.011284983448690942,0.974025974025974,0.011585916340656035,1.0,0.011585916340656035,1.0
100,0.011468573130771521,1.0,0.011468573130771521,1.0,0.011468573130771521,1.0,0.011468573130771521,1.0,0.011468573130771521,1.0,0.011468573130771521,1.0,0.011468573130771521,1.0,0.011468573130771521,1.0,0.011468573130771521,1.0,0.011468573130771521,1.0,0.011468573130771521,1.0,0.011468573130771521,1.0,0.011468573130771521,1.0,0.011468573130771521,1.0,0.011468573130771521,1.0,0.011468573130771521,1.0,0.011468573130771521,1.0,0.011468573130771521,1.0,0.011468573130771521,1.0,0.011468573130771521,1.0,0.011468573130771521,1.0,0.011468573130771521,1.0,0.011468573130771521,1.0,0.011468573130771521,1.0,0.011468573130771521,1.0,0.011468573130771521,1.0,0.011468573130771521,1.0,0.011468573130771521,1.0,0.011468573130771521,1.0,0.011468573130771521,1.0,0.011468573130771521,1.0,0.011468573130771521,1.0,0.011468573130771521,1.0,0.011468573130771521,1.0,0.011468573130771521,1.0,0.011468573130771521,1.0,0.011468573130771521,1.0,0.011468573130771521,1.0,0.011468573130771521,1.0,0.011468573130771521,1.0,0.011468573130771521,1.0,0.011468573130771521,1.0,0.011468573130771521,1.0,0.011468573130771521,1.0,0.011468573130771521,1.0,0.011468573130771521,1.0,0.011468573130771521,1.0,0.011468573130771521,1.0,0.011468573130771521,1.0,0.011468573130771521,1.0,0.011468573130771521,1.0,0.011468573130771521,1.0,0.011468573130771521,1.0,0.011468573130771521,1.0,0.011468573130771521,1.0,0.011468573130771521,1.0,0.011468573130771521,1.0,0.011468573130771521,1.0,0.011468573130771521,1.0,0.011468573130771521,1.0,0.011468573130771521,1.0,0.011468573130771521,1.0,0.011468573130771521,1.0,0.011468573130771521,1.0,0.011468573130771521,1.0,0.011468573130771521,1.0,0.011468573130771521,1.0,0.011468573130771521,1.0,0.011468573130771521,1.0,0.011468573130771521,1.0,0.011468573130771521,1.0,0.011468573130771521,1.0,0.011468573130771521,1.0,0.011468573130771521,1.0,0.011468573130771521,1.0,0.011468573130771521,1.0,0.011468573130771521,1.0,0.011468573130771521,1.0,0.011468573130771521,1.0,0.011468573130771521,1.0,0.011468573130771521,1.0,0.011468573130771521,1.0,0.011468573130771521,1.0,0.011468573130771521,1.0,0.011468573130771521,1.0,0.011468573130771521,1.0,0.011468573130771521,1.0,0.011468573130771521,1.0,0.011468573130771521,1.0,0.011468573130771521,1.0,0.011468573130771521,1.0,0.011468573130771521,1.0,0.011468573130771521,1.0,0.011468573130771521,1.0,0.011468573130771521,1.0,0.011468573130771521,1.0
