Top_Percent,aaindex_Linear_HitRate,aaindex_Linear_Recall,aaindex_Ridge_HitRate,aaindex_Ridge_Recall,aaindex_Lasso_HitRate,aaindex_Lasso_Recall,aaindex_ElasticNet_HitRate,aaindex_ElasticNet_Recall,aaindex_NeuralNet_HitRate,aaindex_NeuralNet_Recall,aaindex_RandomForest_HitRate,aaindex_RandomForest_Recall,aaindex_XGBoost_HitRate,aaindex_XGBoost_Recall,aaindex_KNN_HitRate,aaindex_KNN_Recall,aaindex_GaussianProcess_HitRate,aaindex_GaussianProcess_Recall,aaindex_PLSRegression_HitRate,aaindex_PLSRegression_Recall,aaindex_SVR_HitRate,aaindex_SVR_Recall,aaindex_ExtraTrees_HitRate,aaindex_ExtraTrees_Recall,aaindex_with_esm_Linear_HitRate,aaindex_with_esm_Linear_Recall,aaindex_with_esm_Ridge_HitRate,aaindex_with_esm_Ridge_Recall,aaindex_with_esm_Lasso_HitRate,aaindex_with_esm_Lasso_Recall,aaindex_with_esm_ElasticNet_HitRate,aaindex_with_esm_ElasticNet_Recall,aaindex_with_esm_NeuralNet_HitRate,aaindex_with_esm_NeuralNet_Recall,aaindex_with_esm_RandomForest_HitRate,aaindex_with_esm_RandomForest_Recall,aaindex_with_esm_XGBoost_HitRate,aaindex_with_esm_XGBoost_Recall,aaindex_with_esm_KNN_HitRate,aaindex_with_esm_KNN_Recall,aaindex_with_esm_GaussianProcess_HitRate,aaindex_with_esm_GaussianProcess_Recall,aaindex_with_esm_PLSRegression_HitRate,aaindex_with_esm_PLSRegression_Recall,aaindex_with_esm_SVR_HitRate,aaindex_with_esm_SVR_Recall,aaindex_with_esm_ExtraTrees_HitRate,aaindex_with_esm_ExtraTrees_Recall,onehot_Linear_HitRate,onehot_Linear_Recall,onehot_Ridge_HitRate,onehot_Ridge_Recall,onehot_Lasso_HitRate,onehot_Lasso_Recall,onehot_ElasticNet_HitRate,onehot_ElasticNet_Recall,onehot_NeuralNet_HitRate,onehot_NeuralNet_Recall,onehot_RandomForest_HitRate,onehot_RandomForest_Recall,onehot_XGBoost_HitRate,onehot_XGBoost_Recall,onehot_KNN_HitRate,onehot_KNN_Recall,onehot_GaussianProcess_HitRate,onehot_GaussianProcess_Recall,onehot_PLSRegression_HitRate,onehot_PLSRegression_Recall,onehot_SVR_HitRate,onehot_SVR_Recall,onehot_ExtraTrees_HitRate,onehot_ExtraTrees_Recall,onehot_with_esm_Linear_HitRate,onehot_with_esm_Linear_Recall,onehot_with_esm_Ridge_HitRate,onehot_with_esm_Ridge_Recall,onehot_with_esm_Lasso_HitRate,onehot_with_esm_Lasso_Recall,onehot_with_esm_ElasticNet_HitRate,onehot_with_esm_ElasticNet_Recall,onehot_with_esm_NeuralNet_HitRate,onehot_with_esm_NeuralNet_Recall,onehot_with_esm_RandomForest_HitRate,onehot_with_esm_RandomForest_Recall,onehot_with_esm_XGBoost_HitRate,onehot_with_esm_XGBoost_Recall,onehot_with_esm_KNN_HitRate,onehot_with_esm_KNN_Recall,onehot_with_esm_GaussianProcess_HitRate,onehot_with_esm_GaussianProcess_Recall,onehot_with_esm_PLSRegression_HitRate,onehot_with_esm_PLSRegression_Recall,onehot_with_esm_SVR_HitRate,onehot_with_esm_SVR_Recall,onehot_with_esm_ExtraTrees_HitRate,onehot_with_esm_ExtraTrees_Recall,georgiev_Linear_HitRate,georgiev_Linear_Recall,georgiev_Ridge_HitRate,georgiev_Ridge_Recall,georgiev_Lasso_HitRate,georgiev_Lasso_Recall,georgiev_ElasticNet_HitRate,georgiev_ElasticNet_Recall,georgiev_NeuralNet_HitRate,georgiev_NeuralNet_Recall,georgiev_RandomForest_HitRate,georgiev_RandomForest_Recall,georgiev_XGBoost_HitRate,georgiev_XGBoost_Recall,georgiev_KNN_HitRate,georgiev_KNN_Recall,georgiev_GaussianProcess_HitRate,georgiev_GaussianProcess_Recall,georgiev_PLSRegression_HitRate,georgiev_PLSRegression_Recall,georgiev_SVR_HitRate,georgiev_SVR_Recall,georgiev_ExtraTrees_HitRate,georgiev_ExtraTrees_Recall,georgiev_with_esm_Linear_HitRate,georgiev_with_esm_Linear_Recall,georgiev_with_esm_Ridge_HitRate,georgiev_with_esm_Ridge_Recall,georgiev_with_esm_Lasso_HitRate,georgiev_with_esm_Lasso_Recall,georgiev_with_esm_ElasticNet_HitRate,georgiev_with_esm_ElasticNet_Recall,georgiev_with_esm_NeuralNet_HitRate,georgiev_with_esm_NeuralNet_Recall,georgiev_with_esm_RandomForest_HitRate,georgiev_with_esm_RandomForest_Recall,georgiev_with_esm_XGBoost_HitRate,georgiev_with_esm_XGBoost_Recall,georgiev_with_esm_KNN_HitRate,georgiev_with_esm_KNN_Recall,georgiev_with_esm_GaussianProcess_HitRate,georgiev_with_esm_GaussianProcess_Recall,georgiev_with_esm_PLSRegression_HitRate,georgiev_with_esm_PLSRegression_Recall,georgiev_with_esm_SVR_HitRate,georgiev_with_esm_SVR_Recall,georgiev_with_esm_ExtraTrees_HitRate,georgiev_with_esm_ExtraTrees_Recall,prott5_Linear_HitRate,prott5_Linear_Recall,prott5_Ridge_HitRate,prott5_Ridge_Recall,prott5_Lasso_HitRate,prott5_Lasso_Recall,prott5_ElasticNet_HitRate,prott5_ElasticNet_Recall,prott5_NeuralNet_HitRate,prott5_NeuralNet_Recall,prott5_RandomForest_HitRate,prott5_RandomForest_Recall,prott5_XGBoost_HitRate,prott5_XGBoost_Recall,prott5_KNN_HitRate,prott5_KNN_Recall,prott5_GaussianProcess_HitRate,prott5_GaussianProcess_Recall,prott5_PLSRegression_HitRate,prott5_PLSRegression_Recall,prott5_SVR_HitRate,prott5_SVR_Recall,prott5_ExtraTrees_HitRate,prott5_ExtraTrees_Recall,prott5_with_esm_Linear_HitRate,prott5_with_esm_Linear_Recall,prott5_with_esm_Ridge_HitRate,prott5_with_esm_Ridge_Recall,prott5_with_esm_Lasso_HitRate,prott5_with_esm_Lasso_Recall,prott5_with_esm_ElasticNet_HitRate,prott5_with_esm_ElasticNet_Recall,prott5_with_esm_NeuralNet_HitRate,prott5_with_esm_NeuralNet_Recall,prott5_with_esm_RandomForest_HitRate,prott5_with_esm_RandomForest_Recall,prott5_with_esm_XGBoost_HitRate,prott5_with_esm_XGBoost_Recall,prott5_with_esm_KNN_HitRate,prott5_with_esm_KNN_Recall,prott5_with_esm_GaussianProcess_HitRate,prott5_with_esm_GaussianProcess_Recall,prott5_with_esm_PLSRegression_HitRate,prott5_with_esm_PLSRegression_Recall,prott5_with_esm_SVR_HitRate,prott5_with_esm_SVR_Recall,prott5_with_esm_ExtraTrees_HitRate,prott5_with_esm_ExtraTrees_Recall
1,0.9,0.07938257993384785,0.9,0.07938257993384785,1.0,0.08820286659316427,1.0,0.08820286659316427,0.775,0.06835722160970231,1.0,0.08820286659316427,0.9875,0.08710033076074973,0.5875,0.05181918412348401,0.825,0.07276736493936053,0.9,0.07938257993384785,1.0,0.08820286659316427,0.9625,0.08489525909592062,1.0,0.08820286659316427,0.925,0.08158765159867695,0.8875,0.0782800441014333,0.8875,0.0782800441014333,0.925,0.08158765159867695,0.9625,0.08489525909592062,0.9125,0.0804851157662624,0.6625,0.05843439911797133,0.6,0.05292171995589857,0.8625,0.07607497243660419,1.0,0.08820286659316427,0.9625,0.08489525909592062,0.9,0.07938257993384785,0.925,0.08158765159867695,1.0,0.08820286659316427,1.0,0.08820286659316427,0.9875,0.08710033076074973,0.9875,0.08710033076074973,1.0,0.08820286659316427,0.6,0.05292171995589857,0.75,0.06615214994487321,0.9,0.07938257993384785,1.0,0.08820286659316427,0.9625,0.08489525909592062,1.0,0.08820286659316427,0.925,0.08158765159867695,0.8875,0.0782800441014333,0.8875,0.0782800441014333,0.85,0.07497243660418963,0.9625,0.08489525909592062,0.975,0.08599779492833518,0.8125,0.07166482910694598,0.65,0.05733186328555678,0.8625,0.07607497243660419,1.0,0.08820286659316427,0.9625,0.08489525909592062,0.9,0.07938257993384785,0.9,0.07938257993384785,1.0,0.08820286659316427,1.0,0.08820286659316427,0.9125,0.0804851157662624,0.9875,0.08710033076074973,0.9875,0.08710033076074973,0.6875,0.06063947078280044,0.8,0.07056229327453142,0.9,0.07938257993384785,1.0,0.08820286659316427,0.9625,0.08489525909592062,1.0,0.08820286659316427,0.925,0.08158765159867695,0.8875,0.0782800441014333,0.8875,0.0782800441014333,1.0,0.08820286659316427,0.9625,0.08489525909592062,0.9125,0.0804851157662624,0.6625,0.05843439911797133,0.575,0.050716648291069456,0.8625,0.07607497243660419,1.0,0.08820286659316427,0.9625,0.08489525909592062,0.9125,0.0804851157662624,0.9125,0.0804851157662624,0.6625,0.05843439911797133,0.7,0.06174200661521499,0.0125,0.0011025358324145535,0.85,0.07497243660418963,0.9375,0.08269018743109151,0.8,0.07056229327453142,0.2,0.017640573318632856,0.9875,0.08710033076074973,1.0,0.08820286659316427,0.8875,0.0782800441014333,0.8875,0.0782800441014333,0.8875,0.0782800441014333,0.8375,0.07386990077177508,0.7375,0.06504961411245866,0.625,0.05512679162072767,0.925,0.08158765159867695,0.9375,0.08269018743109151,0.7875,0.06945975744211687,0.2,0.017640573318632856,0.9875,0.08710033076074973,1.0,0.08820286659316427,0.925,0.08158765159867695
2,0.8819875776397516,0.1565600882028666,0.8819875776397516,0.1565600882028666,1.0,0.17750826901874311,1.0,0.17750826901874311,0.7453416149068323,0.13230429988974643,0.9813664596273292,0.17420066152149946,0.9813664596273292,0.17420066152149946,0.6335403726708074,0.11245865490628446,0.5403726708074534,0.09592061742006615,0.8819875776397516,0.1565600882028666,0.9627329192546584,0.17089305402425578,0.9627329192546584,0.17089305402425578,0.937888198757764,0.16648291069459759,0.9192546583850931,0.1631753031973539,0.84472049689441,0.14994487320837926,0.8260869565217391,0.1466372657111356,0.906832298136646,0.1609702315325248,0.9813664596273292,0.17420066152149946,0.9565217391304348,0.16979051819184124,0.6459627329192547,0.11466372657111357,0.4472049689440994,0.07938257993384785,0.8695652173913043,0.1543550165380375,0.9627329192546584,0.17089305402425578,0.9751552795031055,0.1730981256890849,0.8819875776397516,0.1565600882028666,0.8944099378881988,0.1587651598676957,1.0,0.17750826901874311,1.0,0.17750826901874311,0.968944099378882,0.17199558985667035,0.9813664596273292,0.17420066152149946,1.0,0.17750826901874311,0.6335403726708074,0.11245865490628446,0.6149068322981367,0.10915104740904079,0.8819875776397516,0.1565600882028666,0.9627329192546584,0.17089305402425578,0.9627329192546584,0.17089305402425578,0.937888198757764,0.16648291069459759,0.9316770186335404,0.16538037486218302,0.84472049689441,0.14994487320837926,0.84472049689441,0.14994487320837926,0.8757763975155279,0.15545755237045203,0.9813664596273292,0.17420066152149946,0.937888198757764,0.16648291069459759,0.7577639751552795,0.1345093715545755,0.4906832298136646,0.08710033076074973,0.8819875776397516,0.1565600882028666,0.9813664596273292,0.17420066152149946,0.9627329192546584,0.17089305402425578,0.8819875776397516,0.1565600882028666,0.8819875776397516,0.1565600882028666,1.0,0.17750826901874311,1.0,0.17750826901874311,0.8633540372670807,0.15325248070562295,0.9813664596273292,0.17420066152149946,0.9813664596273292,0.17420066152149946,0.6583850931677019,0.11686879823594266,0.5838509316770186,0.10363836824696802,0.8819875776397516,0.1565600882028666,0.9627329192546584,0.17089305402425578,0.9627329192546584,0.17089305402425578,0.937888198757764,0.16648291069459759,0.9192546583850931,0.1631753031973539,0.84472049689441,0.14994487320837926,0.8260869565217391,0.1466372657111356,0.9875776397515528,0.175303197353914,0.9813664596273292,0.17420066152149946,0.9565217391304348,0.16979051819184124,0.6335403726708074,0.11245865490628446,0.42857142857142855,0.07607497243660419,0.8695652173913043,0.1543550165380375,0.9627329192546584,0.17089305402425578,0.9627329192546584,0.17089305402425578,0.9192546583850931,0.1631753031973539,0.9192546583850931,0.1631753031973539,0.7329192546583851,0.13009922822491732,0.7701863354037267,0.13671444321940462,0.012422360248447204,0.002205071664829107,0.7763975155279503,0.1378169790518192,0.8633540372670807,0.15325248070562295,0.6645962732919255,0.11797133406835722,0.17391304347826086,0.030871003307607496,0.9875776397515528,0.175303197353914,1.0,0.17750826901874311,0.8322981366459627,0.14773980154355015,0.8944099378881988,0.1587651598676957,0.9006211180124224,0.15986769570011025,0.8322981366459627,0.14773980154355015,0.782608695652174,0.13891951488423374,0.5527950310559007,0.09812568908489526,0.84472049689441,0.14994487320837926,0.8198757763975155,0.14553472987872107,0.6770186335403726,0.12017640573318633,0.16149068322981366,0.02866593164277839,0.9875776397515528,0.175303197353914,1.0,0.17750826901874311,0.8509316770186336,0.15104740904079383
3,0.8842975206611571,0.23594266813671444,0.8884297520661157,0.237045203969129,0.9834710743801653,0.2624035281146637,0.9214876033057852,0.24586549062844543,0.7520661157024794,0.20066152149944874,0.9710743801652892,0.25909592061742004,0.9628099173553719,0.25689084895259096,0.628099173553719,0.16758544652701213,0.5165289256198347,0.1378169790518192,0.8884297520661157,0.237045203969129,0.9462809917355371,0.25248070562293273,0.9669421487603306,0.2579933847850055,0.8966942148760331,0.2392502756339581,0.9214876033057852,0.24586549062844543,0.8347107438016529,0.2227122381477398,0.8181818181818182,0.21830209481808158,0.9132231404958677,0.24366041896361632,0.9793388429752066,0.2613009922822492,0.9710743801652892,0.25909592061742004,0.5991735537190083,0.15986769570011025,0.34297520661157027,0.09151047409040794,0.8512396694214877,0.22712238147739802,0.9462809917355371,0.25248070562293273,0.9710743801652892,0.25909592061742004,0.8842975206611571,0.23594266813671444,0.8925619834710744,0.23814773980154355,0.9834710743801653,0.2624035281146637,0.9338842975206612,0.24917309812568908,0.9628099173553719,0.25689084895259096,0.9669421487603306,0.2579933847850055,0.9793388429752066,0.2613009922822492,0.628099173553719,0.16758544652701213,0.5909090909090909,0.15766262403528114,0.8884297520661157,0.237045203969129,0.9462809917355371,0.25248070562293273,0.9669421487603306,0.2579933847850055,0.8966942148760331,0.2392502756339581,0.9132231404958677,0.24366041896361632,0.8347107438016529,0.2227122381477398,0.8347107438016529,0.2227122381477398,0.8925619834710744,0.23814773980154355,0.9710743801652892,0.25909592061742004,0.9173553719008265,0.24476295479603086,0.7066115702479339,0.18853362734288864,0.371900826446281,0.09922822491730982,0.8099173553719008,0.2160970231532525,0.9628099173553719,0.25689084895259096,0.9504132231404959,0.2535832414553473,0.8842975206611571,0.23594266813671444,0.8884297520661157,0.237045203969129,0.9834710743801653,0.2624035281146637,0.9214876033057852,0.24586549062844543,0.8677685950413223,0.23153252480705622,0.9710743801652892,0.25909592061742004,0.9628099173553719,0.25689084895259096,0.6322314049586777,0.16868798235942667,0.4628099173553719,0.12348401323042998,0.8884297520661157,0.237045203969129,0.9462809917355371,0.25248070562293273,0.9669421487603306,0.2579933847850055,0.8966942148760331,0.2392502756339581,0.9214876033057852,0.24586549062844543,0.8347107438016529,0.2227122381477398,0.8181818181818182,0.21830209481808158,0.9586776859504132,0.2557883131201764,0.9834710743801653,0.2624035281146637,0.9710743801652892,0.25909592061742004,0.5991735537190083,0.15986769570011025,0.32644628099173556,0.08710033076074973,0.8512396694214877,0.22712238147739802,0.9462809917355371,0.25248070562293273,0.9586776859504132,0.2557883131201764,0.9090909090909091,0.24255788313120177,0.9090909090909091,0.24255788313120177,0.7851239669421488,0.20948180815876516,0.7892561983471075,0.2105843439911797,0.03305785123966942,0.008820286659316428,0.7355371900826446,0.19625137816979052,0.7933884297520661,0.21168687982359427,0.6198347107438017,0.16538037486218302,0.19008264462809918,0.050716648291069456,0.9545454545454546,0.25468577728776187,0.9628099173553719,0.25689084895259096,0.768595041322314,0.20507166482910694,0.871900826446281,0.2326350606394708,0.8760330578512396,0.23373759647188533,0.8471074380165289,0.22601984564498345,0.8057851239669421,0.21499448732083792,0.5,0.13340683572216097,0.7851239669421488,0.20948180815876516,0.7644628099173554,0.2039691289966924,0.6033057851239669,0.1609702315325248,0.17768595041322313,0.047409040793825796,0.9462809917355371,0.25248070562293273,0.9545454545454546,0.25468577728776187,0.8099173553719008,0.2160970231532525
4,0.8668730650154799,0.308710033076075,0.8730650154798761,0.31091510474090406,0.9009287925696594,0.32083792723263505,0.9009287925696594,0.32083792723263505,0.7058823529411765,0.2513781697905182,0.9566563467492261,0.340683572216097,0.9411764705882353,0.33517089305402425,0.5975232198142415,0.2127894156560088,0.42724458204334365,0.15214994487320838,0.8699690402476781,0.3098125689084895,0.9164086687306502,0.3263506063947078,0.9566563467492261,0.340683572216097,0.8761609907120743,0.31201764057331866,0.8947368421052632,0.31863285556780596,0.8544891640866873,0.30429988974641675,0.8513931888544891,0.3031973539140022,0.8947368421052632,0.31863285556780596,0.9473684210526315,0.33737596471885334,0.9504643962848297,0.33847850055126794,0.5975232198142415,0.2127894156560088,0.3065015479876161,0.10915104740904079,0.7987616099071208,0.2844542447629548,0.9195046439628483,0.3274531422271224,0.9504643962848297,0.33847850055126794,0.8668730650154799,0.308710033076075,0.8792569659442725,0.3131201764057332,0.9009287925696594,0.32083792723263505,0.9009287925696594,0.32083792723263505,0.9473684210526315,0.33737596471885334,0.9566563467492261,0.340683572216097,0.9102167182662538,0.3241455347298787,0.5975232198142415,0.2127894156560088,0.544891640866873,0.1940463065049614,0.8699690402476781,0.3098125689084895,0.9164086687306502,0.3263506063947078,0.9566563467492261,0.340683572216097,0.8761609907120743,0.31201764057331866,0.8854489164086687,0.3153252480705623,0.8544891640866873,0.30429988974641675,0.8544891640866873,0.30429988974641675,0.8978328173374613,0.3197353914002205,0.9628482972136223,0.3428886438809261,0.9102167182662538,0.3241455347298787,0.6873065015479877,0.24476295479603086,0.32507739938080493,0.11576626240352811,0.7647058823529411,0.2723263506063947,0.9411764705882353,0.33517089305402425,0.9256965944272446,0.3296582138919515,0.8668730650154799,0.308710033076075,0.8730650154798761,0.31091510474090406,0.9009287925696594,0.32083792723263505,0.9009287925696594,0.32083792723263505,0.848297213622291,0.30209481808158767,0.9566563467492261,0.340683572216097,0.9411764705882353,0.33517089305402425,0.6222910216718266,0.22160970231532526,0.42724458204334365,0.15214994487320838,0.8699690402476781,0.3098125689084895,0.913312693498452,0.32524807056229327,0.9566563467492261,0.340683572216097,0.8761609907120743,0.31201764057331866,0.8947368421052632,0.31863285556780596,0.8544891640866873,0.30429988974641675,0.8513931888544891,0.3031973539140022,0.9535603715170279,0.3395810363836825,0.9721362229102167,0.3461962513781698,0.9504643962848297,0.33847850055126794,0.6068111455108359,0.2160970231532525,0.29721362229102166,0.10584343991179714,0.8018575851393189,0.2855567805953694,0.9195046439628483,0.3274531422271224,0.9504643962848297,0.33847850055126794,0.8885448916408669,0.3164277839029768,0.8978328173374613,0.3197353914002205,0.7987616099071208,0.2844542447629548,0.8173374613003096,0.29106945975744214,0.05572755417956656,0.019845644983461964,0.6996904024767802,0.24917309812568908,0.6904024767801857,0.24586549062844543,0.5479876160990712,0.19514884233737598,0.17647058823529413,0.06284454244762955,0.9102167182662538,0.3241455347298787,0.9287925696594427,0.33076074972436603,0.7244582043343654,0.2579933847850055,0.8699690402476781,0.3098125689084895,0.8823529411764706,0.31422271223814774,0.8606811145510835,0.3065049614112459,0.8173374613003096,0.29106945975744214,0.4674922600619195,0.16648291069459759,0.7213622291021672,0.25689084895259096,0.7306501547987616,0.26019845644983464,0.5479876160990712,0.19514884233737598,0.1826625386996904,0.06504961411245866,0.9040247678018576,0.3219404630650496,0.9287925696594427,0.33076074972436603,0.7585139318885449,0.2701212789415656
5,0.8292079207920792,0.36934950385887544,0.8292079207920792,0.36934950385887544,0.8886138613861386,0.3958103638368247,0.8960396039603961,0.39911797133406834,0.6881188118811881,0.3065049614112459,0.9405940594059405,0.4189636163175303,0.905940594059406,0.40352811466372657,0.6089108910891089,0.27122381477398017,0.3465346534653465,0.1543550165380375,0.8316831683168316,0.37045203969129,0.9158415841584159,0.4079382579933848,0.9579207920792079,0.42668136714443217,0.8539603960396039,0.38037486218302097,0.8589108910891089,0.38257993384785005,0.8811881188118812,0.39250275633958104,0.8811881188118812,0.39250275633958104,0.8910891089108911,0.39691289966923926,0.9306930693069307,0.4145534729878721,0.9603960396039604,0.42778390297684676,0.6039603960396039,0.269018743109151,0.27722772277227725,0.12348401323042998,0.754950495049505,0.3362734288864388,0.9133663366336634,0.40683572216097025,0.9158415841584159,0.4079382579933848,0.8292079207920792,0.36934950385887544,0.8539603960396039,0.38037486218302097,0.8886138613861386,0.3958103638368247,0.8836633663366337,0.3936052921719956,0.9306930693069307,0.4145534729878721,0.9405940594059405,0.4189636163175303,0.8861386138613861,0.3947078280044101,0.6089108910891089,0.27122381477398017,0.4430693069306931,0.19735391400220506,0.8316831683168316,0.37045203969129,0.9158415841584159,0.4079382579933848,0.9504950495049505,0.42337375964718854,0.8539603960396039,0.38037486218302097,0.8217821782178217,0.36604189636163176,0.8811881188118812,0.39250275633958104,0.8811881188118812,0.39250275633958104,0.8886138613861386,0.3958103638368247,0.9405940594059405,0.4189636163175303,0.8985148514851485,0.4002205071664829,0.6707920792079208,0.298787210584344,0.2896039603960396,0.12899669239250275,0.7178217821782178,0.3197353914002205,0.9232673267326733,0.41124586549062847,0.9034653465346535,0.402425578831312,0.8292079207920792,0.36934950385887544,0.8292079207920792,0.36934950385887544,0.8886138613861386,0.3958103638368247,0.8960396039603961,0.39911797133406834,0.8292079207920792,0.36934950385887544,0.9405940594059405,0.4189636163175303,0.905940594059406,0.40352811466372657,0.6188118811881188,0.2756339581036384,0.34405940594059403,0.15325248070562295,0.8316831683168316,0.37045203969129,0.9158415841584159,0.4079382579933848,0.9381188118811881,0.4178610804851158,0.8539603960396039,0.38037486218302097,0.8589108910891089,0.38257993384785005,0.8811881188118812,0.39250275633958104,0.8811881188118812,0.39250275633958104,0.9331683168316832,0.41565600882028664,0.9579207920792079,0.42668136714443217,0.9603960396039604,0.42778390297684676,0.6089108910891089,0.27122381477398017,0.2698019801980198,0.12017640573318633,0.7524752475247525,0.33517089305402425,0.9133663366336634,0.40683572216097025,0.9034653465346535,0.402425578831312,0.8787128712871287,0.3914002205071665,0.8811881188118812,0.39250275633958104,0.8044554455445545,0.35832414553472985,0.8242574257425742,0.3671444321940463,0.07920792079207921,0.03528114663726571,0.6683168316831684,0.29768467475192945,0.6584158415841584,0.2932745314222712,0.5272277227722773,0.2348401323042999,0.16584158415841585,0.07386990077177508,0.8762376237623762,0.39029768467475195,0.9034653465346535,0.402425578831312,0.6881188118811881,0.3065049614112459,0.8564356435643564,0.3814773980154355,0.8589108910891089,0.38257993384785005,0.849009900990099,0.37816979051819183,0.8168316831683168,0.3638368246968026,0.4430693069306931,0.19735391400220506,0.693069306930693,0.308710033076075,0.7029702970297029,0.3131201764057332,0.5297029702970297,0.23594266813671444,0.16584158415841585,0.07386990077177508,0.8688118811881188,0.3869900771775083,0.9034653465346535,0.402425578831312,0.7326732673267327,0.3263506063947078
6,0.7793814432989691,0.41675854465270123,0.7876288659793814,0.4211686879823594,0.9010309278350516,0.48180815876515987,0.9010309278350516,0.48180815876515987,0.6742268041237114,0.360529217199559,0.9010309278350516,0.48180815876515987,0.9010309278350516,0.48180815876515987,0.5835051546391753,0.31201764057331866,0.2927835051546392,0.1565600882028666,0.7855670103092783,0.42006615214994486,0.9072164948453608,0.48511576626240355,0.9134020618556701,0.4884233737596472,0.8371134020618557,0.4476295479603087,0.8164948453608247,0.43660418963616315,0.8701030927835052,0.4652701212789416,0.8783505154639175,0.4696802646085998,0.9010309278350516,0.48180815876515987,0.911340206185567,0.48732083792723263,0.9670103092783505,0.5170893054024256,0.5896907216494846,0.3153252480705623,0.24948453608247423,0.13340683572216097,0.7010309278350515,0.3748621830209482,0.9030927835051547,0.4829106945975744,0.9134020618556701,0.4884233737596472,0.7793814432989691,0.41675854465270123,0.8144329896907216,0.4355016538037486,0.9010309278350516,0.48180815876515987,0.9010309278350516,0.48180815876515987,0.8948453608247423,0.4785005512679162,0.9010309278350516,0.48180815876515987,0.9010309278350516,0.48180815876515987,0.5835051546391753,0.31201764057331866,0.3711340206185567,0.19845644983461963,0.7855670103092783,0.42006615214994486,0.9072164948453608,0.48511576626240355,0.9195876288659793,0.49173098125689085,0.8371134020618557,0.4476295479603087,0.7752577319587629,0.4145534729878721,0.8701030927835052,0.4652701212789416,0.8762886597938144,0.4685777287761852,0.8783505154639175,0.4696802646085998,0.9154639175257732,0.4895259095920617,0.911340206185567,0.48732083792723263,0.6391752577319587,0.34178610804851156,0.26804123711340205,0.14332965821389196,0.6721649484536083,0.35942668136714445,0.8948453608247423,0.4785005512679162,0.9134020618556701,0.4884233737596472,0.7793814432989691,0.41675854465270123,0.7876288659793814,0.4211686879823594,0.9010309278350516,0.48180815876515987,0.9010309278350516,0.48180815876515987,0.8061855670103093,0.4310915104740904,0.9010309278350516,0.48180815876515987,0.9010309278350516,0.48180815876515987,0.6164948453608248,0.3296582138919515,0.2927835051546392,0.1565600882028666,0.7835051546391752,0.4189636163175303,0.9072164948453608,0.48511576626240355,0.9030927835051547,0.4829106945975744,0.8371134020618557,0.4476295479603087,0.8144329896907216,0.4355016538037486,0.8701030927835052,0.4652701212789416,0.8783505154639175,0.4696802646085998,0.9278350515463918,0.4961411245865491,0.9216494845360824,0.4928335170893054,0.9670103092783505,0.5170893054024256,0.5958762886597938,0.31863285556780596,0.24329896907216494,0.13009922822491732,0.7010309278350515,0.3748621830209482,0.9030927835051547,0.4829106945975744,0.9092783505154639,0.4862183020948181,0.8680412371134021,0.46416758544652703,0.8721649484536083,0.4663726571113561,0.8103092783505155,0.43329658213891953,0.8247422680412371,0.4410143329658214,0.10309278350515463,0.05512679162072767,0.6350515463917525,0.3395810363836825,0.6164948453608248,0.3296582138919515,0.5051546391752577,0.2701212789415656,0.15257731958762888,0.08158765159867695,0.8536082474226804,0.4564498346196251,0.8721649484536083,0.4663726571113561,0.6597938144329897,0.3528114663726571,0.8577319587628865,0.45865490628445427,0.8597938144329897,0.4597574421168688,0.8391752577319588,0.4487320837927233,0.8123711340206186,0.43439911797133407,0.41237113402061853,0.2205071664829107,0.6742268041237114,0.360529217199559,0.6762886597938145,0.36163175303197354,0.5051546391752577,0.2701212789415656,0.15463917525773196,0.08269018743109151,0.8474226804123711,0.4531422271223815,0.8701030927835052,0.4652701212789416,0.6969072164948453,0.37265711135611906
7,0.7367491166077739,0.4597574421168688,0.7438162544169611,0.46416758544652703,0.9151943462897526,0.5711135611907387,0.8586572438162544,0.535832414553473,0.6466431095406361,0.40352811466372657,0.9151943462897526,0.5711135611907387,0.9151943462897526,0.5711135611907387,0.5282685512367491,0.3296582138919515,0.25618374558303886,0.15986769570011025,0.7455830388692579,0.4652701212789416,0.8851590106007067,0.5523704520396913,0.9151943462897526,0.5711135611907387,0.8074204946996466,0.503858875413451,0.784452296819788,0.4895259095920617,0.773851590106007,0.4829106945975744,0.7773851590106007,0.48511576626240355,0.8869257950530035,0.5534729878721059,0.8886925795053003,0.5545755237045203,0.9363957597173145,0.5843439911797134,0.5441696113074205,0.3395810363836825,0.2314487632508834,0.1444321940463065,0.6607773851590106,0.412348401323043,0.8904593639575972,0.5556780595369349,0.9151943462897526,0.5711135611907387,0.7367491166077739,0.4597574421168688,0.7720848056537103,0.48180815876515987,0.9151943462897526,0.5711135611907387,0.8798586572438163,0.5490628445424476,0.8462897526501767,0.5281146637265711,0.9151943462897526,0.5711135611907387,0.9151943462897526,0.5711135611907387,0.5282685512367491,0.3296582138919515,0.3215547703180212,0.20066152149944874,0.7455830388692579,0.4652701212789416,0.8851590106007067,0.5523704520396913,0.9134275618374559,0.5700110253583242,0.8074204946996466,0.503858875413451,0.7402826855123675,0.4619625137816979,0.773851590106007,0.4829106945975744,0.7773851590106007,0.48511576626240355,0.8586572438162544,0.535832414553473,0.8851590106007067,0.5523704520396913,0.9151943462897526,0.5711135611907387,0.5795053003533569,0.36163175303197354,0.2597173144876325,0.16207276736493936,0.6342756183745583,0.3958103638368247,0.8586572438162544,0.535832414553473,0.9222614840989399,0.5755237045203969,0.7367491166077739,0.4597574421168688,0.7438162544169611,0.46416758544652703,0.9151943462897526,0.5711135611907387,0.8586572438162544,0.535832414553473,0.7862190812720848,0.4906284454244763,0.9151943462897526,0.5711135611907387,0.9151943462897526,0.5711135611907387,0.5424028268551236,0.33847850055126794,0.25265017667844525,0.15766262403528114,0.7438162544169611,0.46416758544652703,0.8851590106007067,0.5523704520396913,0.9098939929328622,0.5678059536934951,0.8074204946996466,0.503858875413451,0.784452296819788,0.4895259095920617,0.773851590106007,0.4829106945975744,0.7773851590106007,0.48511576626240355,0.9328621908127208,0.5821389195148843,0.8939929328621908,0.557883131201764,0.9363957597173145,0.5843439911797134,0.5424028268551236,0.33847850055126794,0.22968197879858657,0.14332965821389196,0.6590106007067138,0.41124586549062847,0.8886925795053003,0.5545755237045203,0.9151943462897526,0.5711135611907387,0.8515901060070671,0.5314222712238148,0.8568904593639576,0.5347298787210585,0.8109540636042403,0.5060639470782801,0.8250883392226148,0.5148842337375965,0.11130742049469965,0.06945975744211687,0.607773851590106,0.37927232635060637,0.588339222614841,0.3671444321940463,0.48939929328621906,0.3054024255788313,0.15371024734982333,0.09592061742006615,0.8091872791519434,0.5049614112458655,0.8356890459363958,0.5214994487320838,0.6166077738515902,0.38478500551267913,0.842756183745583,0.525909592061742,0.8462897526501767,0.5281146637265711,0.8180212014134276,0.5104740904079382,0.8091872791519434,0.5049614112458655,0.3957597173144876,0.24696802646085997,0.6448763250883393,0.402425578831312,0.6554770318021201,0.40904079382579933,0.4929328621908127,0.30760749724366043,0.1519434628975265,0.09481808158765159,0.8074204946996466,0.503858875413451,0.833922261484099,0.5203969128996693,0.6643109540636042,0.4145534729878721
8,0.7001545595054096,0.4994487320837927,0.7047913446676971,0.5027563395810364,0.8763523956723338,0.6251378169790518,0.8191653786707882,0.5843439911797134,0.6275115919629057,0.4476295479603087,0.9242658423493045,0.659316427783903,0.9258114374034003,0.6604189636163176,0.5054095826893354,0.360529217199559,0.22720247295208656,0.16207276736493936,0.7017001545595054,0.5005512679162073,0.8516228748068007,0.607497243660419,0.9134466769706336,0.6515986769570011,0.7897990726429676,0.5633958103638368,0.7557959814528593,0.5391400220507166,0.6970633693972179,0.4972436604189636,0.7047913446676971,0.5027563395810364,0.8809891808346213,0.6284454244762955,0.8377125193199382,0.597574421168688,0.9273570324574961,0.6615214994487321,0.5100463678516228,0.3638368246968026,0.22720247295208656,0.16207276736493936,0.6367851622874807,0.45424476295479604,0.8639876352395672,0.6163175303197354,0.9211746522411128,0.6571113561190739,0.7001545595054096,0.4994487320837927,0.7264296754250387,0.5181918412348401,0.8763523956723338,0.6251378169790518,0.8686244204018547,0.619625137816979,0.7975270479134466,0.5689084895259096,0.9242658423493045,0.659316427783903,0.9258114374034003,0.6604189636163176,0.5054095826893354,0.360529217199559,0.28129829984544047,0.20066152149944874,0.7017001545595054,0.5005512679162073,0.8516228748068007,0.607497243660419,0.9134466769706336,0.6515986769570011,0.7897990726429676,0.5633958103638368,0.7047913446676971,0.5027563395810364,0.6970633693972179,0.4972436604189636,0.7032457496136012,0.5016538037486218,0.839258114374034,0.5986769570011026,0.8408037094281299,0.5997794928335171,0.9180834621329211,0.6549062844542448,0.5625965996908809,0.4013230429988975,0.2534775888717156,0.18081587651598677,0.6012364760432767,0.4288864388092613,0.8238021638330757,0.587651598676957,0.9242658423493045,0.659316427783903,0.7001545595054096,0.4994487320837927,0.7047913446676971,0.5027563395810364,0.8763523956723338,0.6251378169790518,0.8191653786707882,0.5843439911797134,0.749613601236476,0.5347298787210585,0.9242658423493045,0.659316427783903,0.9258114374034003,0.6604189636163176,0.5131375579598145,0.36604189636163176,0.2241112828438949,0.15986769570011025,0.7001545595054096,0.4994487320837927,0.8516228748068007,0.607497243660419,0.9134466769706336,0.6515986769570011,0.7897990726429676,0.5633958103638368,0.7557959814528593,0.5391400220507166,0.6970633693972179,0.4972436604189636,0.7047913446676971,0.5027563395810364,0.9289026275115919,0.6626240352811467,0.8438948995363215,0.6019845644983461,0.9273570324574961,0.6615214994487321,0.5146831530139103,0.3671444321940463,0.22565687789799072,0.1609702315325248,0.6367851622874807,0.45424476295479604,0.865533230293663,0.61742006615215,0.919629057187017,0.6560088202866593,0.8408037094281299,0.5997794928335171,0.8423493044822257,0.6008820286659317,0.8052550231839258,0.5744211686879823,0.8098918083462133,0.577728776185226,0.11901081916537867,0.08489525909592062,0.5826893353941267,0.41565600882028664,0.5703245749613601,0.40683572216097025,0.4714064914992272,0.3362734288864388,0.14992272024729522,0.10694597574421169,0.7712519319938176,0.5501653803748622,0.7928902627511591,0.565600882028666,0.5996908809891809,0.42778390297684676,0.8176197836166924,0.5832414553472988,0.8238021638330757,0.587651598676957,0.8006182380216383,0.5711135611907387,0.8052550231839258,0.5744211686879823,0.3802163833075734,0.27122381477398017,0.6228748068006182,0.44432194046306506,0.6306027820710973,0.4498346196251378,0.4775888717156105,0.340683572216097,0.15301391035548687,0.10915104740904079,0.7635239567233385,0.5446527012127894,0.7882534775888718,0.5622932745314223,0.6352395672333848,0.4531422271223815
9,0.6675824175824175,0.535832414553473,0.6703296703296703,0.538037486218302,0.8461538461538461,0.679162072767365,0.8021978021978022,0.6438809261300992,0.603021978021978,0.48401323042998895,0.9326923076923077,0.7486218302094818,0.9340659340659341,0.7497243660418964,0.4725274725274725,0.37927232635060637,0.20192307692307693,0.16207276736493936,0.6662087912087912,0.5347298787210585,0.8173076923076923,0.6560088202866593,0.9134615384615384,0.7331863285556781,0.7692307692307693,0.61742006615215,0.7197802197802198,0.577728776185226,0.6428571428571429,0.515986769570011,0.6524725274725275,0.523704520396913,0.8447802197802198,0.6780595369349504,0.7760989010989011,0.6229327453142227,0.9120879120879121,0.7320837927232635,0.49038461538461536,0.3936052921719956,0.2129120879120879,0.17089305402425578,0.6098901098901099,0.4895259095920617,0.8228021978021978,0.6604189636163176,0.9148351648351648,0.7342888643880926,0.6675824175824175,0.535832414553473,0.6826923076923077,0.5479603087100331,0.8461538461538461,0.679162072767365,0.8159340659340659,0.6549062844542448,0.7486263736263736,0.6008820286659317,0.9326923076923077,0.7486218302094818,0.9340659340659341,0.7497243660418964,0.47115384615384615,0.37816979051819183,0.25274725274725274,0.20286659316427783,0.6662087912087912,0.5347298787210585,0.8173076923076923,0.6560088202866593,0.9038461538461539,0.7254685777287762,0.7692307692307693,0.61742006615215,0.6730769230769231,0.5402425578831312,0.6428571428571429,0.515986769570011,0.6565934065934066,0.5270121278941565,0.8241758241758241,0.6615214994487321,0.7788461538461539,0.6251378169790518,0.9010989010989011,0.7232635060639471,0.5439560439560439,0.43660418963616315,0.25137362637362637,0.20176405733186328,0.5796703296703297,0.4652701212789416,0.782967032967033,0.6284454244762955,0.9162087912087912,0.7353914002205072,0.6675824175824175,0.535832414553473,0.6703296703296703,0.538037486218302,0.8461538461538461,0.679162072767365,0.8021978021978022,0.6438809261300992,0.7211538461538461,0.5788313120176406,0.9326923076923077,0.7486218302094818,0.9340659340659341,0.7497243660418964,0.49313186813186816,0.3958103638368247,0.20192307692307693,0.16207276736493936,0.6662087912087912,0.5347298787210585,0.8173076923076923,0.6560088202866593,0.9230769230769231,0.74090407938258,0.7692307692307693,0.61742006615215,0.7197802197802198,0.577728776185226,0.6428571428571429,0.515986769570011,0.6524725274725275,0.523704520396913,0.9175824175824175,0.7364939360529217,0.7760989010989011,0.6229327453142227,0.9120879120879121,0.7320837927232635,0.4958791208791209,0.3980154355016538,0.2129120879120879,0.17089305402425578,0.6085164835164835,0.4884233737596472,0.8228021978021978,0.6604189636163176,0.9189560439560439,0.7375964718853363,0.8159340659340659,0.6549062844542448,0.820054945054945,0.6582138919514884,0.7912087912087912,0.6350606394707828,0.8021978021978022,0.6438809261300992,0.125,0.10033076074972437,0.5590659340659341,0.4487320837927233,0.5425824175824175,0.4355016538037486,0.47115384615384615,0.37816979051819183,0.14835164835164835,0.11907386990077178,0.7458791208791209,0.5986769570011026,0.75,0.6019845644983461,0.5796703296703297,0.4652701212789416,0.7980769230769231,0.6405733186328556,0.8021978021978022,0.6438809261300992,0.7857142857142857,0.6306504961411246,0.7953296703296703,0.6383682469680264,0.3804945054945055,0.3054024255788313,0.6112637362637363,0.4906284454244763,0.6222527472527473,0.4994487320837927,0.47115384615384615,0.37816979051819183,0.14423076923076922,0.11576626240352811,0.7376373626373627,0.5920617420066152,0.7472527472527473,0.5997794928335171,0.6112637362637363,0.4906284454244763
10,0.6328800988875154,0.5644983461962514,0.6353522867737948,0.5667034178610805,0.8133498145859085,0.7254685777287762,0.7478368355995055,0.6670341786108048,0.5822002472187886,0.5192943770672547,0.9283065512978986,0.8280044101433297,0.9332509270704573,0.8324145534729879,0.4647713226205192,0.4145534729878721,0.18170580964153277,0.16207276736493936,0.6402966625463535,0.5711135611907387,0.7750309023485785,0.6912899669239251,0.9060568603213844,0.8081587651598677,0.7564894932014833,0.6747519294377067,0.69221260815822,0.61742006615215,0.6118665018541409,0.545755237045204,0.6131025957972805,0.5468577728776185,0.7985166872682324,0.7122381477398015,0.7601977750309024,0.6780595369349504,0.9048207663782447,0.8070562293274531,0.4783683559950556,0.42668136714443217,0.1965389369592089,0.175303197353914,0.584672435105068,0.5214994487320838,0.7849196538936959,0.7001102535832414,0.9122373300370828,0.8136714443219405,0.6328800988875154,0.5644983461962514,0.646477132262052,0.5766262403528115,0.8133498145859085,0.7254685777287762,0.7873918417799752,0.7023153252480706,0.6996291718170581,0.6240352811466373,0.9258343634116193,0.8257993384785005,0.9394313967861557,0.8379272326350606,0.4647713226205192,0.4145534729878721,0.22867737948084055,0.2039691289966924,0.6402966625463535,0.5711135611907387,0.7750309023485785,0.6912899669239251,0.9060568603213844,0.8081587651598677,0.7564894932014833,0.6747519294377067,0.6489493201483313,0.5788313120176406,0.6118665018541409,0.545755237045204,0.619283065512979,0.5523704520396913,0.8022249690976514,0.7155457552370452,0.757725587144623,0.6758544652701213,0.8541409147095179,0.7618522601984564,0.5315203955500618,0.474090407938258,0.26081582200247216,0.2326350606394708,0.5686032138442522,0.5071664829106945,0.7564894932014833,0.6747519294377067,0.9122373300370828,0.8136714443219405,0.6328800988875154,0.5644983461962514,0.6353522867737948,0.5667034178610805,0.8133498145859085,0.7254685777287762,0.7478368355995055,0.6670341786108048,0.6872682323856613,0.6130099228224918,0.9283065512978986,0.8280044101433297,0.9332509270704573,0.8324145534729879,0.4796044499381953,0.42778390297684676,0.18170580964153277,0.16207276736493936,0.6390605686032138,0.5700110253583242,0.7737948084054388,0.6901874310915105,0.9097651421508035,0.8114663726571113,0.7564894932014833,0.6747519294377067,0.69221260815822,0.61742006615215,0.6118665018541409,0.545755237045204,0.6131025957972805,0.5468577728776185,0.9023485784919654,0.804851157662624,0.7589616810877626,0.6769570011025359,0.9048207663782447,0.8070562293274531,0.48702101359703337,0.43439911797133407,0.1965389369592089,0.175303197353914,0.5859085290482077,0.5226019845644984,0.7836835599505563,0.6990077177508269,0.9171817058096415,0.8180815876515987,0.7898640296662547,0.7045203969128997,0.7935723114956736,0.7078280044101434,0.7787391841779975,0.6945975744211687,0.7836835599505563,0.6990077177508269,0.13597033374536466,0.12127894156560089,0.5377008652657602,0.4796030871003308,0.5092707045735476,0.45424476295479604,0.45982694684796044,0.4101433296582139,0.14709517923362175,0.13120176405733186,0.7181705809641533,0.6405733186328556,0.7255871446229913,0.6471885336273429,0.5550061804697157,0.49503858875413453,0.7713226205191595,0.6879823594266814,0.7750309023485785,0.6912899669239251,0.7688504326328801,0.6857772877618522,0.7762669962917181,0.6923925027563396,0.37330037082818296,0.33296582138919517,0.6032138442521632,0.538037486218302,0.5982694684796045,0.5336273428886439,0.45982694684796044,0.4101433296582139,0.1446229913473424,0.12899669239250275,0.7119901112484549,0.6350606394707828,0.7255871446229913,0.6471885336273429,0.5982694684796045,0.5336273428886439
11,0.6101123595505618,0.5986769570011026,0.6101123595505618,0.5986769570011026,0.7707865168539326,0.7563395810363837,0.7528089887640449,0.7386990077177509,0.5719101123595506,0.5611907386990077,0.9224719101123595,0.9051819184123484,0.9258426966292135,0.9084895259095921,0.46179775280898877,0.4531422271223815,0.20898876404494382,0.20507166482910694,0.6123595505617978,0.6008820286659317,0.7438202247191011,0.7298787210584344,0.9044943820224719,0.8875413450937155,0.7191011235955056,0.7056229327453142,0.6651685393258427,0.6527012127894156,0.5820224719101124,0.5711135611907387,0.5831460674157304,0.5722160970231532,0.7573033707865169,0.743109151047409,0.7224719101123596,0.7089305402425579,0.8573033707865169,0.8412348401323043,0.4696629213483146,0.46085997794928335,0.20674157303370785,0.20286659316427783,0.5674157303370787,0.5567805953693495,0.749438202247191,0.7353914002205072,0.9134831460674158,0.896361631753032,0.6101123595505618,0.5986769570011026,0.6191011235955056,0.607497243660419,0.7707865168539326,0.7563395810363837,0.7539325842696629,0.7398015435501654,0.6741573033707865,0.6615214994487321,0.9235955056179775,0.906284454244763,0.9325842696629213,0.9151047409040793,0.45955056179775283,0.45093715545755236,0.20898876404494382,0.20507166482910694,0.6123595505617978,0.6008820286659317,0.7438202247191011,0.7298787210584344,0.903370786516854,0.886438809261301,0.7191011235955056,0.7056229327453142,0.6258426966292134,0.6141124586549063,0.5820224719101124,0.5711135611907387,0.5853932584269663,0.5744211686879823,0.7730337078651686,0.7585446527012127,0.7224719101123596,0.7089305402425579,0.8033707865168539,0.7883131201764058,0.5044943820224719,0.49503858875413453,0.26292134831460673,0.2579933847850055,0.553932584269663,0.5435501653803748,0.7382022471910112,0.7243660418963617,0.9123595505617977,0.8952590959206174,0.6101123595505618,0.5986769570011026,0.6101123595505618,0.5986769570011026,0.7707865168539326,0.7563395810363837,0.7528089887640449,0.7386990077177509,0.6573033707865169,0.6449834619625138,0.9247191011235955,0.9073869900771775,0.9258426966292135,0.9084895259095921,0.47191011235955055,0.46306504961411243,0.20898876404494382,0.20507166482910694,0.6112359550561798,0.5997794928335171,0.7415730337078652,0.7276736493936052,0.9146067415730337,0.8974641675854466,0.7191011235955056,0.7056229327453142,0.6651685393258427,0.6527012127894156,0.5820224719101124,0.5711135611907387,0.5831460674157304,0.5722160970231532,0.8606741573033708,0.844542447629548,0.7247191011235955,0.7111356119073869,0.8573033707865169,0.8412348401323043,0.4752808988764045,0.4663726571113561,0.20674157303370785,0.20286659316427783,0.5651685393258427,0.5545755237045203,0.749438202247191,0.7353914002205072,0.9157303370786517,0.898566703417861,0.7651685393258427,0.7508269018743109,0.7640449438202247,0.7497243660418964,0.7573033707865169,0.743109151047409,0.7640449438202247,0.7497243660418964,0.14606741573033707,0.14332965821389196,0.5292134831460674,0.5192943770672547,0.4887640449438202,0.4796030871003308,0.44719101123595506,0.4388092613009923,0.149438202247191,0.1466372657111356,0.6876404494382022,0.6747519294377067,0.6955056179775281,0.6824696802646086,0.5359550561797752,0.525909592061742,0.7584269662921348,0.7442116868798236,0.7595505617977528,0.7453142227122381,0.7438202247191011,0.7298787210584344,0.7573033707865169,0.743109151047409,0.3651685393258427,0.35832414553472985,0.5820224719101124,0.5711135611907387,0.5775280898876405,0.5667034178610805,0.451685393258427,0.4432194046306505,0.14269662921348314,0.14002205071664828,0.6865168539325842,0.6736493936052922,0.6932584269662921,0.6802646085997794,0.5808988764044943,0.5700110253583242
12,0.5808444902162719,0.6218302094818081,0.583934088568486,0.6251378169790518,0.7260556127703398,0.7772877618522602,0.6930998970133883,0.7420066152149944,0.5509783728115345,0.5898566703417861,0.9124613800205973,0.9768467475192943,0.9114315139031925,0.9757442116868799,0.4490216271884655,0.4807056229327453,0.21833161688980432,0.23373759647188533,0.5859938208032955,0.6273428886438809,0.709577754891864,0.7596471885336273,0.9114315139031925,0.9757442116868799,0.690010298661174,0.7386990077177509,0.6457260556127703,0.6912899669239251,0.5633367662203913,0.6030871003307607,0.5664263645726055,0.6063947078280044,0.7157569515962925,0.7662624035281147,0.6828012358393409,0.7309812568908489,0.7991761071060762,0.8555678059536935,0.46138002059732236,0.49393605292171994,0.20288362512873326,0.21719955898566704,0.548918640576725,0.587651598676957,0.7116374871266735,0.7618522601984564,0.9114315139031925,0.9757442116868799,0.5808444902162719,0.6218302094818081,0.5932028836251287,0.6350606394707828,0.7260556127703398,0.7772877618522602,0.7260556127703398,0.7772877618522602,0.6416065911431514,0.6868798235942668,0.913491246138002,0.9779492833517089,0.9237899073120495,0.9889746416758545,0.4490216271884655,0.4807056229327453,0.22245108135942326,0.23814773980154355,0.5859938208032955,0.6273428886438809,0.709577754891864,0.7596471885336273,0.9114315139031925,0.9757442116868799,0.690010298661174,0.7386990077177509,0.6107106076210093,0.6538037486218302,0.5633367662203913,0.6030871003307607,0.572605561277034,0.6130099228224918,0.737384140061792,0.7894156560088202,0.6828012358393409,0.7309812568908489,0.7507723995880535,0.8037486218302095,0.48712667353244077,0.5214994487320838,0.2615859938208033,0.28004410143329656,0.548918640576725,0.587651598676957,0.7075180226570545,0.7574421168687983,0.9124613800205973,0.9768467475192943,0.5808444902162719,0.6218302094818081,0.583934088568486,0.6251378169790518,0.7260556127703398,0.7772877618522602,0.6930998970133883,0.7420066152149944,0.6333676622039135,0.6780595369349504,0.9165808444902163,0.9812568908489526,0.9114315139031925,0.9757442116868799,0.4552008238928939,0.48732083792723263,0.21318228630278063,0.22822491730981256,0.583934088568486,0.6251378169790518,0.7085478887744593,0.7585446527012127,0.9114315139031925,0.9757442116868799,0.690010298661174,0.7386990077177509,0.6457260556127703,0.6912899669239251,0.5633367662203913,0.6030871003307607,0.5664263645726055,0.6063947078280044,0.8084449021627188,0.8654906284454245,0.6817713697219362,0.7298787210584344,0.7991761071060762,0.8555678059536935,0.46446961894953653,0.4972436604189636,0.20494335736354274,0.21940463065049615,0.548918640576725,0.587651598676957,0.709577754891864,0.7596471885336273,0.9124613800205973,0.9768467475192943,0.7363542739443872,0.7883131201764058,0.7363542739443872,0.7883131201764058,0.7353244078269825,0.7872105843439912,0.7353244078269825,0.7872105843439912,0.15242018537590113,0.1631753031973539,0.509783728115345,0.545755237045204,0.4727085478887745,0.5060639470782801,0.43666323377960864,0.46747519294377066,0.15036045314109167,0.1609702315325248,0.6601441812564367,0.7067254685777288,0.666323377960865,0.7133406835722161,0.5221421215242018,0.5589856670341786,0.7363542739443872,0.7883131201764058,0.7384140061791967,0.7905181918412348,0.717816683831102,0.7684674751929438,0.737384140061792,0.7894156560088202,0.36148300720906285,0.3869900771775083,0.5633367662203913,0.6030871003307607,0.5561277033985582,0.5953693495038589,0.4356333676622039,0.4663726571113561,0.1513903192584964,0.16207276736493936,0.6529351184346035,0.6990077177508269,0.6725025746652935,0.7199558985667034,0.5664263645726055,0.6063947078280044
13,0.564638783269962,0.6549062844542448,0.564638783269962,0.6549062844542448,0.7157794676806084,0.8302094818081588,0.685361216730038,0.794928335170893,0.5370722433460076,0.6229327453142227,0.8621673003802282,1.0,0.8621673003802282,1.0,0.4391634980988593,0.5093715545755237,0.2262357414448669,0.2624035281146637,0.5684410646387833,0.659316427783903,0.6796577946768061,0.7883131201764058,0.8621673003802282,1.0,0.655893536121673,0.7607497243660419,0.620722433460076,0.7199558985667034,0.5446768060836502,0.6317530319735392,0.5484790874524715,0.6361631753031973,0.6730038022813688,0.7805953693495039,0.6387832699619772,0.74090407938258,0.752851711026616,0.8732083792723263,0.4458174904942966,0.5170893054024256,0.2214828897338403,0.25689084895259096,0.535171102661597,0.6207276736493936,0.6844106463878327,0.7938257993384785,0.8621673003802282,1.0,0.564638783269962,0.6549062844542448,0.5684410646387833,0.659316427783903,0.7157794676806084,0.8302094818081588,0.6863117870722434,0.7960308710033076,0.6055133079847909,0.7023153252480706,0.8621673003802282,1.0,0.8621673003802282,1.0,0.4391634980988593,0.5093715545755237,0.23193916349809887,0.269018743109151,0.5684410646387833,0.659316427783903,0.6796577946768061,0.7883131201764058,0.8621673003802282,1.0,0.655893536121673,0.7607497243660419,0.596958174904943,0.6923925027563396,0.5446768060836502,0.6317530319735392,0.5503802281368821,0.6383682469680264,0.7053231939163498,0.8180815876515987,0.6416349809885932,0.7442116868798236,0.7100760456273765,0.8235942668136714,0.4790874524714829,0.5556780595369349,0.25475285171102663,0.2954796030871003,0.5370722433460076,0.6229327453142227,0.6863117870722434,0.7960308710033076,0.8621673003802282,1.0,0.564638783269962,0.6549062844542448,0.564638783269962,0.6549062844542448,0.7157794676806084,0.8302094818081588,0.685361216730038,0.794928335170893,0.6074144486692015,0.7045203969128997,0.8621673003802282,1.0,0.8621673003802282,1.0,0.4505703422053232,0.5226019845644984,0.23288973384030418,0.2701212789415656,0.5684410646387833,0.659316427783903,0.6806083650190115,0.7894156560088202,0.8621673003802282,1.0,0.655893536121673,0.7607497243660419,0.620722433460076,0.7199558985667034,0.5446768060836502,0.6317530319735392,0.5484790874524715,0.6361631753031973,0.7538022813688213,0.8743109151047409,0.6387832699619772,0.74090407938258,0.752851711026616,0.8732083792723263,0.44771863117870725,0.5192943770672547,0.21577946768060838,0.25027563395810365,0.532319391634981,0.61742006615215,0.6844106463878327,0.7938257993384785,0.8621673003802282,1.0,0.7062737642585551,0.8191841234840133,0.7081749049429658,0.8213891951488423,0.7100760456273765,0.8235942668136714,0.7119771863117871,0.8257993384785005,0.15779467680608364,0.18302094818081588,0.49619771863117873,0.5755237045203969,0.4515209125475285,0.523704520396913,0.42775665399239543,0.4961411245865491,0.1520912547528517,0.17640573318632854,0.6330798479087453,0.7342888643880926,0.6463878326996197,0.7497243660418964,0.5123574144486692,0.5942668136714443,0.7062737642585551,0.8191841234840133,0.7062737642585551,0.8191841234840133,0.6996197718631179,0.8114663726571113,0.714828897338403,0.8291069459757442,0.35361216730038025,0.4101433296582139,0.5456273764258555,0.6328555678059536,0.5380228136882129,0.6240352811466373,0.4296577946768061,0.49834619625137816,0.15019011406844107,0.17420066152149946,0.626425855513308,0.7265711135611908,0.6501901140684411,0.7541345093715546,0.5513307984790875,0.639470782800441
14,0.5428067078552515,0.6780595369349504,0.5463371579876434,0.6824696802646086,0.677846425419241,0.8467475192943771,0.6654898499558694,0.8313120176405733,0.5180935569285083,0.6471885336273429,0.8005295675198588,1.0,0.8005295675198588,1.0,0.440423654015887,0.5501653803748622,0.22330097087378642,0.278941565600882,0.5498676081200353,0.6868798235942668,0.6504854368932039,0.8125689084895259,0.8005295675198588,1.0,0.6301853486319505,0.7872105843439912,0.6063548102383054,0.7574421168687983,0.5348631950573698,0.6681367144432194,0.5445719329214475,0.6802646085997794,0.6416593115622242,0.8015435501653804,0.5948808473080318,0.743109151047409,0.7007943512797882,0.8754134509371555,0.440423654015887,0.5501653803748622,0.21800529567519858,0.2723263506063947,0.5207413945278023,0.6504961411245865,0.6584289496910856,0.8224917309812569,0.8005295675198588,1.0,0.5428067078552515,0.6780595369349504,0.5481023830538394,0.6846747519294377,0.677846425419241,0.8467475192943771,0.676081200353045,0.844542447629548,0.5772285966460724,0.721058434399118,0.8005295675198588,1.0,0.8005295675198588,1.0,0.440423654015887,0.5501653803748622,0.2418358340688438,0.30209481808158767,0.5498676081200353,0.6868798235942668,0.6504854368932039,0.8125689084895259,0.8005295675198588,1.0,0.6301853486319505,0.7872105843439912,0.5807590467784642,0.7254685777287762,0.5348631950573698,0.6681367144432194,0.5428067078552515,0.6780595369349504,0.6796116504854369,0.8489525909592062,0.6028243601059136,0.75303197353914,0.6725507502206531,0.8401323042998897,0.47396293027360986,0.5920617420066152,0.25154457193292146,0.31422271223814774,0.5225066195939982,0.6527012127894156,0.6628420123565755,0.8280044101433297,0.8005295675198588,1.0,0.5428067078552515,0.6780595369349504,0.5463371579876434,0.6824696802646086,0.677846425419241,0.8467475192943771,0.6654898499558694,0.8313120176405733,0.5860547219770521,0.7320837927232635,0.8005295675198588,1.0,0.8005295675198588,1.0,0.4386584289496911,0.5479603087100331,0.235657546337158,0.29437706725468576,0.5472197705207414,0.6835722160970231,0.6504854368932039,0.8125689084895259,0.8005295675198588,1.0,0.6301853486319505,0.7872105843439912,0.6063548102383054,0.7574421168687983,0.5348631950573698,0.6681367144432194,0.5445719329214475,0.6802646085997794,0.705207413945278,0.8809261300992283,0.5948808473080318,0.743109151047409,0.7007943512797882,0.8754134509371555,0.44130626654898497,0.5512679162072768,0.21800529567519858,0.2723263506063947,0.5198587819947044,0.649393605292172,0.6566637246248896,0.8202866593164277,0.8005295675198588,1.0,0.675198587819947,0.8434399117971334,0.676081200353045,0.844542447629548,0.6866725507502206,0.8577728776185226,0.6849073256840247,0.8555678059536935,0.15975286849073256,0.19955898566703417,0.4748455428067079,0.5931642778390298,0.4439541041482789,0.5545755237045203,0.4077669902912621,0.5093715545755237,0.1553398058252427,0.1940463065049614,0.6195939982347749,0.7739801543550165,0.6310679611650486,0.7883131201764058,0.5048543689320388,0.6306504961411246,0.678729037952339,0.8478500551267916,0.677846425419241,0.8467475192943771,0.6690203000882613,0.8357221609702316,0.6884377758164166,0.8599779492833517,0.34598411297440423,0.432194046306505,0.5207413945278023,0.6504961411245865,0.5189761694616064,0.6482910694597575,0.4042365401588703,0.5049614112458655,0.1526919682259488,0.19073869900771775,0.6116504854368932,0.7640573318632855,0.6319505736981466,0.7894156560088202,0.5339805825242718,0.6670341786108048
15,0.5321252059308073,0.7122381477398015,0.5296540362438221,0.7089305402425579,0.6705107084019769,0.8974641675854466,0.6474464579901154,0.8665931642778391,0.5049423393739704,0.6758544652701213,0.7471169686985173,1.0,0.7471169686985173,1.0,0.42257001647446457,0.565600882028666,0.23228995057660626,0.31091510474090406,0.5329489291598023,0.7133406835722161,0.6243822075782537,0.8357221609702316,0.7471169686985173,1.0,0.6079077429983526,0.8136714443219405,0.5930807248764415,0.7938257993384785,0.528830313014827,0.7078280044101434,0.5354200988467874,0.7166482910694597,0.6079077429983526,0.8136714443219405,0.5601317957166392,0.7497243660418964,0.6548599670510709,0.87651598676957,0.43657331136738053,0.5843439911797134,0.21746293245469522,0.29106945975744214,0.5098846787479407,0.6824696802646086,0.6334431630971994,0.8478500551267916,0.7471169686985173,1.0,0.5321252059308073,0.7122381477398015,0.5362438220757826,0.7177508269018743,0.6705107084019769,0.8974641675854466,0.6696869851729819,0.896361631753032,0.5518945634266886,0.7386990077177509,0.7471169686985173,1.0,0.7471169686985173,1.0,0.42257001647446457,0.565600882028666,0.24299835255354202,0.32524807056229327,0.5329489291598023,0.7133406835722161,0.6243822075782537,0.8357221609702316,0.7471169686985173,1.0,0.6079077429983526,0.8136714443219405,0.570840197693575,0.7640573318632855,0.528830313014827,0.7078280044101434,0.5329489291598023,0.7133406835722161,0.6449752883031301,0.8632855567805954,0.5650741350906096,0.7563395810363837,0.6449752883031301,0.8632855567805954,0.4538714991762768,0.607497243660419,0.24546952224052718,0.32855567805953695,0.514003294892916,0.6879823594266814,0.6359143327841845,0.8511576626240352,0.7471169686985173,1.0,0.5321252059308073,0.7122381477398015,0.5296540362438221,0.7089305402425579,0.6705107084019769,0.8974641675854466,0.6474464579901154,0.8665931642778391,0.5700164744645799,0.762954796030871,0.7471169686985173,1.0,0.7471169686985173,1.0,0.4233937397034596,0.5667034178610805,0.23064250411861614,0.308710033076075,0.5321252059308073,0.7122381477398015,0.6243822075782537,0.8357221609702316,0.7471169686985173,1.0,0.6079077429983526,0.8136714443219405,0.5930807248764415,0.7938257993384785,0.528830313014827,0.7078280044101434,0.5354200988467874,0.7166482910694597,0.6630971993410214,0.8875413450937155,0.5601317957166392,0.7497243660418964,0.6548599670510709,0.87651598676957,0.43492586490939045,0.5821389195148843,0.21663920922570015,0.28996692392502754,0.5098846787479407,0.6824696802646086,0.6326194398682042,0.8467475192943771,0.7471169686985173,1.0,0.6449752883031301,0.8632855567805954,0.6441515650741351,0.8621830209481808,0.6655683690280065,0.8908489525909592,0.6622734761120264,0.886438809261301,0.16062602965403625,0.21499448732083792,0.45634266886326197,0.6108048511576626,0.4308072487644152,0.5766262403528115,0.39209225700164746,0.5248070562293274,0.15897858319604613,0.2127894156560088,0.5980230642504119,0.8004410143329658,0.6062602965403624,0.8114663726571113,0.49093904448105435,0.6571113561190739,0.6507413509060955,0.8710033076074972,0.6507413509060955,0.8710033076074972,0.642504118616145,0.8599779492833517,0.6598023064250412,0.8831312017640573,0.34102141680395387,0.4564498346196251,0.4958813838550247,0.6637265711135611,0.5032948929159803,0.6736493936052922,0.3929159802306425,0.525909592061742,0.15650741350906094,0.20948180815876516,0.5947281713344317,0.7960308710033076,0.6079077429983526,0.8136714443219405,0.5189456342668863,0.6945975744211687
16,0.5158301158301158,0.7364939360529217,0.5173745173745173,0.7386990077177509,0.6648648648648648,0.9492833517089305,0.6277992277992278,0.896361631753032,0.49034749034749037,0.7001102535832414,0.7003861003861004,1.0,0.7003861003861004,1.0,0.4038610038610039,0.5766262403528115,0.22393822393822393,0.3197353914002205,0.5212355212355212,0.7442116868798236,0.5984555984555985,0.8544652701212789,0.7003861003861004,1.0,0.5845559845559846,0.834619625137817,0.5745173745173745,0.8202866593164277,0.5235521235521235,0.7475192943770672,0.5328185328185329,0.7607497243660419,0.5791505791505791,0.8269018743109151,0.525096525096525,0.7497243660418964,0.6193050193050194,0.8842337375964718,0.4193050193050193,0.5986769570011026,0.21312741312741312,0.30429988974641675,0.4957528957528958,0.7078280044101434,0.6092664092664093,0.8699007717750827,0.7003861003861004,1.0,0.5158301158301158,0.7364939360529217,0.518918918918919,0.74090407938258,0.6648648648648648,0.9492833517089305,0.6509652509652509,0.9294377067254685,0.532046332046332,0.7596471885336273,0.7003861003861004,1.0,0.7003861003861004,1.0,0.4038610038610039,0.5766262403528115,0.23938223938223938,0.34178610804851156,0.5212355212355212,0.7442116868798236,0.5984555984555985,0.8544652701212789,0.7003861003861004,1.0,0.5845559845559846,0.834619625137817,0.5583011583011583,0.7971334068357222,0.5235521235521235,0.7475192943770672,0.532046332046332,0.7596471885336273,0.6146718146718146,0.8776185226019846,0.5297297297297298,0.7563395810363837,0.6262548262548262,0.8941565600882029,0.44324324324324327,0.6328555678059536,0.23474903474903475,0.33517089305402425,0.5019305019305019,0.7166482910694597,0.6138996138996139,0.87651598676957,0.7003861003861004,1.0,0.5158301158301158,0.7364939360529217,0.5173745173745173,0.7386990077177509,0.6648648648648648,0.9492833517089305,0.6277992277992278,0.896361631753032,0.5505791505791506,0.7861080485115767,0.7003861003861004,1.0,0.7003861003861004,1.0,0.40077220077220077,0.5722160970231532,0.23706563706563707,0.33847850055126794,0.5204633204633204,0.743109151047409,0.5984555984555985,0.8544652701212789,0.7003861003861004,1.0,0.5845559845559846,0.834619625137817,0.5745173745173745,0.8202866593164277,0.5235521235521235,0.7475192943770672,0.5328185328185329,0.7607497243660419,0.6301158301158302,0.8996692392502756,0.5274131274131274,0.75303197353914,0.6193050193050194,0.8842337375964718,0.41776061776061774,0.5964718853362734,0.21235521235521235,0.3031973539140022,0.49498069498069497,0.7067254685777288,0.6092664092664093,0.8699007717750827,0.7003861003861004,1.0,0.6247104247104247,0.8919514884233738,0.6254826254826255,0.8930540242557883,0.6447876447876448,0.9206174200661521,0.6386100386100386,0.9117971334068358,0.16447876447876447,0.2348401323042999,0.43474903474903476,0.6207276736493936,0.416988416988417,0.5953693495038589,0.3861003861003861,0.5512679162072768,0.15984555984555984,0.22822491730981256,0.5791505791505791,0.8269018743109151,0.5868725868725869,0.8379272326350606,0.48416988416988416,0.6912899669239251,0.6223938223938223,0.8886438809261301,0.623938223938224,0.8908489525909592,0.6131274131274131,0.8754134509371555,0.6378378378378379,0.9106945975744212,0.3312741312741313,0.4729878721058434,0.4718146718146718,0.6736493936052922,0.4810810810810811,0.6868798235942668,0.38687258687258685,0.5523704520396913,0.15752895752895754,0.2249173098125689,0.5752895752895753,0.8213891951488423,0.5884169884169884,0.8401323042998897,0.5081081081081081,0.7254685777287762
17,0.5065406976744186,0.7684674751929438,0.5050872093023255,0.7662624035281147,0.6380813953488372,0.9680264608599779,0.6148255813953488,0.9327453142227122,0.47747093023255816,0.7243660418963617,0.659156976744186,1.0,0.659156976744186,1.0,0.38880813953488375,0.5898566703417861,0.22311046511627908,0.33847850055126794,0.5058139534883721,0.7673649393605292,0.5755813953488372,0.8732083792723263,0.659156976744186,1.0,0.563953488372093,0.8555678059536935,0.5545058139534884,0.8412348401323043,0.5188953488372093,0.7872105843439912,0.529796511627907,0.8037486218302095,0.5508720930232558,0.8357221609702316,0.4956395348837209,0.7519294377067255,0.5901162790697675,0.8952590959206174,0.40406976744186046,0.6130099228224918,0.21220930232558138,0.3219404630650496,0.48328488372093026,0.7331863285556781,0.5850290697674418,0.8875413450937155,0.659156976744186,1.0,0.5065406976744186,0.7684674751929438,0.5072674418604651,0.7695700110253583,0.6380813953488372,0.9680264608599779,0.6359011627906976,0.9647188533627343,0.5079941860465116,0.7706725468577729,0.659156976744186,1.0,0.659156976744186,1.0,0.38880813953488375,0.5898566703417861,0.2441860465116279,0.37045203969129,0.5058139534883721,0.7673649393605292,0.5755813953488372,0.8732083792723263,0.659156976744186,1.0,0.563953488372093,0.8555678059536935,0.5414244186046512,0.8213891951488423,0.5188953488372093,0.7872105843439912,0.5247093023255814,0.7960308710033076,0.5857558139534884,0.8886438809261301,0.4992732558139535,0.7574421168687983,0.5988372093023255,0.9084895259095921,0.43023255813953487,0.6527012127894156,0.23037790697674418,0.34950385887541346,0.49055232558139533,0.7442116868798236,0.595203488372093,0.9029768467475193,0.659156976744186,1.0,0.5065406976744186,0.7684674751929438,0.5050872093023255,0.7662624035281147,0.6380813953488372,0.9680264608599779,0.6148255813953488,0.9327453142227122,0.5305232558139535,0.804851157662624,0.659156976744186,1.0,0.659156976744186,1.0,0.3873546511627907,0.587651598676957,0.22965116279069767,0.3484013230429989,0.5058139534883721,0.7673649393605292,0.5755813953488372,0.8732083792723263,0.659156976744186,1.0,0.563953488372093,0.8555678059536935,0.5545058139534884,0.8412348401323043,0.5188953488372093,0.7872105843439912,0.529796511627907,0.8037486218302095,0.5981104651162791,0.9073869900771775,0.49636627906976744,0.75303197353914,0.5901162790697675,0.8952590959206174,0.4011627906976744,0.6085997794928335,0.20348837209302326,0.308710033076075,0.48255813953488375,0.7320837927232635,0.5850290697674418,0.8875413450937155,0.659156976744186,1.0,0.5988372093023255,0.9084895259095921,0.5995639534883721,0.9095920617420066,0.6148255813953488,0.9327453142227122,0.6148255813953488,0.9327453142227122,0.16424418604651161,0.24917309812568908,0.42296511627906974,0.6416758544652701,0.404796511627907,0.6141124586549063,0.3808139534883721,0.577728776185226,0.15843023255813954,0.24035281146637266,0.5566860465116279,0.844542447629548,0.5668604651162791,0.8599779492833517,0.4731104651162791,0.7177508269018743,0.5959302325581395,0.9040793825799338,0.596656976744186,0.9051819184123484,0.5879360465116279,0.8919514884233738,0.6075581395348837,0.9217199558985667,0.31976744186046513,0.48511576626240355,0.45421511627906974,0.6890848952590959,0.47238372093023256,0.7166482910694597,0.38372093023255816,0.5821389195148843,0.15770348837209303,0.2392502756339581,0.5530523255813954,0.8390297684674752,0.5704941860465116,0.8654906284454245,0.49636627906976744,0.75303197353914
18,0.49279341111873715,0.7916207276736494,0.49279341111873715,0.7916207276736494,0.6225120109814688,1.0,0.6005490734385724,0.9647188533627343,0.46190803019903914,0.7420066152149944,0.6225120109814688,1.0,0.6225120109814688,1.0,0.3809196980096088,0.6119073869900772,0.2189430336307481,0.35170893054024255,0.4962251201098147,0.7971334068357222,0.5552505147563487,0.8919514884233738,0.6225120109814688,1.0,0.544955387783116,0.8754134509371555,0.5401509951956074,0.8676957001102535,0.5161290322580645,0.8291069459757442,0.5223061084420041,0.8390297684674752,0.5264241592312972,0.8456449834619625,0.46877144818119426,0.75303197353914,0.5682910089224433,0.9128996692392503,0.3953328757721345,0.6350606394707828,0.21070693205216198,0.33847850055126794,0.4722031571722718,0.7585446527012127,0.5641729581331503,0.906284454244763,0.6225120109814688,1.0,0.49279341111873715,0.7916207276736494,0.4934797529169526,0.7927232635060639,0.6225120109814688,1.0,0.6005490734385724,0.9647188533627343,0.48936170212765956,0.7861080485115767,0.6225120109814688,1.0,0.6225120109814688,1.0,0.3809196980096088,0.6119073869900772,0.24090597117364448,0.3869900771775083,0.4962251201098147,0.7971334068357222,0.5552505147563487,0.8919514884233738,0.6225120109814688,1.0,0.544955387783116,0.8754134509371555,0.5291695264241593,0.8500551267916208,0.5161290322580645,0.8291069459757442,0.5209334248455731,0.836824696802646,0.5607412491420728,0.9007717750826902,0.4735758407687028,0.7607497243660419,0.5785861358956761,0.9294377067254685,0.4248455730954015,0.6824696802646086,0.22855181880576528,0.3671444321940463,0.4756348661633493,0.7640573318632855,0.5737817433081674,0.9217199558985667,0.6225120109814688,1.0,0.49279341111873715,0.7916207276736494,0.49279341111873715,0.7916207276736494,0.6225120109814688,1.0,0.6005490734385724,0.9647188533627343,0.5133836650652025,0.824696802646086,0.6225120109814688,1.0,0.6225120109814688,1.0,0.38023335621139326,0.6108048511576626,0.22717913520933425,0.3649393605292172,0.4955387783115992,0.7960308710033076,0.5545641729581332,0.8908489525909592,0.6225120109814688,1.0,0.544955387783116,0.8754134509371555,0.5401509951956074,0.8676957001102535,0.5161290322580645,0.8291069459757442,0.5223061084420041,0.8390297684674752,0.5689773507206589,0.9140022050716649,0.46945778997940973,0.7541345093715546,0.5682910089224433,0.9128996692392503,0.3939601921757035,0.6328555678059536,0.2010981468771448,0.3230429988974642,0.47151681537405626,0.7574421168687983,0.5641729581331503,0.906284454244763,0.6225120109814688,1.0,0.5737817433081674,0.9217199558985667,0.5751544269045985,0.9239250275633958,0.5902539464653397,0.948180815876516,0.5909402882635553,0.9492833517089305,0.1695264241592313,0.2723263506063947,0.40974605353466026,0.6582138919514884,0.40150995195607414,0.6449834619625138,0.3692518874399451,0.5931642778390298,0.15511324639670557,0.24917309812568908,0.5360329444063143,0.8610804851157663,0.5511324639670556,0.8853362734288864,0.4605353466026081,0.7398015435501654,0.5724090597117364,0.9195148842337376,0.5717227179135209,0.918412348401323,0.5682910089224433,0.9128996692392503,0.5854495538778312,0.9404630650496141,0.3164035689773507,0.5082690187431091,0.4426904598490048,0.7111356119073869,0.4598490048043926,0.7386990077177509,0.3699382292381606,0.5942668136714443,0.15648592999313657,0.2513781697905182,0.5332875772134523,0.856670341786108,0.5518188057652711,0.886438809261301,0.48318462594371997,0.7761852260198456
19,0.48244473342002603,0.8180815876515987,0.48244473342002603,0.8180815876515987,0.5897269180754227,1.0,0.5721716514954487,0.9702315325248071,0.45318595578673604,0.7684674751929438,0.5897269180754227,1.0,0.5897269180754227,1.0,0.37386215864759426,0.6339581036383682,0.21456436931079323,0.3638368246968026,0.4850455136540962,0.8224917309812569,0.5357607282184655,0.9084895259095921,0.5897269180754227,1.0,0.5247074122236671,0.8897464167585446,0.5227568270481144,0.886438809261301,0.5156046814044213,0.8743109151047409,0.5195058517555267,0.8809261300992283,0.5071521456436932,0.8599779492833517,0.44408322496749025,0.75303197353914,0.5448634590377113,0.9239250275633958,0.3881664499349805,0.6582138919514884,0.20806241872561768,0.3528114663726571,0.4609882964889467,0.7816979051819184,0.5429128738621587,0.9206174200661521,0.5897269180754227,1.0,0.48244473342002603,0.8180815876515987,0.48634590377113135,0.824696802646086,0.5897269180754227,1.0,0.5897269180754227,1.0,0.47074122236671,0.7982359426681367,0.5897269180754227,1.0,0.5897269180754227,1.0,0.37386215864759426,0.6339581036383682,0.23797139141742524,0.40352811466372657,0.4850455136540962,0.8224917309812569,0.5357607282184655,0.9084895259095921,0.5897269180754227,1.0,0.5247074122236671,0.8897464167585446,0.5136540962288687,0.8710033076074972,0.5156046814044213,0.8743109151047409,0.5169050715214565,0.87651598676957,0.5377113133940182,0.9117971334068358,0.44928478543563066,0.7618522601984564,0.5520156046814044,0.9360529217199559,0.4226267880364109,0.7166482910694597,0.2282184655396619,0.3869900771775083,0.4616384915474642,0.782800441014333,0.5539661898569571,0.9393605292171996,0.5897269180754227,1.0,0.48244473342002603,0.8180815876515987,0.48244473342002603,0.8180815876515987,0.5897269180754227,1.0,0.5721716514954487,0.9702315325248071,0.4980494148244473,0.844542447629548,0.5897269180754227,1.0,0.5897269180754227,1.0,0.3712613784135241,0.6295479603087101,0.21976592977893367,0.37265711135611906,0.4830949284785436,0.8191841234840133,0.5364109232769831,0.9095920617420066,0.5897269180754227,1.0,0.5247074122236671,0.8897464167585446,0.5227568270481144,0.886438809261301,0.5156046814044213,0.8743109151047409,0.5195058517555267,0.8809261300992283,0.5442132639791938,0.9228224917309813,0.4460338101430429,0.7563395810363837,0.5448634590377113,0.9239250275633958,0.38751625487646296,0.6571113561190739,0.19895968790637192,0.33737596471885334,0.46033810143042914,0.7805953693495039,0.5422626788036411,0.9195148842337376,0.5897269180754227,1.0,0.5507152145643693,0.9338478500551268,0.5513654096228868,0.9349503858875413,0.5663198959687906,0.960308710033076,0.5663198959687906,0.960308710033076,0.1684005201560468,0.2855567805953694,0.39596879063719115,0.6714443219404631,0.39466840052015606,0.6692392502756339,0.35955786736020806,0.6097023153252481,0.15149544863459039,0.25689084895259096,0.517555266579974,0.8776185226019846,0.5312093628088427,0.9007717750826902,0.4518855656697009,0.7662624035281147,0.5500650195058517,0.9327453142227122,0.5520156046814044,0.9360529217199559,0.5461638491547465,0.9261300992282249,0.5624187256176854,0.9536934950385888,0.3107932379713914,0.5270121278941565,0.4375812743823147,0.7420066152149944,0.4505851755526658,0.7640573318632855,0.358257477243173,0.607497243660419,0.15149544863459039,0.25689084895259096,0.5162548764629389,0.8754134509371555,0.5338101430429129,0.9051819184123484,0.47009102730819247,0.7971334068357222
20,0.47066090179122916,0.8401323042998897,0.47066090179122916,0.8401323042998897,0.5602223594811612,1.0,0.5602223594811612,1.0,0.44471896232242125,0.7938257993384785,0.5602223594811612,1.0,0.5602223594811612,1.0,0.35886349598517603,0.6405733186328556,0.2205064854848672,0.3936052921719956,0.471278567016677,0.8412348401323043,0.5151327980234712,0.9195148842337376,0.5602223594811612,1.0,0.5083384805435454,0.9073869900771775,0.5071031500926498,0.9051819184123484,0.5058678196417542,0.9029768467475193,0.5126621371216801,0.9151047409040793,0.48795552810376774,0.8710033076074972,0.4224830142063002,0.7541345093715546,0.5293390982087709,0.9448732083792724,0.3786287831995059,0.6758544652701213,0.2038295243977764,0.3638368246968026,0.44966028412600373,0.802646085997795,0.5219271155033972,0.9316427783902976,0.5602223594811612,1.0,0.47066090179122916,0.8401323042998897,0.4749845583693638,0.8478500551267916,0.5602223594811612,1.0,0.5602223594811612,1.0,0.4558369363804818,0.8136714443219405,0.5602223594811612,1.0,0.5602223594811612,1.0,0.35886349598517603,0.6405733186328556,0.23903644224830142,0.42668136714443217,0.471278567016677,0.8412348401323043,0.5151327980234712,0.9195148842337376,0.5602223594811612,1.0,0.5083384805435454,0.9073869900771775,0.5009264978381717,0.8941565600882029,0.5058678196417542,0.9029768467475193,0.5108091414453366,0.9117971334068358,0.5163681284743669,0.9217199558985667,0.42865966646077824,0.7651598676957001,0.5305744286596664,0.9470782800441014,0.4126003705991353,0.7364939360529217,0.22606547251389747,0.40352811466372657,0.4478072884496603,0.7993384785005513,0.5342804200123533,0.9536934950385888,0.5602223594811612,1.0,0.47066090179122916,0.8401323042998897,0.47066090179122916,0.8401323042998897,0.5602223594811612,1.0,0.5602223594811612,1.0,0.4848672019765287,0.8654906284454245,0.5602223594811612,1.0,0.5602223594811612,1.0,0.36009882643607166,0.6427783902976847,0.21309450277949352,0.38037486218302097,0.47066090179122916,0.8401323042998897,0.5151327980234712,0.9195148842337376,0.5602223594811612,1.0,0.5083384805435454,0.9073869900771775,0.5071031500926498,0.9051819184123484,0.5058678196417542,0.9029768467475193,0.5126621371216801,0.9151047409040793,0.5213094502779494,0.9305402425578831,0.4243360098826436,0.7574421168687983,0.5293390982087709,0.9448732083792724,0.37554045707226685,0.6703417861080485,0.19888820259419396,0.35501653803748623,0.4478072884496603,0.7993384785005513,0.5219271155033972,0.9316427783902976,0.5602223594811612,1.0,0.5281037677578753,0.9426681367144433,0.5281037677578753,0.9426681367144433,0.5423100679431748,0.9680264608599779,0.544780728844966,0.9724366041896362,0.169857936998147,0.3031973539140022,0.3885114268066708,0.6934950385887542,0.38604076590487957,0.6890848952590959,0.35206917850525016,0.6284454244762955,0.14700432365657815,0.2624035281146637,0.5021618282890673,0.896361631753032,0.5126621371216801,0.9151047409040793,0.43915997529339096,0.7839029768467475,0.5281037677578753,0.9426681367144433,0.5287214329833231,0.9437706725468578,0.5250154416306362,0.9371554575523704,0.5404570722668314,0.9647188533627343,0.3051266213712168,0.5446527012127894,0.4255713403335392,0.7596471885336273,0.43730697961704756,0.7805953693495039,0.352686843730698,0.6295479603087101,0.14885731933292157,0.2657111356119074,0.4996911673872761,0.8919514884233738,0.5163681284743669,0.9217199558985667,0.4564546016059296,0.814773980154355
21,0.4588235294117647,0.8599779492833517,0.46,0.8621830209481808,0.5335294117647059,1.0,0.5335294117647059,1.0,0.4329411764705882,0.8114663726571113,0.5335294117647059,1.0,0.5335294117647059,1.0,0.3488235294117647,0.6538037486218302,0.22,0.412348401323043,0.4611764705882353,0.86438809261301,0.4964705882352941,0.9305402425578831,0.5335294117647059,1.0,0.48764705882352943,0.9140022050716649,0.4923529411764706,0.9228224917309813,0.5029411764705882,0.9426681367144433,0.5035294117647059,0.9437706725468578,0.47,0.8809261300992283,0.4041176470588235,0.7574421168687983,0.5152941176470588,0.9658213891951488,0.36764705882352944,0.6890848952590959,0.1976470588235294,0.37045203969129,0.4376470588235294,0.8202866593164277,0.5017647058823529,0.9404630650496141,0.5335294117647059,1.0,0.4588235294117647,0.8599779492833517,0.4647058823529412,0.8710033076074972,0.5335294117647059,1.0,0.5335294117647059,1.0,0.4429411764705882,0.8302094818081588,0.5335294117647059,1.0,0.5335294117647059,1.0,0.3488235294117647,0.6538037486218302,0.2488235294117647,0.4663726571113561,0.4611764705882353,0.86438809261301,0.4964705882352941,0.9305402425578831,0.5335294117647059,1.0,0.48764705882352943,0.9140022050716649,0.48411764705882354,0.9073869900771775,0.5029411764705882,0.9426681367144433,0.5058823529411764,0.948180815876516,0.49470588235294116,0.9272326350606395,0.4082352941176471,0.7651598676957001,0.5111764705882353,0.958103638368247,0.4023529411764706,0.7541345093715546,0.21941176470588236,0.41124586549062847,0.4388235294117647,0.8224917309812569,0.5141176470588236,0.9636163175303197,0.5335294117647059,1.0,0.4588235294117647,0.8599779492833517,0.46,0.8621830209481808,0.5335294117647059,1.0,0.5335294117647059,1.0,0.4688235294117647,0.8787210584343991,0.5335294117647059,1.0,0.5335294117647059,1.0,0.35352941176470587,0.6626240352811467,0.20411764705882354,0.38257993384785005,0.4611764705882353,0.86438809261301,0.4964705882352941,0.9305402425578831,0.5335294117647059,1.0,0.48764705882352943,0.9140022050716649,0.4923529411764706,0.9228224917309813,0.5029411764705882,0.9426681367144433,0.5035294117647059,0.9437706725468578,0.4988235294117647,0.9349503858875413,0.4047058823529412,0.7585446527012127,0.5152941176470588,0.9658213891951488,0.3658823529411765,0.6857772877618522,0.1952941176470588,0.36604189636163176,0.4376470588235294,0.8202866593164277,0.5017647058823529,0.9404630650496141,0.5335294117647059,1.0,0.5094117647058823,0.9547960308710033,0.5088235294117647,0.9536934950385888,0.5211764705882352,0.9768467475192943,0.5211764705882352,0.9768467475192943,0.17058823529411765,0.3197353914002205,0.37823529411764706,0.7089305402425579,0.3770588235294118,0.7067254685777288,0.3547058823529412,0.6648291069459757,0.15,0.28114663726571115,0.4888235294117647,0.9162072767364939,0.49411764705882355,0.9261300992282249,0.42823529411764705,0.802646085997795,0.51,0.9558985667034179,0.5094117647058823,0.9547960308710033,0.5035294117647059,0.9437706725468578,0.5194117647058824,0.9735391400220507,0.30117647058823527,0.5644983461962514,0.4194117647058824,0.7861080485115767,0.4235294117647059,0.7938257993384785,0.3552941176470588,0.6659316427783903,0.1476470588235294,0.27673649393605293,0.4858823529411765,0.9106945975744212,0.4988235294117647,0.9349503858875413,0.4435294117647059,0.8313120176405733
22,0.4469399213924761,0.8776185226019846,0.44918585064570465,0.8820286659316428,0.5092644581695677,1.0,0.5092644581695677,1.0,0.41774284110050536,0.8202866593164277,0.5092644581695677,1.0,0.5092644581695677,1.0,0.34306569343065696,0.6736493936052922,0.2167321729365525,0.4255788313120176,0.4480628860190904,0.8798235942668137,0.48006737787759685,0.9426681367144433,0.5092644581695677,1.0,0.4710836608646828,0.9250275633958104,0.4778214486243683,0.938257993384785,0.4952274003368894,0.9724366041896362,0.49635036496350365,0.9746416758544653,0.4536777091521617,0.8908489525909592,0.3879842784952274,0.7618522601984564,0.49971925884334645,0.9812568908489526,0.3571027512633352,0.701212789415656,0.19202695115103874,0.3770672546857773,0.4267265581134194,0.8379272326350606,0.485120718697361,0.9525909592061742,0.5092644581695677,1.0,0.4469399213924761,0.8776185226019846,0.4553621560920831,0.8941565600882029,0.5092644581695677,1.0,0.5092644581695677,1.0,0.42897248736664795,0.8423373759647188,0.5092644581695677,1.0,0.5092644581695677,1.0,0.3419427288040427,0.6714443219404631,0.25266704098820886,0.4961411245865491,0.4480628860190904,0.8798235942668137,0.48006737787759685,0.9426681367144433,0.5092644581695677,1.0,0.4710836608646828,0.9250275633958104,0.4699606962380685,0.9228224917309813,0.4952274003368894,0.9724366041896362,0.49691184727681076,0.9757442116868799,0.4755755193711398,0.9338478500551268,0.39191465468837733,0.7695700110253583,0.4941044357102751,0.9702315325248071,0.3879842784952274,0.7618522601984564,0.21560920830993824,0.42337375964718854,0.4272880404267266,0.8390297684674752,0.49466591802358223,0.9713340683572216,0.5092644581695677,1.0,0.4469399213924761,0.8776185226019846,0.44918585064570465,0.8820286659316428,0.5092644581695677,1.0,0.5092644581695677,1.0,0.45255474452554745,0.8886438809261301,0.5092644581695677,1.0,0.5092644581695677,1.0,0.34531162268388543,0.6780595369349504,0.19988770353733856,0.39250275633958104,0.4480628860190904,0.8798235942668137,0.48006737787759685,0.9426681367144433,0.5092644581695677,1.0,0.4710836608646828,0.9250275633958104,0.4778214486243683,0.938257993384785,0.4952274003368894,0.9724366041896362,0.49635036496350365,0.9746416758544653,0.4783829309376755,0.9393605292171996,0.38742279618192027,0.7607497243660419,0.49971925884334645,0.9812568908489526,0.35485682201010665,0.6968026460859978,0.1914654688377316,0.37596471885336274,0.42560359348680515,0.8357221609702316,0.4845592363840539,0.9514884233737596,0.5092644581695677,1.0,0.4912970241437395,0.9647188533627343,0.49073554183043233,0.9636163175303197,0.5014037057832679,0.9845644983461963,0.5008422234699607,0.9834619625137817,0.1746209994385177,0.3428886438809261,0.36777091521617067,0.7221609702315325,0.36889387984278493,0.7243660418963617,0.34362717574396406,0.6747519294377067,0.14823133071308253,0.29106945975744214,0.47613700168444695,0.9349503858875413,0.4789444132509826,0.9404630650496141,0.41998877035373383,0.824696802646086,0.4912970241437395,0.9647188533627343,0.49241998877035376,0.9669239250275634,0.48568220101066817,0.9536934950385888,0.4974733295901179,0.9768467475192943,0.29421673217293653,0.577728776185226,0.407636159460977,0.8004410143329658,0.41212801796743403,0.8092613009922822,0.34475014037057833,0.6769570011025359,0.145985401459854,0.2866593164277839,0.4750140370578327,0.9327453142227122,0.4811903425042111,0.9448732083792724,0.42897248736664795,0.8423373759647188
23,0.4371643394199785,0.8974641675854466,0.4387755102040816,0.9007717750826902,0.48711063372717506,1.0,0.48711063372717506,1.0,0.40762620837808805,0.836824696802646,0.48711063372717506,1.0,0.48711063372717506,1.0,0.3351235230934479,0.6879823594266814,0.21160042964554243,0.43439911797133407,0.4387755102040816,0.9007717750826902,0.46348012889366275,0.9514884233737596,0.48711063372717506,1.0,0.4564983888292159,0.9371554575523704,0.46133190118152523,0.9470782800441014,0.48442534908700324,0.9944873208379272,0.48442534908700324,0.9944873208379272,0.43501611170784105,0.8930540242557883,0.37218045112781956,0.7640573318632855,0.4817400644468314,0.9889746416758545,0.34908700322234154,0.7166482910694597,0.18850698174006444,0.3869900771775083,0.4167561761546724,0.8555678059536935,0.47046186895810954,0.9658213891951488,0.48711063372717506,1.0,0.4371643394199785,0.8974641675854466,0.4473684210526316,0.918412348401323,0.48711063372717506,1.0,0.48711063372717506,1.0,0.4129967776584318,0.8478500551267916,0.48711063372717506,1.0,0.48711063372717506,1.0,0.3351235230934479,0.6879823594266814,0.25241675617615467,0.5181918412348401,0.4387755102040816,0.9007717750826902,0.46348012889366275,0.9514884233737596,0.48711063372717506,1.0,0.4564983888292159,0.9371554575523704,0.45435016111707843,0.9327453142227122,0.48442534908700324,0.9944873208379272,0.48442534908700324,0.9944873208379272,0.4597207303974221,0.9437706725468578,0.3754027926960258,0.7706725468577729,0.48120300751879697,0.9878721058434399,0.37593984962406013,0.7717750826901875,0.21160042964554243,0.43439911797133407,0.416219119226638,0.8544652701212789,0.47690655209452204,0.9790518191841234,0.48711063372717506,1.0,0.4371643394199785,0.8974641675854466,0.4387755102040816,0.9007717750826902,0.48711063372717506,1.0,0.48711063372717506,1.0,0.43447905477980664,0.8919514884233738,0.48711063372717506,1.0,0.48711063372717506,1.0,0.3372717508055854,0.6923925027563396,0.20032223415682063,0.41124586549062847,0.43823845327604727,0.8996692392502756,0.46348012889366275,0.9514884233737596,0.48711063372717506,1.0,0.4564983888292159,0.9371554575523704,0.46133190118152523,0.9470782800441014,0.48442534908700324,0.9944873208379272,0.48442534908700324,0.9944873208379272,0.458109559613319,0.9404630650496141,0.374328678839957,0.7684674751929438,0.4817400644468314,0.9889746416758545,0.34801288936627284,0.7144432194046306,0.18474758324382384,0.37927232635060637,0.416219119226638,0.8544652701212789,0.47046186895810954,0.9658213891951488,0.48711063372717506,1.0,0.47046186895810954,0.9658213891951488,0.47046186895810954,0.9658213891951488,0.48120300751879697,0.9878721058434399,0.4806659505907626,0.9867695700110254,0.17400644468313642,0.3572216097023153,0.3609022556390977,0.74090407938258,0.3619763694951665,0.743109151047409,0.33780880773361976,0.6934950385887542,0.1460794844253491,0.29988974641675853,0.4602577873254565,0.9448732083792724,0.4640171858216971,0.9525909592061742,0.40762620837808805,0.836824696802646,0.4731471535982814,0.9713340683572216,0.47368421052631576,0.9724366041896362,0.4683136412459721,0.9614112458654906,0.4774436090225564,0.980154355016538,0.2905477980665951,0.5964718853362734,0.4038668098818475,0.8291069459757442,0.4027926960257787,0.8269018743109151,0.3383458646616541,0.6945975744211687,0.14500537056928034,0.29768467475192945,0.45918367346938777,0.9426681367144433,0.46509129967776586,0.9547960308710033,0.4189044038668099,0.8599779492833517
24,0.4276891405043747,0.9162072767364939,0.42923314462171896,0.9195148842337376,0.46680391147709727,1.0,0.46680391147709727,1.0,0.39475038600102935,0.8456449834619625,0.46680391147709727,1.0,0.46680391147709727,1.0,0.330416881111683,0.7078280044101434,0.20329387545033453,0.4355016538037486,0.4276891405043747,0.9162072767364939,0.4498198661863098,0.9636163175303197,0.46680391147709727,1.0,0.4415851775604735,0.9459757442116868,0.4467318579516212,0.9570011025358324,0.46680391147709727,1.0,0.46680391147709727,1.0,0.4204837879567679,0.9007717750826902,0.35923829130211016,0.7695700110253583,0.4662892434379825,0.9988974641675854,0.3401955738548636,0.7287761852260198,0.18373648996397324,0.3936052921719956,0.4050437467833248,0.8676957001102535,0.4554812146165723,0.9757442116868799,0.46680391147709727,1.0,0.4276891405043747,0.9162072767364939,0.435923829130211,0.9338478500551268,0.46680391147709727,1.0,0.46680391147709727,1.0,0.3993823983530623,0.8555678059536935,0.46680391147709727,1.0,0.46680391147709727,1.0,0.33093154915079775,0.7089305402425579,0.244981986618631,0.5248070562293274,0.4276891405043747,0.9162072767364939,0.4498198661863098,0.9636163175303197,0.46680391147709727,1.0,0.4415851775604735,0.9459757442116868,0.44209984559958826,0.9470782800441014,0.46680391147709727,1.0,0.46680391147709727,1.0,0.44467318579516213,0.9525909592061742,0.3612969634585692,0.7739801543550165,0.4647452393206382,0.9955898566703418,0.3695316520844056,0.7916207276736494,0.20792588780236748,0.4454244762954796,0.40864642305712817,0.8754134509371555,0.46011322696860524,0.9856670341786108,0.46680391147709727,1.0,0.4276891405043747,0.9162072767364939,0.42923314462171896,0.9195148842337376,0.46680391147709727,1.0,0.46680391147709727,1.0,0.42305712815234175,0.906284454244763,0.46680391147709727,1.0,0.46680391147709727,1.0,0.3319608852290273,0.7111356119073869,0.19969119917653114,0.42778390297684676,0.4276891405043747,0.9162072767364939,0.4498198661863098,0.9636163175303197,0.46680391147709727,1.0,0.4415851775604735,0.9459757442116868,0.4467318579516212,0.9570011025358324,0.46680391147709727,1.0,0.46680391147709727,1.0,0.4395265054040144,0.9415656008820287,0.3587236232629954,0.7684674751929438,0.4662892434379825,0.9988974641675854,0.3401955738548636,0.7287761852260198,0.1811631497683994,0.3880926130099228,0.4050437467833248,0.8676957001102535,0.4559958826556871,0.9768467475192943,0.46680391147709727,1.0,0.4534225424601132,0.9713340683572216,0.45393721049922797,0.9724366041896362,0.4616572310859496,0.9889746416758545,0.46217189912506434,0.9900771775082691,0.17498713329902213,0.3748621830209482,0.350488934637159,0.7508269018743109,0.35512094698919194,0.7607497243660419,0.3350488934637159,0.7177508269018743,0.1451363870303654,0.31091510474090406,0.44415851775604737,0.9514884233737596,0.44776119402985076,0.9592061742006616,0.39629439011837364,0.8489525909592062,0.45496654657745755,0.9746416758544653,0.4544518785383428,0.9735391400220507,0.4508492022645394,0.9658213891951488,0.4590838908903757,0.9834619625137817,0.2871847658260422,0.6152149944873209,0.3957797220792589,0.8478500551267916,0.3942357179619146,0.844542447629548,0.33607822954194544,0.7199558985667034,0.14462171899125065,0.3098125689084895,0.4431291816778178,0.9492833517089305,0.4487905301080803,0.9614112458654906,0.4096757591353577,0.8776185226019846
25,0.41847826086956524,0.9338478500551268,0.4189723320158103,0.9349503858875413,0.4481225296442688,1.0,0.4481225296442688,1.0,0.38636363636363635,0.8621830209481808,0.4481225296442688,1.0,0.4481225296442688,1.0,0.32608695652173914,0.7276736493936052,0.1956521739130435,0.43660418963616315,0.41798418972332013,0.9327453142227122,0.4342885375494071,0.9691289966923925,0.4481225296442688,1.0,0.4278656126482213,0.9547960308710033,0.43280632411067194,0.9658213891951488,0.4481225296442688,1.0,0.4481225296442688,1.0,0.40563241106719367,0.9051819184123484,0.3468379446640316,0.7739801543550165,0.4481225296442688,1.0,0.3339920948616601,0.7453142227122381,0.18181818181818182,0.40573318632855565,0.3967391304347826,0.8853362734288864,0.4382411067193676,0.9779492833517089,0.4481225296442688,1.0,0.41847826086956524,0.9338478500551268,0.42539525691699603,0.9492833517089305,0.4481225296442688,1.0,0.4481225296442688,1.0,0.3878458498023715,0.8654906284454245,0.4481225296442688,1.0,0.4481225296442688,1.0,0.32608695652173914,0.7276736493936052,0.25,0.557883131201764,0.41798418972332013,0.9327453142227122,0.4342885375494071,0.9691289966923925,0.4481225296442688,1.0,0.4278656126482213,0.9547960308710033,0.4288537549407115,0.9570011025358324,0.4481225296442688,1.0,0.4481225296442688,1.0,0.4298418972332016,0.9592061742006616,0.3473320158102767,0.7750826901874311,0.4481225296442688,1.0,0.35968379446640314,0.802646085997795,0.20059288537549408,0.4476295479603087,0.39624505928853754,0.8842337375964718,0.4441699604743083,0.9911797133406836,0.4481225296442688,1.0,0.41847826086956524,0.9338478500551268,0.4189723320158103,0.9349503858875413,0.4481225296442688,1.0,0.4481225296442688,1.0,0.4090909090909091,0.9128996692392503,0.4481225296442688,1.0,0.4481225296442688,1.0,0.3265810276679842,0.7287761852260198,0.19466403162055335,0.43439911797133407,0.41798418972332013,0.9327453142227122,0.4342885375494071,0.9691289966923925,0.4481225296442688,1.0,0.4278656126482213,0.9547960308710033,0.4323122529644269,0.9647188533627343,0.4481225296442688,1.0,0.4481225296442688,1.0,0.4224308300395257,0.9426681367144433,0.34634387351778656,0.772877618522602,0.4481225296442688,1.0,0.3359683794466403,0.7497243660418964,0.1793478260869565,0.4002205071664829,0.3967391304347826,0.8853362734288864,0.4382411067193676,0.9779492833517089,0.4481225296442688,1.0,0.43626482213438733,0.9735391400220507,0.4367588932806324,0.9746416758544653,0.4451581027667984,0.9933847850055126,0.4451581027667984,0.9933847850055126,0.17490118577075098,0.39029768467475195,0.34436758893280633,0.7684674751929438,0.3512845849802372,0.7839029768467475,0.3275691699604743,0.7309812568908489,0.1422924901185771,0.3175303197353914,0.4308300395256917,0.9614112458654906,0.4318181818181818,0.9636163175303197,0.38537549407114624,0.8599779492833517,0.43774703557312256,0.9768467475192943,0.43873517786561267,0.9790518191841234,0.4342885375494071,0.9691289966923925,0.44219367588932806,0.9867695700110254,0.2801383399209486,0.6251378169790518,0.3868577075098814,0.8632855567805954,0.3893280632411067,0.8687982359426681,0.32806324110671936,0.7320837927232635,0.141798418972332,0.3164277839029768,0.42934782608695654,0.958103638368247,0.43379446640316205,0.9680264608599779,0.39723320158102765,0.886438809261301
26,0.40779467680608367,0.9459757442116868,0.40874524714828897,0.948180815876516,0.4310836501901141,1.0,0.4310836501901141,1.0,0.3773764258555133,0.8754134509371555,0.4310836501901141,1.0,0.4310836501901141,1.0,0.32129277566539927,0.7453142227122381,0.1920152091254753,0.4454244762954796,0.40779467680608367,0.9459757442116868,0.4206273764258555,0.9757442116868799,0.4310836501901141,1.0,0.4144486692015209,0.9614112458654906,0.41920152091254753,0.9724366041896362,0.4310836501901141,1.0,0.4310836501901141,1.0,0.3921102661596958,0.9095920617420066,0.3341254752851711,0.7750826901874311,0.4310836501901141,1.0,0.32984790874524716,0.7651598676957001,0.1796577946768061,0.41675854465270123,0.38688212927756654,0.8974641675854466,0.42395437262357416,0.9834619625137817,0.4310836501901141,1.0,0.40779467680608367,0.9459757442116868,0.4149239543726236,0.9625137816979051,0.4310836501901141,1.0,0.4310836501901141,1.0,0.376425855513308,0.8732083792723263,0.4310836501901141,1.0,0.4310836501901141,1.0,0.32129277566539927,0.7453142227122381,0.24857414448669202,0.5766262403528115,0.40779467680608367,0.9459757442116868,0.4206273764258555,0.9757442116868799,0.4310836501901141,1.0,0.4144486692015209,0.9614112458654906,0.41634980988593157,0.9658213891951488,0.4310836501901141,1.0,0.4310836501901141,1.0,0.41634980988593157,0.9658213891951488,0.3360266159695818,0.7794928335170893,0.4310836501901141,1.0,0.35693916349809884,0.8280044101433297,0.19629277566539924,0.4553472987872106,0.38783269961977185,0.8996692392502756,0.4282319391634981,0.9933847850055126,0.4310836501901141,1.0,0.40779467680608367,0.9459757442116868,0.40874524714828897,0.948180815876516,0.4310836501901141,1.0,0.4310836501901141,1.0,0.39923954372623577,0.9261300992282249,0.4310836501901141,1.0,0.4310836501901141,1.0,0.3231939163498099,0.7497243660418964,0.19011406844106463,0.4410143329658214,0.407319391634981,0.9448732083792724,0.4206273764258555,0.9757442116868799,0.4310836501901141,1.0,0.4144486692015209,0.9614112458654906,0.41920152091254753,0.9724366041896362,0.4310836501901141,1.0,0.4310836501901141,1.0,0.4063688212927757,0.9426681367144433,0.3350760456273764,0.7772877618522602,0.4310836501901141,1.0,0.32984790874524716,0.7651598676957001,0.17633079847908745,0.40904079382579933,0.38688212927756654,0.8974641675854466,0.42395437262357416,0.9834619625137817,0.4310836501901141,1.0,0.4215779467680608,0.9779492833517089,0.4215779467680608,0.9779492833517089,0.4282319391634981,0.9933847850055126,0.4291825095057034,0.9955898566703418,0.17538022813688212,0.40683572216097025,0.3355513307984791,0.7783902976846747,0.34220532319391633,0.7938257993384785,0.32271863117870725,0.7486218302094818,0.13878326996197718,0.3219404630650496,0.41539923954372626,0.9636163175303197,0.41920152091254753,0.9724366041896362,0.375,0.8699007717750827,0.4230038022813688,0.9812568908489526,0.4230038022813688,0.9812568908489526,0.42015209125475284,0.9746416758544653,0.42775665399239543,0.9922822491730982,0.2804182509505703,0.6504961411245865,0.37880228136882127,0.8787210584343991,0.37927756653992395,0.8798235942668137,0.32414448669201523,0.7519294377067255,0.13925855513307986,0.3230429988974642,0.4144486692015209,0.9614112458654906,0.4215779467680608,0.9779492833517089,0.3902091254752852,0.9051819184123484
27,0.39725400457665905,0.9570011025358324,0.39862700228832953,0.960308710033076,0.41510297482837527,1.0,0.41510297482837527,1.0,0.36704805491990844,0.8842337375964718,0.41510297482837527,1.0,0.41510297482837527,1.0,0.31441647597254,0.7574421168687983,0.188558352402746,0.45424476295479604,0.39679633867276887,0.9558985667034179,0.4068649885583524,0.980154355016538,0.41510297482837527,1.0,0.4022883295194508,0.9691289966923925,0.4054919908466819,0.9768467475192943,0.41510297482837527,1.0,0.41510297482837527,1.0,0.37894736842105264,0.9128996692392503,0.32356979405034325,0.7794928335170893,0.41510297482837527,1.0,0.32540045766590386,0.7839029768467475,0.1757437070938215,0.42337375964718854,0.38077803203661326,0.9173098125689085,0.41098398169336386,0.9900771775082691,0.41510297482837527,1.0,0.39725400457665905,0.9570011025358324,0.40503432494279173,0.9757442116868799,0.41510297482837527,1.0,0.41510297482837527,1.0,0.36704805491990844,0.8842337375964718,0.41510297482837527,1.0,0.41510297482837527,1.0,0.31441647597254,0.7574421168687983,0.24622425629290617,0.5931642778390298,0.39679633867276887,0.9558985667034179,0.4068649885583524,0.980154355016538,0.41510297482837527,1.0,0.4022883295194508,0.9691289966923925,0.4022883295194508,0.9691289966923925,0.41510297482837527,1.0,0.41510297482837527,1.0,0.40137299771167045,0.9669239250275634,0.32585812356979404,0.7850055126791621,0.41510297482837527,1.0,0.3519450800915332,0.8478500551267916,0.19267734553775745,0.46416758544652703,0.37803203661327234,0.9106945975744212,0.41327231121281466,0.9955898566703418,0.41510297482837527,1.0,0.39725400457665905,0.9570011025358324,0.39862700228832953,0.960308710033076,0.41510297482837527,1.0,0.41510297482837527,1.0,0.3890160183066362,0.9371554575523704,0.41510297482837527,1.0,0.41510297482837527,1.0,0.3153318077803204,0.7596471885336273,0.18581235697940504,0.4476295479603087,0.39679633867276887,0.9558985667034179,0.4073226544622426,0.9812568908489526,0.41510297482837527,1.0,0.4022883295194508,0.9691289966923925,0.4054919908466819,0.9768467475192943,0.41510297482837527,1.0,0.41510297482837527,1.0,0.39267734553775746,0.9459757442116868,0.32356979405034325,0.7794928335170893,0.41510297482837527,1.0,0.32677345537757435,0.7872105843439912,0.17528604118993135,0.422271223814774,0.38077803203661326,0.9173098125689085,0.41098398169336386,0.9900771775082691,0.41510297482837527,1.0,0.4073226544622426,0.9812568908489526,0.4068649885583524,0.980154355016538,0.41327231121281466,0.9955898566703418,0.4137299771167048,0.9966923925027563,0.17757437070938215,0.42778390297684676,0.33043478260869563,0.7960308710033076,0.3368421052631579,0.8114663726571113,0.3153318077803204,0.7596471885336273,0.13867276887871854,0.3340683572216097,0.4022883295194508,0.9691289966923925,0.4059496567505721,0.9779492833517089,0.365675057208238,0.8809261300992283,0.40869565217391307,0.9845644983461963,0.4082379862700229,0.9834619625137817,0.4068649885583524,0.980154355016538,0.41189931350114417,0.9922822491730982,0.2778032036613272,0.6692392502756339,0.3702517162471396,0.8919514884233738,0.3711670480549199,0.8941565600882029,0.3139588100686499,0.7563395810363837,0.1377574370709382,0.3318632855567806,0.40183066361556063,0.9680264608599779,0.4077803203661327,0.9823594266813671,0.3816933638443936,0.9195148842337376
28,0.38746690203000883,0.9680264608599779,0.3883495145631068,0.9702315325248071,0.4002647837599294,1.0,0.4002647837599294,1.0,0.35789938217122685,0.8941565600882029,0.4002647837599294,1.0,0.4002647837599294,1.0,0.3058252427184466,0.7640573318632855,0.18402471315092675,0.4597574421168688,0.38746690203000883,0.9680264608599779,0.3949691085613416,0.9867695700110254,0.4002647837599294,1.0,0.38879082082965577,0.9713340683572216,0.39452780229479256,0.9856670341786108,0.4002647837599294,1.0,0.4002647837599294,1.0,0.36716681376875554,0.9173098125689085,0.3137687555163283,0.7839029768467475,0.4002647837599294,1.0,0.31906443071491614,0.7971334068357222,0.1734333627537511,0.43329658213891953,0.37113857016769636,0.9272326350606395,0.3967343336275375,0.9911797133406836,0.4002647837599294,1.0,0.38746690203000883,0.9680264608599779,0.39232127096204766,0.980154355016538,0.4002647837599294,1.0,0.4002647837599294,1.0,0.35701676963812884,0.8919514884233738,0.4002647837599294,1.0,0.4002647837599294,1.0,0.3058252427184466,0.7640573318632855,0.23962930273609886,0.5986769570011026,0.38746690203000883,0.9680264608599779,0.3949691085613416,0.9867695700110254,0.4002647837599294,1.0,0.38879082082965577,0.9713340683572216,0.39055604589585174,0.9757442116868799,0.4002647837599294,1.0,0.4002647837599294,1.0,0.3883495145631068,0.9702315325248071,0.3155339805825243,0.7883131201764058,0.4002647837599294,1.0,0.3415710503089144,0.8533627342888643,0.1884377758164166,0.47078280044101434,0.3698146513680494,0.9239250275633958,0.3993821712268314,0.9977949283351709,0.4002647837599294,1.0,0.38746690203000883,0.9680264608599779,0.3883495145631068,0.9702315325248071,0.4002647837599294,1.0,0.4002647837599294,1.0,0.3773168578993822,0.9426681367144433,0.4002647837599294,1.0,0.4002647837599294,1.0,0.3089143865842895,0.7717750826901875,0.17917034421888792,0.4476295479603087,0.38746690203000883,0.9680264608599779,0.3949691085613416,0.9867695700110254,0.4002647837599294,1.0,0.38879082082965577,0.9713340683572216,0.39452780229479256,0.9856670341786108,0.4002647837599294,1.0,0.4002647837599294,1.0,0.3795233892321271,0.948180815876516,0.31332744924977934,0.782800441014333,0.4002647837599294,1.0,0.3208296557811121,0.8015435501653804,0.17166813768755515,0.4288864388092613,0.37113857016769636,0.9272326350606395,0.3967343336275375,0.9911797133406836,0.4002647837599294,1.0,0.3932038834951456,0.9823594266813671,0.3936451897616946,0.9834619625137817,0.39849955869373344,0.9955898566703418,0.3989408649602824,0.9966923925027563,0.176081200353045,0.43991179713340683,0.32259488084730803,0.8059536934950385,0.3287731685789938,0.8213891951488423,0.31023830538393643,0.7750826901874311,0.13636363636363635,0.340683572216097,0.38923212709620475,0.9724366041896362,0.3932038834951456,0.9823594266813671,0.3556928508384819,0.8886438809261301,0.3949691085613416,0.9867695700110254,0.3954104148278906,0.9878721058434399,0.3932038834951456,0.9823594266813671,0.39805825242718446,0.9944873208379272,0.2744924977934687,0.6857772877618522,0.36319505736981467,0.9073869900771775,0.36187113857016767,0.9040793825799338,0.31023830538393643,0.7750826901874311,0.1381288614298323,0.34509371554575524,0.3901147396293027,0.9746416758544653,0.39585172109443956,0.9889746416758545,0.3698146513680494,0.9239250275633958
29,0.37750319556881123,0.9768467475192943,0.3783553472518108,0.9790518191841234,0.38645078824030676,1.0,0.38645078824030676,1.0,0.35193864507882405,0.9106945975744212,0.38645078824030676,1.0,0.38645078824030676,1.0,0.2995313165743502,0.7750826901874311,0.17895185342991052,0.46306504961411243,0.37707711972731145,0.9757442116868799,0.3821900298253089,0.9889746416758545,0.38645078824030676,1.0,0.3762249680443119,0.9735391400220507,0.3821900298253089,0.9889746416758545,0.38645078824030676,1.0,0.38645078824030676,1.0,0.3557733276523221,0.9206174200661521,0.30634853003834683,0.7927232635060639,0.38645078824030676,1.0,0.31103536429484446,0.804851157662624,0.170004260758415,0.43991179713340683,0.36216446527481894,0.9371554575523704,0.3851725607158074,0.9966923925027563,0.38645078824030676,1.0,0.37750319556881123,0.9768467475192943,0.38133787814230935,0.9867695700110254,0.38645078824030676,1.0,0.38645078824030676,1.0,0.34767788666382615,0.8996692392502756,0.38645078824030676,1.0,0.38645078824030676,1.0,0.2995313165743502,0.7750826901874311,0.2317852577758841,0.5997794928335171,0.37707711972731145,0.9757442116868799,0.3821900298253089,0.9889746416758545,0.38645078824030676,1.0,0.3762249680443119,0.9735391400220507,0.37920749893481037,0.9812568908489526,0.38645078824030676,1.0,0.38645078824030676,1.0,0.3762249680443119,0.9735391400220507,0.30805283340434597,0.7971334068357222,0.38645078824030676,1.0,0.33489561141883256,0.8665931642778391,0.18704729441840648,0.48401323042998895,0.36131231359181937,0.9349503858875413,0.3855986365573072,0.9977949283351709,0.38645078824030676,1.0,0.37750319556881123,0.9768467475192943,0.3783553472518108,0.9790518191841234,0.38645078824030676,1.0,0.38645078824030676,1.0,0.3664252236898168,0.948180815876516,0.38645078824030676,1.0,0.38645078824030676,1.0,0.30336599914784834,0.7850055126791621,0.1734128674904133,0.4487320837927233,0.37665104388581166,0.9746416758544653,0.3821900298253089,0.9889746416758545,0.38645078824030676,1.0,0.3762249680443119,0.9735391400220507,0.3821900298253089,0.9889746416758545,0.38645078824030676,1.0,0.38645078824030676,1.0,0.3689816787388155,0.9547960308710033,0.30634853003834683,0.7927232635060639,0.38645078824030676,1.0,0.3135918193438432,0.8114663726571113,0.17043033659991477,0.4410143329658214,0.36216446527481894,0.9371554575523704,0.3851725607158074,0.9966923925027563,0.38645078824030676,1.0,0.3804857264593098,0.9845644983461963,0.38091180230080957,0.9856670341786108,0.3847464848743076,0.9955898566703418,0.3855986365573072,0.9977949283351709,0.17895185342991052,0.46306504961411243,0.31614827439284193,0.8180815876515987,0.3246697912228377,0.8401323042998897,0.30890498508734554,0.7993384785005513,0.1376224968044312,0.35611907386990077,0.377929271410311,0.9779492833517089,0.3826161056668087,0.9900771775082691,0.345973583297827,0.8952590959206174,0.38176395398380913,0.9878721058434399,0.3821900298253089,0.9889746416758545,0.38091180230080957,0.9856670341786108,0.38432040903280784,0.9944873208379272,0.2709842351938645,0.701212789415656,0.35236472092032384,0.9117971334068358,0.35236472092032384,0.9117971334068358,0.30549637835534726,0.7905181918412348,0.1376224968044312,0.35611907386990077,0.3783553472518108,0.9790518191841234,0.3830421815083085,0.9911797133406836,0.36003408606731996,0.9316427783902976
30,0.3673805601317957,0.9834619625137817,0.3673805601317957,0.9834619625137817,0.37355848434925865,1.0,0.37355848434925865,1.0,0.34514003294892914,0.9239250275633958,0.37355848434925865,1.0,0.37355848434925865,1.0,0.2957166392092257,0.7916207276736494,0.17668863261943987,0.4729878721058434,0.3673805601317957,0.9834619625137817,0.37067545304777594,0.9922822491730982,0.37355848434925865,1.0,0.3653212520593081,0.9779492833517089,0.37108731466227346,0.9933847850055126,0.37355848434925865,1.0,0.37355848434925865,1.0,0.34514003294892914,0.9239250275633958,0.29983525535420097,0.802646085997795,0.37355848434925865,1.0,0.30642504118616143,0.8202866593164277,0.1672158154859967,0.4476295479603087,0.35337726523887975,0.9459757442116868,0.3727347611202636,0.9977949283351709,0.37355848434925865,1.0,0.3673805601317957,0.9834619625137817,0.3702635914332784,0.9911797133406836,0.37355848434925865,1.0,0.37355848434925865,1.0,0.3373146622734761,0.9029768467475193,0.37355848434925865,1.0,0.37355848434925865,1.0,0.2957166392092257,0.7916207276736494,0.22405271828665568,0.5997794928335171,0.3673805601317957,0.9834619625137817,0.37067545304777594,0.9922822491730982,0.37355848434925865,1.0,0.3653212520593081,0.9779492833517089,0.36902800658978585,0.9878721058434399,0.37355848434925865,1.0,0.37355848434925865,1.0,0.364497528830313,0.9757442116868799,0.29942339373970345,0.8015435501653804,0.37355848434925865,1.0,0.32742998352553543,0.87651598676957,0.18698517298187808,0.5005512679162073,0.3529654036243822,0.9448732083792724,0.3731466227347611,0.9988974641675854,0.37355848434925865,1.0,0.3673805601317957,0.9834619625137817,0.3673805601317957,0.9834619625137817,0.37355848434925865,1.0,0.37355848434925865,1.0,0.35667215815486,0.9547960308710033,0.37355848434925865,1.0,0.37355848434925865,1.0,0.29654036243822074,0.7938257993384785,0.17174629324546953,0.4597574421168688,0.3673805601317957,0.9834619625137817,0.37067545304777594,0.9922822491730982,0.37355848434925865,1.0,0.3653212520593081,0.9779492833517089,0.37108731466227346,0.9933847850055126,0.37355848434925865,1.0,0.37355848434925865,1.0,0.35831960461285006,0.9592061742006616,0.2990115321252059,0.8004410143329658,0.37355848434925865,1.0,0.30971993410214166,0.8291069459757442,0.1672158154859967,0.4476295479603087,0.35337726523887975,0.9459757442116868,0.3727347611202636,0.9977949283351709,0.37355848434925865,1.0,0.36861614497528833,0.9867695700110254,0.36902800658978585,0.9878721058434399,0.3727347611202636,0.9977949283351709,0.3727347611202636,0.9977949283351709,0.17751235584843492,0.47519294377067256,0.30930807248764414,0.8280044101433297,0.31960461285008235,0.8555678059536935,0.30189456342668863,0.8081587651598677,0.13591433278418452,0.3638368246968026,0.36655683690280066,0.9812568908489526,0.37067545304777594,0.9922822491730982,0.3364909390444811,0.9007717750826902,0.3698517298187809,0.9900771775082691,0.3702635914332784,0.9911797133406836,0.36861614497528833,0.9867695700110254,0.37191103789126856,0.9955898566703418,0.26482701812191106,0.7089305402425579,0.3447281713344316,0.9228224917309813,0.34225700164744643,0.9162072767364939,0.3027182866556837,0.8103638368246968,0.13550247116968697,0.3627342888643881,0.36655683690280066,0.9812568908489526,0.371499176276771,0.9944873208379272,0.35049423393739704,0.938257993384785
31,0.35751295336787564,0.9889746416758545,0.35751295336787564,0.9889746416758545,0.3614986050219211,1.0,0.3614986050219211,1.0,0.3387803905938621,0.9371554575523704,0.3614986050219211,1.0,0.3614986050219211,1.0,0.28935831008369867,0.8004410143329658,0.1725787166201674,0.47739801543550164,0.35671582303706656,0.9867695700110254,0.3599043443603029,0.9955898566703418,0.3614986050219211,1.0,0.35472299721004386,0.9812568908489526,0.3603029095257074,0.9966923925027563,0.3614986050219211,1.0,0.3614986050219211,1.0,0.3343961737744121,0.9250275633958104,0.29453965723395775,0.814773980154355,0.3614986050219211,1.0,0.301315265045835,0.8335170893054025,0.1662016739736947,0.4597574421168688,0.3471502590673575,0.960308710033076,0.36110003985651656,0.9988974641675854,0.3614986050219211,1.0,0.35751295336787564,0.9889746416758545,0.3591072140294938,0.9933847850055126,0.3614986050219211,1.0,0.3614986050219211,1.0,0.33080908728577124,0.9151047409040793,0.3614986050219211,1.0,0.3614986050219211,1.0,0.28935831008369867,0.8004410143329658,0.21960940613790356,0.607497243660419,0.35671582303706656,0.9867695700110254,0.3599043443603029,0.9955898566703418,0.3614986050219211,1.0,0.35472299721004386,0.9812568908489526,0.3579115185332802,0.9900771775082691,0.3614986050219211,1.0,0.3614986050219211,1.0,0.3539258668792348,0.9790518191841234,0.29374252690314867,0.8125689084895259,0.3614986050219211,1.0,0.32363491430848945,0.8952590959206174,0.18652849740932642,0.515986769570011,0.3451574332403348,0.9547960308710033,0.36110003985651656,0.9988974641675854,0.3614986050219211,1.0,0.35751295336787564,0.9889746416758545,0.35751295336787564,0.9889746416758545,0.3614986050219211,1.0,0.3614986050219211,1.0,0.34555599840573936,0.9558985667034179,0.3614986050219211,1.0,0.3614986050219211,1.0,0.2905540055799123,0.8037486218302095,0.1681944998007174,0.4652701212789416,0.35671582303706656,0.9867695700110254,0.3599043443603029,0.9955898566703418,0.3614986050219211,1.0,0.35472299721004386,0.9812568908489526,0.3603029095257074,0.9966923925027563,0.3614986050219211,1.0,0.3614986050219211,1.0,0.34914308489438023,0.9658213891951488,0.2929453965723396,0.8103638368246968,0.3614986050219211,1.0,0.30290952570745316,0.8379272326350606,0.1646074133120765,0.4553472987872106,0.346751693901953,0.9592061742006616,0.36110003985651656,0.9988974641675854,0.3614986050219211,1.0,0.35751295336787564,0.9889746416758545,0.35751295336787564,0.9889746416758545,0.3614986050219211,1.0,0.360701474691112,0.9977949283351709,0.17656436827421285,0.4884233737596472,0.3045037863690713,0.8423373759647188,0.3136707851733758,0.8676957001102535,0.2993224392188123,0.8280044101433297,0.13591072140294938,0.37596471885336274,0.3559186927062575,0.9845644983461963,0.3603029095257074,0.9966923925027563,0.3272220007971303,0.9051819184123484,0.35950577919489834,0.9944873208379272,0.3591072140294938,0.9933847850055126,0.35751295336787564,0.9889746416758545,0.3603029095257074,0.9966923925027563,0.2586687923475488,0.7155457552370452,0.33599043443603027,0.9294377067254685,0.3332004782781985,0.9217199558985667,0.29892387405340776,0.8269018743109151,0.13551215623754484,0.3748621830209482,0.35552012754085294,0.9834619625137817,0.360701474691112,0.9977949283351709,0.34196891191709844,0.9459757442116868
32,0.3474903474903475,0.9922822491730982,0.3474903474903475,0.9922822491730982,0.3501930501930502,1.0,0.3501930501930502,1.0,0.33204633204633205,0.948180815876516,0.3501930501930502,1.0,0.3501930501930502,1.0,0.2833976833976834,0.8092613009922822,0.1691119691119691,0.4829106945975744,0.3478764478764479,0.9933847850055126,0.3501930501930502,1.0,0.3501930501930502,1.0,0.34517374517374516,0.9856670341786108,0.3498069498069498,0.9988974641675854,0.3501930501930502,1.0,0.3501930501930502,1.0,0.32432432432432434,0.9261300992282249,0.28957528957528955,0.8269018743109151,0.3501930501930502,1.0,0.2945945945945946,0.8412348401323043,0.16216216216216217,0.46306504961411243,0.3393822393822394,0.9691289966923925,0.3501930501930502,1.0,0.3501930501930502,1.0,0.3474903474903475,0.9922822491730982,0.34942084942084944,0.9977949283351709,0.3501930501930502,1.0,0.3501930501930502,1.0,0.32355212355212354,0.9239250275633958,0.3501930501930502,1.0,0.3501930501930502,1.0,0.2833976833976834,0.8092613009922822,0.21583011583011583,0.6163175303197354,0.3478764478764479,0.9933847850055126,0.3501930501930502,1.0,0.3501930501930502,1.0,0.34517374517374516,0.9856670341786108,0.3478764478764479,0.9933847850055126,0.3501930501930502,1.0,0.3501930501930502,1.0,0.3447876447876448,0.9845644983461963,0.28841698841698843,0.8235942668136714,0.3501930501930502,1.0,0.31776061776061776,0.9073869900771775,0.18455598455598454,0.5270121278941565,0.33745173745173745,0.9636163175303197,0.3498069498069498,0.9988974641675854,0.3501930501930502,1.0,0.3474903474903475,0.9922822491730982,0.3474903474903475,0.9922822491730982,0.3501930501930502,1.0,0.3501930501930502,1.0,0.3359073359073359,0.9592061742006616,0.3501930501930502,1.0,0.3501930501930502,1.0,0.2845559845559846,0.8125689084895259,0.16486486486486487,0.47078280044101434,0.3478764478764479,0.9933847850055126,0.3501930501930502,1.0,0.3501930501930502,1.0,0.34517374517374516,0.9856670341786108,0.3498069498069498,0.9988974641675854,0.3501930501930502,1.0,0.3501930501930502,1.0,0.33976833976833976,0.9702315325248071,0.2888030888030888,0.824696802646086,0.3501930501930502,1.0,0.2965250965250965,0.8467475192943771,0.16216216216216217,0.46306504961411243,0.338996138996139,0.9680264608599779,0.3501930501930502,1.0,0.3501930501930502,1.0,0.34633204633204634,0.9889746416758545,0.34633204633204634,0.9889746416758545,0.3501930501930502,1.0,0.34942084942084944,0.9977949283351709,0.1772200772200772,0.5060639470782801,0.29884169884169887,0.8533627342888643,0.3065637065637066,0.8754134509371555,0.29382239382239383,0.8390297684674752,0.13667953667953667,0.39029768467475195,0.34555984555984554,0.9867695700110254,0.3498069498069498,0.9988974641675854,0.31891891891891894,0.9106945975744212,0.34864864864864864,0.9955898566703418,0.34826254826254827,0.9944873208379272,0.3467181467181467,0.9900771775082691,0.3498069498069498,0.9988974641675854,0.2555984555984556,0.7298787210584344,0.32664092664092664,0.9327453142227122,0.3250965250965251,0.9283351708930541,0.29382239382239383,0.8390297684674752,0.1362934362934363,0.38919514884233736,0.34555984555984554,0.9867695700110254,0.3498069498069498,0.9988974641675854,0.3324324324324324,0.9492833517089305
33,0.33807562710595285,0.9955898566703418,0.33807562710595285,0.9955898566703418,0.3395731935604642,1.0,0.3395731935604642,1.0,0.3242231374017222,0.9547960308710033,0.3395731935604642,1.0,0.3395731935604642,1.0,0.2789217521527518,0.8213891951488423,0.1662298764507675,0.4895259095920617,0.33807562710595285,0.9955898566703418,0.3395731935604642,1.0,0.3395731935604642,1.0,0.33620366903781357,0.9900771775082691,0.3395731935604642,1.0,0.3395731935604642,1.0,0.3395731935604642,1.0,0.3148633470610258,0.9272326350606395,0.28566080119805315,0.8412348401323043,0.3395731935604642,1.0,0.2882815424934482,0.8489525909592062,0.1594908274054661,0.4696802646085998,0.33058779483339573,0.9735391400220507,0.3395731935604642,1.0,0.3395731935604642,1.0,0.33807562710595285,0.9955898566703418,0.33882441033320854,0.9977949283351709,0.3395731935604642,1.0,0.3395731935604642,1.0,0.31561213028828156,0.9294377067254685,0.3395731935604642,1.0,0.3395731935604642,1.0,0.2789217521527518,0.8213891951488423,0.21228004492699362,0.6251378169790518,0.33807562710595285,0.9955898566703418,0.3395731935604642,1.0,0.3395731935604642,1.0,0.33620366903781357,0.9900771775082691,0.33882441033320854,0.9977949283351709,0.3395731935604642,1.0,0.3395731935604642,1.0,0.3358292774241857,0.9889746416758545,0.2864095844253089,0.8434399117971334,0.3395731935604642,1.0,0.3107450393111194,0.9151047409040793,0.18382628229127668,0.5413450937155457,0.3290902283788843,0.9691289966923925,0.3395731935604642,1.0,0.3395731935604642,1.0,0.33807562710595285,0.9955898566703418,0.33807562710595285,0.9955898566703418,0.3395731935604642,1.0,0.3395731935604642,1.0,0.327218270310745,0.9636163175303197,0.3395731935604642,1.0,0.3395731935604642,1.0,0.28079371022089106,0.8269018743109151,0.16098839385997754,0.474090407938258,0.33807562710595285,0.9955898566703418,0.3395731935604642,1.0,0.3395731935604642,1.0,0.33620366903781357,0.9900771775082691,0.3395731935604642,1.0,0.3395731935604642,1.0,0.3395731935604642,1.0,0.3309621864470236,0.9746416758544653,0.2864095844253089,0.8434399117971334,0.3395731935604642,1.0,0.2901535005615874,0.8544652701212789,0.15836765256458255,0.4663726571113561,0.33058779483339573,0.9735391400220507,0.3395731935604642,1.0,0.3395731935604642,1.0,0.3358292774241857,0.9889746416758545,0.3365780606514414,0.9911797133406836,0.3395731935604642,1.0,0.33882441033320854,0.9977949283351709,0.177836016473231,0.523704520396913,0.2920254586297267,0.8599779492833517,0.2995132909022838,0.8820286659316428,0.29314863347061026,0.8632855567805954,0.1355297641332834,0.39911797133406834,0.33695245226506926,0.9922822491730982,0.3391988019468364,0.9988974641675854,0.31224260576563084,0.9195148842337376,0.3384500187195807,0.9966923925027563,0.3384500187195807,0.9966923925027563,0.3373268438786971,0.9933847850055126,0.3395731935604642,1.0,0.25271433919880193,0.7442116868798236,0.3193560464245601,0.9404630650496141,0.31636091351553725,0.9316427783902976,0.2927742418569824,0.8621830209481808,0.13665293897416697,0.402425578831312,0.33695245226506926,0.9922822491730982,0.3395731935604642,1.0,0.32459752901535005,0.9558985667034179
34,0.3288517441860465,0.9977949283351709,0.3288517441860465,0.9977949283351709,0.329578488372093,1.0,0.329578488372093,1.0,0.3172238372093023,0.9625137816979051,0.329578488372093,1.0,0.329578488372093,1.0,0.27398255813953487,0.8313120176405733,0.16242732558139536,0.4928335170893054,0.3288517441860465,0.9977949283351709,0.329578488372093,1.0,0.329578488372093,1.0,0.32630813953488375,0.9900771775082691,0.329578488372093,1.0,0.329578488372093,1.0,0.329578488372093,1.0,0.3059593023255814,0.9283351708930541,0.28306686046511625,0.8588754134509372,0.329578488372093,1.0,0.28343023255813954,0.8599779492833517,0.15770348837209303,0.4785005512679162,0.3230377906976744,0.980154355016538,0.329578488372093,1.0,0.329578488372093,1.0,0.3288517441860465,0.9977949283351709,0.329578488372093,1.0,0.329578488372093,1.0,0.329578488372093,1.0,0.3074127906976744,0.9327453142227122,0.329578488372093,1.0,0.329578488372093,1.0,0.27361918604651164,0.8302094818081588,0.20784883720930233,0.6306504961411246,0.3288517441860465,0.9977949283351709,0.329578488372093,1.0,0.329578488372093,1.0,0.32630813953488375,0.9900771775082691,0.329578488372093,1.0,0.329578488372093,1.0,0.329578488372093,1.0,0.326671511627907,0.9911797133406836,0.28379360465116277,0.8610804851157663,0.329578488372093,1.0,0.30450581395348836,0.9239250275633958,0.18531976744186046,0.5622932745314223,0.32194767441860467,0.9768467475192943,0.329578488372093,1.0,0.329578488372093,1.0,0.3288517441860465,0.9977949283351709,0.3288517441860465,0.9977949283351709,0.329578488372093,1.0,0.329578488372093,1.0,0.3190406976744186,0.9680264608599779,0.329578488372093,1.0,0.329578488372093,1.0,0.2754360465116279,0.8357221609702316,0.1595203488372093,0.48401323042998895,0.3288517441860465,0.9977949283351709,0.329578488372093,1.0,0.329578488372093,1.0,0.32630813953488375,0.9900771775082691,0.329578488372093,1.0,0.329578488372093,1.0,0.329578488372093,1.0,0.3215843023255814,0.9757442116868799,0.28306686046511625,0.8588754134509372,0.329578488372093,1.0,0.2852470930232558,0.8654906284454245,0.1555232558139535,0.4718853362734289,0.3230377906976744,0.980154355016538,0.329578488372093,1.0,0.329578488372093,1.0,0.326671511627907,0.9911797133406836,0.326671511627907,0.9911797133406836,0.329578488372093,1.0,0.3288517441860465,0.9977949283351709,0.1769622093023256,0.5369349503858876,0.2856104651162791,0.8665931642778391,0.2925145348837209,0.8875413450937155,0.2870639534883721,0.8710033076074972,0.1348110465116279,0.40904079382579933,0.32703488372093026,0.9922822491730982,0.329578488372093,1.0,0.30377906976744184,0.9217199558985667,0.3288517441860465,0.9977949283351709,0.3288517441860465,0.9977949283351709,0.32776162790697677,0.9944873208379272,0.329578488372093,1.0,0.24854651162790697,0.7541345093715546,0.31213662790697677,0.9470782800441014,0.3081395348837209,0.9349503858875413,0.2856104651162791,0.8665931642778391,0.13517441860465115,0.4101433296582139,0.32703488372093026,0.9922822491730982,0.329578488372093,1.0,0.3168604651162791,0.9614112458654906
35,0.3198023296858454,0.9988974641675854,0.3198023296858454,0.9988974641675854,0.3201553123896929,1.0,0.3201553123896929,1.0,0.31062477938581007,0.9702315325248071,0.3201553123896929,1.0,0.3201553123896929,1.0,0.2686198376279562,0.8390297684674752,0.15848923402753265,0.49503858875413453,0.3198023296858454,0.9988974641675854,0.3201553123896929,1.0,0.3201553123896929,1.0,0.31733145075891284,0.9911797133406836,0.3201553123896929,1.0,0.3201553123896929,1.0,0.3201553123896929,1.0,0.2975644193434522,0.9294377067254685,0.27815037063183906,0.8687982359426681,0.3201553123896929,1.0,0.27815037063183906,0.8687982359426681,0.15566537239675257,0.4862183020948181,0.31556653723967526,0.9856670341786108,0.3201553123896929,1.0,0.3201553123896929,1.0,0.3198023296858454,0.9988974641675854,0.3201553123896929,1.0,0.3201553123896929,1.0,0.3201553123896929,1.0,0.2993293328626897,0.9349503858875413,0.3201553123896929,1.0,0.3201553123896929,1.0,0.26826685492410873,0.8379272326350606,0.20402400282386163,0.6372657111356119,0.3198023296858454,0.9988974641675854,0.3201553123896929,1.0,0.3201553123896929,1.0,0.31733145075891284,0.9911797133406836,0.3201553123896929,1.0,0.3201553123896929,1.0,0.3201553123896929,1.0,0.3187433815743029,0.9955898566703418,0.27850335333568654,0.8699007717750827,0.3201553123896929,1.0,0.29791740204729966,0.9305402425578831,0.18355100600070595,0.5733186328555678,0.3145075891281327,0.9823594266813671,0.3201553123896929,1.0,0.3201553123896929,1.0,0.3198023296858454,0.9988974641675854,0.3198023296858454,0.9988974641675854,0.3201553123896929,1.0,0.3201553123896929,1.0,0.31062477938581007,0.9702315325248071,0.3201553123896929,1.0,0.3201553123896929,1.0,0.27214966466643137,0.8500551267916208,0.15601835510060008,0.48732083792723263,0.3198023296858454,0.9988974641675854,0.3201553123896929,1.0,0.3201553123896929,1.0,0.31733145075891284,0.9911797133406836,0.3201553123896929,1.0,0.3201553123896929,1.0,0.3201553123896929,1.0,0.31309565831274266,0.9779492833517089,0.2777973879279915,0.8676957001102535,0.3201553123896929,1.0,0.2788563360395341,0.8710033076074972,0.1542534415813625,0.48180815876515987,0.31556653723967526,0.9856670341786108,0.3201553123896929,1.0,0.3201553123896929,1.0,0.31733145075891284,0.9911797133406836,0.31839039887045534,0.9944873208379272,0.3201553123896929,1.0,0.3194493469819979,0.9977949283351709,0.1750794211083657,0.5468577728776185,0.2806212495587716,0.87651598676957,0.2866219555241793,0.8952590959206174,0.2802682668549241,0.8754134509371555,0.1351923755735969,0.422271223814774,0.3176844334627603,0.9922822491730982,0.3201553123896929,1.0,0.2965054712319096,0.9261300992282249,0.3194493469819979,0.9977949283351709,0.3198023296858454,0.9988974641675854,0.31839039887045534,0.9944873208379272,0.3201553123896929,1.0,0.24461701376632544,0.7640573318632855,0.30533003882809745,0.9536934950385888,0.3010942463819273,0.9404630650496141,0.2788563360395341,0.8710033076074972,0.13413342746205437,0.4189636163175303,0.3176844334627603,0.9922822491730982,0.3201553123896929,1.0,0.308506883162725,0.9636163175303197
36,0.3112560054907344,1.0,0.3112560054907344,1.0,0.3112560054907344,1.0,0.3112560054907344,1.0,0.3026767330130405,0.9724366041896362,0.3112560054907344,1.0,0.3112560054907344,1.0,0.26595744680851063,0.8544652701212789,0.1547700754975978,0.4972436604189636,0.3112560054907344,1.0,0.3112560054907344,1.0,0.3112560054907344,1.0,0.3095401509951956,0.9944873208379272,0.3112560054907344,1.0,0.3112560054907344,1.0,0.3112560054907344,1.0,0.2896362388469458,0.9305402425578831,0.27282086479066575,0.87651598676957,0.3112560054907344,1.0,0.2721345229924502,0.8743109151047409,0.1547700754975978,0.4972436604189636,0.30851063829787234,0.9911797133406836,0.3112560054907344,1.0,0.3112560054907344,1.0,0.3112560054907344,1.0,0.3112560054907344,1.0,0.3112560054907344,1.0,0.3112560054907344,1.0,0.2927247769389156,0.9404630650496141,0.3112560054907344,1.0,0.3112560054907344,1.0,0.26595744680851063,0.8544652701212789,0.19903912148249828,0.639470782800441,0.3112560054907344,1.0,0.3112560054907344,1.0,0.3112560054907344,1.0,0.3095401509951956,0.9944873208379272,0.3112560054907344,1.0,0.3112560054907344,1.0,0.3112560054907344,1.0,0.30988332189430334,0.9955898566703418,0.27453671928620454,0.8820286659316428,0.3112560054907344,1.0,0.29203843514070005,0.938257993384785,0.18222374742621825,0.5854465270121278,0.3064516129032258,0.9845644983461963,0.3112560054907344,1.0,0.3112560054907344,1.0,0.3112560054907344,1.0,0.3112560054907344,1.0,0.3112560054907344,1.0,0.3112560054907344,1.0,0.303363074811256,0.9746416758544653,0.3112560054907344,1.0,0.3112560054907344,1.0,0.2687028140013727,0.8632855567805954,0.15374056280027454,0.49393605292171994,0.3112560054907344,1.0,0.3112560054907344,1.0,0.3112560054907344,1.0,0.3095401509951956,0.9944873208379272,0.3112560054907344,1.0,0.3112560054907344,1.0,0.3112560054907344,1.0,0.3050789293067948,0.980154355016538,0.27453671928620454,0.8820286659316428,0.3112560054907344,1.0,0.273850377487989,0.8798235942668137,0.15305422100205904,0.49173098125689085,0.30851063829787234,0.9911797133406836,0.3112560054907344,1.0,0.3112560054907344,1.0,0.3095401509951956,0.9944873208379272,0.3095401509951956,0.9944873208379272,0.3112560054907344,1.0,0.3109128345916266,0.9988974641675854,0.17433081674673986,0.5600882028665931,0.27453671928620454,0.8820286659316428,0.28105696636925187,0.9029768467475193,0.2786547700754976,0.8952590959206174,0.1338366506520247,0.42998897464167585,0.3088538091969801,0.9922822491730982,0.3112560054907344,1.0,0.2899794097460535,0.9316427783902976,0.3109128345916266,0.9988974641675854,0.3109128345916266,0.9988974641675854,0.30988332189430334,0.9955898566703418,0.3112560054907344,1.0,0.24159231297185998,0.7761852260198456,0.29924502402196296,0.9614112458654906,0.29444063143445437,0.9459757442116868,0.2786547700754976,0.8952590959206174,0.13349347975291695,0.4288864388092613,0.3088538091969801,0.9922822491730982,0.3112560054907344,1.0,0.30199039121482496,0.9702315325248071
37,0.3028380634390651,1.0,0.3028380634390651,1.0,0.3028380634390651,1.0,0.3028380634390651,1.0,0.29549248747913187,0.9757442116868799,0.3028380634390651,1.0,0.3028380634390651,1.0,0.26076794657762936,0.8610804851157663,0.15125208681135224,0.4994487320837927,0.3028380634390651,1.0,0.3028380634390651,1.0,0.3028380634390651,1.0,0.3018363939899833,0.9966923925027563,0.3028380634390651,1.0,0.3028380634390651,1.0,0.3028380634390651,1.0,0.2828046744574291,0.9338478500551268,0.26944908180300503,0.8897464167585446,0.3028380634390651,1.0,0.2687813021702838,0.8875413450937155,0.15191986644407346,0.5016538037486218,0.3005008347245409,0.9922822491730982,0.3028380634390651,1.0,0.3028380634390651,1.0,0.3028380634390651,1.0,0.3028380634390651,1.0,0.3028380634390651,1.0,0.3028380634390651,1.0,0.28647746243739564,0.9459757442116868,0.3028380634390651,1.0,0.3028380634390651,1.0,0.26076794657762936,0.8610804851157663,0.19365609348914858,0.639470782800441,0.3028380634390651,1.0,0.3028380634390651,1.0,0.3028380634390651,1.0,0.3018363939899833,0.9966923925027563,0.3028380634390651,1.0,0.3028380634390651,1.0,0.3028380634390651,1.0,0.3021702838063439,0.9977949283351709,0.2724540901502504,0.8996692392502756,0.3028380634390651,1.0,0.28747913188647745,0.9492833517089305,0.18230383973288813,0.6019845644983461,0.2991652754590985,0.9878721058434399,0.3028380634390651,1.0,0.3028380634390651,1.0,0.3028380634390651,1.0,0.3028380634390651,1.0,0.3028380634390651,1.0,0.3028380634390651,1.0,0.2961602671118531,0.9779492833517089,0.3028380634390651,1.0,0.3028380634390651,1.0,0.2654424040066778,0.87651598676957,0.15058430717863105,0.4972436604189636,0.3028380634390651,1.0,0.3028380634390651,1.0,0.3028380634390651,1.0,0.3018363939899833,0.9966923925027563,0.3028380634390651,1.0,0.3028380634390651,1.0,0.3028380634390651,1.0,0.2974958263772955,0.9823594266813671,0.2701168614357262,0.8919514884233738,0.3028380634390651,1.0,0.2701168614357262,0.8919514884233738,0.15158597662771287,0.5005512679162073,0.3005008347245409,0.9922822491730982,0.3028380634390651,1.0,0.3028380634390651,1.0,0.30150250417362273,0.9955898566703418,0.30150250417362273,0.9955898566703418,0.3028380634390651,1.0,0.3025041736227045,0.9988974641675854,0.17395659432387311,0.5744211686879823,0.2701168614357262,0.8919514884233738,0.2767946577629382,0.9140022050716649,0.272787979966611,0.9007717750826902,0.132220367278798,0.43660418963616315,0.3008347245409015,0.9933847850055126,0.3028380634390651,1.0,0.2838063439065108,0.9371554575523704,0.3025041736227045,0.9988974641675854,0.3025041736227045,0.9988974641675854,0.3018363939899833,0.9966923925027563,0.3028380634390651,1.0,0.2387312186978297,0.7883131201764058,0.2921535893155259,0.9647188533627343,0.28747913188647745,0.9492833517089305,0.2724540901502504,0.8996692392502756,0.1332220367278798,0.43991179713340683,0.3008347245409015,0.9933847850055126,0.3028380634390651,1.0,0.2948247078464107,0.9735391400220507
38,0.29486345903771133,1.0,0.29486345903771133,1.0,0.29486345903771133,1.0,0.29486345903771133,1.0,0.2893368010403121,0.9812568908489526,0.29486345903771133,1.0,0.29486345903771133,1.0,0.2571521456436931,0.8721058434399118,0.14921976592977892,0.5060639470782801,0.29486345903771133,1.0,0.29486345903771133,1.0,0.29486345903771133,1.0,0.2942132639791938,0.9977949283351709,0.29486345903771133,1.0,0.29486345903771133,1.0,0.29486345903771133,1.0,0.276332899869961,0.9371554575523704,0.2659297789336801,0.9018743109151047,0.29486345903771133,1.0,0.2665799739921977,0.9040793825799338,0.1498699609882965,0.5082690187431091,0.293888166449935,0.9966923925027563,0.29486345903771133,1.0,0.29486345903771133,1.0,0.29486345903771133,1.0,0.29486345903771133,1.0,0.29486345903771133,1.0,0.29486345903771133,1.0,0.28023407022106633,0.9503858875413451,0.29486345903771133,1.0,0.29486345903771133,1.0,0.2571521456436931,0.8721058434399118,0.18953185955786736,0.6427783902976847,0.29486345903771133,1.0,0.29486345903771133,1.0,0.29486345903771133,1.0,0.2942132639791938,0.9977949283351709,0.29486345903771133,1.0,0.29486345903771133,1.0,0.29486345903771133,1.0,0.2942132639791938,0.9977949283351709,0.26788036410923277,0.9084895259095921,0.29486345903771133,1.0,0.28381014304291285,0.9625137816979051,0.18205461638491546,0.61742006615215,0.2922626788036411,0.9911797133406836,0.29486345903771133,1.0,0.29486345903771133,1.0,0.29486345903771133,1.0,0.29486345903771133,1.0,0.29486345903771133,1.0,0.29486345903771133,1.0,0.2890117035110533,0.980154355016538,0.29486345903771133,1.0,0.29486345903771133,1.0,0.26202860858257476,0.8886438809261301,0.14791937581274384,0.5016538037486218,0.29486345903771133,1.0,0.29486345903771133,1.0,0.29486345903771133,1.0,0.2942132639791938,0.9977949283351709,0.29486345903771133,1.0,0.29486345903771133,1.0,0.29486345903771133,1.0,0.2906371911573472,0.9856670341786108,0.26918075422626786,0.9128996692392503,0.29486345903771133,1.0,0.26788036410923277,0.9084895259095921,0.14921976592977892,0.5060639470782801,0.293888166449935,0.9966923925027563,0.29486345903771133,1.0,0.29486345903771133,1.0,0.293888166449935,0.9966923925027563,0.293888166449935,0.9966923925027563,0.29486345903771133,1.0,0.29486345903771133,1.0,0.17327698309492848,0.587651598676957,0.26560468140442134,0.9007717750826902,0.27080624187256175,0.918412348401323,0.2669050715214564,0.9051819184123484,0.1323146944083225,0.4487320837927233,0.29323797139141744,0.9944873208379272,0.29486345903771133,1.0,0.27828348504551365,0.9437706725468578,0.29453836150845253,0.9988974641675854,0.29486345903771133,1.0,0.293888166449935,0.9966923925027563,0.29486345903771133,1.0,0.23602080624187255,0.8004410143329658,0.28608582574772434,0.9702315325248071,0.2808842652795839,0.9525909592061742,0.2662548764629389,0.9029768467475193,0.13296488946684004,0.45093715545755236,0.29323797139141744,0.9944873208379272,0.29486345903771133,1.0,0.288036410923277,0.9768467475192943
39,0.2872980677858727,1.0,0.2872980677858727,1.0,0.2872980677858727,1.0,0.2872980677858727,1.0,0.28222996515679444,0.9823594266813671,0.2872980677858727,1.0,0.2872980677858727,1.0,0.2549889135254989,0.8875413450937155,0.14539119417168198,0.5060639470782801,0.2872980677858727,1.0,0.2872980677858727,1.0,0.2872980677858727,1.0,0.28698131137155525,0.9988974641675854,0.2872980677858727,1.0,0.2872980677858727,1.0,0.2872980677858727,1.0,0.2701932214127336,0.9404630650496141,0.2635413367120684,0.9173098125689085,0.2872980677858727,1.0,0.26259106746911626,0.9140022050716649,0.14729173265758633,0.5126791620727673,0.28666455495723786,0.9977949283351709,0.2872980677858727,1.0,0.2872980677858727,1.0,0.2872980677858727,1.0,0.2872980677858727,1.0,0.2872980677858727,1.0,0.2872980677858727,1.0,0.2743110547988597,0.9547960308710033,0.2872980677858727,1.0,0.2872980677858727,1.0,0.2549889135254989,0.8875413450937155,0.18498574596135572,0.6438809261300992,0.2872980677858727,1.0,0.2872980677858727,1.0,0.2872980677858727,1.0,0.28698131137155525,0.9988974641675854,0.2872980677858727,1.0,0.2872980677858727,1.0,0.2872980677858727,1.0,0.28666455495723786,0.9977949283351709,0.26322458029775103,0.9162072767364939,0.2872980677858727,1.0,0.28001267025657267,0.9746416758544653,0.17991764333227747,0.6262403528114664,0.2860310421286031,0.9955898566703418,0.2872980677858727,1.0,0.2872980677858727,1.0,0.2872980677858727,1.0,0.2872980677858727,1.0,0.2872980677858727,1.0,0.2872980677858727,1.0,0.28191320874247705,0.9812568908489526,0.2872980677858727,1.0,0.2872980677858727,1.0,0.2597402597402597,0.9040793825799338,0.1447576813430472,0.503858875413451,0.2872980677858727,1.0,0.2872980677858727,1.0,0.2872980677858727,1.0,0.28698131137155525,0.9988974641675854,0.2872980677858727,1.0,0.2872980677858727,1.0,0.2872980677858727,1.0,0.28413050364269876,0.9889746416758545,0.2667089008552423,0.9283351708930541,0.2872980677858727,1.0,0.2638580931263858,0.918412348401323,0.1479252454862211,0.5148842337375965,0.28666455495723786,0.9977949283351709,0.2872980677858727,1.0,0.2872980677858727,1.0,0.28666455495723786,0.9977949283351709,0.28666455495723786,0.9977949283351709,0.2872980677858727,1.0,0.2872980677858727,1.0,0.17389927146024706,0.6052921719955898,0.26069052898321193,0.9073869900771775,0.2660753880266075,0.9261300992282249,0.26069052898321193,0.9073869900771775,0.13272093759898637,0.4619625137816979,0.28666455495723786,0.9977949283351709,0.2872980677858727,1.0,0.2727272727272727,0.9492833517089305,0.2872980677858727,1.0,0.2872980677858727,1.0,0.2863477985429205,0.9966923925027563,0.2872980677858727,1.0,0.23218245169464682,0.8081587651598677,0.2790624010136205,0.9713340683572216,0.27526132404181186,0.958103638368247,0.2600570161545771,0.9051819184123484,0.1317706683560342,0.45865490628445427,0.28666455495723786,0.9977949283351709,0.2872980677858727,1.0,0.2809629394995249,0.9779492833517089
40,0.2801111797405806,1.0,0.2801111797405806,1.0,0.2801111797405806,1.0,0.2801111797405806,1.0,0.275787523162446,0.9845644983461963,0.2801111797405806,1.0,0.2801111797405806,1.0,0.2529339098208771,0.9029768467475193,0.14268066707844348,0.5093715545755237,0.2801111797405806,1.0,0.2801111797405806,1.0,0.2801111797405806,1.0,0.2801111797405806,1.0,0.2801111797405806,1.0,0.2801111797405806,1.0,0.2801111797405806,1.0,0.26405188387893763,0.9426681367144433,0.2603458925262508,0.9294377067254685,0.2801111797405806,1.0,0.2600370599135269,0.9283351708930541,0.14638665843113033,0.5226019845644984,0.2798023471278567,0.9988974641675854,0.2801111797405806,1.0,0.2801111797405806,1.0,0.2801111797405806,1.0,0.2801111797405806,1.0,0.2801111797405806,1.0,0.2801111797405806,1.0,0.2702285361334157,0.9647188533627343,0.2801111797405806,1.0,0.2801111797405806,1.0,0.2529339098208771,0.9029768467475193,0.18066707844348362,0.6449834619625138,0.2801111797405806,1.0,0.2801111797405806,1.0,0.2801111797405806,1.0,0.2801111797405806,1.0,0.2801111797405806,1.0,0.2801111797405806,1.0,0.2801111797405806,1.0,0.2798023471278567,0.9988974641675854,0.25911056207535516,0.9250275633958104,0.2801111797405806,1.0,0.27455219271155035,0.980154355016538,0.1781964175416924,0.6361631753031973,0.2794935145151328,0.9977949283351709,0.2801111797405806,1.0,0.2801111797405806,1.0,0.2801111797405806,1.0,0.2801111797405806,1.0,0.2801111797405806,1.0,0.2801111797405806,1.0,0.27486102532427426,0.9812568908489526,0.2801111797405806,1.0,0.2801111797405806,1.0,0.25633106856084004,0.9151047409040793,0.14175416924027176,0.5060639470782801,0.2801111797405806,1.0,0.2801111797405806,1.0,0.2801111797405806,1.0,0.2801111797405806,1.0,0.2801111797405806,1.0,0.2801111797405806,1.0,0.2801111797405806,1.0,0.2776405188387894,0.9911797133406836,0.262816553428042,0.938257993384785,0.2801111797405806,1.0,0.2618900555898703,0.9349503858875413,0.14638665843113033,0.5226019845644984,0.2798023471278567,0.9988974641675854,0.2801111797405806,1.0,0.2801111797405806,1.0,0.2794935145151328,0.9977949283351709,0.2794935145151328,0.9977949283351709,0.2801111797405806,1.0,0.2801111797405806,1.0,0.17356392835083384,0.619625137816979,0.25602223594811613,0.9140022050716649,0.26158122297714637,0.9338478500551268,0.25602223594811613,0.9140022050716649,0.13218035824583077,0.4718853362734289,0.2794935145151328,0.9977949283351709,0.2801111797405806,1.0,0.26744904261890057,0.9547960308710033,0.2801111797405806,1.0,0.2801111797405806,1.0,0.2794935145151328,0.9977949283351709,0.2801111797405806,1.0,0.2279184681902409,0.8136714443219405,0.2726991970352069,0.9735391400220507,0.26899320568252005,0.960308710033076,0.2557134033353922,0.9128996692392503,0.13156269302038295,0.4696802646085998,0.2794935145151328,0.9977949283351709,0.2801111797405806,1.0,0.27455219271155035,0.980154355016538
41,0.273275082856282,1.0,0.273275082856282,1.0,0.273275082856282,1.0,0.273275082856282,1.0,0.2705634227176861,0.9900771775082691,0.273275082856282,1.0,0.273275082856282,1.0,0.24887014160891835,0.9106945975744212,0.14040373606507983,0.5137816979051819,0.273275082856282,1.0,0.273275082856282,1.0,0.273275082856282,1.0,0.273275082856282,1.0,0.273275082856282,1.0,0.273275082856282,1.0,0.273275082856282,1.0,0.25760771316661646,0.9426681367144433,0.2567038264537511,0.9393605292171996,0.273275082856282,1.0,0.25851159987948175,0.9459757442116868,0.14552576077131665,0.5325248070562293,0.2729737872853269,0.9988974641675854,0.273275082856282,1.0,0.273275082856282,1.0,0.273275082856282,1.0,0.273275082856282,1.0,0.273275082856282,1.0,0.273275082856282,1.0,0.2642362157276288,0.9669239250275634,0.273275082856282,1.0,0.273275082856282,1.0,0.24887014160891835,0.9106945975744212,0.17686050015064778,0.6471885336273429,0.273275082856282,1.0,0.273275082856282,1.0,0.273275082856282,1.0,0.273275082856282,1.0,0.273275082856282,1.0,0.273275082856282,1.0,0.273275082856282,1.0,0.2729737872853269,0.9988974641675854,0.2561012353118409,0.9371554575523704,0.273275082856282,1.0,0.2687556492919554,0.9834619625137817,0.17686050015064778,0.6471885336273429,0.2726724917143718,0.9977949283351709,0.273275082856282,1.0,0.273275082856282,1.0,0.273275082856282,1.0,0.273275082856282,1.0,0.273275082856282,1.0,0.273275082856282,1.0,0.2687556492919554,0.9834619625137817,0.273275082856282,1.0,0.273275082856282,1.0,0.2524856884603796,0.9239250275633958,0.14010244049412474,0.5126791620727673,0.273275082856282,1.0,0.273275082856282,1.0,0.273275082856282,1.0,0.273275082856282,1.0,0.273275082856282,1.0,0.273275082856282,1.0,0.273275082856282,1.0,0.2720699005724616,0.9955898566703418,0.25790900873757155,0.9437706725468578,0.273275082856282,1.0,0.2588128954504369,0.9470782800441014,0.14612835191322687,0.5347298787210585,0.2729737872853269,0.9988974641675854,0.273275082856282,1.0,0.273275082856282,1.0,0.2726724917143718,0.9977949283351709,0.2726724917143718,0.9977949283351709,0.273275082856282,1.0,0.273275082856282,1.0,0.1726423621572763,0.6317530319735392,0.2515818017475143,0.9206174200661521,0.2567038264537511,0.9393605292171996,0.2509792106056041,0.918412348401323,0.1298583910816511,0.47519294377067256,0.2726724917143718,0.9977949283351709,0.273275082856282,1.0,0.2615245555890328,0.9570011025358324,0.273275082856282,1.0,0.273275082856282,1.0,0.2726724917143718,0.9977949283351709,0.273275082856282,1.0,0.22536908707442,0.824696802646086,0.26664658029526966,0.9757442116868799,0.26303103344380835,0.9625137816979051,0.2512805061765592,0.9195148842337376,0.13166616450738175,0.48180815876515987,0.2726724917143718,0.9977949283351709,0.273275082856282,1.0,0.26905694486291054,0.9845644983461963
42,0.26676470588235296,1.0,0.26676470588235296,1.0,0.26676470588235296,1.0,0.26676470588235296,1.0,0.2641176470588235,0.9900771775082691,0.26676470588235296,1.0,0.26676470588235296,1.0,0.24411764705882352,0.9151047409040793,0.1376470588235294,0.515986769570011,0.26676470588235296,1.0,0.26676470588235296,1.0,0.26676470588235296,1.0,0.26676470588235296,1.0,0.26676470588235296,1.0,0.26676470588235296,1.0,0.26676470588235296,1.0,0.2520588235294118,0.9448732083792724,0.2511764705882353,0.9415656008820287,0.26676470588235296,1.0,0.25470588235294117,0.9547960308710033,0.1461764705882353,0.5479603087100331,0.26676470588235296,1.0,0.26676470588235296,1.0,0.26676470588235296,1.0,0.26676470588235296,1.0,0.26676470588235296,1.0,0.26676470588235296,1.0,0.26676470588235296,1.0,0.25823529411764706,0.9680264608599779,0.26676470588235296,1.0,0.26676470588235296,1.0,0.24411764705882352,0.9151047409040793,0.17411764705882352,0.6527012127894156,0.26676470588235296,1.0,0.26676470588235296,1.0,0.26676470588235296,1.0,0.26676470588235296,1.0,0.26676470588235296,1.0,0.26676470588235296,1.0,0.26676470588235296,1.0,0.26676470588235296,1.0,0.25176470588235295,0.9437706725468578,0.26676470588235296,1.0,0.2626470588235294,0.9845644983461963,0.1761764705882353,0.6604189636163176,0.2664705882352941,0.9988974641675854,0.26676470588235296,1.0,0.26676470588235296,1.0,0.26676470588235296,1.0,0.26676470588235296,1.0,0.26676470588235296,1.0,0.26676470588235296,1.0,0.26294117647058823,0.9856670341786108,0.26676470588235296,1.0,0.26676470588235296,1.0,0.2485294117647059,0.9316427783902976,0.13705882352941176,0.5137816979051819,0.26676470588235296,1.0,0.26676470588235296,1.0,0.26676470588235296,1.0,0.26676470588235296,1.0,0.26676470588235296,1.0,0.26676470588235296,1.0,0.26676470588235296,1.0,0.2655882352941176,0.9955898566703418,0.25441176470588234,0.9536934950385888,0.26676470588235296,1.0,0.25470588235294117,0.9547960308710033,0.14647058823529413,0.5490628445424476,0.26676470588235296,1.0,0.26676470588235296,1.0,0.26676470588235296,1.0,0.2661764705882353,0.9977949283351709,0.2661764705882353,0.9977949283351709,0.26676470588235296,1.0,0.26676470588235296,1.0,0.1723529411764706,0.6460859977949284,0.2461764705882353,0.9228224917309813,0.2523529411764706,0.9459757442116868,0.24676470588235294,0.9250275633958104,0.13,0.48732083792723263,0.2661764705882353,0.9977949283351709,0.26676470588235296,1.0,0.25676470588235295,0.9625137816979051,0.26676470588235296,1.0,0.26676470588235296,1.0,0.2661764705882353,0.9977949283351709,0.26676470588235296,1.0,0.2211764705882353,0.8291069459757442,0.2605882352941176,0.9768467475192943,0.25823529411764706,0.9680264608599779,0.24705882352941178,0.9261300992282249,0.13,0.48732083792723263,0.2661764705882353,0.9977949283351709,0.26676470588235296,1.0,0.26294117647058823,0.9856670341786108
43,0.26055731111749497,1.0,0.26055731111749497,1.0,0.26055731111749497,1.0,0.26055731111749497,1.0,0.2579718471703534,0.9900771775082691,0.26055731111749497,1.0,0.26055731111749497,1.0,0.23958632576845734,0.9195148842337376,0.1350186727951738,0.5181918412348401,0.26055731111749497,1.0,0.26055731111749497,1.0,0.26055731111749497,1.0,0.26055731111749497,1.0,0.26055731111749497,1.0,0.26055731111749497,1.0,0.26055731111749497,1.0,0.24648089629416833,0.9459757442116868,0.2459063487503591,0.9437706725468578,0.26055731111749497,1.0,0.25021545532892847,0.960308710033076,0.14593507612754955,0.5600882028665931,0.26055731111749497,1.0,0.26055731111749497,1.0,0.26055731111749497,1.0,0.26055731111749497,1.0,0.26055731111749497,1.0,0.26055731111749497,1.0,0.26055731111749497,1.0,0.2542372881355932,0.9757442116868799,0.26055731111749497,1.0,0.26055731111749497,1.0,0.23958632576845734,0.9195148842337376,0.17064062051134732,0.6549062844542448,0.26055731111749497,1.0,0.26055731111749497,1.0,0.26055731111749497,1.0,0.26055731111749497,1.0,0.26055731111749497,1.0,0.26055731111749497,1.0,0.26055731111749497,1.0,0.26055731111749497,1.0,0.24791726515369147,0.9514884233737596,0.26055731111749497,1.0,0.2571100258546395,0.9867695700110254,0.17466245331801206,0.6703417861080485,0.26055731111749497,1.0,0.26055731111749497,1.0,0.26055731111749497,1.0,0.26055731111749497,1.0,0.26055731111749497,1.0,0.26055731111749497,1.0,0.26055731111749497,1.0,0.2571100258546395,0.9867695700110254,0.26055731111749497,1.0,0.26055731111749497,1.0,0.2447572536627406,0.9393605292171996,0.13444412525136454,0.515986769570011,0.26055731111749497,1.0,0.26055731111749497,1.0,0.26055731111749497,1.0,0.26055731111749497,1.0,0.26055731111749497,1.0,0.26055731111749497,1.0,0.26055731111749497,1.0,0.25940821602987646,0.9955898566703418,0.25107727664464236,0.9636163175303197,0.26055731111749497,1.0,0.24964090778511921,0.958103638368247,0.1453605285837403,0.557883131201764,0.26055731111749497,1.0,0.26055731111749497,1.0,0.26055731111749497,1.0,0.2599827635736857,0.9977949283351709,0.26027003734559034,0.9988974641675854,0.26055731111749497,1.0,0.26055731111749497,1.0,0.17064062051134732,0.6549062844542448,0.2415972421717897,0.9272326350606395,0.24734271760988222,0.9492833517089305,0.24303361103131285,0.9327453142227122,0.12841137604136743,0.4928335170893054,0.2599827635736857,0.9977949283351709,0.26055731111749497,1.0,0.2516518241884516,0.9658213891951488,0.26055731111749497,1.0,0.26055731111749497,1.0,0.2599827635736857,0.9977949283351709,0.26055731111749497,1.0,0.2174662453318012,0.834619625137817,0.2553863832232117,0.980154355016538,0.2533754668198793,0.9724366041896362,0.24303361103131285,0.9327453142227122,0.12869864981327206,0.49393605292171994,0.2599827635736857,0.9977949283351709,0.26055731111749497,1.0,0.2573972996265441,0.9878721058434399
44,0.25463222908478383,1.0,0.25463222908478383,1.0,0.25463222908478383,1.0,0.25463222908478383,1.0,0.25266704098820886,0.9922822491730982,0.25463222908478383,1.0,0.25463222908478383,1.0,0.2369455362156092,0.9305402425578831,0.13194834362717575,0.5181918412348401,0.25463222908478383,1.0,0.25463222908478383,1.0,0.25463222908478383,1.0,0.25463222908478383,1.0,0.25463222908478383,1.0,0.25463222908478383,1.0,0.25463222908478383,1.0,0.2411566535654127,0.9470782800441014,0.24368332397529477,0.9570011025358324,0.25463222908478383,1.0,0.24564851207186975,0.9647188533627343,0.14570466030320045,0.5722160970231532,0.25463222908478383,1.0,0.25463222908478383,1.0,0.25463222908478383,1.0,0.25463222908478383,1.0,0.25463222908478383,1.0,0.25463222908478383,1.0,0.25463222908478383,1.0,0.2492981471083661,0.9790518191841234,0.25463222908478383,1.0,0.25463222908478383,1.0,0.23666479505895563,0.9294377067254685,0.16704098820887142,0.6560088202866593,0.25463222908478383,1.0,0.25463222908478383,1.0,0.25463222908478383,1.0,0.25463222908478383,1.0,0.25463222908478383,1.0,0.25463222908478383,1.0,0.25463222908478383,1.0,0.25463222908478383,1.0,0.24340258281864122,0.9558985667034179,0.25463222908478383,1.0,0.2515440763615946,0.9878721058434399,0.17237507018528916,0.6769570011025359,0.25463222908478383,1.0,0.25463222908478383,1.0,0.25463222908478383,1.0,0.25463222908478383,1.0,0.25463222908478383,1.0,0.25463222908478383,1.0,0.25463222908478383,1.0,0.2515440763615946,0.9878721058434399,0.25463222908478383,1.0,0.25463222908478383,1.0,0.2411566535654127,0.9470782800441014,0.13194834362717575,0.5181918412348401,0.25463222908478383,1.0,0.25463222908478383,1.0,0.25463222908478383,1.0,0.25463222908478383,1.0,0.25463222908478383,1.0,0.25463222908478383,1.0,0.25463222908478383,1.0,0.2537900056148231,0.9966923925027563,0.24733295901179111,0.9713340683572216,0.25463222908478383,1.0,0.2450870297585626,0.9625137816979051,0.14542391914654687,0.5711135611907387,0.25463222908478383,1.0,0.25463222908478383,1.0,0.25463222908478383,1.0,0.2543514879281303,0.9988974641675854,0.2543514879281303,0.9988974641675854,0.25463222908478383,1.0,0.25463222908478383,1.0,0.16900617630544637,0.6637265711135611,0.2377877596855699,0.9338478500551268,0.24284110050533408,0.9536934950385888,0.2377877596855699,0.9338478500551268,0.1282987085906794,0.503858875413451,0.2540707467714767,0.9977949283351709,0.25463222908478383,1.0,0.24649073554183043,0.9680264608599779,0.25463222908478383,1.0,0.25463222908478383,1.0,0.2540707467714767,0.9977949283351709,0.25463222908478383,1.0,0.21308253790005616,0.836824696802646,0.2501403705783268,0.9823594266813671,0.24817518248175183,0.9746416758544653,0.2377877596855699,0.9338478500551268,0.12886019090398654,0.5060639470782801,0.2540707467714767,0.9977949283351709,0.25463222908478383,1.0,0.25210555867490175,0.9900771775082691
45,0.2489706286027999,1.0,0.2489706286027999,1.0,0.2489706286027999,1.0,0.2489706286027999,1.0,0.24759813340653308,0.9944873208379272,0.2489706286027999,1.0,0.2489706286027999,1.0,0.23469667856162504,0.9426681367144433,0.13779851770518803,0.5534729878721059,0.2489706286027999,1.0,0.2489706286027999,1.0,0.2489706286027999,1.0,0.2489706286027999,1.0,0.2489706286027999,1.0,0.2489706286027999,1.0,0.2489706286027999,1.0,0.23661817183639858,0.9503858875413451,0.2393631622289322,0.9614112458654906,0.2489706286027999,1.0,0.24101015646445237,0.9680264608599779,0.14795498215756245,0.5942668136714443,0.2489706286027999,1.0,0.2489706286027999,1.0,0.2489706286027999,1.0,0.2489706286027999,1.0,0.2489706286027999,1.0,0.2489706286027999,1.0,0.2489706286027999,1.0,0.24402964589623935,0.980154355016538,0.2489706286027999,1.0,0.2489706286027999,1.0,0.23469667856162504,0.9426681367144433,0.16415042547351083,0.659316427783903,0.2489706286027999,1.0,0.2489706286027999,1.0,0.2489706286027999,1.0,0.2489706286027999,1.0,0.2489706286027999,1.0,0.2489706286027999,1.0,0.2489706286027999,1.0,0.2489706286027999,1.0,0.24046115838594564,0.9658213891951488,0.2489706286027999,1.0,0.2459511391710129,0.9878721058434399,0.17156189953335163,0.6890848952590959,0.2489706286027999,1.0,0.2489706286027999,1.0,0.2489706286027999,1.0,0.2489706286027999,1.0,0.2489706286027999,1.0,0.2489706286027999,1.0,0.2489706286027999,1.0,0.2459511391710129,0.9878721058434399,0.2489706286027999,1.0,0.2489706286027999,1.0,0.23634367279714522,0.9492833517089305,0.13615152346966786,0.5468577728776185,0.2489706286027999,1.0,0.2489706286027999,1.0,0.2489706286027999,1.0,0.2489706286027999,1.0,0.2489706286027999,1.0,0.2489706286027999,1.0,0.2489706286027999,1.0,0.2481471314850398,0.9966923925027563,0.2429316497392259,0.9757442116868799,0.2489706286027999,1.0,0.240735657425199,0.9669239250275634,0.14713148503980236,0.5909592061742006,0.2489706286027999,1.0,0.2489706286027999,1.0,0.2489706286027999,1.0,0.24869612956354653,0.9988974641675854,0.24869612956354653,0.9988974641675854,0.2489706286027999,1.0,0.2489706286027999,1.0,0.16662091682679112,0.6692392502756339,0.23414768048311832,0.9404630650496141,0.2385396651111721,0.958103638368247,0.23277518528685148,0.9349503858875413,0.12791655229206697,0.5137816979051819,0.24842163052429317,0.9977949283351709,0.2489706286027999,1.0,0.24128465550370573,0.9691289966923925,0.2489706286027999,1.0,0.2489706286027999,1.0,0.24842163052429317,0.9977949283351709,0.2489706286027999,1.0,0.21136426022508922,0.8489525909592062,0.2454021410925062,0.9856670341786108,0.24320614877847926,0.9768467475192943,0.23250068624759812,0.9338478500551268,0.12791655229206697,0.5137816979051819,0.24842163052429317,0.9977949283351709,0.2489706286027999,1.0,0.246774636288773,0.9911797133406836
46,0.24355531686358753,1.0,0.24355531686358753,1.0,0.24355531686358753,1.0,0.24355531686358753,1.0,0.24274973147153597,0.9966923925027563,0.24355531686358753,1.0,0.24355531686358753,1.0,0.23012889366272826,0.9448732083792724,0.13560687432867885,0.5567805953693495,0.24355531686358753,1.0,0.24355531686358753,1.0,0.24355531686358753,1.0,0.24355531686358753,1.0,0.24355531686358753,1.0,0.24355531686358753,1.0,0.24355531686358753,1.0,0.23147153598281417,0.9503858875413451,0.23603651987110633,0.9691289966923925,0.24355531686358753,1.0,0.23630504833512353,0.9702315325248071,0.1476906552094522,0.6063947078280044,0.24355531686358753,1.0,0.24355531686358753,1.0,0.24355531686358753,1.0,0.24355531686358753,1.0,0.24355531686358753,1.0,0.24355531686358753,1.0,0.24355531686358753,1.0,0.2387218045112782,0.980154355016538,0.24355531686358753,1.0,0.24355531686358753,1.0,0.23012889366272826,0.9448732083792724,0.1608485499462943,0.6604189636163176,0.24355531686358753,1.0,0.24355531686358753,1.0,0.24355531686358753,1.0,0.24355531686358753,1.0,0.24355531686358753,1.0,0.24355531686358753,1.0,0.24355531686358753,1.0,0.24355531686358753,1.0,0.23630504833512353,0.9702315325248071,0.24355531686358753,1.0,0.24060150375939848,0.9878721058434399,0.16917293233082706,0.6945975744211687,0.24355531686358753,1.0,0.24355531686358753,1.0,0.24355531686358753,1.0,0.24355531686358753,1.0,0.24355531686358753,1.0,0.24355531686358753,1.0,0.24355531686358753,1.0,0.2408700322234157,0.9889746416758545,0.24355531686358753,1.0,0.24355531686358753,1.0,0.23174006444683137,0.9514884233737596,0.13560687432867885,0.5567805953693495,0.24355531686358753,1.0,0.24355531686358753,1.0,0.24355531686358753,1.0,0.24355531686358753,1.0,0.24355531686358753,1.0,0.24355531686358753,1.0,0.24355531686358753,1.0,0.24274973147153597,0.9966923925027563,0.2387218045112782,0.980154355016538,0.24355531686358753,1.0,0.23630504833512353,0.9702315325248071,0.14795918367346939,0.607497243660419,0.24355531686358753,1.0,0.24355531686358753,1.0,0.24355531686358753,1.0,0.24355531686358753,1.0,0.24328678839957035,0.9988974641675854,0.24355531686358753,1.0,0.24355531686358753,1.0,0.16541353383458646,0.679162072767365,0.23012889366272826,0.9448732083792724,0.23523093447905477,0.9658213891951488,0.22878625134264233,0.9393605292171996,0.1272824919441461,0.5226019845644984,0.24301825993555318,0.9977949283351709,0.24355531686358753,1.0,0.23711063372717509,0.9735391400220507,0.24355531686358753,1.0,0.24355531686358753,1.0,0.24301825993555318,0.9977949283351709,0.24355531686358753,1.0,0.20864661654135339,0.856670341786108,0.24060150375939848,0.9878721058434399,0.23818474758324382,0.9779492833517089,0.22878625134264233,0.9393605292171996,0.12835660580021482,0.5270121278941565,0.24328678839957035,0.9988974641675854,0.24355531686358753,1.0,0.24167561761546724,0.9922822491730982
47,0.2383705650459921,1.0,0.2383705650459921,1.0,0.2383705650459921,1.0,0.2383705650459921,1.0,0.23758212877792378,0.9966923925027563,0.2383705650459921,1.0,0.2383705650459921,1.0,0.22575558475689883,0.9470782800441014,0.13298291721419186,0.557883131201764,0.2383705650459921,1.0,0.2383705650459921,1.0,0.2383705650459921,1.0,0.2383705650459921,1.0,0.2383705650459921,1.0,0.2383705650459921,1.0,0.2383705650459921,1.0,0.22654402102496715,0.9503858875413451,0.2328515111695138,0.9768467475192943,0.2383705650459921,1.0,0.23206307490144545,0.9735391400220507,0.14743758212877792,0.6185226019845645,0.2383705650459921,1.0,0.2383705650459921,1.0,0.2383705650459921,1.0,0.2383705650459921,1.0,0.2383705650459921,1.0,0.2383705650459921,1.0,0.2383705650459921,1.0,0.23416557161629434,0.9823594266813671,0.2383705650459921,1.0,0.2383705650459921,1.0,0.22575558475689883,0.9470782800441014,0.15768725361366623,0.6615214994487321,0.2383705650459921,1.0,0.2383705650459921,1.0,0.2383705650459921,1.0,0.2383705650459921,1.0,0.2383705650459921,1.0,0.2383705650459921,1.0,0.2383705650459921,1.0,0.2383705650459921,1.0,0.23153745072273324,0.9713340683572216,0.2383705650459921,1.0,0.235742444152431,0.9889746416758545,0.16688567674113008,0.7001102535832414,0.2383705650459921,1.0,0.2383705650459921,1.0,0.2383705650459921,1.0,0.2383705650459921,1.0,0.2383705650459921,1.0,0.2383705650459921,1.0,0.2383705650459921,1.0,0.23626806833114322,0.9911797133406836,0.2383705650459921,1.0,0.2383705650459921,1.0,0.22706964520367937,0.9525909592061742,0.13298291721419186,0.557883131201764,0.2383705650459921,1.0,0.2383705650459921,1.0,0.2383705650459921,1.0,0.2383705650459921,1.0,0.2383705650459921,1.0,0.2383705650459921,1.0,0.2383705650459921,1.0,0.23758212877792378,0.9966923925027563,0.23469119579500658,0.9845644983461963,0.2383705650459921,1.0,0.23206307490144545,0.9735391400220507,0.14770039421813402,0.619625137816979,0.2383705650459921,1.0,0.2383705650459921,1.0,0.2383705650459921,1.0,0.2383705650459921,1.0,0.2383705650459921,1.0,0.2383705650459921,1.0,0.2383705650459921,1.0,0.16346911957950067,0.6857772877618522,0.2254927726675427,0.9459757442116868,0.23127463863337713,0.9702315325248071,0.22444152431011827,0.9415656008820287,0.12614980289093297,0.5292171995589857,0.2383705650459921,1.0,0.2383705650459921,1.0,0.2325886990801577,0.9757442116868799,0.2383705650459921,1.0,0.2383705650459921,1.0,0.238107752956636,0.9988974641675854,0.2383705650459921,1.0,0.20604467805519053,0.86438809261301,0.23626806833114322,0.9911797133406836,0.23416557161629434,0.9823594266813671,0.22444152431011827,0.9415656008820287,0.12720105124835743,0.5336273428886439,0.2383705650459921,1.0,0.2383705650459921,1.0,0.23758212877792378,0.9966923925027563
48,0.23340195573854863,1.0,0.23340195573854863,1.0,0.23340195573854863,1.0,0.23340195573854863,1.0,0.2326299536798765,0.9966923925027563,0.23340195573854863,1.0,0.23340195573854863,1.0,0.2215645908389089,0.9492833517089305,0.13381369016984046,0.5733186328555678,0.23340195573854863,1.0,0.23340195573854863,1.0,0.23340195573854863,1.0,0.23340195573854863,1.0,0.23340195573854863,1.0,0.23340195573854863,1.0,0.23340195573854863,1.0,0.22285126093669583,0.9547960308710033,0.22799794132784354,0.9768467475192943,0.23340195573854863,1.0,0.22748327328872878,0.9746416758544653,0.14590838908903758,0.6251378169790518,0.23340195573854863,1.0,0.23340195573854863,1.0,0.23340195573854863,1.0,0.23340195573854863,1.0,0.23340195573854863,1.0,0.23340195573854863,1.0,0.23340195573854863,1.0,0.22954194544518786,0.9834619625137817,0.23340195573854863,1.0,0.23340195573854863,1.0,0.2215645908389089,0.9492833517089305,0.15440041173443128,0.6615214994487321,0.23340195573854863,1.0,0.23340195573854863,1.0,0.23340195573854863,1.0,0.23340195573854863,1.0,0.23340195573854863,1.0,0.23340195573854863,1.0,0.23340195573854863,1.0,0.23340195573854863,1.0,0.2272259392691714,0.9735391400220507,0.23340195573854863,1.0,0.2308286155429748,0.9889746416758545,0.16546577457539888,0.7089305402425579,0.23340195573854863,1.0,0.23340195573854863,1.0,0.23340195573854863,1.0,0.23340195573854863,1.0,0.23340195573854863,1.0,0.23340195573854863,1.0,0.23340195573854863,1.0,0.23160061760164694,0.9922822491730982,0.23340195573854863,1.0,0.23340195573854863,1.0,0.22259392691713845,0.9536934950385888,0.13484302624806999,0.577728776185226,0.23340195573854863,1.0,0.23340195573854863,1.0,0.23340195573854863,1.0,0.23340195573854863,1.0,0.23340195573854863,1.0,0.23340195573854863,1.0,0.23340195573854863,1.0,0.2326299536798765,0.9966923925027563,0.23031394750386,0.9867695700110254,0.23340195573854863,1.0,0.2272259392691714,0.9735391400220507,0.14616572310859496,0.6262403528114664,0.23340195573854863,1.0,0.23340195573854863,1.0,0.23340195573854863,1.0,0.23340195573854863,1.0,0.23340195573854863,1.0,0.23340195573854863,1.0,0.23340195573854863,1.0,0.1631497683993824,0.6990077177508269,0.22104992279979413,0.9470782800441014,0.22774060730828616,0.9757442116868799,0.2233659289758106,0.9570011025358324,0.12532166752444673,0.5369349503858876,0.23340195573854863,1.0,0.23340195573854863,1.0,0.22799794132784354,0.9768467475192943,0.23340195573854863,1.0,0.23340195573854863,1.0,0.23314462171899125,0.9988974641675854,0.23340195573854863,1.0,0.20277920741121977,0.8687982359426681,0.23134328358208955,0.9911797133406836,0.22928461142563047,0.9823594266813671,0.223623262995368,0.958103638368247,0.12609366958311888,0.5402425578831312,0.23340195573854863,1.0,0.23340195573854863,1.0,0.23340195573854863,1.0
49,0.22863624905470128,1.0,0.22863624905470128,1.0,0.22863624905470128,1.0,0.22863624905470128,1.0,0.22788001008318629,0.9966923925027563,0.22863624905470128,1.0,0.22863624905470128,1.0,0.21729266448197632,0.9503858875413451,0.1419208469876481,0.6207276736493936,0.22863624905470128,1.0,0.22863624905470128,1.0,0.22863624905470128,1.0,0.22863624905470128,1.0,0.22863624905470128,1.0,0.22863624905470128,1.0,0.22863624905470128,1.0,0.2188051424250063,0.9570011025358324,0.22384673556843962,0.9790518191841234,0.22863624905470128,1.0,0.22283841693975295,0.9746416758544653,0.14544996218805142,0.6361631753031973,0.22863624905470128,1.0,0.22863624905470128,1.0,0.22863624905470128,1.0,0.22863624905470128,1.0,0.22863624905470128,1.0,0.22863624905470128,1.0,0.22863624905470128,1.0,0.22535921351146962,0.9856670341786108,0.22863624905470128,1.0,0.22863624905470128,1.0,0.21729266448197632,0.9503858875413451,0.1517519536173431,0.6637265711135611,0.22863624905470128,1.0,0.22863624905470128,1.0,0.22863624905470128,1.0,0.22863624905470128,1.0,0.22863624905470128,1.0,0.22863624905470128,1.0,0.22863624905470128,1.0,0.22863624905470128,1.0,0.22283841693975295,0.9746416758544653,0.22863624905470128,1.0,0.22636753214015629,0.9900771775082691,0.16460801613309806,0.7199558985667034,0.22863624905470128,1.0,0.22863624905470128,1.0,0.22863624905470128,1.0,0.22863624905470128,1.0,0.22863624905470128,1.0,0.22863624905470128,1.0,0.22863624905470128,1.0,0.22712377111167129,0.9933847850055126,0.22863624905470128,1.0,0.22863624905470128,1.0,0.21830098311066298,0.9547960308710033,0.1434333249306781,0.6273428886438809,0.22863624905470128,1.0,0.22863624905470128,1.0,0.22863624905470128,1.0,0.22863624905470128,1.0,0.22863624905470128,1.0,0.22863624905470128,1.0,0.22863624905470128,1.0,0.22788001008318629,0.9966923925027563,0.22611545248298462,0.9889746416758545,0.22863624905470128,1.0,0.22283841693975295,0.9746416758544653,0.14519788253087976,0.6350606394707828,0.22863624905470128,1.0,0.22863624905470128,1.0,0.22863624905470128,1.0,0.22863624905470128,1.0,0.22863624905470128,1.0,0.22863624905470128,1.0,0.22863624905470128,1.0,0.16107890093269472,0.7045203969128997,0.21754474413914798,0.9514884233737596,0.22359465591126795,0.9779492833517089,0.2203176203680363,0.9636163175303197,0.12452735064280313,0.5446527012127894,0.22863624905470128,1.0,0.22863624905470128,1.0,0.22384673556843962,0.9790518191841234,0.22863624905470128,1.0,0.22863624905470128,1.0,0.22863624905470128,1.0,0.22863624905470128,1.0,0.201663725737333,0.8820286659316428,0.22661961179732795,0.9911797133406836,0.2248550541971263,0.9834619625137817,0.22082177968237962,0.9658213891951488,0.12603982858583312,0.5512679162072768,0.22863624905470128,1.0,0.22863624905470128,1.0,0.22863624905470128,1.0
50,0.2240612648221344,1.0,0.2240612648221344,1.0,0.2240612648221344,1.0,0.2240612648221344,1.0,0.22332015810276679,0.9966923925027563,0.2240612648221344,1.0,0.2240612648221344,1.0,0.21319169960474307,0.9514884233737596,0.14649209486166007,0.6538037486218302,0.2240612648221344,1.0,0.2240612648221344,1.0,0.2240612648221344,1.0,0.2240612648221344,1.0,0.2240612648221344,1.0,0.2240612648221344,1.0,0.2240612648221344,1.0,0.21442687747035574,0.9570011025358324,0.21961462450592886,0.980154355016538,0.2240612648221344,1.0,0.21887351778656128,0.9768467475192943,0.14624505928853754,0.6527012127894156,0.2240612648221344,1.0,0.2240612648221344,1.0,0.2240612648221344,1.0,0.2240612648221344,1.0,0.2240612648221344,1.0,0.2240612648221344,1.0,0.2240612648221344,1.0,0.22208498023715414,0.9911797133406836,0.2240612648221344,1.0,0.2240612648221344,1.0,0.21319169960474307,0.9514884233737596,0.14945652173913043,0.6670341786108048,0.2240612648221344,1.0,0.2240612648221344,1.0,0.2240612648221344,1.0,0.2240612648221344,1.0,0.2240612648221344,1.0,0.2240612648221344,1.0,0.2240612648221344,1.0,0.2240612648221344,1.0,0.21862648221343872,0.9757442116868799,0.2240612648221344,1.0,0.22183794466403162,0.9900771775082691,0.16230237154150198,0.7243660418963617,0.2240612648221344,1.0,0.2240612648221344,1.0,0.2240612648221344,1.0,0.2240612648221344,1.0,0.2240612648221344,1.0,0.2240612648221344,1.0,0.2240612648221344,1.0,0.22282608695652173,0.9944873208379272,0.2240612648221344,1.0,0.2240612648221344,1.0,0.2149209486166008,0.9592061742006616,0.14624505928853754,0.6527012127894156,0.2240612648221344,1.0,0.2240612648221344,1.0,0.2240612648221344,1.0,0.2240612648221344,1.0,0.2240612648221344,1.0,0.2240612648221344,1.0,0.2240612648221344,1.0,0.22332015810276679,0.9966923925027563,0.22208498023715414,0.9911797133406836,0.2240612648221344,1.0,0.21887351778656128,0.9768467475192943,0.14525691699604742,0.6482910694597575,0.2240612648221344,1.0,0.2240612648221344,1.0,0.2240612648221344,1.0,0.2240612648221344,1.0,0.2240612648221344,1.0,0.2240612648221344,1.0,0.2240612648221344,1.0,0.15958498023715414,0.7122381477398015,0.21417984189723321,0.9558985667034179,0.21936758893280633,0.9790518191841234,0.2183794466403162,0.9746416758544653,0.12376482213438735,0.5523704520396913,0.2240612648221344,1.0,0.2240612648221344,1.0,0.21936758893280633,0.9790518191841234,0.2240612648221344,1.0,0.2240612648221344,1.0,0.2240612648221344,1.0,0.2240612648221344,1.0,0.1983695652173913,0.8853362734288864,0.2225790513833992,0.9933847850055126,0.22109683794466403,0.9867695700110254,0.21862648221343872,0.9757442116868799,0.125,0.557883131201764,0.2240612648221344,1.0,0.2240612648221344,1.0,0.2240612648221344,1.0
51,0.21971899224806202,1.0,0.21971899224806202,1.0,0.21971899224806202,1.0,0.21971899224806202,1.0,0.2189922480620155,0.9966923925027563,0.21971899224806202,1.0,0.21971899224806202,1.0,0.20978682170542637,0.9547960308710033,0.1436531007751938,0.6538037486218302,0.21971899224806202,1.0,0.21971899224806202,1.0,0.21971899224806202,1.0,0.21971899224806202,1.0,0.21971899224806202,1.0,0.21971899224806202,1.0,0.21971899224806202,1.0,0.21075581395348839,0.9592061742006616,0.21608527131782945,0.9834619625137817,0.21971899224806202,1.0,0.21487403100775193,0.9779492833517089,0.14486434108527133,0.659316427783903,0.21971899224806202,1.0,0.21971899224806202,1.0,0.21971899224806202,1.0,0.21971899224806202,1.0,0.21971899224806202,1.0,0.21971899224806202,1.0,0.21971899224806202,1.0,0.2180232558139535,0.9922822491730982,0.21971899224806202,1.0,0.21971899224806202,1.0,0.20978682170542637,0.9547960308710033,0.14680232558139536,0.6681367144432194,0.21971899224806202,1.0,0.21971899224806202,1.0,0.21971899224806202,1.0,0.21971899224806202,1.0,0.21971899224806202,1.0,0.21971899224806202,1.0,0.21971899224806202,1.0,0.21971899224806202,1.0,0.21487403100775193,0.9779492833517089,0.21971899224806202,1.0,0.21778100775193798,0.9911797133406836,0.16012596899224807,0.7287761852260198,0.21971899224806202,1.0,0.21971899224806202,1.0,0.21971899224806202,1.0,0.21971899224806202,1.0,0.21971899224806202,1.0,0.21971899224806202,1.0,0.21971899224806202,1.0,0.2185077519379845,0.9944873208379272,0.21971899224806202,1.0,0.21971899224806202,1.0,0.21099806201550386,0.960308710033076,0.1436531007751938,0.6538037486218302,0.21971899224806202,1.0,0.21971899224806202,1.0,0.21971899224806202,1.0,0.21971899224806202,1.0,0.21971899224806202,1.0,0.21971899224806202,1.0,0.21971899224806202,1.0,0.2189922480620155,0.9966923925027563,0.2180232558139535,0.9922822491730982,0.21971899224806202,1.0,0.21487403100775193,0.9779492833517089,0.14486434108527133,0.659316427783903,0.21971899224806202,1.0,0.21971899224806202,1.0,0.21971899224806202,1.0,0.21971899224806202,1.0,0.21971899224806202,1.0,0.21971899224806202,1.0,0.21971899224806202,1.0,0.15746124031007752,0.7166482910694597,0.21075581395348839,0.9592061742006616,0.21560077519379844,0.9812568908489526,0.2180232558139535,0.9922822491730982,0.12330426356589147,0.5611907386990077,0.21971899224806202,1.0,0.21971899224806202,1.0,0.21584302325581395,0.9823594266813671,0.21971899224806202,1.0,0.21971899224806202,1.0,0.21971899224806202,1.0,0.21971899224806202,1.0,0.19573643410852712,0.8908489525909592,0.2185077519379845,0.9944873208379272,0.21705426356589147,0.9878721058434399,0.2180232558139535,0.9922822491730982,0.12451550387596899,0.5667034178610805,0.21971899224806202,1.0,0.21971899224806202,1.0,0.21971899224806202,1.0
52,0.21549061534806369,1.0,0.21549061534806369,1.0,0.21549061534806369,1.0,0.21549061534806369,1.0,0.21501544309812307,0.9977949283351709,0.21549061534806369,1.0,0.21549061534806369,1.0,0.2066999287241625,0.9592061742006616,0.14136374435732954,0.6560088202866593,0.21549061534806369,1.0,0.21549061534806369,1.0,0.21549061534806369,1.0,0.21549061534806369,1.0,0.21549061534806369,1.0,0.21549061534806369,1.0,0.21549061534806369,1.0,0.2066999287241625,0.9592061742006616,0.21240199572344975,0.9856670341786108,0.21549061534806369,1.0,0.21097647897362795,0.9790518191841234,0.14278926110715134,0.6626240352811467,0.21549061534806369,1.0,0.21549061534806369,1.0,0.21549061534806369,1.0,0.21549061534806369,1.0,0.21549061534806369,1.0,0.21549061534806369,1.0,0.21549061534806369,1.0,0.21406509859824185,0.9933847850055126,0.21549061534806369,1.0,0.21549061534806369,1.0,0.2066999287241625,0.9592061742006616,0.14468995010691377,0.6714443219404631,0.21549061534806369,1.0,0.21549061534806369,1.0,0.21549061534806369,1.0,0.21549061534806369,1.0,0.21549061534806369,1.0,0.21549061534806369,1.0,0.21549061534806369,1.0,0.21549061534806369,1.0,0.21121406509859825,0.980154355016538,0.21549061534806369,1.0,0.21406509859824185,0.9933847850055126,0.15870753148016156,0.7364939360529217,0.21549061534806369,1.0,0.21549061534806369,1.0,0.21549061534806369,1.0,0.21549061534806369,1.0,0.21549061534806369,1.0,0.21549061534806369,1.0,0.21549061534806369,1.0,0.21430268472321218,0.9944873208379272,0.21549061534806369,1.0,0.21549061534806369,1.0,0.20788785934901402,0.9647188533627343,0.14136374435732954,0.6560088202866593,0.21549061534806369,1.0,0.21549061534806369,1.0,0.21549061534806369,1.0,0.21549061534806369,1.0,0.21549061534806369,1.0,0.21549061534806369,1.0,0.21549061534806369,1.0,0.21477785697315277,0.9966923925027563,0.21430268472321218,0.9944873208379272,0.21549061534806369,1.0,0.21097647897362795,0.9790518191841234,0.14278926110715134,0.6626240352811467,0.21549061534806369,1.0,0.21549061534806369,1.0,0.21549061534806369,1.0,0.21549061534806369,1.0,0.21549061534806369,1.0,0.21549061534806369,1.0,0.21549061534806369,1.0,0.15633167023045855,0.7254685777287762,0.2074126870990734,0.9625137816979051,0.21216440959847946,0.9845644983461963,0.21406509859824185,0.9933847850055126,0.1235447849845569,0.5733186328555678,0.21549061534806369,1.0,0.21549061534806369,1.0,0.21263958184842005,0.9867695700110254,0.21549061534806369,1.0,0.21549061534806369,1.0,0.21549061534806369,1.0,0.21549061534806369,1.0,0.192919933475885,0.8952590959206174,0.21430268472321218,0.9944873208379272,0.21311475409836064,0.9889746416758545,0.21406509859824185,0.9933847850055126,0.1235447849845569,0.5733186328555678,0.21549061534806369,1.0,0.21549061534806369,1.0,0.21549061534806369,1.0
53,0.2114219114219114,1.0,0.2114219114219114,1.0,0.2114219114219114,1.0,0.2114219114219114,1.0,0.21095571095571095,0.9977949283351709,0.2114219114219114,1.0,0.2114219114219114,1.0,0.20303030303030303,0.960308710033076,0.1407925407925408,0.6659316427783903,0.2114219114219114,1.0,0.2114219114219114,1.0,0.2114219114219114,1.0,0.2114219114219114,1.0,0.2114219114219114,1.0,0.2114219114219114,1.0,0.2114219114219114,1.0,0.20396270396270397,0.9647188533627343,0.20955710955710954,0.9911797133406836,0.2114219114219114,1.0,0.206993006993007,0.9790518191841234,0.14055944055944056,0.6648291069459757,0.2114219114219114,1.0,0.2114219114219114,1.0,0.2114219114219114,1.0,0.2114219114219114,1.0,0.2114219114219114,1.0,0.2114219114219114,1.0,0.2114219114219114,1.0,0.21002331002331,0.9933847850055126,0.2114219114219114,1.0,0.2114219114219114,1.0,0.20303030303030303,0.960308710033076,0.14405594405594405,0.681367144432194,0.2114219114219114,1.0,0.2114219114219114,1.0,0.2114219114219114,1.0,0.2114219114219114,1.0,0.2114219114219114,1.0,0.2114219114219114,1.0,0.2114219114219114,1.0,0.2114219114219114,1.0,0.2076923076923077,0.9823594266813671,0.2114219114219114,1.0,0.21002331002331,0.9933847850055126,0.15687645687645688,0.7420066152149944,0.2114219114219114,1.0,0.2114219114219114,1.0,0.2114219114219114,1.0,0.2114219114219114,1.0,0.2114219114219114,1.0,0.2114219114219114,1.0,0.2114219114219114,1.0,0.21048951048951048,0.9955898566703418,0.2114219114219114,1.0,0.2114219114219114,1.0,0.20466200466200465,0.9680264608599779,0.1407925407925408,0.6659316427783903,0.2114219114219114,1.0,0.2114219114219114,1.0,0.2114219114219114,1.0,0.2114219114219114,1.0,0.2114219114219114,1.0,0.2114219114219114,1.0,0.2114219114219114,1.0,0.21072261072261073,0.9966923925027563,0.21025641025641026,0.9944873208379272,0.2114219114219114,1.0,0.206993006993007,0.9790518191841234,0.1407925407925408,0.6659316427783903,0.2114219114219114,1.0,0.2114219114219114,1.0,0.2114219114219114,1.0,0.2114219114219114,1.0,0.2114219114219114,1.0,0.2114219114219114,1.0,0.2114219114219114,1.0,0.15571095571095572,0.7364939360529217,0.2041958041958042,0.9658213891951488,0.2083916083916084,0.9856670341786108,0.21025641025641026,0.9944873208379272,0.12377622377622377,0.5854465270121278,0.2114219114219114,1.0,0.2114219114219114,1.0,0.20909090909090908,0.9889746416758545,0.2114219114219114,1.0,0.2114219114219114,1.0,0.2114219114219114,1.0,0.2114219114219114,1.0,0.19067599067599067,0.9018743109151047,0.21048951048951048,0.9955898566703418,0.20932400932400932,0.9900771775082691,0.21048951048951048,0.9955898566703418,0.12214452214452215,0.577728776185226,0.2114219114219114,1.0,0.2114219114219114,1.0,0.2114219114219114,1.0
54,0.2075040036604896,1.0,0.2075040036604896,1.0,0.2075040036604896,1.0,0.2075040036604896,1.0,0.20727522306108442,0.9988974641675854,0.2075040036604896,1.0,0.2075040036604896,1.0,0.2010981468771448,0.9691289966923925,0.14138641043239533,0.681367144432194,0.2075040036604896,1.0,0.2075040036604896,1.0,0.2075040036604896,1.0,0.2075040036604896,1.0,0.2075040036604896,1.0,0.2075040036604896,1.0,0.2075040036604896,1.0,0.2004118050789293,0.9658213891951488,0.20567375886524822,0.9911797133406836,0.2075040036604896,1.0,0.20315717227179136,0.9790518191841234,0.14253031342942118,0.6868798235942668,0.2075040036604896,1.0,0.2075040036604896,1.0,0.2075040036604896,1.0,0.2075040036604896,1.0,0.2075040036604896,1.0,0.2075040036604896,1.0,0.2075040036604896,1.0,0.20636010066346375,0.9944873208379272,0.2075040036604896,1.0,0.2075040036604896,1.0,0.2010981468771448,0.9691289966923925,0.14458933882406771,0.6968026460859978,0.2075040036604896,1.0,0.2075040036604896,1.0,0.2075040036604896,1.0,0.2075040036604896,1.0,0.2075040036604896,1.0,0.2075040036604896,1.0,0.2075040036604896,1.0,0.2075040036604896,1.0,0.20407229466941204,0.9834619625137817,0.2075040036604896,1.0,0.20613132006405857,0.9933847850055126,0.15602836879432624,0.7519294377067255,0.2075040036604896,1.0,0.2075040036604896,1.0,0.2075040036604896,1.0,0.2075040036604896,1.0,0.2075040036604896,1.0,0.2075040036604896,1.0,0.2075040036604896,1.0,0.2065888812628689,0.9955898566703418,0.2075040036604896,1.0,0.2075040036604896,1.0,0.20155570807595516,0.9713340683572216,0.142301532830016,0.6857772877618522,0.2075040036604896,1.0,0.2075040036604896,1.0,0.2075040036604896,1.0,0.2075040036604896,1.0,0.2075040036604896,1.0,0.2075040036604896,1.0,0.2075040036604896,1.0,0.20681766186227407,0.9966923925027563,0.2065888812628689,0.9955898566703418,0.2075040036604896,1.0,0.2033859528711965,0.980154355016538,0.14207275223061083,0.6846747519294377,0.2075040036604896,1.0,0.2075040036604896,1.0,0.2075040036604896,1.0,0.2075040036604896,1.0,0.2075040036604896,1.0,0.2075040036604896,1.0,0.2075040036604896,1.0,0.15511324639670557,0.7475192943770672,0.20178448867536034,0.9724366041896362,0.20452985586822237,0.9856670341786108,0.20681766186227407,0.9966923925027563,0.1230839624799817,0.5931642778390298,0.2075040036604896,1.0,0.2075040036604896,1.0,0.20567375886524822,0.9911797133406836,0.2075040036604896,1.0,0.2075040036604896,1.0,0.2075040036604896,1.0,0.2075040036604896,1.0,0.1880576527110501,0.906284454244763,0.2065888812628689,0.9955898566703418,0.2059025394646534,0.9922822491730982,0.20681766186227407,0.9966923925027563,0.12354152367879204,0.5953693495038589,0.2075040036604896,1.0,0.2075040036604896,1.0,0.2075040036604896,1.0
55,0.20372866127583109,1.0,0.20372866127583109,1.0,0.20372866127583109,1.0,0.20372866127583109,1.0,0.20350404312668463,0.9988974641675854,0.20372866127583109,1.0,0.20372866127583109,1.0,0.19788858939802337,0.9713340683572216,0.1417340521114106,0.6957001102535832,0.20372866127583109,1.0,0.20372866127583109,1.0,0.20372866127583109,1.0,0.20372866127583109,1.0,0.20372866127583109,1.0,0.20372866127583109,1.0,0.20372866127583109,1.0,0.197214734950584,0.9680264608599779,0.20238095238095238,0.9933847850055126,0.20372866127583109,1.0,0.20013477088948786,0.9823594266813671,0.14420485175202155,0.7078280044101434,0.20372866127583109,1.0,0.20372866127583109,1.0,0.20372866127583109,1.0,0.20372866127583109,1.0,0.20372866127583109,1.0,0.20372866127583109,1.0,0.20372866127583109,1.0,0.2028301886792453,0.9955898566703418,0.20372866127583109,1.0,0.20372866127583109,1.0,0.19788858939802337,0.9713340683572216,0.14420485175202155,0.7078280044101434,0.20372866127583109,1.0,0.20372866127583109,1.0,0.20372866127583109,1.0,0.20372866127583109,1.0,0.20372866127583109,1.0,0.20372866127583109,1.0,0.20372866127583109,1.0,0.20372866127583109,1.0,0.20058400718778077,0.9845644983461963,0.20372866127583109,1.0,0.20260557053009884,0.9944873208379272,0.1545372866127583,0.7585446527012127,0.20372866127583109,1.0,0.20372866127583109,1.0,0.20372866127583109,1.0,0.20372866127583109,1.0,0.20372866127583109,1.0,0.20372866127583109,1.0,0.20372866127583109,1.0,0.2028301886792453,0.9955898566703418,0.20372866127583109,1.0,0.20372866127583109,1.0,0.19878706199460916,0.9757442116868799,0.14353099730458221,0.7045203969128997,0.20372866127583109,1.0,0.20372866127583109,1.0,0.20372866127583109,1.0,0.20372866127583109,1.0,0.20372866127583109,1.0,0.20372866127583109,1.0,0.20372866127583109,1.0,0.20305480682839172,0.9966923925027563,0.2028301886792453,0.9955898566703418,0.20372866127583109,1.0,0.20035938903863432,0.9834619625137817,0.1430817610062893,0.7023153252480706,0.20372866127583109,1.0,0.20372866127583109,1.0,0.20372866127583109,1.0,0.20372866127583109,1.0,0.20372866127583109,1.0,0.20372866127583109,1.0,0.20372866127583109,1.0,0.15386343216531895,0.7552370452039692,0.19878706199460916,0.9757442116868799,0.20125786163522014,0.9878721058434399,0.20327942497753818,0.9977949283351709,0.12331536388140162,0.6052921719955898,0.20372866127583109,1.0,0.20372866127583109,1.0,0.20193171608265947,0.9911797133406836,0.20372866127583109,1.0,0.20372866127583109,1.0,0.20372866127583109,1.0,0.20372866127583109,1.0,0.185759209344115,0.9117971334068358,0.20305480682839172,0.9966923925027563,0.20215633423180593,0.9922822491730982,0.20327942497753818,0.9977949283351709,0.12443845462713388,0.6108048511576626,0.20372866127583109,1.0,0.20372866127583109,1.0,0.20372866127583109,1.0
56,0.200088241782484,1.0,0.200088241782484,1.0,0.200088241782484,1.0,0.200088241782484,1.0,0.199867637326274,0.9988974641675854,0.200088241782484,1.0,0.200088241782484,1.0,0.19501433928965364,0.9746416758544653,0.1400838296933598,0.7001102535832414,0.200088241782484,1.0,0.200088241782484,1.0,0.200088241782484,1.0,0.200088241782484,1.0,0.200088241782484,1.0,0.200088241782484,1.0,0.200088241782484,1.0,0.19391131700860356,0.9691289966923925,0.1987646150452239,0.9933847850055126,0.200088241782484,1.0,0.19699977939554378,0.9845644983461963,0.14361350099272005,0.7177508269018743,0.200088241782484,1.0,0.200088241782484,1.0,0.200088241782484,1.0,0.200088241782484,1.0,0.200088241782484,1.0,0.200088241782484,1.0,0.200088241782484,1.0,0.19920582395764394,0.9955898566703418,0.200088241782484,1.0,0.200088241782484,1.0,0.19501433928965364,0.9746416758544653,0.14493712772998016,0.7243660418963617,0.200088241782484,1.0,0.200088241782484,1.0,0.200088241782484,1.0,0.200088241782484,1.0,0.200088241782484,1.0,0.200088241782484,1.0,0.200088241782484,1.0,0.200088241782484,1.0,0.19744098830796383,0.9867695700110254,0.200088241782484,1.0,0.19920582395764394,0.9955898566703418,0.1528788881535407,0.7640573318632855,0.200088241782484,1.0,0.200088241782484,1.0,0.200088241782484,1.0,0.200088241782484,1.0,0.200088241782484,1.0,0.200088241782484,1.0,0.200088241782484,1.0,0.19920582395764394,0.9955898566703418,0.200088241782484,1.0,0.200088241782484,1.0,0.1956761526582837,0.9779492833517089,0.14273108316788,0.7133406835722161,0.200088241782484,1.0,0.200088241782484,1.0,0.200088241782484,1.0,0.200088241782484,1.0,0.200088241782484,1.0,0.200088241782484,1.0,0.200088241782484,1.0,0.19942642841385397,0.9966923925027563,0.19942642841385397,0.9966923925027563,0.200088241782484,1.0,0.1972203838517538,0.9856670341786108,0.14361350099272005,0.7177508269018743,0.200088241782484,1.0,0.200088241782484,1.0,0.200088241782484,1.0,0.200088241782484,1.0,0.200088241782484,1.0,0.200088241782484,1.0,0.200088241782484,1.0,0.1511140525038606,0.7552370452039692,0.19589675711449372,0.9790518191841234,0.1985440105890139,0.9922822491730982,0.199867637326274,0.9988974641675854,0.1228766821089786,0.6141124586549063,0.200088241782484,1.0,0.200088241782484,1.0,0.1987646150452239,0.9933847850055126,0.200088241782484,1.0,0.200088241782484,1.0,0.200088241782484,1.0,0.200088241782484,1.0,0.18376351202294286,0.918412348401323,0.19942642841385397,0.9966923925027563,0.19898521950143394,0.9944873208379272,0.199867637326274,0.9988974641675854,0.12442091330244871,0.6218302094818081,0.200088241782484,1.0,0.200088241782484,1.0,0.200088241782484,1.0
57,0.19657563935847422,1.0,0.19657563935847422,1.0,0.19657563935847422,1.0,0.19657563935847422,1.0,0.19635890767230169,0.9988974641675854,0.19657563935847422,1.0,0.19657563935847422,1.0,0.19224100563502383,0.9779492833517089,0.13870827915041178,0.7056229327453142,0.19657563935847422,1.0,0.19657563935847422,1.0,0.19657563935847422,1.0,0.19657563935847422,1.0,0.19657563935847422,1.0,0.19657563935847422,1.0,0.19657563935847422,1.0,0.1905071521456437,0.9691289966923925,0.1952752492414391,0.9933847850055126,0.19657563935847422,1.0,0.19419159081057652,0.9878721058434399,0.14282618118768964,0.7265711135611908,0.19657563935847422,1.0,0.19657563935847422,1.0,0.19657563935847422,1.0,0.19657563935847422,1.0,0.19657563935847422,1.0,0.19657563935847422,1.0,0.19657563935847422,1.0,0.19592544429995665,0.9966923925027563,0.19657563935847422,1.0,0.19657563935847422,1.0,0.19224100563502383,0.9779492833517089,0.14434330299089726,0.7342888643880926,0.19657563935847422,1.0,0.19657563935847422,1.0,0.19657563935847422,1.0,0.19657563935847422,1.0,0.19657563935847422,1.0,0.19657563935847422,1.0,0.19657563935847422,1.0,0.19657563935847422,1.0,0.19419159081057652,0.9878721058434399,0.19657563935847422,1.0,0.19614217598612918,0.9977949283351709,0.15214564369310793,0.7739801543550165,0.19657563935847422,1.0,0.19657563935847422,1.0,0.19657563935847422,1.0,0.19657563935847422,1.0,0.19657563935847422,1.0,0.19657563935847422,1.0,0.19657563935847422,1.0,0.19592544429995665,0.9966923925027563,0.19657563935847422,1.0,0.19657563935847422,1.0,0.1931079323797139,0.9823594266813671,0.14325964456003468,0.7287761852260198,0.19657563935847422,1.0,0.19657563935847422,1.0,0.19657563935847422,1.0,0.19657563935847422,1.0,0.19657563935847422,1.0,0.19657563935847422,1.0,0.19657563935847422,1.0,0.19592544429995665,0.9966923925027563,0.19635890767230169,0.9988974641675854,0.19657563935847422,1.0,0.19440832249674903,0.9889746416758545,0.14260944950151713,0.7254685777287762,0.19657563935847422,1.0,0.19657563935847422,1.0,0.19657563935847422,1.0,0.19657563935847422,1.0,0.19657563935847422,1.0,0.19657563935847422,1.0,0.19657563935847422,1.0,0.14911140008669269,0.7585446527012127,0.1931079323797139,0.9823594266813671,0.1954919809276116,0.9944873208379272,0.19635890767230169,0.9988974641675854,0.12332032943216298,0.6273428886438809,0.19657563935847422,1.0,0.19657563935847422,1.0,0.1952752492414391,0.9933847850055126,0.19657563935847422,1.0,0.19657563935847422,1.0,0.19657563935847422,1.0,0.19657563935847422,1.0,0.1811876896402254,0.9217199558985667,0.19614217598612918,0.9977949283351709,0.1954919809276116,0.9944873208379272,0.19635890767230169,0.9988974641675854,0.1235370611183355,0.6284454244762955,0.19657563935847422,1.0,0.19657563935847422,1.0,0.19657563935847422,1.0
58,0.1931842385516507,1.0,0.1931842385516507,1.0,0.1931842385516507,1.0,0.1931842385516507,1.0,0.19297124600638976,0.9988974641675854,0.1931842385516507,1.0,0.1931842385516507,1.0,0.18977635782747604,0.9823594266813671,0.13844515441959532,0.7166482910694597,0.1931842385516507,1.0,0.1931842385516507,1.0,0.1931842385516507,1.0,0.1931842385516507,1.0,0.1931842385516507,1.0,0.1931842385516507,1.0,0.1931842385516507,1.0,0.18807241746538872,0.9735391400220507,0.1921192758253461,0.9944873208379272,0.1931842385516507,1.0,0.19105431309904153,0.9889746416758545,0.14185303514376996,0.7342888643880926,0.1931842385516507,1.0,0.1931842385516507,1.0,0.1931842385516507,1.0,0.1931842385516507,1.0,0.1931842385516507,1.0,0.1931842385516507,1.0,0.1931842385516507,1.0,0.19254526091586793,0.9966923925027563,0.1931842385516507,1.0,0.1931842385516507,1.0,0.18956336528221512,0.9812568908489526,0.14419595314164005,0.7464167585446527,0.1931842385516507,1.0,0.1931842385516507,1.0,0.1931842385516507,1.0,0.1931842385516507,1.0,0.1931842385516507,1.0,0.1931842385516507,1.0,0.1931842385516507,1.0,0.1931842385516507,1.0,0.19126730564430244,0.9900771775082691,0.1931842385516507,1.0,0.19297124600638976,0.9988974641675854,0.15186368477103301,0.7861080485115767,0.1931842385516507,1.0,0.1931842385516507,1.0,0.1931842385516507,1.0,0.1931842385516507,1.0,0.1931842385516507,1.0,0.1931842385516507,1.0,0.1931842385516507,1.0,0.19254526091586793,0.9966923925027563,0.1931842385516507,1.0,0.1931842385516507,1.0,0.19020234291799787,0.9845644983461963,0.14206602768903087,0.7353914002205072,0.1931842385516507,1.0,0.1931842385516507,1.0,0.1931842385516507,1.0,0.1931842385516507,1.0,0.1931842385516507,1.0,0.1931842385516507,1.0,0.1931842385516507,1.0,0.19254526091586793,0.9966923925027563,0.19297124600638976,0.9988974641675854,0.1931842385516507,1.0,0.19126730564430244,0.9900771775082691,0.1412140575079872,0.7309812568908489,0.1931842385516507,1.0,0.1931842385516507,1.0,0.1931842385516507,1.0,0.1931842385516507,1.0,0.1931842385516507,1.0,0.1931842385516507,1.0,0.1931842385516507,1.0,0.14824281150159743,0.7673649393605292,0.1908413205537806,0.9878721058434399,0.19254526091586793,0.9966923925027563,0.19297124600638976,0.9988974641675854,0.12332268370607029,0.6383682469680264,0.1931842385516507,1.0,0.1931842385516507,1.0,0.1919062832800852,0.9933847850055126,0.1931842385516507,1.0,0.1931842385516507,1.0,0.1931842385516507,1.0,0.1931842385516507,1.0,0.17912673056443024,0.9272326350606395,0.19275825346112885,0.9977949283351709,0.19254526091586793,0.9966923925027563,0.1931842385516507,1.0,0.12396166134185303,0.6416758544652701,0.1931842385516507,1.0,0.1931842385516507,1.0,0.1931842385516507,1.0
59,0.18990787269681741,1.0,0.18990787269681741,1.0,0.18990787269681741,1.0,0.18990787269681741,1.0,0.18969849246231155,0.9988974641675854,0.18990787269681741,1.0,0.18990787269681741,1.0,0.18697654941373534,0.9845644983461963,0.13756281407035176,0.7243660418963617,0.18990787269681741,1.0,0.18990787269681741,1.0,0.18990787269681741,1.0,0.18990787269681741,1.0,0.18990787269681741,1.0,0.18990787269681741,1.0,0.18990787269681741,1.0,0.18488274706867672,0.9735391400220507,0.18907035175879397,0.9955898566703418,0.18990787269681741,1.0,0.18823283082077052,0.9911797133406836,0.14216917922948075,0.7486218302094818,0.18990787269681741,1.0,0.18990787269681741,1.0,0.18990787269681741,1.0,0.18990787269681741,1.0,0.18990787269681741,1.0,0.18990787269681741,1.0,0.18990787269681741,1.0,0.18927973199329984,0.9966923925027563,0.18990787269681741,1.0,0.18990787269681741,1.0,0.18697654941373534,0.9845644983461963,0.14468174204355108,0.7618522601984564,0.18990787269681741,1.0,0.18990787269681741,1.0,0.18990787269681741,1.0,0.18990787269681741,1.0,0.18990787269681741,1.0,0.18990787269681741,1.0,0.18990787269681741,1.0,0.18990787269681741,1.0,0.1884422110552764,0.9922822491730982,0.18990787269681741,1.0,0.18969849246231155,0.9988974641675854,0.15054438860971525,0.7927232635060639,0.18990787269681741,1.0,0.18990787269681741,1.0,0.18990787269681741,1.0,0.18990787269681741,1.0,0.18990787269681741,1.0,0.18990787269681741,1.0,0.18990787269681741,1.0,0.18927973199329984,0.9966923925027563,0.18990787269681741,1.0,0.18990787269681741,1.0,0.1878140703517588,0.9889746416758545,0.14133165829145727,0.7442116868798236,0.18990787269681741,1.0,0.18990787269681741,1.0,0.18990787269681741,1.0,0.18990787269681741,1.0,0.18990787269681741,1.0,0.18990787269681741,1.0,0.18990787269681741,1.0,0.18927973199329984,0.9966923925027563,0.18969849246231155,0.9988974641675854,0.18990787269681741,1.0,0.1884422110552764,0.9922822491730982,0.14049413735343383,0.7398015435501654,0.18990787269681741,1.0,0.18990787269681741,1.0,0.18990787269681741,1.0,0.18990787269681741,1.0,0.18990787269681741,1.0,0.18990787269681741,1.0,0.18990787269681741,1.0,0.1480318257956449,0.7794928335170893,0.18823283082077052,0.9911797133406836,0.18927973199329984,0.9966923925027563,0.18990787269681741,1.0,0.1226968174204355,0.6460859977949284,0.18990787269681741,1.0,0.18990787269681741,1.0,0.1888609715242881,0.9944873208379272,0.18990787269681741,1.0,0.18990787269681741,1.0,0.18990787269681741,1.0,0.18990787269681741,1.0,0.17629815745393634,0.9283351708930541,0.1894891122278057,0.9977949283351709,0.1894891122278057,0.9977949283351709,0.18990787269681741,1.0,0.12311557788944724,0.6482910694597575,0.18990787269681741,1.0,0.18990787269681741,1.0,0.18990787269681741,1.0
60,0.1867407864937204,1.0,0.1867407864937204,1.0,0.1867407864937204,1.0,0.1867407864937204,1.0,0.1865348980852378,0.9988974641675854,0.1867407864937204,1.0,0.1867407864937204,1.0,0.18406423718344658,0.9856670341786108,0.13670990323244803,0.7320837927232635,0.1867407864937204,1.0,0.1867407864937204,1.0,0.1867407864937204,1.0,0.1867407864937204,1.0,0.1867407864937204,1.0,0.1867407864937204,1.0,0.1867407864937204,1.0,0.18200535309862054,0.9746416758544653,0.18591723285979,0.9955898566703418,0.1867407864937204,1.0,0.18550545604282478,0.9933847850055126,0.14185711344451307,0.7596471885336273,0.1867407864937204,1.0,0.1867407864937204,1.0,0.1867407864937204,1.0,0.1867407864937204,1.0,0.1867407864937204,1.0,0.1867407864937204,1.0,0.1867407864937204,1.0,0.1861231212682726,0.9966923925027563,0.1867407864937204,1.0,0.1867407864937204,1.0,0.18406423718344658,0.9856670341786108,0.14556310479719992,0.7794928335170893,0.1867407864937204,1.0,0.1867407864937204,1.0,0.1867407864937204,1.0,0.1867407864937204,1.0,0.1867407864937204,1.0,0.1867407864937204,1.0,0.1867407864937204,1.0,0.1867407864937204,1.0,0.18550545604282478,0.9933847850055126,0.1867407864937204,1.0,0.1865348980852378,0.9988974641675854,0.14926909614988676,0.7993384785005513,0.1867407864937204,1.0,0.1867407864937204,1.0,0.1867407864937204,1.0,0.1867407864937204,1.0,0.1867407864937204,1.0,0.1867407864937204,1.0,0.1867407864937204,1.0,0.1861231212682726,0.9966923925027563,0.1867407864937204,1.0,0.1867407864937204,1.0,0.1850936792258596,0.9911797133406836,0.14021000617665225,0.7508269018743109,0.1867407864937204,1.0,0.1867407864937204,1.0,0.1867407864937204,1.0,0.1867407864937204,1.0,0.1867407864937204,1.0,0.1867407864937204,1.0,0.1867407864937204,1.0,0.1861231212682726,0.9966923925027563,0.1865348980852378,0.9988974641675854,0.1867407864937204,1.0,0.18571134445130738,0.9944873208379272,0.13938645254272183,0.7464167585446527,0.1867407864937204,1.0,0.1867407864937204,1.0,0.1867407864937204,1.0,0.1867407864937204,1.0,0.1867407864937204,1.0,0.1867407864937204,1.0,0.1867407864937204,1.0,0.14659254683961292,0.7850055126791621,0.1852995676343422,0.9922822491730982,0.1861231212682726,0.9966923925027563,0.1867407864937204,1.0,0.12250360304714844,0.6560088202866593,0.1867407864937204,1.0,0.1867407864937204,1.0,0.18571134445130738,0.9944873208379272,0.1867407864937204,1.0,0.1867407864937204,1.0,0.1867407864937204,1.0,0.1867407864937204,1.0,0.17376981675931644,0.9305402425578831,0.1863290096767552,0.9977949283351709,0.1865348980852378,0.9988974641675854,0.1867407864937204,1.0,0.12270949145563105,0.6571113561190739,0.1867407864937204,1.0,0.1867407864937204,1.0,0.1867407864937204,1.0
61,0.18367760226812474,1.0,0.18367760226812474,1.0,0.18367760226812474,1.0,0.18367760226812474,1.0,0.18367760226812474,1.0,0.18367760226812474,1.0,0.18367760226812474,1.0,0.1814499797488862,0.9878721058434399,0.13608748481166463,0.74090407938258,0.18367760226812474,1.0,0.18367760226812474,1.0,0.18367760226812474,1.0,0.18367760226812474,1.0,0.18367760226812474,1.0,0.18367760226812474,1.0,0.18367760226812474,1.0,0.17922235722964763,0.9757442116868799,0.18286755771567437,0.9955898566703418,0.18367760226812474,1.0,0.18286755771567437,0.9955898566703418,0.14013770757391655,0.762954796030871,0.18367760226812474,1.0,0.18367760226812474,1.0,0.18367760226812474,1.0,0.18367760226812474,1.0,0.18367760226812474,1.0,0.18367760226812474,1.0,0.18367760226812474,1.0,0.18307006885378696,0.9966923925027563,0.18367760226812474,1.0,0.18367760226812474,1.0,0.1814499797488862,0.9878721058434399,0.14621304171729446,0.7960308710033076,0.18367760226812474,1.0,0.18367760226812474,1.0,0.18367760226812474,1.0,0.18367760226812474,1.0,0.18367760226812474,1.0,0.18367760226812474,1.0,0.18367760226812474,1.0,0.18367760226812474,1.0,0.18266504657756177,0.9944873208379272,0.18367760226812474,1.0,0.18347509113001215,0.9988974641675854,0.14844066423653302,0.8081587651598677,0.18367760226812474,1.0,0.18367760226812474,1.0,0.18367760226812474,1.0,0.18367760226812474,1.0,0.18367760226812474,1.0,0.18367760226812474,1.0,0.18367760226812474,1.0,0.18307006885378696,0.9966923925027563,0.18367760226812474,1.0,0.18367760226812474,1.0,0.18266504657756177,0.9944873208379272,0.138922640745241,0.7563395810363837,0.18367760226812474,1.0,0.18367760226812474,1.0,0.18367760226812474,1.0,0.18367760226812474,1.0,0.18367760226812474,1.0,0.18367760226812474,1.0,0.18367760226812474,1.0,0.18307006885378696,0.9966923925027563,0.18367760226812474,1.0,0.18367760226812474,1.0,0.18307006885378696,0.9966923925027563,0.13932766302146618,0.7585446527012127,0.18367760226812474,1.0,0.18367760226812474,1.0,0.18367760226812474,1.0,0.18367760226812474,1.0,0.18367760226812474,1.0,0.18367760226812474,1.0,0.18367760226812474,1.0,0.14499797488861887,0.7894156560088202,0.18246253543944918,0.9933847850055126,0.18307006885378696,0.9966923925027563,0.18367760226812474,1.0,0.12130417172944512,0.6604189636163176,0.18367760226812474,1.0,0.18367760226812474,1.0,0.18266504657756177,0.9944873208379272,0.18367760226812474,1.0,0.18367760226812474,1.0,0.18367760226812474,1.0,0.18367760226812474,1.0,0.17152693398136898,0.9338478500551268,0.18327257999189955,0.9977949283351709,0.18347509113001215,0.9988974641675854,0.18367760226812474,1.0,0.12191170514378291,0.6637265711135611,0.18367760226812474,1.0,0.18367760226812474,1.0,0.18367760226812474,1.0
62,0.18071328949990037,1.0,0.18071328949990037,1.0,0.18071328949990037,1.0,0.18071328949990037,1.0,0.18071328949990037,1.0,0.18071328949990037,1.0,0.18071328949990037,1.0,0.17892010360629607,0.9900771775082691,0.1354851564056585,0.7497243660418964,0.18071328949990037,1.0,0.18071328949990037,1.0,0.18071328949990037,1.0,0.18071328949990037,1.0,0.18071328949990037,1.0,0.18071328949990037,1.0,0.18071328949990037,1.0,0.1763299462044232,0.9757442116868799,0.18031480374576608,0.9977949283351709,0.18071328949990037,1.0,0.18011556086869895,0.9966923925027563,0.13927077106993424,0.7706725468577729,0.18071328949990037,1.0,0.18071328949990037,1.0,0.18071328949990037,1.0,0.18071328949990037,1.0,0.18071328949990037,1.0,0.18071328949990037,1.0,0.18071328949990037,1.0,0.18031480374576608,0.9977949283351709,0.18071328949990037,1.0,0.18071328949990037,1.0,0.17892010360629607,0.9900771775082691,0.14624427176728433,0.8092613009922822,0.18071328949990037,1.0,0.18071328949990037,1.0,0.18071328949990037,1.0,0.18071328949990037,1.0,0.18071328949990037,1.0,0.18071328949990037,1.0,0.18071328949990037,1.0,0.18071328949990037,1.0,0.18011556086869895,0.9966923925027563,0.18071328949990037,1.0,0.18051404662283324,0.9988974641675854,0.14763897190675435,0.8169790518191842,0.18071328949990037,1.0,0.18071328949990037,1.0,0.18071328949990037,1.0,0.18071328949990037,1.0,0.18071328949990037,1.0,0.18071328949990037,1.0,0.18071328949990037,1.0,0.18051404662283324,0.9988974641675854,0.18071328949990037,1.0,0.18071328949990037,1.0,0.1799163179916318,0.9955898566703418,0.13867304243873282,0.7673649393605292,0.18071328949990037,1.0,0.18071328949990037,1.0,0.18071328949990037,1.0,0.18071328949990037,1.0,0.18071328949990037,1.0,0.18071328949990037,1.0,0.18071328949990037,1.0,0.18011556086869895,0.9966923925027563,0.18071328949990037,1.0,0.18071328949990037,1.0,0.18011556086869895,0.9966923925027563,0.13887228531579995,0.7684674751929438,0.18071328949990037,1.0,0.18071328949990037,1.0,0.18071328949990037,1.0,0.18071328949990037,1.0,0.18071328949990037,1.0,0.18071328949990037,1.0,0.18071328949990037,1.0,0.1448495716278143,0.8015435501653804,0.17971707511456467,0.9944873208379272,0.18011556086869895,0.9966923925027563,0.18071328949990037,1.0,0.12113966925682407,0.6703417861080485,0.18071328949990037,1.0,0.18071328949990037,1.0,0.17971707511456467,0.9944873208379272,0.18071328949990037,1.0,0.18071328949990037,1.0,0.18071328949990037,1.0,0.18071328949990037,1.0,0.16895795975293884,0.9349503858875413,0.18051404662283324,0.9988974641675854,0.18051404662283324,0.9988974641675854,0.18071328949990037,1.0,0.12153815501095835,0.6725468577728776,0.18071328949990037,1.0,0.18071328949990037,1.0,0.18071328949990037,1.0
63,0.17784313725490197,1.0,0.17784313725490197,1.0,0.17784313725490197,1.0,0.17784313725490197,1.0,0.17784313725490197,1.0,0.17784313725490197,1.0,0.17784313725490197,1.0,0.17647058823529413,0.9922822491730982,0.13529411764705881,0.7607497243660419,0.17784313725490197,1.0,0.17784313725490197,1.0,0.17784313725490197,1.0,0.17784313725490197,1.0,0.17784313725490197,1.0,0.17784313725490197,1.0,0.17784313725490197,1.0,0.17372549019607844,0.9768467475192943,0.17745098039215687,0.9977949283351709,0.17784313725490197,1.0,0.1772549019607843,0.9966923925027563,0.1376470588235294,0.7739801543550165,0.17784313725490197,1.0,0.17784313725490197,1.0,0.17784313725490197,1.0,0.17784313725490197,1.0,0.17784313725490197,1.0,0.17784313725490197,1.0,0.17784313725490197,1.0,0.17745098039215687,0.9977949283351709,0.17784313725490197,1.0,0.17784313725490197,1.0,0.17647058823529413,0.9922822491730982,0.14588235294117646,0.8202866593164277,0.17784313725490197,1.0,0.17784313725490197,1.0,0.17784313725490197,1.0,0.17784313725490197,1.0,0.17784313725490197,1.0,0.17784313725490197,1.0,0.17784313725490197,1.0,0.17784313725490197,1.0,0.1772549019607843,0.9966923925027563,0.17784313725490197,1.0,0.1776470588235294,0.9988974641675854,0.14666666666666667,0.824696802646086,0.17784313725490197,1.0,0.17784313725490197,1.0,0.17784313725490197,1.0,0.17784313725490197,1.0,0.17784313725490197,1.0,0.17784313725490197,1.0,0.17784313725490197,1.0,0.1776470588235294,0.9988974641675854,0.17784313725490197,1.0,0.17784313725490197,1.0,0.1772549019607843,0.9966923925027563,0.13745098039215686,0.772877618522602,0.17784313725490197,1.0,0.17784313725490197,1.0,0.17784313725490197,1.0,0.17784313725490197,1.0,0.17784313725490197,1.0,0.17784313725490197,1.0,0.17784313725490197,1.0,0.1772549019607843,0.9966923925027563,0.17784313725490197,1.0,0.17784313725490197,1.0,0.17745098039215687,0.9977949283351709,0.13823529411764707,0.7772877618522602,0.17784313725490197,1.0,0.17784313725490197,1.0,0.17784313725490197,1.0,0.17784313725490197,1.0,0.17784313725490197,1.0,0.17784313725490197,1.0,0.17784313725490197,1.0,0.14450980392156862,0.8125689084895259,0.1772549019607843,0.9966923925027563,0.1772549019607843,0.9966923925027563,0.17784313725490197,1.0,0.12019607843137255,0.6758544652701213,0.17784313725490197,1.0,0.17784313725490197,1.0,0.1768627450980392,0.9944873208379272,0.17784313725490197,1.0,0.17784313725490197,1.0,0.17784313725490197,1.0,0.17784313725490197,1.0,0.16627450980392156,0.9349503858875413,0.1776470588235294,0.9988974641675854,0.1776470588235294,0.9988974641675854,0.17784313725490197,1.0,0.12098039215686275,0.6802646085997794,0.17784313725490197,1.0,0.17784313725490197,1.0,0.17784313725490197,1.0
64,0.1750627292028566,1.0,0.1750627292028566,1.0,0.1750627292028566,1.0,0.1750627292028566,1.0,0.1750627292028566,1.0,0.1750627292028566,1.0,0.1750627292028566,1.0,0.17390465161165797,0.9933847850055126,0.13472302644277168,0.7695700110253583,0.1750627292028566,1.0,0.1750627292028566,1.0,0.1750627292028566,1.0,0.1750627292028566,1.0,0.1750627292028566,1.0,0.1750627292028566,1.0,0.1750627292028566,1.0,0.17139548349739434,0.9790518191841234,0.17467670333912372,0.9977949283351709,0.1750627292028566,1.0,0.17448369040725728,0.9966923925027563,0.13626712989770315,0.7783902976846747,0.1750627292028566,1.0,0.1750627292028566,1.0,0.1750627292028566,1.0,0.1750627292028566,1.0,0.1750627292028566,1.0,0.1750627292028566,1.0,0.1750627292028566,1.0,0.17467670333912372,0.9977949283351709,0.1750627292028566,1.0,0.1750627292028566,1.0,0.17390465161165797,0.9933847850055126,0.14514572476355916,0.8291069459757442,0.1750627292028566,1.0,0.1750627292028566,1.0,0.1750627292028566,1.0,0.1750627292028566,1.0,0.1750627292028566,1.0,0.1750627292028566,1.0,0.1750627292028566,1.0,0.1750627292028566,1.0,0.17448369040725728,0.9966923925027563,0.1750627292028566,1.0,0.17486971627099016,0.9988974641675854,0.14553175062729204,0.8313120176405733,0.1750627292028566,1.0,0.1750627292028566,1.0,0.1750627292028566,1.0,0.1750627292028566,1.0,0.1750627292028566,1.0,0.1750627292028566,1.0,0.1750627292028566,1.0,0.17486971627099016,0.9988974641675854,0.1750627292028566,1.0,0.1750627292028566,1.0,0.17448369040725728,0.9966923925027563,0.13568809110210384,0.7750826901874311,0.1750627292028566,1.0,0.1750627292028566,1.0,0.1750627292028566,1.0,0.1750627292028566,1.0,0.1750627292028566,1.0,0.1750627292028566,1.0,0.1750627292028566,1.0,0.17448369040725728,0.9966923925027563,0.1750627292028566,1.0,0.1750627292028566,1.0,0.17467670333912372,0.9977949283351709,0.13665315576143602,0.7805953693495039,0.1750627292028566,1.0,0.1750627292028566,1.0,0.1750627292028566,1.0,0.1750627292028566,1.0,0.1750627292028566,1.0,0.1750627292028566,1.0,0.1750627292028566,1.0,0.14418066010422698,0.8235942668136714,0.17467670333912372,0.9977949283351709,0.17448369040725728,0.9966923925027563,0.1750627292028566,1.0,0.11928199189345687,0.681367144432194,0.1750627292028566,1.0,0.1750627292028566,1.0,0.1740976645435244,0.9944873208379272,0.1750627292028566,1.0,0.1750627292028566,1.0,0.1750627292028566,1.0,0.1750627292028566,1.0,0.16444701795020267,0.9393605292171996,0.17486971627099016,0.9988974641675854,0.17486971627099016,0.9988974641675854,0.1750627292028566,1.0,0.12101910828025478,0.6912899669239251,0.1750627292028566,1.0,0.1750627292028566,1.0,0.1750627292028566,1.0
65,0.17236792094260736,1.0,0.17236792094260736,1.0,0.17236792094260736,1.0,0.17236792094260736,1.0,0.17236792094260736,1.0,0.17236792094260736,1.0,0.17236792094260736,1.0,0.17141771189661725,0.9944873208379272,0.13568985176738882,0.7872105843439912,0.17236792094260736,1.0,0.17236792094260736,1.0,0.17236792094260736,1.0,0.17236792094260736,1.0,0.17236792094260736,1.0,0.17236792094260736,1.0,0.17236792094260736,1.0,0.16913721018624098,0.9812568908489526,0.17198783732421133,0.9977949283351709,0.17236792094260736,1.0,0.1717977955150133,0.9966923925027563,0.1347396427213987,0.7816979051819184,0.17236792094260736,1.0,0.17236792094260736,1.0,0.17236792094260736,1.0,0.17236792094260736,1.0,0.17236792094260736,1.0,0.17236792094260736,1.0,0.17236792094260736,1.0,0.17198783732421133,0.9977949283351709,0.17236792094260736,1.0,0.17236792094260736,1.0,0.17141771189661725,0.9944873208379272,0.14519194222729,0.8423373759647188,0.17236792094260736,1.0,0.17236792094260736,1.0,0.17236792094260736,1.0,0.17236792094260736,1.0,0.17236792094260736,1.0,0.17236792094260736,1.0,0.17236792094260736,1.0,0.17236792094260736,1.0,0.17198783732421133,0.9977949283351709,0.17236792094260736,1.0,0.17217787913340935,0.9988974641675854,0.14443177499049792,0.8379272326350606,0.17236792094260736,1.0,0.17236792094260736,1.0,0.17236792094260736,1.0,0.17236792094260736,1.0,0.17236792094260736,1.0,0.17236792094260736,1.0,0.17236792094260736,1.0,0.17217787913340935,0.9988974641675854,0.17236792094260736,1.0,0.17236792094260736,1.0,0.1717977955150133,0.9966923925027563,0.1347396427213987,0.7816979051819184,0.17236792094260736,1.0,0.17236792094260736,1.0,0.17236792094260736,1.0,0.17236792094260736,1.0,0.17236792094260736,1.0,0.17236792094260736,1.0,0.17236792094260736,1.0,0.1717977955150133,0.9966923925027563,0.17236792094260736,1.0,0.17236792094260736,1.0,0.17198783732421133,0.9977949283351709,0.1353097681489928,0.7850055126791621,0.17236792094260736,1.0,0.17236792094260736,1.0,0.17236792094260736,1.0,0.17236792094260736,1.0,0.17236792094260736,1.0,0.17236792094260736,1.0,0.17236792094260736,1.0,0.14329152413530977,0.8313120176405733,0.17217787913340935,0.9988974641675854,0.17217787913340935,0.9988974641675854,0.17236792094260736,1.0,0.1193462561763588,0.6923925027563396,0.17236792094260736,1.0,0.17236792094260736,1.0,0.17160775370581527,0.9955898566703418,0.17236792094260736,1.0,0.17236792094260736,1.0,0.17236792094260736,1.0,0.17236792094260736,1.0,0.1619156214367161,0.9393605292171996,0.17236792094260736,1.0,0.17217787913340935,0.9988974641675854,0.17236792094260736,1.0,0.11991638160395288,0.6957001102535832,0.17236792094260736,1.0,0.17236792094260736,1.0,0.17236792094260736,1.0
66,0.1697548193898559,1.0,0.1697548193898559,1.0,0.1697548193898559,1.0,0.1697548193898559,1.0,0.1697548193898559,1.0,0.1697548193898559,1.0,0.1697548193898559,1.0,0.168819015534344,0.9944873208379272,0.13531723750701852,0.7971334068357222,0.1697548193898559,1.0,0.1697548193898559,1.0,0.1697548193898559,1.0,0.1697548193898559,1.0,0.1697548193898559,1.0,0.1697548193898559,1.0,0.1697548193898559,1.0,0.16657308628111547,0.9812568908489526,0.16938049784765113,0.9977949283351709,0.1697548193898559,1.0,0.16919333707654877,0.9966923925027563,0.13381995133819952,0.7883131201764058,0.1697548193898559,1.0,0.1697548193898559,1.0,0.1697548193898559,1.0,0.1697548193898559,1.0,0.1697548193898559,1.0,0.1697548193898559,1.0,0.1697548193898559,1.0,0.16938049784765113,0.9977949283351709,0.1697548193898559,1.0,0.1697548193898559,1.0,0.168819015534344,0.9944873208379272,0.14467527606213737,0.8522601984564498,0.1697548193898559,1.0,0.1697548193898559,1.0,0.1697548193898559,1.0,0.1697548193898559,1.0,0.1697548193898559,1.0,0.1697548193898559,1.0,0.1697548193898559,1.0,0.1697548193898559,1.0,0.16938049784765113,0.9977949283351709,0.1697548193898559,1.0,0.1695676586187535,0.9988974641675854,0.14299082912221597,0.8423373759647188,0.1697548193898559,1.0,0.1697548193898559,1.0,0.1697548193898559,1.0,0.1697548193898559,1.0,0.1697548193898559,1.0,0.1697548193898559,1.0,0.1697548193898559,1.0,0.1695676586187535,0.9988974641675854,0.1697548193898559,1.0,0.1697548193898559,1.0,0.16919333707654877,0.9966923925027563,0.13344562979599475,0.7861080485115767,0.1697548193898559,1.0,0.1697548193898559,1.0,0.1697548193898559,1.0,0.1697548193898559,1.0,0.1697548193898559,1.0,0.1697548193898559,1.0,0.1697548193898559,1.0,0.16919333707654877,0.9966923925027563,0.1697548193898559,1.0,0.1697548193898559,1.0,0.16938049784765113,0.9977949283351709,0.13456859442260902,0.7927232635060639,0.1697548193898559,1.0,0.1697548193898559,1.0,0.1697548193898559,1.0,0.1697548193898559,1.0,0.1697548193898559,1.0,0.1697548193898559,1.0,0.1697548193898559,1.0,0.14224218603780647,0.8379272326350606,0.1695676586187535,0.9988974641675854,0.1695676586187535,0.9988974641675854,0.1697548193898559,1.0,0.11903425042111174,0.701212789415656,0.1697548193898559,1.0,0.1697548193898559,1.0,0.16919333707654877,0.9966923925027563,0.1697548193898559,1.0,0.1697548193898559,1.0,0.1697548193898559,1.0,0.1697548193898559,1.0,0.1598352985214299,0.9415656008820287,0.1697548193898559,1.0,0.1695676586187535,0.9988974641675854,0.1697548193898559,1.0,0.11940857196331649,0.7034178610804851,0.1697548193898559,1.0,0.1697548193898559,1.0,0.1697548193898559,1.0
67,0.16721976401179942,1.0,0.16721976401179942,1.0,0.16721976401179942,1.0,0.16721976401179942,1.0,0.16721976401179942,1.0,0.16721976401179942,1.0,0.16721976401179942,1.0,0.16629793510324484,0.9944873208379272,0.13495575221238937,0.8070562293274531,0.16721976401179942,1.0,0.16721976401179942,1.0,0.16721976401179942,1.0,0.16721976401179942,1.0,0.16721976401179942,1.0,0.16721976401179942,1.0,0.16721976401179942,1.0,0.16426991150442477,0.9823594266813671,0.1670353982300885,0.9988974641675854,0.16721976401179942,1.0,0.16666666666666666,0.9966923925027563,0.13219026548672566,0.7905181918412348,0.16721976401179942,1.0,0.16721976401179942,1.0,0.16721976401179942,1.0,0.16721976401179942,1.0,0.16721976401179942,1.0,0.16721976401179942,1.0,0.16721976401179942,1.0,0.1670353982300885,0.9988974641675854,0.16721976401179942,1.0,0.16721976401179942,1.0,0.16629793510324484,0.9944873208379272,0.1441740412979351,0.8621830209481808,0.16721976401179942,1.0,0.16721976401179942,1.0,0.16721976401179942,1.0,0.16721976401179942,1.0,0.16721976401179942,1.0,0.16721976401179942,1.0,0.16721976401179942,1.0,0.16721976401179942,1.0,0.16685103244837757,0.9977949283351709,0.16721976401179942,1.0,0.1670353982300885,0.9988974641675854,0.14214601769911506,0.8500551267916208,0.16721976401179942,1.0,0.16721976401179942,1.0,0.16721976401179942,1.0,0.16721976401179942,1.0,0.16721976401179942,1.0,0.16721976401179942,1.0,0.16721976401179942,1.0,0.16721976401179942,1.0,0.16721976401179942,1.0,0.16721976401179942,1.0,0.16666666666666666,0.9966923925027563,0.13292772861356933,0.794928335170893,0.16721976401179942,1.0,0.16721976401179942,1.0,0.16721976401179942,1.0,0.16721976401179942,1.0,0.16721976401179942,1.0,0.16721976401179942,1.0,0.16721976401179942,1.0,0.16666666666666666,0.9966923925027563,0.16721976401179942,1.0,0.16721976401179942,1.0,0.16685103244837757,0.9977949283351709,0.13255899705014748,0.7927232635060639,0.16721976401179942,1.0,0.16721976401179942,1.0,0.16721976401179942,1.0,0.16721976401179942,1.0,0.16721976401179942,1.0,0.16721976401179942,1.0,0.16721976401179942,1.0,0.14103982300884957,0.8434399117971334,0.16721976401179942,1.0,0.1670353982300885,0.9988974641675854,0.16721976401179942,1.0,0.1187315634218289,0.7100330760749725,0.16721976401179942,1.0,0.16721976401179942,1.0,0.16666666666666666,0.9966923925027563,0.16721976401179942,1.0,0.16721976401179942,1.0,0.16721976401179942,1.0,0.16721976401179942,1.0,0.15763274336283187,0.9426681367144433,0.16721976401179942,1.0,0.1670353982300885,0.9988974641675854,0.16721976401179942,1.0,0.118547197640118,0.7089305402425579,0.16721976401179942,1.0,0.16721976401179942,1.0,0.16721976401179942,1.0
68,0.16475930971843777,1.0,0.16475930971843777,1.0,0.16475930971843777,1.0,0.16475930971843777,1.0,0.16475930971843777,1.0,0.16475930971843777,1.0,0.16475930971843777,1.0,0.16385104450499546,0.9944873208379272,0.1335149863760218,0.8103638368246968,0.16475930971843777,1.0,0.16475930971843777,1.0,0.16475930971843777,1.0,0.16475930971843777,1.0,0.16475930971843777,1.0,0.16475930971843777,1.0,0.16475930971843777,1.0,0.16221616712079928,0.9845644983461963,0.1645776566757493,0.9988974641675854,0.16475930971843777,1.0,0.1642143505903724,0.9966923925027563,0.13151680290644868,0.7982359426681367,0.16475930971843777,1.0,0.16475930971843777,1.0,0.16475930971843777,1.0,0.16475930971843777,1.0,0.16475930971843777,1.0,0.16475930971843777,1.0,0.16475930971843777,1.0,0.1645776566757493,0.9988974641675854,0.16475930971843777,1.0,0.16475930971843777,1.0,0.16385104450499546,0.9944873208379272,0.1444141689373297,0.87651598676957,0.16475930971843777,1.0,0.16475930971843777,1.0,0.16475930971843777,1.0,0.16475930971843777,1.0,0.16475930971843777,1.0,0.16475930971843777,1.0,0.16475930971843777,1.0,0.16475930971843777,1.0,0.16439600363306087,0.9977949283351709,0.16475930971843777,1.0,0.1645776566757493,0.9988974641675854,0.14059945504087193,0.8533627342888643,0.16475930971843777,1.0,0.16475930971843777,1.0,0.16475930971843777,1.0,0.16475930971843777,1.0,0.16475930971843777,1.0,0.16475930971843777,1.0,0.16475930971843777,1.0,0.16475930971843777,1.0,0.16475930971843777,1.0,0.16475930971843777,1.0,0.16439600363306087,0.9977949283351709,0.13206176203451409,0.8015435501653804,0.16475930971843777,1.0,0.16475930971843777,1.0,0.16475930971843777,1.0,0.16475930971843777,1.0,0.16475930971843777,1.0,0.16475930971843777,1.0,0.16475930971843777,1.0,0.1642143505903724,0.9966923925027563,0.16475930971843777,1.0,0.16475930971843777,1.0,0.16439600363306087,0.9977949283351709,0.13133514986376021,0.7971334068357222,0.16475930971843777,1.0,0.16475930971843777,1.0,0.16475930971843777,1.0,0.16475930971843777,1.0,0.16475930971843777,1.0,0.16475930971843777,1.0,0.16475930971843777,1.0,0.13932788374205268,0.8456449834619625,0.16475930971843777,1.0,0.16475930971843777,1.0,0.16475930971843777,1.0,0.11771117166212534,0.7144432194046306,0.16475930971843777,1.0,0.16475930971843777,1.0,0.1642143505903724,0.9966923925027563,0.16475930971843777,1.0,0.16475930971843777,1.0,0.16475930971843777,1.0,0.16475930971843777,1.0,0.15603996366939146,0.9470782800441014,0.16475930971843777,1.0,0.16475930971843777,1.0,0.16475930971843777,1.0,0.11825613079019073,0.7177508269018743,0.16475930971843777,1.0,0.16475930971843777,1.0,0.16475930971843777,1.0
69,0.1623702112423917,1.0,0.1623702112423917,1.0,0.1623702112423917,1.0,0.1623702112423917,1.0,0.1623702112423917,1.0,0.1623702112423917,1.0,0.1623702112423917,1.0,0.16147511636233441,0.9944873208379272,0.13301109917651271,0.8191841234840133,0.1623702112423917,1.0,0.1623702112423917,1.0,0.1623702112423917,1.0,0.1623702112423917,1.0,0.1623702112423917,1.0,0.1623702112423917,1.0,0.1623702112423917,1.0,0.16004296455424274,0.9856670341786108,0.16219119226638024,0.9988974641675854,0.1623702112423917,1.0,0.16183315431435732,0.9966923925027563,0.13122090941639813,0.8081587651598677,0.1623702112423917,1.0,0.1623702112423917,1.0,0.1623702112423917,1.0,0.1623702112423917,1.0,0.1623702112423917,1.0,0.1623702112423917,1.0,0.1623702112423917,1.0,0.1623702112423917,1.0,0.1623702112423917,1.0,0.1623702112423917,1.0,0.16147511636233441,0.9944873208379272,0.1435732187611887,0.8842337375964718,0.1623702112423917,1.0,0.1623702112423917,1.0,0.1623702112423917,1.0,0.1623702112423917,1.0,0.1623702112423917,1.0,0.1623702112423917,1.0,0.1623702112423917,1.0,0.1623702112423917,1.0,0.16201217329036877,0.9977949283351709,0.1623702112423917,1.0,0.16219119226638024,0.9988974641675854,0.14070891514500536,0.8665931642778391,0.1623702112423917,1.0,0.1623702112423917,1.0,0.1623702112423917,1.0,0.1623702112423917,1.0,0.1623702112423917,1.0,0.1623702112423917,1.0,0.1623702112423917,1.0,0.1623702112423917,1.0,0.1623702112423917,1.0,0.1623702112423917,1.0,0.16201217329036877,0.9977949283351709,0.13068385248836376,0.804851157662624,0.1623702112423917,1.0,0.1623702112423917,1.0,0.1623702112423917,1.0,0.1623702112423917,1.0,0.1623702112423917,1.0,0.1623702112423917,1.0,0.1623702112423917,1.0,0.16201217329036877,0.9977949283351709,0.1623702112423917,1.0,0.1623702112423917,1.0,0.16201217329036877,0.9977949283351709,0.1301467955603294,0.8015435501653804,0.1623702112423917,1.0,0.1623702112423917,1.0,0.1623702112423917,1.0,0.1623702112423917,1.0,0.1623702112423917,1.0,0.1623702112423917,1.0,0.1623702112423917,1.0,0.1385606874328679,0.8533627342888643,0.1623702112423917,1.0,0.1623702112423917,1.0,0.1623702112423917,1.0,0.11672037235947011,0.7188533627342889,0.1623702112423917,1.0,0.1623702112423917,1.0,0.16201217329036877,0.9977949283351709,0.1623702112423917,1.0,0.1623702112423917,1.0,0.1623702112423917,1.0,0.1623702112423917,1.0,0.15413533834586465,0.9492833517089305,0.1623702112423917,1.0,0.1623702112423917,1.0,0.1623702112423917,1.0,0.11779448621553884,0.7254685777287762,0.1623702112423917,1.0,0.1623702112423917,1.0,0.1623702112423917,1.0
70,0.16004940885830246,1.0,0.16004940885830246,1.0,0.16004940885830246,1.0,0.16004940885830246,1.0,0.16004940885830246,1.0,0.16004940885830246,1.0,0.16004940885830246,1.0,0.15934356802541028,0.9955898566703418,0.1323451561672843,0.8269018743109151,0.16004940885830246,1.0,0.16004940885830246,1.0,0.16004940885830246,1.0,0.16004940885830246,1.0,0.16004940885830246,1.0,0.16004940885830246,1.0,0.16004940885830246,1.0,0.15775542615140287,0.9856670341786108,0.1598729486500794,0.9988974641675854,0.16004940885830246,1.0,0.15952002823363332,0.9966923925027563,0.1300511734603847,0.8125689084895259,0.16004940885830246,1.0,0.16004940885830246,1.0,0.16004940885830246,1.0,0.16004940885830246,1.0,0.16004940885830246,1.0,0.16004940885830246,1.0,0.16004940885830246,1.0,0.16004940885830246,1.0,0.16004940885830246,1.0,0.16004940885830246,1.0,0.15934356802541028,0.9955898566703418,0.1424033880359979,0.8897464167585446,0.16004940885830246,1.0,0.16004940885830246,1.0,0.16004940885830246,1.0,0.16004940885830246,1.0,0.16004940885830246,1.0,0.16004940885830246,1.0,0.16004940885830246,1.0,0.16004940885830246,1.0,0.15969648844185635,0.9977949283351709,0.16004940885830246,1.0,0.16004940885830246,1.0,0.13922710428798307,0.8699007717750827,0.16004940885830246,1.0,0.16004940885830246,1.0,0.16004940885830246,1.0,0.16004940885830246,1.0,0.16004940885830246,1.0,0.16004940885830246,1.0,0.16004940885830246,1.0,0.16004940885830246,1.0,0.16004940885830246,1.0,0.16004940885830246,1.0,0.15969648844185635,0.9977949283351709,0.1300511734603847,0.8125689084895259,0.16004940885830246,1.0,0.16004940885830246,1.0,0.16004940885830246,1.0,0.16004940885830246,1.0,0.16004940885830246,1.0,0.16004940885830246,1.0,0.16004940885830246,1.0,0.15969648844185635,0.9977949283351709,0.16004940885830246,1.0,0.16004940885830246,1.0,0.15969648844185635,0.9977949283351709,0.12916887241926944,0.8070562293274531,0.16004940885830246,1.0,0.16004940885830246,1.0,0.16004940885830246,1.0,0.16004940885830246,1.0,0.16004940885830246,1.0,0.16004940885830246,1.0,0.16004940885830246,1.0,0.13869772366331393,0.8665931642778391,0.16004940885830246,1.0,0.16004940885830246,1.0,0.16004940885830246,1.0,0.1169931180518793,0.7309812568908489,0.16004940885830246,1.0,0.16004940885830246,1.0,0.15969648844185635,0.9977949283351709,0.16004940885830246,1.0,0.16004940885830246,1.0,0.16004940885830246,1.0,0.16004940885830246,1.0,0.1524616199047115,0.9525909592061742,0.16004940885830246,1.0,0.16004940885830246,1.0,0.16004940885830246,1.0,0.11716957826010235,0.7320837927232635,0.16004940885830246,1.0,0.16004940885830246,1.0,0.16004940885830246,1.0
71,0.15779401530967294,1.0,0.15779401530967294,1.0,0.15779401530967294,1.0,0.15779401530967294,1.0,0.15779401530967294,1.0,0.15779401530967294,1.0,0.15779401530967294,1.0,0.15709812108559498,0.9955898566703418,0.13204592901878914,0.836824696802646,0.15779401530967294,1.0,0.15779401530967294,1.0,0.15779401530967294,1.0,0.15779401530967294,1.0,0.15779401530967294,1.0,0.15779401530967294,1.0,0.15779401530967294,1.0,0.1558803061934586,0.9878721058434399,0.15762004175365343,0.9988974641675854,0.15779401530967294,1.0,0.15727209464161448,0.9966923925027563,0.1290883785664579,0.8180815876515987,0.15779401530967294,1.0,0.15779401530967294,1.0,0.15779401530967294,1.0,0.15779401530967294,1.0,0.15779401530967294,1.0,0.15779401530967294,1.0,0.15779401530967294,1.0,0.15779401530967294,1.0,0.15779401530967294,1.0,0.15779401530967294,1.0,0.15709812108559498,0.9955898566703418,0.14213639526791927,0.9007717750826902,0.15779401530967294,1.0,0.15779401530967294,1.0,0.15779401530967294,1.0,0.15779401530967294,1.0,0.15779401530967294,1.0,0.15779401530967294,1.0,0.15779401530967294,1.0,0.15779401530967294,1.0,0.15762004175365343,0.9988974641675854,0.15779401530967294,1.0,0.15779401530967294,1.0,0.1383089770354906,0.87651598676957,0.15779401530967294,1.0,0.15779401530967294,1.0,0.15779401530967294,1.0,0.15779401530967294,1.0,0.15779401530967294,1.0,0.15779401530967294,1.0,0.15779401530967294,1.0,0.15779401530967294,1.0,0.15779401530967294,1.0,0.15779401530967294,1.0,0.15744606819763396,0.9977949283351709,0.12978427279053584,0.8224917309812569,0.15779401530967294,1.0,0.15779401530967294,1.0,0.15779401530967294,1.0,0.15779401530967294,1.0,0.15779401530967294,1.0,0.15779401530967294,1.0,0.15779401530967294,1.0,0.15744606819763396,0.9977949283351709,0.15779401530967294,1.0,0.15779401530967294,1.0,0.15744606819763396,0.9977949283351709,0.12874043145441894,0.8158765159867696,0.15779401530967294,1.0,0.15779401530967294,1.0,0.15779401530967294,1.0,0.15779401530967294,1.0,0.15779401530967294,1.0,0.15779401530967294,1.0,0.15779401530967294,1.0,0.1372651356993737,0.8699007717750827,0.15779401530967294,1.0,0.15779401530967294,1.0,0.15779401530967294,1.0,0.116214335421016,0.7364939360529217,0.15779401530967294,1.0,0.15779401530967294,1.0,0.15744606819763396,0.9977949283351709,0.15779401530967294,1.0,0.15779401530967294,1.0,0.15779401530967294,1.0,0.15779401530967294,1.0,0.15083507306889352,0.9558985667034179,0.15779401530967294,1.0,0.15779401530967294,1.0,0.15779401530967294,1.0,0.116214335421016,0.7364939360529217,0.15779401530967294,1.0,0.15779401530967294,1.0,0.15779401530967294,1.0
72,0.1556013038256991,1.0,0.1556013038256991,1.0,0.1556013038256991,1.0,0.1556013038256991,1.0,0.1556013038256991,1.0,0.1556013038256991,1.0,0.1556013038256991,1.0,0.15491507977354607,0.9955898566703418,0.13072568193515183,0.8401323042998897,0.1556013038256991,1.0,0.1556013038256991,1.0,0.1556013038256991,1.0,0.1556013038256991,1.0,0.1556013038256991,1.0,0.1556013038256991,1.0,0.1556013038256991,1.0,0.15388574369531652,0.9889746416758545,0.15542974781266083,0.9988974641675854,0.1556013038256991,1.0,0.15508663578658433,0.9966923925027563,0.12746611768742494,0.8191841234840133,0.1556013038256991,1.0,0.1556013038256991,1.0,0.1556013038256991,1.0,0.1556013038256991,1.0,0.1556013038256991,1.0,0.1556013038256991,1.0,0.1556013038256991,1.0,0.1556013038256991,1.0,0.1556013038256991,1.0,0.1556013038256991,1.0,0.15491507977354607,0.9955898566703418,0.14101904271744725,0.906284454244763,0.1556013038256991,1.0,0.1556013038256991,1.0,0.1556013038256991,1.0,0.1556013038256991,1.0,0.1556013038256991,1.0,0.1556013038256991,1.0,0.1556013038256991,1.0,0.1556013038256991,1.0,0.15542974781266083,0.9988974641675854,0.1556013038256991,1.0,0.1556013038256991,1.0,0.13741636644364386,0.8831312017640573,0.1556013038256991,1.0,0.1556013038256991,1.0,0.1556013038256991,1.0,0.1556013038256991,1.0,0.1556013038256991,1.0,0.1556013038256991,1.0,0.1556013038256991,1.0,0.1556013038256991,1.0,0.1556013038256991,1.0,0.1556013038256991,1.0,0.15525819179962258,0.9977949283351709,0.128838565791731,0.8280044101433297,0.1556013038256991,1.0,0.1556013038256991,1.0,0.1556013038256991,1.0,0.1556013038256991,1.0,0.1556013038256991,1.0,0.1556013038256991,1.0,0.1556013038256991,1.0,0.15542974781266083,0.9988974641675854,0.1556013038256991,1.0,0.1556013038256991,1.0,0.15525819179962258,0.9977949283351709,0.12832389775261624,0.824696802646086,0.1556013038256991,1.0,0.1556013038256991,1.0,0.1556013038256991,1.0,0.1556013038256991,1.0,0.1556013038256991,1.0,0.1556013038256991,1.0,0.1556013038256991,1.0,0.1360439183393378,0.8743109151047409,0.1556013038256991,1.0,0.1556013038256991,1.0,0.1556013038256991,1.0,0.11545719677474696,0.7420066152149944,0.1556013038256991,1.0,0.1556013038256991,1.0,0.15542974781266083,0.9988974641675854,0.1556013038256991,1.0,0.1556013038256991,1.0,0.1556013038256991,1.0,0.1556013038256991,1.0,0.14891061931720706,0.9570011025358324,0.1556013038256991,1.0,0.1556013038256991,1.0,0.1556013038256991,1.0,0.11631497683993824,0.7475192943770672,0.1556013038256991,1.0,0.1556013038256991,1.0,0.1556013038256991,1.0
73,0.15346869712351946,1.0,0.15346869712351946,1.0,0.15346869712351946,1.0,0.15346869712351946,1.0,0.15346869712351946,1.0,0.15346869712351946,1.0,0.15346869712351946,1.0,0.15296108291032148,0.9966923925027563,0.1296108291032149,0.844542447629548,0.15346869712351946,1.0,0.15346869712351946,1.0,0.15346869712351946,1.0,0.15346869712351946,1.0,0.15346869712351946,1.0,0.15346869712351946,1.0,0.15346869712351946,1.0,0.1517766497461929,0.9889746416758545,0.15346869712351946,1.0,0.15346869712351946,1.0,0.15313028764805414,0.9977949283351709,0.1260575296108291,0.8213891951488423,0.15346869712351946,1.0,0.15346869712351946,1.0,0.15346869712351946,1.0,0.15346869712351946,1.0,0.15346869712351946,1.0,0.15346869712351946,1.0,0.15346869712351946,1.0,0.15346869712351946,1.0,0.15346869712351946,1.0,0.15346869712351946,1.0,0.15296108291032148,0.9966923925027563,0.13959390862944163,0.9095920617420066,0.15346869712351946,1.0,0.15346869712351946,1.0,0.15346869712351946,1.0,0.15346869712351946,1.0,0.15346869712351946,1.0,0.15346869712351946,1.0,0.15346869712351946,1.0,0.15346869712351946,1.0,0.1532994923857868,0.9988974641675854,0.15346869712351946,1.0,0.15346869712351946,1.0,0.1365482233502538,0.8897464167585446,0.15346869712351946,1.0,0.15346869712351946,1.0,0.15346869712351946,1.0,0.15346869712351946,1.0,0.15346869712351946,1.0,0.15346869712351946,1.0,0.15346869712351946,1.0,0.15346869712351946,1.0,0.15346869712351946,1.0,0.15346869712351946,1.0,0.1532994923857868,0.9988974641675854,0.128087986463621,0.834619625137817,0.15346869712351946,1.0,0.15346869712351946,1.0,0.15346869712351946,1.0,0.15346869712351946,1.0,0.15346869712351946,1.0,0.15346869712351946,1.0,0.15346869712351946,1.0,0.1532994923857868,0.9988974641675854,0.15346869712351946,1.0,0.15346869712351946,1.0,0.1532994923857868,0.9988974641675854,0.1272419627749577,0.8291069459757442,0.15346869712351946,1.0,0.15346869712351946,1.0,0.15346869712351946,1.0,0.15346869712351946,1.0,0.15346869712351946,1.0,0.15346869712351946,1.0,0.15346869712351946,1.0,0.1350253807106599,0.8798235942668137,0.15346869712351946,1.0,0.15346869712351946,1.0,0.15346869712351946,1.0,0.11505922165820642,0.7497243660418964,0.15346869712351946,1.0,0.15346869712351946,1.0,0.1532994923857868,0.9988974641675854,0.15346869712351946,1.0,0.15346869712351946,1.0,0.15346869712351946,1.0,0.15346869712351946,1.0,0.14720812182741116,0.9592061742006616,0.15346869712351946,1.0,0.15346869712351946,1.0,0.15346869712351946,1.0,0.11573604060913706,0.7541345093715546,0.15346869712351946,1.0,0.15346869712351946,1.0,0.15346869712351946,1.0
74,0.15139375730262059,1.0,0.15139375730262059,1.0,0.15139375730262059,1.0,0.15139375730262059,1.0,0.15139375730262059,1.0,0.15139375730262059,1.0,0.15139375730262059,1.0,0.15089300617593057,0.9966923925027563,0.128693039559339,0.8500551267916208,0.15139375730262059,1.0,0.15139375730262059,1.0,0.15139375730262059,1.0,0.15139375730262059,1.0,0.15139375730262059,1.0,0.15139375730262059,1.0,0.15139375730262059,1.0,0.1500584209647805,0.9911797133406836,0.15139375730262059,1.0,0.15139375730262059,1.0,0.1512268402603906,0.9988974641675854,0.1255216157569688,0.8291069459757442,0.15139375730262059,1.0,0.15139375730262059,1.0,0.15139375730262059,1.0,0.15139375730262059,1.0,0.15139375730262059,1.0,0.15139375730262059,1.0,0.15139375730262059,1.0,0.15139375730262059,1.0,0.15139375730262059,1.0,0.15139375730262059,1.0,0.15089300617593057,0.9966923925027563,0.1387080620931397,0.9162072767364939,0.15139375730262059,1.0,0.15139375730262059,1.0,0.15139375730262059,1.0,0.15139375730262059,1.0,0.15139375730262059,1.0,0.15139375730262059,1.0,0.15139375730262059,1.0,0.15139375730262059,1.0,0.1512268402603906,0.9988974641675854,0.15139375730262059,1.0,0.15139375730262059,1.0,0.13637122350191955,0.9007717750826902,0.15139375730262059,1.0,0.15139375730262059,1.0,0.15139375730262059,1.0,0.15139375730262059,1.0,0.15139375730262059,1.0,0.15139375730262059,1.0,0.15139375730262059,1.0,0.15139375730262059,1.0,0.15139375730262059,1.0,0.15139375730262059,1.0,0.1512268402603906,0.9988974641675854,0.12685695209480888,0.8379272326350606,0.15139375730262059,1.0,0.15139375730262059,1.0,0.15139375730262059,1.0,0.15139375730262059,1.0,0.15139375730262059,1.0,0.15139375730262059,1.0,0.15139375730262059,1.0,0.1512268402603906,0.9988974641675854,0.15139375730262059,1.0,0.15139375730262059,1.0,0.15139375730262059,1.0,0.1256885327991988,0.8302094818081588,0.15139375730262059,1.0,0.15139375730262059,1.0,0.15139375730262059,1.0,0.15139375730262059,1.0,0.15139375730262059,1.0,0.15139375730262059,1.0,0.15139375730262059,1.0,0.1342013019529294,0.886438809261301,0.15139375730262059,1.0,0.15139375730262059,1.0,0.15139375730262059,1.0,0.11467200801201803,0.7574421168687983,0.15139375730262059,1.0,0.15139375730262059,1.0,0.1512268402603906,0.9988974641675854,0.15139375730262059,1.0,0.15139375730262059,1.0,0.15139375730262059,1.0,0.15139375730262059,1.0,0.1455516608245702,0.9614112458654906,0.15139375730262059,1.0,0.15139375730262059,1.0,0.15139375730262059,1.0,0.11517275913870806,0.7607497243660419,0.15139375730262059,1.0,0.15139375730262059,1.0,0.15139375730262059,1.0
75,0.1493741765480896,1.0,0.1493741765480896,1.0,0.1493741765480896,1.0,0.1493741765480896,1.0,0.1493741765480896,1.0,0.1493741765480896,1.0,0.1493741765480896,1.0,0.1490447957839262,0.9977949283351709,0.12763504611330698,0.8544652701212789,0.1493741765480896,1.0,0.1493741765480896,1.0,0.1493741765480896,1.0,0.1493741765480896,1.0,0.1493741765480896,1.0,0.1493741765480896,1.0,0.1493741765480896,1.0,0.1482213438735178,0.9922822491730982,0.1493741765480896,1.0,0.1493741765480896,1.0,0.1492094861660079,0.9988974641675854,0.12483530961791832,0.8357221609702316,0.1493741765480896,1.0,0.1493741765480896,1.0,0.1493741765480896,1.0,0.1493741765480896,1.0,0.1493741765480896,1.0,0.1493741765480896,1.0,0.1493741765480896,1.0,0.1493741765480896,1.0,0.1493741765480896,1.0,0.1493741765480896,1.0,0.1490447957839262,0.9977949283351709,0.1371870882740448,0.918412348401323,0.1493741765480896,1.0,0.1493741765480896,1.0,0.1493741765480896,1.0,0.1493741765480896,1.0,0.1493741765480896,1.0,0.1493741765480896,1.0,0.1493741765480896,1.0,0.1493741765480896,1.0,0.1492094861660079,0.9988974641675854,0.1493741765480896,1.0,0.1493741765480896,1.0,0.13570487483530963,0.9084895259095921,0.1493741765480896,1.0,0.1493741765480896,1.0,0.1493741765480896,1.0,0.1493741765480896,1.0,0.1493741765480896,1.0,0.1493741765480896,1.0,0.1493741765480896,1.0,0.1493741765480896,1.0,0.1493741765480896,1.0,0.1493741765480896,1.0,0.1492094861660079,0.9988974641675854,0.1259881422924901,0.8434399117971334,0.1493741765480896,1.0,0.1493741765480896,1.0,0.1493741765480896,1.0,0.1493741765480896,1.0,0.1493741765480896,1.0,0.1493741765480896,1.0,0.1493741765480896,1.0,0.1492094861660079,0.9988974641675854,0.1493741765480896,1.0,0.1493741765480896,1.0,0.1493741765480896,1.0,0.12483530961791832,0.8357221609702316,0.1493741765480896,1.0,0.1493741765480896,1.0,0.1493741765480896,1.0,0.1493741765480896,1.0,0.1493741765480896,1.0,0.1493741765480896,1.0,0.1493741765480896,1.0,0.13323451910408432,0.8919514884233738,0.1493741765480896,1.0,0.1493741765480896,1.0,0.1493741765480896,1.0,0.11413043478260869,0.7640573318632855,0.1493741765480896,1.0,0.1493741765480896,1.0,0.1492094861660079,0.9988974641675854,0.1493741765480896,1.0,0.1493741765480896,1.0,0.1493741765480896,1.0,0.1493741765480896,1.0,0.14377470355731226,0.9625137816979051,0.1493741765480896,1.0,0.1493741765480896,1.0,0.1493741765480896,1.0,0.11511857707509882,0.7706725468577729,0.1493741765480896,1.0,0.1493741765480896,1.0,0.1493741765480896,1.0
76,0.14743172951885566,1.0,0.14743172951885566,1.0,0.14743172951885566,1.0,0.14743172951885566,1.0,0.14743172951885566,1.0,0.14743172951885566,1.0,0.14743172951885566,1.0,0.1471066319895969,0.9977949283351709,0.1267880364109233,0.8599779492833517,0.14743172951885566,1.0,0.14743172951885566,1.0,0.14743172951885566,1.0,0.14743172951885566,1.0,0.14743172951885566,1.0,0.14743172951885566,1.0,0.14743172951885566,1.0,0.14629388816644995,0.9922822491730982,0.14743172951885566,1.0,0.14743172951885566,1.0,0.14726918075422626,0.9988974641675854,0.12483745123537061,0.8467475192943771,0.14743172951885566,1.0,0.14743172951885566,1.0,0.14743172951885566,1.0,0.14743172951885566,1.0,0.14743172951885566,1.0,0.14743172951885566,1.0,0.14743172951885566,1.0,0.14743172951885566,1.0,0.14743172951885566,1.0,0.14743172951885566,1.0,0.1471066319895969,0.9977949283351709,0.13605331599479845,0.9228224917309813,0.14743172951885566,1.0,0.14743172951885566,1.0,0.14743172951885566,1.0,0.14743172951885566,1.0,0.14743172951885566,1.0,0.14743172951885566,1.0,0.14743172951885566,1.0,0.14743172951885566,1.0,0.14726918075422626,0.9988974641675854,0.14743172951885566,1.0,0.14743172951885566,1.0,0.13475292587776333,0.9140022050716649,0.14743172951885566,1.0,0.14743172951885566,1.0,0.14743172951885566,1.0,0.14743172951885566,1.0,0.14743172951885566,1.0,0.14743172951885566,1.0,0.14743172951885566,1.0,0.14743172951885566,1.0,0.14743172951885566,1.0,0.14743172951885566,1.0,0.14726918075422626,0.9988974641675854,0.12548764629388817,0.8511576626240352,0.14743172951885566,1.0,0.14743172951885566,1.0,0.14743172951885566,1.0,0.14743172951885566,1.0,0.14743172951885566,1.0,0.14743172951885566,1.0,0.14743172951885566,1.0,0.14743172951885566,1.0,0.14743172951885566,1.0,0.14743172951885566,1.0,0.14743172951885566,1.0,0.12418725617685306,0.8423373759647188,0.14743172951885566,1.0,0.14743172951885566,1.0,0.14743172951885566,1.0,0.14743172951885566,1.0,0.14743172951885566,1.0,0.14743172951885566,1.0,0.14743172951885566,1.0,0.13280234070221067,0.9007717750826902,0.14743172951885566,1.0,0.14743172951885566,1.0,0.14743172951885566,1.0,0.11427178153446034,0.7750826901874311,0.14743172951885566,1.0,0.14743172951885566,1.0,0.14726918075422626,0.9988974641675854,0.14743172951885566,1.0,0.14743172951885566,1.0,0.14743172951885566,1.0,0.14743172951885566,1.0,0.14223016905071523,0.9647188533627343,0.14743172951885566,1.0,0.14743172951885566,1.0,0.14743172951885566,1.0,0.11443433029908973,0.7761852260198456,0.14743172951885566,1.0,0.14743172951885566,1.0,0.14743172951885566,1.0
77,0.1455158029841168,1.0,0.1455158029841168,1.0,0.1455158029841168,1.0,0.1455158029841168,1.0,0.1455158029841168,1.0,0.1455158029841168,1.0,0.1455158029841168,1.0,0.14535536659714424,0.9988974641675854,0.1256216909995187,0.8632855567805954,0.1455158029841168,1.0,0.1455158029841168,1.0,0.1455158029841168,1.0,0.1455158029841168,1.0,0.1455158029841168,1.0,0.1455158029841168,1.0,0.1455158029841168,1.0,0.1445531846622814,0.9933847850055126,0.1455158029841168,1.0,0.1455158029841168,1.0,0.14535536659714424,0.9988974641675854,0.1241777635167656,0.8533627342888643,0.1455158029841168,1.0,0.1455158029841168,1.0,0.1455158029841168,1.0,0.1455158029841168,1.0,0.1455158029841168,1.0,0.1455158029841168,1.0,0.1455158029841168,1.0,0.1455158029841168,1.0,0.1455158029841168,1.0,0.1455158029841168,1.0,0.14535536659714424,0.9988974641675854,0.13476656505695492,0.9261300992282249,0.1455158029841168,1.0,0.1455158029841168,1.0,0.1455158029841168,1.0,0.1455158029841168,1.0,0.1455158029841168,1.0,0.1455158029841168,1.0,0.1455158029841168,1.0,0.1455158029841168,1.0,0.14535536659714424,0.9988974641675854,0.1455158029841168,1.0,0.1455158029841168,1.0,0.1342852558960372,0.9228224917309813,0.1455158029841168,1.0,0.1455158029841168,1.0,0.1455158029841168,1.0,0.1455158029841168,1.0,0.1455158029841168,1.0,0.1455158029841168,1.0,0.1455158029841168,1.0,0.1455158029841168,1.0,0.1455158029841168,1.0,0.1455158029841168,1.0,0.14535536659714424,0.9988974641675854,0.125140381838601,0.8599779492833517,0.1455158029841168,1.0,0.1455158029841168,1.0,0.1455158029841168,1.0,0.1455158029841168,1.0,0.1455158029841168,1.0,0.1455158029841168,1.0,0.1455158029841168,1.0,0.1455158029841168,1.0,0.1455158029841168,1.0,0.1455158029841168,1.0,0.1455158029841168,1.0,0.1241777635167656,0.8533627342888643,0.1455158029841168,1.0,0.1455158029841168,1.0,0.1455158029841168,1.0,0.1455158029841168,1.0,0.1455158029841168,1.0,0.1455158029841168,1.0,0.1455158029841168,1.0,0.13155783731750362,0.9040793825799338,0.1455158029841168,1.0,0.1455158029841168,1.0,0.1455158029841168,1.0,0.11342852558960372,0.7794928335170893,0.1455158029841168,1.0,0.1455158029841168,1.0,0.14535536659714424,0.9988974641675854,0.1455158029841168,1.0,0.1455158029841168,1.0,0.1455158029841168,1.0,0.1455158029841168,1.0,0.14070271137493984,0.9669239250275634,0.1455158029841168,1.0,0.1455158029841168,1.0,0.1455158029841168,1.0,0.11374939836354886,0.7816979051819184,0.1455158029841168,1.0,0.1455158029841168,1.0,0.1455158029841168,1.0
78,0.14364903389293635,1.0,0.14364903389293635,1.0,0.14364903389293635,1.0,0.14364903389293635,1.0,0.14364903389293635,1.0,0.14364903389293635,1.0,0.14364903389293635,1.0,0.14349065568577762,0.9988974641675854,0.12432689261957555,0.8654906284454245,0.14364903389293635,1.0,0.14364903389293635,1.0,0.14364903389293635,1.0,0.14364903389293635,1.0,0.14364903389293635,1.0,0.14364903389293635,1.0,0.14364903389293635,1.0,0.14301552106430154,0.9955898566703418,0.14364903389293635,1.0,0.14364903389293635,1.0,0.14349065568577762,0.9988974641675854,0.12369337979094076,0.8610804851157663,0.14364903389293635,1.0,0.14364903389293635,1.0,0.14364903389293635,1.0,0.14364903389293635,1.0,0.14364903389293635,1.0,0.14364903389293635,1.0,0.14364903389293635,1.0,0.14364903389293635,1.0,0.14364903389293635,1.0,0.14364903389293635,1.0,0.14349065568577762,0.9988974641675854,0.13430471967057334,0.9349503858875413,0.14364903389293635,1.0,0.14364903389293635,1.0,0.14364903389293635,1.0,0.14364903389293635,1.0,0.14364903389293635,1.0,0.14364903389293635,1.0,0.14364903389293635,1.0,0.14364903389293635,1.0,0.14349065568577762,0.9988974641675854,0.14364903389293635,1.0,0.14364903389293635,1.0,0.13351282863477987,0.9294377067254685,0.14364903389293635,1.0,0.14364903389293635,1.0,0.14364903389293635,1.0,0.14364903389293635,1.0,0.14364903389293635,1.0,0.14364903389293635,1.0,0.14364903389293635,1.0,0.14364903389293635,1.0,0.14364903389293635,1.0,0.14364903389293635,1.0,0.14349065568577762,0.9988974641675854,0.12432689261957555,0.8654906284454245,0.14364903389293635,1.0,0.14364903389293635,1.0,0.14364903389293635,1.0,0.14364903389293635,1.0,0.14364903389293635,1.0,0.14364903389293635,1.0,0.14364903389293635,1.0,0.14364903389293635,1.0,0.14364903389293635,1.0,0.14364903389293635,1.0,0.14364903389293635,1.0,0.12401013620525815,0.8632855567805954,0.14364903389293635,1.0,0.14364903389293635,1.0,0.14364903389293635,1.0,0.14364903389293635,1.0,0.14364903389293635,1.0,0.14364903389293635,1.0,0.14364903389293635,1.0,0.13082039911308205,0.9106945975744212,0.14364903389293635,1.0,0.14364903389293635,1.0,0.14364903389293635,1.0,0.11276528349699082,0.7850055126791621,0.14364903389293635,1.0,0.14364903389293635,1.0,0.14349065568577762,0.9988974641675854,0.14364903389293635,1.0,0.14364903389293635,1.0,0.14364903389293635,1.0,0.14364903389293635,1.0,0.13921444409249287,0.9691289966923925,0.14364903389293635,1.0,0.14364903389293635,1.0,0.14364903389293635,1.0,0.11355717453278429,0.7905181918412348,0.14364903389293635,1.0,0.14364903389293635,1.0,0.14364903389293635,1.0
79,0.1418295543393276,1.0,0.1418295543393276,1.0,0.1418295543393276,1.0,0.1418295543393276,1.0,0.1418295543393276,1.0,0.1418295543393276,1.0,0.1418295543393276,1.0,0.1416731821735731,0.9988974641675854,0.1235340109460516,0.8710033076074972,0.1418295543393276,1.0,0.1418295543393276,1.0,0.1418295543393276,1.0,0.1418295543393276,1.0,0.1418295543393276,1.0,0.1418295543393276,1.0,0.1418295543393276,1.0,0.14136043784206412,0.9966923925027563,0.1418295543393276,1.0,0.1418295543393276,1.0,0.1416731821735731,0.9988974641675854,0.12306489444878811,0.8676957001102535,0.1418295543393276,1.0,0.1418295543393276,1.0,0.1418295543393276,1.0,0.1418295543393276,1.0,0.1418295543393276,1.0,0.1418295543393276,1.0,0.1418295543393276,1.0,0.1418295543393276,1.0,0.1418295543393276,1.0,0.1418295543393276,1.0,0.1416731821735731,0.9988974641675854,0.13291634089132134,0.9371554575523704,0.1418295543393276,1.0,0.1418295543393276,1.0,0.1418295543393276,1.0,0.1418295543393276,1.0,0.1418295543393276,1.0,0.1418295543393276,1.0,0.1418295543393276,1.0,0.1418295543393276,1.0,0.1418295543393276,1.0,0.1418295543393276,1.0,0.1418295543393276,1.0,0.13244722439405784,0.9338478500551268,0.1418295543393276,1.0,0.1418295543393276,1.0,0.1418295543393276,1.0,0.1418295543393276,1.0,0.1418295543393276,1.0,0.1418295543393276,1.0,0.1418295543393276,1.0,0.1418295543393276,1.0,0.1418295543393276,1.0,0.1418295543393276,1.0,0.1416731821735731,0.9988974641675854,0.1233776387802971,0.8699007717750827,0.1418295543393276,1.0,0.1418295543393276,1.0,0.1418295543393276,1.0,0.1418295543393276,1.0,0.1418295543393276,1.0,0.1418295543393276,1.0,0.1418295543393276,1.0,0.1418295543393276,1.0,0.1418295543393276,1.0,0.1418295543393276,1.0,0.1418295543393276,1.0,0.1233776387802971,0.8699007717750827,0.1418295543393276,1.0,0.1418295543393276,1.0,0.1418295543393276,1.0,0.1418295543393276,1.0,0.1418295543393276,1.0,0.1418295543393276,1.0,0.1418295543393276,1.0,0.12994526974198592,0.9162072767364939,0.1418295543393276,1.0,0.1418295543393276,1.0,0.1418295543393276,1.0,0.1125879593432369,0.7938257993384785,0.1418295543393276,1.0,0.1418295543393276,1.0,0.1418295543393276,1.0,0.1418295543393276,1.0,0.1418295543393276,1.0,0.1418295543393276,1.0,0.1418295543393276,1.0,0.1376075058639562,0.9702315325248071,0.1418295543393276,1.0,0.1418295543393276,1.0,0.1418295543393276,1.0,0.11290070367474589,0.7960308710033076,0.1418295543393276,1.0,0.1418295543393276,1.0,0.1418295543393276,1.0
80,0.1400555898702903,1.0,0.1400555898702903,1.0,0.1400555898702903,1.0,0.1400555898702903,1.0,0.1400555898702903,1.0,0.1400555898702903,1.0,0.1400555898702903,1.0,0.13990117356392834,0.9988974641675854,0.1230697961704756,0.8787210584343991,0.1400555898702903,1.0,0.1400555898702903,1.0,0.1400555898702903,1.0,0.1400555898702903,1.0,0.1400555898702903,1.0,0.1400555898702903,1.0,0.1400555898702903,1.0,0.1397467572575664,0.9977949283351709,0.1400555898702903,1.0,0.1400555898702903,1.0,0.13990117356392834,0.9988974641675854,0.12260654725138975,0.8754134509371555,0.1400555898702903,1.0,0.1400555898702903,1.0,0.1400555898702903,1.0,0.1400555898702903,1.0,0.1400555898702903,1.0,0.1400555898702903,1.0,0.1400555898702903,1.0,0.1400555898702903,1.0,0.1400555898702903,1.0,0.1400555898702903,1.0,0.13990117356392834,0.9988974641675854,0.13202594193946882,0.9426681367144433,0.1400555898702903,1.0,0.1400555898702903,1.0,0.1400555898702903,1.0,0.1400555898702903,1.0,0.1400555898702903,1.0,0.1400555898702903,1.0,0.1400555898702903,1.0,0.1400555898702903,1.0,0.1400555898702903,1.0,0.1400555898702903,1.0,0.1400555898702903,1.0,0.13218035824583077,0.9437706725468578,0.1400555898702903,1.0,0.1400555898702903,1.0,0.1400555898702903,1.0,0.1400555898702903,1.0,0.1400555898702903,1.0,0.1400555898702903,1.0,0.1400555898702903,1.0,0.1400555898702903,1.0,0.1400555898702903,1.0,0.1400555898702903,1.0,0.13990117356392834,0.9988974641675854,0.12291537986411365,0.8776185226019846,0.1400555898702903,1.0,0.1400555898702903,1.0,0.1400555898702903,1.0,0.1400555898702903,1.0,0.1400555898702903,1.0,0.1400555898702903,1.0,0.1400555898702903,1.0,0.1400555898702903,1.0,0.1400555898702903,1.0,0.1400555898702903,1.0,0.1400555898702903,1.0,0.12260654725138975,0.8754134509371555,0.1400555898702903,1.0,0.1400555898702903,1.0,0.1400555898702903,1.0,0.1400555898702903,1.0,0.1400555898702903,1.0,0.1400555898702903,1.0,0.1400555898702903,1.0,0.1287831995058678,0.9195148842337376,0.1400555898702903,1.0,0.1400555898702903,1.0,0.1400555898702903,1.0,0.11272390364422483,0.804851157662624,0.1400555898702903,1.0,0.1400555898702903,1.0,0.1400555898702903,1.0,0.1400555898702903,1.0,0.1400555898702903,1.0,0.1400555898702903,1.0,0.1400555898702903,1.0,0.13588634959851761,0.9702315325248071,0.1400555898702903,1.0,0.1400555898702903,1.0,0.1400555898702903,1.0,0.11349598517603458,0.8103638368246968,0.1400555898702903,1.0,0.1400555898702903,1.0,0.1400555898702903,1.0
81,0.13832545371358854,1.0,0.13832545371358854,1.0,0.13832545371358854,1.0,0.13832545371358854,1.0,0.13832545371358854,1.0,0.13832545371358854,1.0,0.13832545371358854,1.0,0.1381729449443343,0.9988974641675854,0.12154948909562299,0.8787210584343991,0.13832545371358854,1.0,0.13832545371358854,1.0,0.13832545371358854,1.0,0.13832545371358854,1.0,0.13832545371358854,1.0,0.13832545371358854,1.0,0.13832545371358854,1.0,0.1381729449443343,0.9988974641675854,0.13832545371358854,1.0,0.13832545371358854,1.0,0.1381729449443343,0.9988974641675854,0.12215952417263992,0.8831312017640573,0.13832545371358854,1.0,0.13832545371358854,1.0,0.13832545371358854,1.0,0.13832545371358854,1.0,0.13832545371358854,1.0,0.13832545371358854,1.0,0.13832545371358854,1.0,0.13832545371358854,1.0,0.13832545371358854,1.0,0.13832545371358854,1.0,0.1381729449443343,0.9988974641675854,0.13070001525087693,0.9448732083792724,0.13832545371358854,1.0,0.13832545371358854,1.0,0.13832545371358854,1.0,0.13832545371358854,1.0,0.13832545371358854,1.0,0.13832545371358854,1.0,0.13832545371358854,1.0,0.13832545371358854,1.0,0.13832545371358854,1.0,0.13832545371358854,1.0,0.13832545371358854,1.0,0.13115754155863962,0.948180815876516,0.13832545371358854,1.0,0.13832545371358854,1.0,0.13832545371358854,1.0,0.13832545371358854,1.0,0.13832545371358854,1.0,0.13832545371358854,1.0,0.13832545371358854,1.0,0.13832545371358854,1.0,0.13832545371358854,1.0,0.13832545371358854,1.0,0.1381729449443343,0.9988974641675854,0.12185450663413146,0.8809261300992283,0.13832545371358854,1.0,0.13832545371358854,1.0,0.13832545371358854,1.0,0.13832545371358854,1.0,0.13832545371358854,1.0,0.13832545371358854,1.0,0.13832545371358854,1.0,0.13832545371358854,1.0,0.13832545371358854,1.0,0.13832545371358854,1.0,0.13832545371358854,1.0,0.12215952417263992,0.8831312017640573,0.13832545371358854,1.0,0.13832545371358854,1.0,0.13832545371358854,1.0,0.13832545371358854,1.0,0.13832545371358854,1.0,0.13832545371358854,1.0,0.13832545371358854,1.0,0.12795485740430074,0.9250275633958104,0.13832545371358854,1.0,0.13832545371358854,1.0,0.13832545371358854,1.0,0.113008998017386,0.8169790518191842,0.13832545371358854,1.0,0.13832545371358854,1.0,0.13832545371358854,1.0,0.13832545371358854,1.0,0.13832545371358854,1.0,0.13832545371358854,1.0,0.13832545371358854,1.0,0.1343602257129785,0.9713340683572216,0.13832545371358854,1.0,0.13832545371358854,1.0,0.13832545371358854,1.0,0.1134665243251487,0.8202866593164277,0.13832545371358854,1.0,0.13832545371358854,1.0,0.13832545371358854,1.0
82,0.136637541428141,1.0,0.136637541428141,1.0,0.136637541428141,1.0,0.136637541428141,1.0,0.136637541428141,1.0,0.136637541428141,1.0,0.136637541428141,1.0,0.13648689364266345,0.9988974641675854,0.121120819523953,0.886438809261301,0.136637541428141,1.0,0.136637541428141,1.0,0.136637541428141,1.0,0.136637541428141,1.0,0.136637541428141,1.0,0.136637541428141,1.0,0.136637541428141,1.0,0.13648689364266345,0.9988974641675854,0.136637541428141,1.0,0.136637541428141,1.0,0.136637541428141,1.0,0.12232600180777342,0.8952590959206174,0.136637541428141,1.0,0.136637541428141,1.0,0.136637541428141,1.0,0.136637541428141,1.0,0.136637541428141,1.0,0.136637541428141,1.0,0.136637541428141,1.0,0.136637541428141,1.0,0.136637541428141,1.0,0.136637541428141,1.0,0.13648689364266345,0.9988974641675854,0.12910515215426333,0.9448732083792724,0.136637541428141,1.0,0.136637541428141,1.0,0.136637541428141,1.0,0.136637541428141,1.0,0.136637541428141,1.0,0.136637541428141,1.0,0.136637541428141,1.0,0.136637541428141,1.0,0.136637541428141,1.0,0.136637541428141,1.0,0.136637541428141,1.0,0.13000903886712864,0.9514884233737596,0.136637541428141,1.0,0.136637541428141,1.0,0.136637541428141,1.0,0.136637541428141,1.0,0.136637541428141,1.0,0.136637541428141,1.0,0.136637541428141,1.0,0.136637541428141,1.0,0.136637541428141,1.0,0.136637541428141,1.0,0.13648689364266345,0.9988974641675854,0.12097017173847545,0.8853362734288864,0.136637541428141,1.0,0.136637541428141,1.0,0.136637541428141,1.0,0.136637541428141,1.0,0.136637541428141,1.0,0.136637541428141,1.0,0.136637541428141,1.0,0.136637541428141,1.0,0.136637541428141,1.0,0.136637541428141,1.0,0.136637541428141,1.0,0.12172341066586322,0.8908489525909592,0.136637541428141,1.0,0.136637541428141,1.0,0.136637541428141,1.0,0.136637541428141,1.0,0.136637541428141,1.0,0.136637541428141,1.0,0.136637541428141,1.0,0.1272973787285327,0.9316427783902976,0.136637541428141,1.0,0.136637541428141,1.0,0.136637541428141,1.0,0.1129858391081651,0.8269018743109151,0.136637541428141,1.0,0.136637541428141,1.0,0.136637541428141,1.0,0.136637541428141,1.0,0.136637541428141,1.0,0.136637541428141,1.0,0.136637541428141,1.0,0.13287134679120216,0.9724366041896362,0.136637541428141,1.0,0.136637541428141,1.0,0.136637541428141,1.0,0.11313648689364267,0.8280044101433297,0.136637541428141,1.0,0.136637541428141,1.0,0.136637541428141,1.0
83,0.13499032594136032,1.0,0.13499032594136032,1.0,0.13499032594136032,1.0,0.13499032594136032,1.0,0.13499032594136032,1.0,0.13499032594136032,1.0,0.13499032594136032,1.0,0.13499032594136032,1.0,0.12070248548891203,0.8941565600882029,0.13499032594136032,1.0,0.13499032594136032,1.0,0.13499032594136032,1.0,0.13499032594136032,1.0,0.13499032594136032,1.0,0.13499032594136032,1.0,0.13499032594136032,1.0,0.13484149426998066,0.9988974641675854,0.13499032594136032,1.0,0.13499032594136032,1.0,0.13499032594136032,1.0,0.12174430718856973,0.9018743109151047,0.13499032594136032,1.0,0.13499032594136032,1.0,0.13499032594136032,1.0,0.13499032594136032,1.0,0.13499032594136032,1.0,0.13499032594136032,1.0,0.13499032594136032,1.0,0.13499032594136032,1.0,0.13499032594136032,1.0,0.13499032594136032,1.0,0.13499032594136032,1.0,0.12814406905789552,0.9492833517089305,0.13499032594136032,1.0,0.13499032594136032,1.0,0.13499032594136032,1.0,0.13499032594136032,1.0,0.13499032594136032,1.0,0.13499032594136032,1.0,0.13499032594136032,1.0,0.13499032594136032,1.0,0.13499032594136032,1.0,0.13499032594136032,1.0,0.13499032594136032,1.0,0.1291858907575532,0.9570011025358324,0.13499032594136032,1.0,0.13499032594136032,1.0,0.13499032594136032,1.0,0.13499032594136032,1.0,0.13499032594136032,1.0,0.13499032594136032,1.0,0.13499032594136032,1.0,0.13499032594136032,1.0,0.13499032594136032,1.0,0.13499032594136032,1.0,0.13484149426998066,0.9988974641675854,0.1199583271320137,0.8886438809261301,0.13499032594136032,1.0,0.13499032594136032,1.0,0.13499032594136032,1.0,0.13499032594136032,1.0,0.13499032594136032,1.0,0.13499032594136032,1.0,0.13499032594136032,1.0,0.13499032594136032,1.0,0.13499032594136032,1.0,0.13499032594136032,1.0,0.13499032594136032,1.0,0.12204197053132906,0.9040793825799338,0.13499032594136032,1.0,0.13499032594136032,1.0,0.13499032594136032,1.0,0.13499032594136032,1.0,0.13499032594136032,1.0,0.13499032594136032,1.0,0.13499032594136032,1.0,0.12606042565858014,0.9338478500551268,0.13499032594136032,1.0,0.13499032594136032,1.0,0.13499032594136032,1.0,0.11281440690578955,0.8357221609702316,0.13499032594136032,1.0,0.13499032594136032,1.0,0.13499032594136032,1.0,0.13499032594136032,1.0,0.13499032594136032,1.0,0.13499032594136032,1.0,0.13499032594136032,1.0,0.13141836582824826,0.9735391400220507,0.13499032594136032,1.0,0.13499032594136032,1.0,0.13499032594136032,1.0,0.11340973359130824,0.8401323042998897,0.13499032594136032,1.0,0.13499032594136032,1.0,0.13499032594136032,1.0
84,0.13338235294117648,1.0,0.13338235294117648,1.0,0.13338235294117648,1.0,0.13338235294117648,1.0,0.13338235294117648,1.0,0.13338235294117648,1.0,0.13338235294117648,1.0,0.13338235294117648,1.0,0.11926470588235294,0.8941565600882029,0.13338235294117648,1.0,0.13338235294117648,1.0,0.13338235294117648,1.0,0.13338235294117648,1.0,0.13338235294117648,1.0,0.13338235294117648,1.0,0.13338235294117648,1.0,0.13323529411764706,0.9988974641675854,0.13338235294117648,1.0,0.13338235294117648,1.0,0.13338235294117648,1.0,0.12102941176470589,0.9073869900771775,0.13338235294117648,1.0,0.13338235294117648,1.0,0.13338235294117648,1.0,0.13338235294117648,1.0,0.13338235294117648,1.0,0.13338235294117648,1.0,0.13338235294117648,1.0,0.13338235294117648,1.0,0.13338235294117648,1.0,0.13338235294117648,1.0,0.13338235294117648,1.0,0.12764705882352942,0.9570011025358324,0.13338235294117648,1.0,0.13338235294117648,1.0,0.13338235294117648,1.0,0.13338235294117648,1.0,0.13338235294117648,1.0,0.13338235294117648,1.0,0.13338235294117648,1.0,0.13338235294117648,1.0,0.13338235294117648,1.0,0.13338235294117648,1.0,0.13338235294117648,1.0,0.12838235294117648,0.9625137816979051,0.13338235294117648,1.0,0.13338235294117648,1.0,0.13338235294117648,1.0,0.13338235294117648,1.0,0.13338235294117648,1.0,0.13338235294117648,1.0,0.13338235294117648,1.0,0.13338235294117648,1.0,0.13338235294117648,1.0,0.13338235294117648,1.0,0.13323529411764706,0.9988974641675854,0.11926470588235294,0.8941565600882029,0.13338235294117648,1.0,0.13338235294117648,1.0,0.13338235294117648,1.0,0.13338235294117648,1.0,0.13338235294117648,1.0,0.13338235294117648,1.0,0.13338235294117648,1.0,0.13338235294117648,1.0,0.13338235294117648,1.0,0.13338235294117648,1.0,0.13338235294117648,1.0,0.12147058823529412,0.9106945975744212,0.13338235294117648,1.0,0.13338235294117648,1.0,0.13338235294117648,1.0,0.13338235294117648,1.0,0.13338235294117648,1.0,0.13338235294117648,1.0,0.13338235294117648,1.0,0.12573529411764706,0.9426681367144433,0.13338235294117648,1.0,0.13338235294117648,1.0,0.13338235294117648,1.0,0.11323529411764706,0.8489525909592062,0.13338235294117648,1.0,0.13338235294117648,1.0,0.13338235294117648,1.0,0.13338235294117648,1.0,0.13338235294117648,1.0,0.13338235294117648,1.0,0.13338235294117648,1.0,0.1298529411764706,0.9735391400220507,0.13338235294117648,1.0,0.13338235294117648,1.0,0.13338235294117648,1.0,0.11323529411764706,0.8489525909592062,0.13338235294117648,1.0,0.13338235294117648,1.0,0.13338235294117648,1.0
85,0.13181223659351837,1.0,0.13181223659351837,1.0,0.13181223659351837,1.0,0.13181223659351837,1.0,0.13181223659351837,1.0,0.13181223659351837,1.0,0.13181223659351837,1.0,0.13181223659351837,1.0,0.11858741461996802,0.8996692392502756,0.13181223659351837,1.0,0.13181223659351837,1.0,0.13181223659351837,1.0,0.13181223659351837,1.0,0.13181223659351837,1.0,0.13181223659351837,1.0,0.13181223659351837,1.0,0.13181223659351837,1.0,0.13181223659351837,1.0,0.13181223659351837,1.0,0.13181223659351837,1.0,0.1204766749019038,0.9140022050716649,0.13181223659351837,1.0,0.13181223659351837,1.0,0.13181223659351837,1.0,0.13181223659351837,1.0,0.13181223659351837,1.0,0.13181223659351837,1.0,0.13181223659351837,1.0,0.13181223659351837,1.0,0.13181223659351837,1.0,0.13181223659351837,1.0,0.13181223659351837,1.0,0.1268710943176864,0.9625137816979051,0.13181223659351837,1.0,0.13181223659351837,1.0,0.13181223659351837,1.0,0.13181223659351837,1.0,0.13181223659351837,1.0,0.13181223659351837,1.0,0.13181223659351837,1.0,0.13181223659351837,1.0,0.13181223659351837,1.0,0.13181223659351837,1.0,0.13181223659351837,1.0,0.1278883883156518,0.9702315325248071,0.13181223659351837,1.0,0.13181223659351837,1.0,0.13181223659351837,1.0,0.13181223659351837,1.0,0.13181223659351837,1.0,0.13181223659351837,1.0,0.13181223659351837,1.0,0.13181223659351837,1.0,0.13181223659351837,1.0,0.13181223659351837,1.0,0.13181223659351837,1.0,0.11829675919197791,0.8974641675854466,0.13181223659351837,1.0,0.13181223659351837,1.0,0.13181223659351837,1.0,0.13181223659351837,1.0,0.13181223659351837,1.0,0.13181223659351837,1.0,0.13181223659351837,1.0,0.13181223659351837,1.0,0.13181223659351837,1.0,0.13181223659351837,1.0,0.13181223659351837,1.0,0.12091265804388897,0.9173098125689085,0.13181223659351837,1.0,0.13181223659351837,1.0,0.13181223659351837,1.0,0.13181223659351837,1.0,0.13181223659351837,1.0,0.13181223659351837,1.0,0.13181223659351837,1.0,0.12483650632175555,0.9470782800441014,0.13181223659351837,1.0,0.13181223659351837,1.0,0.13181223659351837,1.0,0.11321028920215084,0.8588754134509372,0.13181223659351837,1.0,0.13181223659351837,1.0,0.13181223659351837,1.0,0.13181223659351837,1.0,0.13181223659351837,1.0,0.13181223659351837,1.0,0.13181223659351837,1.0,0.12846969917163203,0.9746416758544653,0.13181223659351837,1.0,0.13181223659351837,1.0,0.13181223659351837,1.0,0.11364627234413603,0.8621830209481808,0.13181223659351837,1.0,0.13181223659351837,1.0,0.13181223659351837,1.0
86,0.13027865555874749,1.0,0.13027865555874749,1.0,0.13027865555874749,1.0,0.13027865555874749,1.0,0.13027865555874749,1.0,0.13027865555874749,1.0,0.13027865555874749,1.0,0.13027865555874749,1.0,0.11778224648089629,0.9040793825799338,0.13027865555874749,1.0,0.13027865555874749,1.0,0.13027865555874749,1.0,0.13027865555874749,1.0,0.13027865555874749,1.0,0.13027865555874749,1.0,0.13027865555874749,1.0,0.13027865555874749,1.0,0.13027865555874749,1.0,0.13027865555874749,1.0,0.13027865555874749,1.0,0.12065498419994254,0.9261300992282249,0.13027865555874749,1.0,0.13027865555874749,1.0,0.13027865555874749,1.0,0.13027865555874749,1.0,0.13027865555874749,1.0,0.13027865555874749,1.0,0.13027865555874749,1.0,0.13027865555874749,1.0,0.13027865555874749,1.0,0.13027865555874749,1.0,0.13027865555874749,1.0,0.12553863832232118,0.9636163175303197,0.13027865555874749,1.0,0.13027865555874749,1.0,0.13027865555874749,1.0,0.13027865555874749,1.0,0.13027865555874749,1.0,0.13027865555874749,1.0,0.13027865555874749,1.0,0.13027865555874749,1.0,0.13027865555874749,1.0,0.13027865555874749,1.0,0.13027865555874749,1.0,0.12726228095374892,0.9768467475192943,0.13027865555874749,1.0,0.13027865555874749,1.0,0.13027865555874749,1.0,0.13027865555874749,1.0,0.13027865555874749,1.0,0.13027865555874749,1.0,0.13027865555874749,1.0,0.13027865555874749,1.0,0.13027865555874749,1.0,0.13027865555874749,1.0,0.13027865555874749,1.0,0.1179258833668486,0.9051819184123484,0.13027865555874749,1.0,0.13027865555874749,1.0,0.13027865555874749,1.0,0.13027865555874749,1.0,0.13027865555874749,1.0,0.13027865555874749,1.0,0.13027865555874749,1.0,0.13027865555874749,1.0,0.13027865555874749,1.0,0.13027865555874749,1.0,0.13027865555874749,1.0,0.12079862108589486,0.9272326350606395,0.13027865555874749,1.0,0.13027865555874749,1.0,0.13027865555874749,1.0,0.13027865555874749,1.0,0.13027865555874749,1.0,0.13027865555874749,1.0,0.13027865555874749,1.0,0.12381499569089342,0.9503858875413451,0.13027865555874749,1.0,0.13027865555874749,1.0,0.13027865555874749,1.0,0.11462223498994542,0.8798235942668137,0.13027865555874749,1.0,0.13027865555874749,1.0,0.13027865555874749,1.0,0.13027865555874749,1.0,0.13027865555874749,1.0,0.13027865555874749,1.0,0.13027865555874749,1.0,0.12754955472565355,0.9790518191841234,0.13027865555874749,1.0,0.13027865555874749,1.0,0.13027865555874749,1.0,0.1144785981039931,0.8787210584343991,0.13027865555874749,1.0,0.13027865555874749,1.0,0.13027865555874749,1.0
87,0.128780349282976,1.0,0.128780349282976,1.0,0.128780349282976,1.0,0.128780349282976,1.0,0.128780349282976,1.0,0.128780349282976,1.0,0.128780349282976,1.0,0.128780349282976,1.0,0.1168536135169672,0.9073869900771775,0.128780349282976,1.0,0.128780349282976,1.0,0.128780349282976,1.0,0.128780349282976,1.0,0.128780349282976,1.0,0.128780349282976,1.0,0.128780349282976,1.0,0.128780349282976,1.0,0.128780349282976,1.0,0.128780349282976,1.0,0.128780349282976,1.0,0.12040323725685077,0.9349503858875413,0.128780349282976,1.0,0.128780349282976,1.0,0.128780349282976,1.0,0.128780349282976,1.0,0.128780349282976,1.0,0.128780349282976,1.0,0.128780349282976,1.0,0.128780349282976,1.0,0.128780349282976,1.0,0.128780349282976,1.0,0.128780349282976,1.0,0.12452080079511572,0.9669239250275634,0.128780349282976,1.0,0.128780349282976,1.0,0.128780349282976,1.0,0.128780349282976,1.0,0.128780349282976,1.0,0.128780349282976,1.0,0.128780349282976,1.0,0.128780349282976,1.0,0.128780349282976,1.0,0.128780349282976,1.0,0.128780349282976,1.0,0.12622462019025985,0.980154355016538,0.128780349282976,1.0,0.128780349282976,1.0,0.128780349282976,1.0,0.128780349282976,1.0,0.128780349282976,1.0,0.128780349282976,1.0,0.128780349282976,1.0,0.128780349282976,1.0,0.128780349282976,1.0,0.128780349282976,1.0,0.128780349282976,1.0,0.1168536135169672,0.9073869900771775,0.128780349282976,1.0,0.128780349282976,1.0,0.128780349282976,1.0,0.128780349282976,1.0,0.128780349282976,1.0,0.128780349282976,1.0,0.128780349282976,1.0,0.128780349282976,1.0,0.128780349282976,1.0,0.128780349282976,1.0,0.128780349282976,1.0,0.11997728240806474,0.9316427783902976,0.128780349282976,1.0,0.128780349282976,1.0,0.128780349282976,1.0,0.128780349282976,1.0,0.128780349282976,1.0,0.128780349282976,1.0,0.128780349282976,1.0,0.12267499645037626,0.9525909592061742,0.128780349282976,1.0,0.128780349282976,1.0,0.128780349282976,1.0,0.11458185432344171,0.8897464167585446,0.128780349282976,1.0,0.128780349282976,1.0,0.128780349282976,1.0,0.128780349282976,1.0,0.128780349282976,1.0,0.128780349282976,1.0,0.128780349282976,1.0,0.12622462019025985,0.980154355016538,0.128780349282976,1.0,0.128780349282976,1.0,0.128780349282976,1.0,0.11514979412182309,0.8941565600882029,0.128780349282976,1.0,0.128780349282976,1.0,0.128780349282976,1.0
88,0.12731611454239192,1.0,0.12731611454239192,1.0,0.12731611454239192,1.0,0.12731611454239192,1.0,0.12731611454239192,1.0,0.12731611454239192,1.0,0.12731611454239192,1.0,0.12731611454239192,1.0,0.11594609769792251,0.9106945975744212,0.12731611454239192,1.0,0.12731611454239192,1.0,0.12731611454239192,1.0,0.12731611454239192,1.0,0.12731611454239192,1.0,0.12731611454239192,1.0,0.12731611454239192,1.0,0.12731611454239192,1.0,0.12731611454239192,1.0,0.12731611454239192,1.0,0.12731611454239192,1.0,0.11959573273441887,0.9393605292171996,0.12731611454239192,1.0,0.12731611454239192,1.0,0.12731611454239192,1.0,0.12731611454239192,1.0,0.12731611454239192,1.0,0.12731611454239192,1.0,0.12731611454239192,1.0,0.12731611454239192,1.0,0.12731611454239192,1.0,0.12731611454239192,1.0,0.12731611454239192,1.0,0.123385738349242,0.9691289966923925,0.12731611454239192,1.0,0.12731611454239192,1.0,0.12731611454239192,1.0,0.12731611454239192,1.0,0.12731611454239192,1.0,0.12731611454239192,1.0,0.12731611454239192,1.0,0.12731611454239192,1.0,0.12731611454239192,1.0,0.12731611454239192,1.0,0.12731611454239192,1.0,0.12535092644581697,0.9845644983461963,0.12731611454239192,1.0,0.12731611454239192,1.0,0.12731611454239192,1.0,0.12731611454239192,1.0,0.12731611454239192,1.0,0.12731611454239192,1.0,0.12731611454239192,1.0,0.12731611454239192,1.0,0.12731611454239192,1.0,0.12731611454239192,1.0,0.12731611454239192,1.0,0.11594609769792251,0.9106945975744212,0.12731611454239192,1.0,0.12731611454239192,1.0,0.12731611454239192,1.0,0.12731611454239192,1.0,0.12731611454239192,1.0,0.12731611454239192,1.0,0.12731611454239192,1.0,0.12731611454239192,1.0,0.12731611454239192,1.0,0.12731611454239192,1.0,0.12731611454239192,1.0,0.11959573273441887,0.9393605292171996,0.12731611454239192,1.0,0.12731611454239192,1.0,0.12731611454239192,1.0,0.12731611454239192,1.0,0.12731611454239192,1.0,0.12731611454239192,1.0,0.12731611454239192,1.0,0.12198203256597417,0.958103638368247,0.12731611454239192,1.0,0.12731611454239192,1.0,0.12731611454239192,1.0,0.11510387422796182,0.9040793825799338,0.12731611454239192,1.0,0.12731611454239192,1.0,0.12731611454239192,1.0,0.12731611454239192,1.0,0.12731611454239192,1.0,0.12731611454239192,1.0,0.12731611454239192,1.0,0.12521055586749016,0.9834619625137817,0.12731611454239192,1.0,0.12731611454239192,1.0,0.12731611454239192,1.0,0.11566535654126894,0.9084895259095921,0.12731611454239192,1.0,0.12731611454239192,1.0,0.12731611454239192,1.0
89,0.12588480222068008,1.0,0.12588480222068008,1.0,0.12588480222068008,1.0,0.12588480222068008,1.0,0.12588480222068008,1.0,0.12588480222068008,1.0,0.12588480222068008,1.0,0.12588480222068008,1.0,0.11505898681471201,0.9140022050716649,0.12588480222068008,1.0,0.12588480222068008,1.0,0.12588480222068008,1.0,0.12588480222068008,1.0,0.12588480222068008,1.0,0.12588480222068008,1.0,0.12588480222068008,1.0,0.12588480222068008,1.0,0.12588480222068008,1.0,0.12588480222068008,1.0,0.12588480222068008,1.0,0.11950034698126301,0.9492833517089305,0.12588480222068008,1.0,0.12588480222068008,1.0,0.12588480222068008,1.0,0.12588480222068008,1.0,0.12588480222068008,1.0,0.12588480222068008,1.0,0.12588480222068008,1.0,0.12588480222068008,1.0,0.12588480222068008,1.0,0.12588480222068008,1.0,0.12588480222068008,1.0,0.12213740458015267,0.9702315325248071,0.12588480222068008,1.0,0.12588480222068008,1.0,0.12588480222068008,1.0,0.12588480222068008,1.0,0.12588480222068008,1.0,0.12588480222068008,1.0,0.12588480222068008,1.0,0.12588480222068008,1.0,0.12588480222068008,1.0,0.12588480222068008,1.0,0.12588480222068008,1.0,0.12435808466342818,0.9878721058434399,0.12588480222068008,1.0,0.12588480222068008,1.0,0.12588480222068008,1.0,0.12588480222068008,1.0,0.12588480222068008,1.0,0.12588480222068008,1.0,0.12588480222068008,1.0,0.12588480222068008,1.0,0.12588480222068008,1.0,0.12588480222068008,1.0,0.12588480222068008,1.0,0.11505898681471201,0.9140022050716649,0.12588480222068008,1.0,0.12588480222068008,1.0,0.12588480222068008,1.0,0.12588480222068008,1.0,0.12588480222068008,1.0,0.12588480222068008,1.0,0.12588480222068008,1.0,0.12588480222068008,1.0,0.12588480222068008,1.0,0.12588480222068008,1.0,0.12588480222068008,1.0,0.1193615544760583,0.948180815876516,0.12588480222068008,1.0,0.12588480222068008,1.0,0.12588480222068008,1.0,0.12588480222068008,1.0,0.12588480222068008,1.0,0.12588480222068008,1.0,0.12588480222068008,1.0,0.1208882720333102,0.960308710033076,0.12588480222068008,1.0,0.12588480222068008,1.0,0.12588480222068008,1.0,0.11547536433032617,0.9173098125689085,0.12588480222068008,1.0,0.12588480222068008,1.0,0.12588480222068008,1.0,0.12588480222068008,1.0,0.12588480222068008,1.0,0.12588480222068008,1.0,0.12588480222068008,1.0,0.12421929215822346,0.9867695700110254,0.12588480222068008,1.0,0.12588480222068008,1.0,0.12588480222068008,1.0,0.11589174184594032,0.9206174200661521,0.12588480222068008,1.0,0.12588480222068008,1.0,0.12588480222068008,1.0
90,0.12448531430139995,1.0,0.12448531430139995,1.0,0.12448531430139995,1.0,0.12448531430139995,1.0,0.12448531430139995,1.0,0.12448531430139995,1.0,0.12448531430139995,1.0,0.12448531430139995,1.0,0.11474059840790557,0.9217199558985667,0.12448531430139995,1.0,0.12448531430139995,1.0,0.12448531430139995,1.0,0.12448531430139995,1.0,0.12448531430139995,1.0,0.12448531430139995,1.0,0.12448531430139995,1.0,0.12448531430139995,1.0,0.12448531430139995,1.0,0.12448531430139995,1.0,0.12448531430139995,1.0,0.11885808399670601,0.9547960308710033,0.12448531430139995,1.0,0.12448531430139995,1.0,0.12448531430139995,1.0,0.12448531430139995,1.0,0.12448531430139995,1.0,0.12448531430139995,1.0,0.12448531430139995,1.0,0.12448531430139995,1.0,0.12448531430139995,1.0,0.12448531430139995,1.0,0.12448531430139995,1.0,0.12146582486961295,0.9757442116868799,0.12448531430139995,1.0,0.12448531430139995,1.0,0.12448531430139995,1.0,0.12448531430139995,1.0,0.12448531430139995,1.0,0.12448531430139995,1.0,0.12448531430139995,1.0,0.12448531430139995,1.0,0.12448531430139995,1.0,0.12448531430139995,1.0,0.12448531430139995,1.0,0.12352456766401318,0.9922822491730982,0.12448531430139995,1.0,0.12448531430139995,1.0,0.12448531430139995,1.0,0.12448531430139995,1.0,0.12448531430139995,1.0,0.12448531430139995,1.0,0.12448531430139995,1.0,0.12448531430139995,1.0,0.12448531430139995,1.0,0.12448531430139995,1.0,0.12448531430139995,1.0,0.11446609936865221,0.9195148842337376,0.12448531430139995,1.0,0.12448531430139995,1.0,0.12448531430139995,1.0,0.12448531430139995,1.0,0.12448531430139995,1.0,0.12448531430139995,1.0,0.12448531430139995,1.0,0.12448531430139995,1.0,0.12448531430139995,1.0,0.12448531430139995,1.0,0.12448531430139995,1.0,0.11872083447707933,0.9536934950385888,0.12448531430139995,1.0,0.12448531430139995,1.0,0.12448531430139995,1.0,0.12448531430139995,1.0,0.12448531430139995,1.0,0.12448531430139995,1.0,0.12448531430139995,1.0,0.1196815811144661,0.9614112458654906,0.12448531430139995,1.0,0.12448531430139995,1.0,0.12448531430139995,1.0,0.1159758440845457,0.9316427783902976,0.12448531430139995,1.0,0.12448531430139995,1.0,0.12448531430139995,1.0,0.12448531430139995,1.0,0.12448531430139995,1.0,0.12448531430139995,1.0,0.12448531430139995,1.0,0.12297556958550646,0.9878721058434399,0.12448531430139995,1.0,0.12448531430139995,1.0,0.12448531430139995,1.0,0.11625034312379906,0.9338478500551268,0.12448531430139995,1.0,0.12448531430139995,1.0,0.12448531430139995,1.0
91,0.12311660105877562,1.0,0.12311660105877562,1.0,0.12311660105877562,1.0,0.12311660105877562,1.0,0.12311660105877562,1.0,0.12311660105877562,1.0,0.12311660105877562,1.0,0.12311660105877562,1.0,0.11524365413329714,0.9360529217199559,0.12311660105877562,1.0,0.12311660105877562,1.0,0.12311660105877562,1.0,0.12311660105877562,1.0,0.12311660105877562,1.0,0.12311660105877562,1.0,0.12311660105877562,1.0,0.12311660105877562,1.0,0.12311660105877562,1.0,0.12311660105877562,1.0,0.12311660105877562,1.0,0.11809420388217727,0.9592061742006616,0.12311660105877562,1.0,0.12311660105877562,1.0,0.12311660105877562,1.0,0.12311660105877562,1.0,0.12311660105877562,1.0,0.12311660105877562,1.0,0.12311660105877562,1.0,0.12311660105877562,1.0,0.12311660105877562,1.0,0.12311660105877562,1.0,0.12311660105877562,1.0,0.12013031084566309,0.9757442116868799,0.12311660105877562,1.0,0.12311660105877562,1.0,0.12311660105877562,1.0,0.12311660105877562,1.0,0.12311660105877562,1.0,0.12311660105877562,1.0,0.12311660105877562,1.0,0.12311660105877562,1.0,0.12311660105877562,1.0,0.12311660105877562,1.0,0.12311660105877562,1.0,0.1223021582733813,0.9933847850055126,0.12311660105877562,1.0,0.12311660105877562,1.0,0.12311660105877562,1.0,0.12311660105877562,1.0,0.12311660105877562,1.0,0.12311660105877562,1.0,0.12311660105877562,1.0,0.12311660105877562,1.0,0.12311660105877562,1.0,0.12311660105877562,1.0,0.12311660105877562,1.0,0.11497217320483236,0.9338478500551268,0.12311660105877562,1.0,0.12311660105877562,1.0,0.12311660105877562,1.0,0.12311660105877562,1.0,0.12311660105877562,1.0,0.12311660105877562,1.0,0.12311660105877562,1.0,0.12311660105877562,1.0,0.12311660105877562,1.0,0.12311660105877562,1.0,0.12311660105877562,1.0,0.11809420388217727,0.9592061742006616,0.12311660105877562,1.0,0.12311660105877562,1.0,0.12311660105877562,1.0,0.12311660105877562,1.0,0.12311660105877562,1.0,0.12311660105877562,1.0,0.12311660105877562,1.0,0.11904438713180399,0.9669239250275634,0.12311660105877562,1.0,0.12311660105877562,1.0,0.12311660105877562,1.0,0.1156508755259943,0.9393605292171996,0.12311660105877562,1.0,0.12311660105877562,1.0,0.12311660105877562,1.0,0.12311660105877562,1.0,0.12311660105877562,1.0,0.12311660105877562,1.0,0.12311660105877562,1.0,0.12175919641645175,0.9889746416758545,0.12311660105877562,1.0,0.12311660105877562,1.0,0.12311660105877562,1.0,0.11605809691869146,0.9426681367144433,0.12311660105877562,1.0,0.12311660105877562,1.0,0.12311660105877562,1.0
92,0.12177765843179376,1.0,0.12177765843179376,1.0,0.12177765843179376,1.0,0.12177765843179376,1.0,0.12177765843179376,1.0,0.12177765843179376,1.0,0.12177765843179376,1.0,0.12177765843179376,1.0,0.11479591836734694,0.9426681367144433,0.12177765843179376,1.0,0.12177765843179376,1.0,0.12177765843179376,1.0,0.12177765843179376,1.0,0.12177765843179376,1.0,0.12177765843179376,1.0,0.12177765843179376,1.0,0.12177765843179376,1.0,0.12177765843179376,1.0,0.12177765843179376,1.0,0.12177765843179376,1.0,0.11788399570354458,0.9680264608599779,0.12177765843179376,1.0,0.12177765843179376,1.0,0.12177765843179376,1.0,0.12177765843179376,1.0,0.12177765843179376,1.0,0.12177765843179376,1.0,0.12177765843179376,1.0,0.12177765843179376,1.0,0.12177765843179376,1.0,0.12177765843179376,1.0,0.12177765843179376,1.0,0.11909237379162191,0.9779492833517089,0.12177765843179376,1.0,0.12177765843179376,1.0,0.12177765843179376,1.0,0.12177765843179376,1.0,0.12177765843179376,1.0,0.12177765843179376,1.0,0.12177765843179376,1.0,0.12177765843179376,1.0,0.12177765843179376,1.0,0.12177765843179376,1.0,0.12177765843179376,1.0,0.12097207303974221,0.9933847850055126,0.12177765843179376,1.0,0.12177765843179376,1.0,0.12177765843179376,1.0,0.12177765843179376,1.0,0.12177765843179376,1.0,0.12177765843179376,1.0,0.12177765843179376,1.0,0.12177765843179376,1.0,0.12177765843179376,1.0,0.12177765843179376,1.0,0.12177765843179376,1.0,0.11546723952738991,0.948180815876516,0.12177765843179376,1.0,0.12177765843179376,1.0,0.12177765843179376,1.0,0.12177765843179376,1.0,0.12177765843179376,1.0,0.12177765843179376,1.0,0.12177765843179376,1.0,0.12177765843179376,1.0,0.12177765843179376,1.0,0.12177765843179376,1.0,0.12177765843179376,1.0,0.11788399570354458,0.9680264608599779,0.12177765843179376,1.0,0.12177765843179376,1.0,0.12177765843179376,1.0,0.12177765843179376,1.0,0.12177765843179376,1.0,0.12177765843179376,1.0,0.12177765843179376,1.0,0.11774973147153599,0.9669239250275634,0.12177765843179376,1.0,0.12177765843179376,1.0,0.12177765843179376,1.0,0.11627282491944146,0.9547960308710033,0.12177765843179376,1.0,0.12177765843179376,1.0,0.12177765843179376,1.0,0.12177765843179376,1.0,0.12177765843179376,1.0,0.12177765843179376,1.0,0.12177765843179376,1.0,0.12043501611170784,0.9889746416758545,0.12177765843179376,1.0,0.12177765843179376,1.0,0.12177765843179376,1.0,0.11640708915145005,0.9558985667034179,0.12177765843179376,1.0,0.12177765843179376,1.0,0.12177765843179376,1.0
93,0.12046752556780449,1.0,0.12046752556780449,1.0,0.12046752556780449,1.0,0.12046752556780449,1.0,0.12046752556780449,1.0,0.12046752556780449,1.0,0.12046752556780449,1.0,0.12046752556780449,1.0,0.1160844733696374,0.9636163175303197,0.12046752556780449,1.0,0.12046752556780449,1.0,0.12046752556780449,1.0,0.12046752556780449,1.0,0.12046752556780449,1.0,0.12046752556780449,1.0,0.12046752556780449,1.0,0.12046752556780449,1.0,0.12046752556780449,1.0,0.12046752556780449,1.0,0.12046752556780449,1.0,0.11754549076902643,0.9757442116868799,0.12046752556780449,1.0,0.12046752556780449,1.0,0.12046752556780449,1.0,0.12046752556780449,1.0,0.12046752556780449,1.0,0.12046752556780449,1.0,0.12046752556780449,1.0,0.12046752556780449,1.0,0.12046752556780449,1.0,0.12046752556780449,1.0,0.12046752556780449,1.0,0.11794395005976889,0.9790518191841234,0.12046752556780449,1.0,0.12046752556780449,1.0,0.12046752556780449,1.0,0.12046752556780449,1.0,0.12046752556780449,1.0,0.12046752556780449,1.0,0.12046752556780449,1.0,0.12046752556780449,1.0,0.12046752556780449,1.0,0.12046752556780449,1.0,0.12046752556780449,1.0,0.11993624651348121,0.9955898566703418,0.12046752556780449,1.0,0.12046752556780449,1.0,0.12046752556780449,1.0,0.12046752556780449,1.0,0.12046752556780449,1.0,0.12046752556780449,1.0,0.12046752556780449,1.0,0.12046752556780449,1.0,0.12046752556780449,1.0,0.12046752556780449,1.0,0.12046752556780449,1.0,0.11595165360605658,0.9625137816979051,0.12046752556780449,1.0,0.12046752556780449,1.0,0.12046752556780449,1.0,0.12046752556780449,1.0,0.12046752556780449,1.0,0.12046752556780449,1.0,0.12046752556780449,1.0,0.12046752556780449,1.0,0.12046752556780449,1.0,0.12046752556780449,1.0,0.12046752556780449,1.0,0.11767831053260726,0.9768467475192943,0.12046752556780449,1.0,0.12046752556780449,1.0,0.12046752556780449,1.0,0.12046752556780449,1.0,0.12046752556780449,1.0,0.12046752556780449,1.0,0.12046752556780449,1.0,0.11648293266037986,0.9669239250275634,0.12046752556780449,1.0,0.12046752556780449,1.0,0.12046752556780449,1.0,0.11635011289679904,0.9658213891951488,0.12046752556780449,1.0,0.12046752556780449,1.0,0.12046752556780449,1.0,0.12046752556780449,1.0,0.12046752556780449,1.0,0.12046752556780449,1.0,0.12046752556780449,1.0,0.1192721476955771,0.9900771775082691,0.12046752556780449,1.0,0.12046752556780449,1.0,0.12046752556780449,1.0,0.11661575242396069,0.9680264608599779,0.12046752556780449,1.0,0.12046752556780449,1.0,0.12046752556780449,1.0
94,0.11918528252299605,1.0,0.11918528252299605,1.0,0.11918528252299605,1.0,0.11918528252299605,1.0,0.11918528252299605,1.0,0.11918528252299605,1.0,0.11918528252299605,1.0,0.11918528252299605,1.0,0.11537450722733246,0.9680264608599779,0.11918528252299605,1.0,0.11918528252299605,1.0,0.11918528252299605,1.0,0.11918528252299605,1.0,0.11918528252299605,1.0,0.11918528252299605,1.0,0.11918528252299605,1.0,0.11918528252299605,1.0,0.11918528252299605,1.0,0.11918528252299605,1.0,0.11918528252299605,1.0,0.11681997371879106,0.980154355016538,0.11918528252299605,1.0,0.11918528252299605,1.0,0.11918528252299605,1.0,0.11918528252299605,1.0,0.11918528252299605,1.0,0.11918528252299605,1.0,0.11918528252299605,1.0,0.11918528252299605,1.0,0.11918528252299605,1.0,0.11918528252299605,1.0,0.11918528252299605,1.0,0.11681997371879106,0.980154355016538,0.11918528252299605,1.0,0.11918528252299605,1.0,0.11918528252299605,1.0,0.11918528252299605,1.0,0.11918528252299605,1.0,0.11918528252299605,1.0,0.11918528252299605,1.0,0.11918528252299605,1.0,0.11918528252299605,1.0,0.11918528252299605,1.0,0.11918528252299605,1.0,0.11865965834428384,0.9955898566703418,0.11918528252299605,1.0,0.11918528252299605,1.0,0.11918528252299605,1.0,0.11918528252299605,1.0,0.11918528252299605,1.0,0.11918528252299605,1.0,0.11918528252299605,1.0,0.11918528252299605,1.0,0.11918528252299605,1.0,0.11918528252299605,1.0,0.11918528252299605,1.0,0.11537450722733246,0.9680264608599779,0.11918528252299605,1.0,0.11918528252299605,1.0,0.11918528252299605,1.0,0.11918528252299605,1.0,0.11918528252299605,1.0,0.11918528252299605,1.0,0.11918528252299605,1.0,0.11918528252299605,1.0,0.11918528252299605,1.0,0.11918528252299605,1.0,0.11918528252299605,1.0,0.11681997371879106,0.980154355016538,0.11918528252299605,1.0,0.11918528252299605,1.0,0.11918528252299605,1.0,0.11918528252299605,1.0,0.11918528252299605,1.0,0.11918528252299605,1.0,0.11918528252299605,1.0,0.11563731931668857,0.9702315325248071,0.11918528252299605,1.0,0.11918528252299605,1.0,0.11918528252299605,1.0,0.11603153745072273,0.9735391400220507,0.11918528252299605,1.0,0.11918528252299605,1.0,0.11918528252299605,1.0,0.11918528252299605,1.0,0.11918528252299605,1.0,0.11918528252299605,1.0,0.11918528252299605,1.0,0.11813403416557161,0.9911797133406836,0.11918528252299605,1.0,0.11918528252299605,1.0,0.11918528252299605,1.0,0.11603153745072273,0.9735391400220507,0.11918528252299605,1.0,0.11918528252299605,1.0,0.11918528252299605,1.0
95,0.11793004810817839,1.0,0.11793004810817839,1.0,0.11793004810817839,1.0,0.11793004810817839,1.0,0.11793004810817839,1.0,0.11793004810817839,1.0,0.11793004810817839,1.0,0.11793004810817839,1.0,0.11571967234429853,0.9812568908489526,0.11793004810817839,1.0,0.11793004810817839,1.0,0.11793004810817839,1.0,0.11793004810817839,1.0,0.11793004810817839,1.0,0.11793004810817839,1.0,0.11793004810817839,1.0,0.11793004810817839,1.0,0.11793004810817839,1.0,0.11793004810817839,1.0,0.11793004810817839,1.0,0.11571967234429853,0.9812568908489526,0.11793004810817839,1.0,0.11793004810817839,1.0,0.11793004810817839,1.0,0.11793004810817839,1.0,0.11793004810817839,1.0,0.11793004810817839,1.0,0.11793004810817839,1.0,0.11793004810817839,1.0,0.11793004810817839,1.0,0.11793004810817839,1.0,0.11793004810817839,1.0,0.11571967234429853,0.9812568908489526,0.11793004810817839,1.0,0.11793004810817839,1.0,0.11793004810817839,1.0,0.11793004810817839,1.0,0.11793004810817839,1.0,0.11793004810817839,1.0,0.11793004810817839,1.0,0.11793004810817839,1.0,0.11793004810817839,1.0,0.11793004810817839,1.0,0.11793004810817839,1.0,0.11753998179690547,0.9966923925027563,0.11793004810817839,1.0,0.11793004810817839,1.0,0.11793004810817839,1.0,0.11793004810817839,1.0,0.11793004810817839,1.0,0.11793004810817839,1.0,0.11793004810817839,1.0,0.11793004810817839,1.0,0.11793004810817839,1.0,0.11793004810817839,1.0,0.11793004810817839,1.0,0.11571967234429853,0.9812568908489526,0.11793004810817839,1.0,0.11793004810817839,1.0,0.11793004810817839,1.0,0.11793004810817839,1.0,0.11793004810817839,1.0,0.11793004810817839,1.0,0.11793004810817839,1.0,0.11793004810817839,1.0,0.11793004810817839,1.0,0.11793004810817839,1.0,0.11793004810817839,1.0,0.11571967234429853,0.9812568908489526,0.11793004810817839,1.0,0.11793004810817839,1.0,0.11793004810817839,1.0,0.11793004810817839,1.0,0.11793004810817839,1.0,0.11793004810817839,1.0,0.11793004810817839,1.0,0.11441945130672214,0.9702315325248071,0.11793004810817839,1.0,0.11793004810817839,1.0,0.11793004810817839,1.0,0.11584969444805616,0.9823594266813671,0.11793004810817839,1.0,0.11793004810817839,1.0,0.11793004810817839,1.0,0.11793004810817839,1.0,0.11793004810817839,1.0,0.11793004810817839,1.0,0.11793004810817839,1.0,0.11701989338187492,0.9922822491730982,0.11793004810817839,1.0,0.11793004810817839,1.0,0.11793004810817839,1.0,0.11584969444805616,0.9823594266813671,0.11793004810817839,1.0,0.11793004810817839,1.0,0.11793004810817839,1.0
96,0.11670097786927432,1.0,0.11670097786927432,1.0,0.11670097786927432,1.0,0.11670097786927432,1.0,0.11670097786927432,1.0,0.11670097786927432,1.0,0.11670097786927432,1.0,0.11670097786927432,1.0,0.11477097272259393,0.9834619625137817,0.11670097786927432,1.0,0.11670097786927432,1.0,0.11670097786927432,1.0,0.11670097786927432,1.0,0.11670097786927432,1.0,0.11670097786927432,1.0,0.11670097786927432,1.0,0.11670097786927432,1.0,0.11670097786927432,1.0,0.11670097786927432,1.0,0.11670097786927432,1.0,0.11515697375193,0.9867695700110254,0.11670097786927432,1.0,0.11670097786927432,1.0,0.11670097786927432,1.0,0.11670097786927432,1.0,0.11670097786927432,1.0,0.11670097786927432,1.0,0.11670097786927432,1.0,0.11670097786927432,1.0,0.11670097786927432,1.0,0.11670097786927432,1.0,0.11670097786927432,1.0,0.11477097272259393,0.9834619625137817,0.11670097786927432,1.0,0.11670097786927432,1.0,0.11670097786927432,1.0,0.11670097786927432,1.0,0.11670097786927432,1.0,0.11670097786927432,1.0,0.11670097786927432,1.0,0.11670097786927432,1.0,0.11670097786927432,1.0,0.11670097786927432,1.0,0.11670097786927432,1.0,0.11670097786927432,1.0,0.11670097786927432,1.0,0.11670097786927432,1.0,0.11670097786927432,1.0,0.11670097786927432,1.0,0.11670097786927432,1.0,0.11670097786927432,1.0,0.11670097786927432,1.0,0.11670097786927432,1.0,0.11670097786927432,1.0,0.11670097786927432,1.0,0.11670097786927432,1.0,0.11489963973237262,0.9845644983461963,0.11670097786927432,1.0,0.11670097786927432,1.0,0.11670097786927432,1.0,0.11670097786927432,1.0,0.11670097786927432,1.0,0.11670097786927432,1.0,0.11670097786927432,1.0,0.11670097786927432,1.0,0.11670097786927432,1.0,0.11670097786927432,1.0,0.11670097786927432,1.0,0.11502830674215131,0.9856670341786108,0.11670097786927432,1.0,0.11670097786927432,1.0,0.11670097786927432,1.0,0.11670097786927432,1.0,0.11670097786927432,1.0,0.11670097786927432,1.0,0.11670097786927432,1.0,0.11412763767370046,0.9779492833517089,0.11670097786927432,1.0,0.11670097786927432,1.0,0.11670097786927432,1.0,0.11515697375193,0.9867695700110254,0.11670097786927432,1.0,0.11670097786927432,1.0,0.11670097786927432,1.0,0.11670097786927432,1.0,0.11670097786927432,1.0,0.11670097786927432,1.0,0.11670097786927432,1.0,0.11605764282038085,0.9944873208379272,0.11670097786927432,1.0,0.11670097786927432,1.0,0.11670097786927432,1.0,0.11515697375193,0.9867695700110254,0.11670097786927432,1.0,0.11670097786927432,1.0,0.11670097786927432,1.0
97,0.11549726219279256,1.0,0.11549726219279256,1.0,0.11549726219279256,1.0,0.11549726219279256,1.0,0.11549726219279256,1.0,0.11549726219279256,1.0,0.11549726219279256,1.0,0.11549726219279256,1.0,0.11435120336177257,0.9900771775082691,0.11549726219279256,1.0,0.11549726219279256,1.0,0.11549726219279256,1.0,0.11549726219279256,1.0,0.11549726219279256,1.0,0.11549726219279256,1.0,0.11549726219279256,1.0,0.11549726219279256,1.0,0.11549726219279256,1.0,0.11549726219279256,1.0,0.11549726219279256,1.0,0.11422386349165924,0.9889746416758545,0.11549726219279256,1.0,0.11549726219279256,1.0,0.11549726219279256,1.0,0.11549726219279256,1.0,0.11549726219279256,1.0,0.11549726219279256,1.0,0.11549726219279256,1.0,0.11549726219279256,1.0,0.11549726219279256,1.0,0.11549726219279256,1.0,0.11549726219279256,1.0,0.11460588310199923,0.9922822491730982,0.11549726219279256,1.0,0.11549726219279256,1.0,0.11549726219279256,1.0,0.11549726219279256,1.0,0.11549726219279256,1.0,0.11549726219279256,1.0,0.11549726219279256,1.0,0.11549726219279256,1.0,0.11549726219279256,1.0,0.11549726219279256,1.0,0.11549726219279256,1.0,0.11549726219279256,1.0,0.11549726219279256,1.0,0.11549726219279256,1.0,0.11549726219279256,1.0,0.11549726219279256,1.0,0.11549726219279256,1.0,0.11549726219279256,1.0,0.11549726219279256,1.0,0.11549726219279256,1.0,0.11549726219279256,1.0,0.11549726219279256,1.0,0.11549726219279256,1.0,0.1140965236215459,0.9878721058434399,0.11549726219279256,1.0,0.11549726219279256,1.0,0.11549726219279256,1.0,0.11549726219279256,1.0,0.11549726219279256,1.0,0.11549726219279256,1.0,0.11549726219279256,1.0,0.11549726219279256,1.0,0.11549726219279256,1.0,0.11549726219279256,1.0,0.11549726219279256,1.0,0.11435120336177257,0.9900771775082691,0.11549726219279256,1.0,0.11549726219279256,1.0,0.11549726219279256,1.0,0.11549726219279256,1.0,0.11549726219279256,1.0,0.11549726219279256,1.0,0.11549726219279256,1.0,0.11422386349165924,0.9889746416758545,0.11549726219279256,1.0,0.11549726219279256,1.0,0.11549726219279256,1.0,0.1140965236215459,0.9878721058434399,0.11549726219279256,1.0,0.11549726219279256,1.0,0.11549726219279256,1.0,0.11549726219279256,1.0,0.11549726219279256,1.0,0.11549726219279256,1.0,0.11549726219279256,1.0,0.1148605628422259,0.9944873208379272,0.11549726219279256,1.0,0.11549726219279256,1.0,0.11549726219279256,1.0,0.11435120336177257,0.9900771775082691,0.11549726219279256,1.0,0.11549726219279256,1.0,0.11549726219279256,1.0
98,0.11431812452735064,1.0,0.11431812452735064,1.0,0.11431812452735064,1.0,0.11431812452735064,1.0,0.11431812452735064,1.0,0.11431812452735064,1.0,0.11431812452735064,1.0,0.11431812452735064,1.0,0.11318376607007814,0.9900771775082691,0.11431812452735064,1.0,0.11431812452735064,1.0,0.11431812452735064,1.0,0.11431812452735064,1.0,0.11431812452735064,1.0,0.11431812452735064,1.0,0.11431812452735064,1.0,0.11431812452735064,1.0,0.11431812452735064,1.0,0.11431812452735064,1.0,0.11431812452735064,1.0,0.11318376607007814,0.9900771775082691,0.11431812452735064,1.0,0.11431812452735064,1.0,0.11431812452735064,1.0,0.11431812452735064,1.0,0.11431812452735064,1.0,0.11431812452735064,1.0,0.11431812452735064,1.0,0.11431812452735064,1.0,0.11431812452735064,1.0,0.11431812452735064,1.0,0.11431812452735064,1.0,0.11394000504159314,0.9966923925027563,0.11431812452735064,1.0,0.11431812452735064,1.0,0.11431812452735064,1.0,0.11431812452735064,1.0,0.11431812452735064,1.0,0.11431812452735064,1.0,0.11431812452735064,1.0,0.11431812452735064,1.0,0.11431812452735064,1.0,0.11431812452735064,1.0,0.11431812452735064,1.0,0.11431812452735064,1.0,0.11431812452735064,1.0,0.11431812452735064,1.0,0.11431812452735064,1.0,0.11431812452735064,1.0,0.11431812452735064,1.0,0.11431812452735064,1.0,0.11431812452735064,1.0,0.11431812452735064,1.0,0.11431812452735064,1.0,0.11431812452735064,1.0,0.11431812452735064,1.0,0.11343584572724981,0.9922822491730982,0.11431812452735064,1.0,0.11431812452735064,1.0,0.11431812452735064,1.0,0.11431812452735064,1.0,0.11431812452735064,1.0,0.11431812452735064,1.0,0.11431812452735064,1.0,0.11431812452735064,1.0,0.11431812452735064,1.0,0.11431812452735064,1.0,0.11431812452735064,1.0,0.11356188555583564,0.9933847850055126,0.11431812452735064,1.0,0.11431812452735064,1.0,0.11431812452735064,1.0,0.11431812452735064,1.0,0.11431812452735064,1.0,0.11431812452735064,1.0,0.11431812452735064,1.0,0.11318376607007814,0.9900771775082691,0.11431812452735064,1.0,0.11431812452735064,1.0,0.11431812452735064,1.0,0.11318376607007814,0.9900771775082691,0.11431812452735064,1.0,0.11431812452735064,1.0,0.11431812452735064,1.0,0.11431812452735064,1.0,0.11431812452735064,1.0,0.11431812452735064,1.0,0.11431812452735064,1.0,0.11406604487017898,0.9977949283351709,0.11431812452735064,1.0,0.11431812452735064,1.0,0.11431812452735064,1.0,0.11356188555583564,0.9933847850055126,0.11431812452735064,1.0,0.11431812452735064,1.0,0.11431812452735064,1.0
99,0.11316281971303806,1.0,0.11316281971303806,1.0,0.11316281971303806,1.0,0.11316281971303806,1.0,0.11316281971303806,1.0,0.11316281971303806,1.0,0.11316281971303806,1.0,0.11316281971303806,1.0,0.11228945726762321,0.9922822491730982,0.11316281971303806,1.0,0.11316281971303806,1.0,0.11316281971303806,1.0,0.11316281971303806,1.0,0.11316281971303806,1.0,0.11316281971303806,1.0,0.11316281971303806,1.0,0.11316281971303806,1.0,0.11316281971303806,1.0,0.11316281971303806,1.0,0.11316281971303806,1.0,0.11266375545851529,0.9955898566703418,0.11316281971303806,1.0,0.11316281971303806,1.0,0.11316281971303806,1.0,0.11316281971303806,1.0,0.11316281971303806,1.0,0.11316281971303806,1.0,0.11316281971303806,1.0,0.11316281971303806,1.0,0.11316281971303806,1.0,0.11316281971303806,1.0,0.11316281971303806,1.0,0.11316281971303806,1.0,0.11316281971303806,1.0,0.11316281971303806,1.0,0.11316281971303806,1.0,0.11316281971303806,1.0,0.11316281971303806,1.0,0.11316281971303806,1.0,0.11316281971303806,1.0,0.11316281971303806,1.0,0.11316281971303806,1.0,0.11316281971303806,1.0,0.11316281971303806,1.0,0.11316281971303806,1.0,0.11316281971303806,1.0,0.11316281971303806,1.0,0.11316281971303806,1.0,0.11316281971303806,1.0,0.11316281971303806,1.0,0.11316281971303806,1.0,0.11316281971303806,1.0,0.11316281971303806,1.0,0.11316281971303806,1.0,0.11316281971303806,1.0,0.11316281971303806,1.0,0.11253898939488459,0.9944873208379272,0.11316281971303806,1.0,0.11316281971303806,1.0,0.11316281971303806,1.0,0.11316281971303806,1.0,0.11316281971303806,1.0,0.11316281971303806,1.0,0.11316281971303806,1.0,0.11316281971303806,1.0,0.11316281971303806,1.0,0.11316281971303806,1.0,0.11316281971303806,1.0,0.11266375545851529,0.9955898566703418,0.11316281971303806,1.0,0.11316281971303806,1.0,0.11316281971303806,1.0,0.11316281971303806,1.0,0.11316281971303806,1.0,0.11316281971303806,1.0,0.11316281971303806,1.0,0.11253898939488459,0.9944873208379272,0.11316281971303806,1.0,0.11316281971303806,1.0,0.11316281971303806,1.0,0.11278852152214598,0.9966923925027563,0.11316281971303806,1.0,0.11316281971303806,1.0,0.11316281971303806,1.0,0.11316281971303806,1.0,0.11316281971303806,1.0,0.11316281971303806,1.0,0.11316281971303806,1.0,0.11316281971303806,1.0,0.11316281971303806,1.0,0.11316281971303806,1.0,0.11316281971303806,1.0,0.11278852152214598,0.9966923925027563,0.11316281971303806,1.0,0.11316281971303806,1.0,0.11316281971303806,1.0
100,0.1120306324110672,1.0,0.1120306324110672,1.0,0.1120306324110672,1.0,0.1120306324110672,1.0,0.1120306324110672,1.0,0.1120306324110672,1.0,0.1120306324110672,1.0,0.1120306324110672,1.0,0.1120306324110672,1.0,0.1120306324110672,1.0,0.1120306324110672,1.0,0.1120306324110672,1.0,0.1120306324110672,1.0,0.1120306324110672,1.0,0.1120306324110672,1.0,0.1120306324110672,1.0,0.1120306324110672,1.0,0.1120306324110672,1.0,0.1120306324110672,1.0,0.1120306324110672,1.0,0.1120306324110672,1.0,0.1120306324110672,1.0,0.1120306324110672,1.0,0.1120306324110672,1.0,0.1120306324110672,1.0,0.1120306324110672,1.0,0.1120306324110672,1.0,0.1120306324110672,1.0,0.1120306324110672,1.0,0.1120306324110672,1.0,0.1120306324110672,1.0,0.1120306324110672,1.0,0.1120306324110672,1.0,0.1120306324110672,1.0,0.1120306324110672,1.0,0.1120306324110672,1.0,0.1120306324110672,1.0,0.1120306324110672,1.0,0.1120306324110672,1.0,0.1120306324110672,1.0,0.1120306324110672,1.0,0.1120306324110672,1.0,0.1120306324110672,1.0,0.1120306324110672,1.0,0.1120306324110672,1.0,0.1120306324110672,1.0,0.1120306324110672,1.0,0.1120306324110672,1.0,0.1120306324110672,1.0,0.1120306324110672,1.0,0.1120306324110672,1.0,0.1120306324110672,1.0,0.1120306324110672,1.0,0.1120306324110672,1.0,0.1120306324110672,1.0,0.1120306324110672,1.0,0.1120306324110672,1.0,0.1120306324110672,1.0,0.1120306324110672,1.0,0.1120306324110672,1.0,0.1120306324110672,1.0,0.1120306324110672,1.0,0.1120306324110672,1.0,0.1120306324110672,1.0,0.1120306324110672,1.0,0.1120306324110672,1.0,0.1120306324110672,1.0,0.1120306324110672,1.0,0.1120306324110672,1.0,0.1120306324110672,1.0,0.1120306324110672,1.0,0.1120306324110672,1.0,0.1120306324110672,1.0,0.1120306324110672,1.0,0.1120306324110672,1.0,0.1120306324110672,1.0,0.1120306324110672,1.0,0.1120306324110672,1.0,0.1120306324110672,1.0,0.1120306324110672,1.0,0.1120306324110672,1.0,0.1120306324110672,1.0,0.1120306324110672,1.0,0.1120306324110672,1.0,0.1120306324110672,1.0,0.1120306324110672,1.0,0.1120306324110672,1.0,0.1120306324110672,1.0,0.1120306324110672,1.0,0.1120306324110672,1.0,0.1120306324110672,1.0,0.1120306324110672,1.0,0.1120306324110672,1.0,0.1120306324110672,1.0,0.1120306324110672,1.0,0.1120306324110672,1.0
