Top_Percent,aaindex_Linear_HitRate,aaindex_Linear_Recall,aaindex_Ridge_HitRate,aaindex_Ridge_Recall,aaindex_Lasso_HitRate,aaindex_Lasso_Recall,aaindex_ElasticNet_HitRate,aaindex_ElasticNet_Recall,aaindex_NeuralNet_HitRate,aaindex_NeuralNet_Recall,aaindex_RandomForest_HitRate,aaindex_RandomForest_Recall,aaindex_XGBoost_HitRate,aaindex_XGBoost_Recall,aaindex_KNN_HitRate,aaindex_KNN_Recall,aaindex_GaussianProcess_HitRate,aaindex_GaussianProcess_Recall,aaindex_PLSRegression_HitRate,aaindex_PLSRegression_Recall,aaindex_SVR_HitRate,aaindex_SVR_Recall,aaindex_ExtraTrees_HitRate,aaindex_ExtraTrees_Recall,aaindex_with_esm_Linear_HitRate,aaindex_with_esm_Linear_Recall,aaindex_with_esm_Ridge_HitRate,aaindex_with_esm_Ridge_Recall,aaindex_with_esm_Lasso_HitRate,aaindex_with_esm_Lasso_Recall,aaindex_with_esm_ElasticNet_HitRate,aaindex_with_esm_ElasticNet_Recall,aaindex_with_esm_NeuralNet_HitRate,aaindex_with_esm_NeuralNet_Recall,aaindex_with_esm_RandomForest_HitRate,aaindex_with_esm_RandomForest_Recall,aaindex_with_esm_XGBoost_HitRate,aaindex_with_esm_XGBoost_Recall,aaindex_with_esm_KNN_HitRate,aaindex_with_esm_KNN_Recall,aaindex_with_esm_GaussianProcess_HitRate,aaindex_with_esm_GaussianProcess_Recall,aaindex_with_esm_PLSRegression_HitRate,aaindex_with_esm_PLSRegression_Recall,aaindex_with_esm_SVR_HitRate,aaindex_with_esm_SVR_Recall,aaindex_with_esm_ExtraTrees_HitRate,aaindex_with_esm_ExtraTrees_Recall,onehot_Linear_HitRate,onehot_Linear_Recall,onehot_Ridge_HitRate,onehot_Ridge_Recall,onehot_Lasso_HitRate,onehot_Lasso_Recall,onehot_ElasticNet_HitRate,onehot_ElasticNet_Recall,onehot_NeuralNet_HitRate,onehot_NeuralNet_Recall,onehot_RandomForest_HitRate,onehot_RandomForest_Recall,onehot_XGBoost_HitRate,onehot_XGBoost_Recall,onehot_KNN_HitRate,onehot_KNN_Recall,onehot_GaussianProcess_HitRate,onehot_GaussianProcess_Recall,onehot_PLSRegression_HitRate,onehot_PLSRegression_Recall,onehot_SVR_HitRate,onehot_SVR_Recall,onehot_ExtraTrees_HitRate,onehot_ExtraTrees_Recall,onehot_with_esm_Linear_HitRate,onehot_with_esm_Linear_Recall,onehot_with_esm_Ridge_HitRate,onehot_with_esm_Ridge_Recall,onehot_with_esm_Lasso_HitRate,onehot_with_esm_Lasso_Recall,onehot_with_esm_ElasticNet_HitRate,onehot_with_esm_ElasticNet_Recall,onehot_with_esm_NeuralNet_HitRate,onehot_with_esm_NeuralNet_Recall,onehot_with_esm_RandomForest_HitRate,onehot_with_esm_RandomForest_Recall,onehot_with_esm_XGBoost_HitRate,onehot_with_esm_XGBoost_Recall,onehot_with_esm_KNN_HitRate,onehot_with_esm_KNN_Recall,onehot_with_esm_GaussianProcess_HitRate,onehot_with_esm_GaussianProcess_Recall,onehot_with_esm_PLSRegression_HitRate,onehot_with_esm_PLSRegression_Recall,onehot_with_esm_SVR_HitRate,onehot_with_esm_SVR_Recall,onehot_with_esm_ExtraTrees_HitRate,onehot_with_esm_ExtraTrees_Recall,georgiev_Linear_HitRate,georgiev_Linear_Recall,georgiev_Ridge_HitRate,georgiev_Ridge_Recall,georgiev_Lasso_HitRate,georgiev_Lasso_Recall,georgiev_ElasticNet_HitRate,georgiev_ElasticNet_Recall,georgiev_NeuralNet_HitRate,georgiev_NeuralNet_Recall,georgiev_RandomForest_HitRate,georgiev_RandomForest_Recall,georgiev_XGBoost_HitRate,georgiev_XGBoost_Recall,georgiev_KNN_HitRate,georgiev_KNN_Recall,georgiev_GaussianProcess_HitRate,georgiev_GaussianProcess_Recall,georgiev_PLSRegression_HitRate,georgiev_PLSRegression_Recall,georgiev_SVR_HitRate,georgiev_SVR_Recall,georgiev_ExtraTrees_HitRate,georgiev_ExtraTrees_Recall,georgiev_with_esm_Linear_HitRate,georgiev_with_esm_Linear_Recall,georgiev_with_esm_Ridge_HitRate,georgiev_with_esm_Ridge_Recall,georgiev_with_esm_Lasso_HitRate,georgiev_with_esm_Lasso_Recall,georgiev_with_esm_ElasticNet_HitRate,georgiev_with_esm_ElasticNet_Recall,georgiev_with_esm_NeuralNet_HitRate,georgiev_with_esm_NeuralNet_Recall,georgiev_with_esm_RandomForest_HitRate,georgiev_with_esm_RandomForest_Recall,georgiev_with_esm_XGBoost_HitRate,georgiev_with_esm_XGBoost_Recall,georgiev_with_esm_KNN_HitRate,georgiev_with_esm_KNN_Recall,georgiev_with_esm_GaussianProcess_HitRate,georgiev_with_esm_GaussianProcess_Recall,georgiev_with_esm_PLSRegression_HitRate,georgiev_with_esm_PLSRegression_Recall,georgiev_with_esm_SVR_HitRate,georgiev_with_esm_SVR_Recall,georgiev_with_esm_ExtraTrees_HitRate,georgiev_with_esm_ExtraTrees_Recall,prott5_Linear_HitRate,prott5_Linear_Recall,prott5_Ridge_HitRate,prott5_Ridge_Recall,prott5_Lasso_HitRate,prott5_Lasso_Recall,prott5_ElasticNet_HitRate,prott5_ElasticNet_Recall,prott5_NeuralNet_HitRate,prott5_NeuralNet_Recall,prott5_RandomForest_HitRate,prott5_RandomForest_Recall,prott5_XGBoost_HitRate,prott5_XGBoost_Recall,prott5_KNN_HitRate,prott5_KNN_Recall,prott5_GaussianProcess_HitRate,prott5_GaussianProcess_Recall,prott5_PLSRegression_HitRate,prott5_PLSRegression_Recall,prott5_SVR_HitRate,prott5_SVR_Recall,prott5_ExtraTrees_HitRate,prott5_ExtraTrees_Recall,prott5_with_esm_Linear_HitRate,prott5_with_esm_Linear_Recall,prott5_with_esm_Ridge_HitRate,prott5_with_esm_Ridge_Recall,prott5_with_esm_Lasso_HitRate,prott5_with_esm_Lasso_Recall,prott5_with_esm_ElasticNet_HitRate,prott5_with_esm_ElasticNet_Recall,prott5_with_esm_NeuralNet_HitRate,prott5_with_esm_NeuralNet_Recall,prott5_with_esm_RandomForest_HitRate,prott5_with_esm_RandomForest_Recall,prott5_with_esm_XGBoost_HitRate,prott5_with_esm_XGBoost_Recall,prott5_with_esm_KNN_HitRate,prott5_with_esm_KNN_Recall,prott5_with_esm_GaussianProcess_HitRate,prott5_with_esm_GaussianProcess_Recall,prott5_with_esm_PLSRegression_HitRate,prott5_with_esm_PLSRegression_Recall,prott5_with_esm_SVR_HitRate,prott5_with_esm_SVR_Recall,prott5_with_esm_ExtraTrees_HitRate,prott5_with_esm_ExtraTrees_Recall
1,0.85,0.0748074807480748,0.85,0.0748074807480748,0.7625,0.0671067106710671,0.7625,0.0671067106710671,0.9875,0.08690869086908691,0.9875,0.08690869086908691,0.925,0.0814081408140814,0.6375,0.056105610561056105,0.6875,0.06050605060506051,0.85,0.0748074807480748,0.9625,0.0847084708470847,1.0,0.08800880088008801,0.7375,0.06490649064906491,0.85,0.0748074807480748,0.925,0.0814081408140814,0.9,0.07920792079207921,0.85,0.0748074807480748,0.9875,0.08690869086908691,1.0,0.08800880088008801,0.7,0.061606160616061605,0.5625,0.04950495049504951,0.8625,0.07590759075907591,0.9625,0.0847084708470847,0.9875,0.08690869086908691,0.85,0.0748074807480748,0.8625,0.07590759075907591,0.7625,0.0671067106710671,0.7625,0.0671067106710671,0.9375,0.08250825082508251,1.0,0.08800880088008801,0.925,0.0814081408140814,0.6375,0.056105610561056105,0.7,0.061606160616061605,0.85,0.0748074807480748,0.9625,0.0847084708470847,1.0,0.08800880088008801,0.7375,0.06490649064906491,0.8875,0.0781078107810781,0.925,0.0814081408140814,0.9125,0.08030803080308031,0.8875,0.0781078107810781,1.0,0.08800880088008801,1.0,0.08800880088008801,0.825,0.07260726072607261,0.6,0.052805280528052806,0.875,0.07700770077007701,0.95,0.08360836083608361,0.9875,0.08690869086908691,0.85,0.0748074807480748,0.85,0.0748074807480748,0.7625,0.0671067106710671,0.7625,0.0671067106710671,0.8375,0.0737073707370737,1.0,0.08800880088008801,0.925,0.0814081408140814,0.625,0.05500550055005501,0.575,0.050605060506050605,0.85,0.0748074807480748,0.975,0.0858085808580858,1.0,0.08800880088008801,0.7375,0.06490649064906491,0.85,0.0748074807480748,0.925,0.0814081408140814,0.9,0.07920792079207921,0.9,0.07920792079207921,0.9875,0.08690869086908691,1.0,0.08800880088008801,0.7125,0.0627062706270627,0.5375,0.047304730473047306,0.8625,0.07590759075907591,0.9625,0.0847084708470847,1.0,0.08800880088008801,0.75,0.066006600660066,0.75,0.066006600660066,0.8625,0.07590759075907591,0.9,0.07920792079207921,0.1125,0.009900990099009901,0.875,0.07700770077007701,0.9375,0.08250825082508251,0.625,0.05500550055005501,0.25,0.022002200220022004,0.8625,0.07590759075907591,0.975,0.0858085808580858,0.9875,0.08690869086908691,0.65,0.05720572057205721,0.675,0.0594059405940594,0.9,0.07920792079207921,0.9,0.07920792079207921,0.425,0.0374037403740374,0.9375,0.08250825082508251,0.9375,0.08250825082508251,0.625,0.05500550055005501,0.25,0.022002200220022004,0.8625,0.07590759075907591,0.975,0.0858085808580858,0.95,0.08360836083608361
2,0.8322981366459627,0.1474147414741474,0.8385093167701864,0.1485148514851485,0.7888198757763976,0.1397139713971397,0.782608695652174,0.13861386138613863,0.9503105590062112,0.16831683168316833,0.9751552795031055,0.17271727172717272,0.9192546583850931,0.1628162816281628,0.6024844720496895,0.10671067106710672,0.6024844720496895,0.10671067106710672,0.84472049689441,0.1496149614961496,0.9440993788819876,0.16721672167216722,0.9937888198757764,0.17601760176017603,0.7329192546583851,0.12981298129812982,0.8819875776397516,0.1562156215621562,0.906832298136646,0.16061606160616063,0.906832298136646,0.16061606160616063,0.9006211180124224,0.15951595159515952,0.9751552795031055,0.17271727172717272,0.9751552795031055,0.17271727172717272,0.6583850931677019,0.11661166116611661,0.4161490683229814,0.0737073707370737,0.84472049689441,0.1496149614961496,0.9440993788819876,0.16721672167216722,0.9627329192546584,0.1705170517051705,0.8322981366459627,0.1474147414741474,0.84472049689441,0.1496149614961496,0.7888198757763976,0.1397139713971397,0.782608695652174,0.13861386138613863,0.906832298136646,0.16061606160616063,1.0,0.1771177117711771,0.9254658385093167,0.1639163916391639,0.5900621118012422,0.10451045104510451,0.6335403726708074,0.11221122112211221,0.84472049689441,0.1496149614961496,0.9440993788819876,0.16721672167216722,0.9937888198757764,0.17601760176017603,0.7329192546583851,0.12981298129812982,0.8819875776397516,0.1562156215621562,0.906832298136646,0.16061606160616063,0.906832298136646,0.16061606160616063,0.8819875776397516,0.1562156215621562,0.9813664596273292,0.17381738173817382,1.0,0.1771177117711771,0.7142857142857143,0.1265126512651265,0.453416149068323,0.08030803080308031,0.8944099378881988,0.15841584158415842,0.9440993788819876,0.16721672167216722,0.9875776397515528,0.17491749174917492,0.8322981366459627,0.1474147414741474,0.8385093167701864,0.1485148514851485,0.7888198757763976,0.1397139713971397,0.782608695652174,0.13861386138613863,0.8385093167701864,0.1485148514851485,1.0,0.1771177117711771,0.9192546583850931,0.1628162816281628,0.6024844720496895,0.10671067106710672,0.5403726708074534,0.09570957095709572,0.84472049689441,0.1496149614961496,0.9440993788819876,0.16721672167216722,1.0,0.1771177117711771,0.7329192546583851,0.12981298129812982,0.8819875776397516,0.1562156215621562,0.906832298136646,0.16061606160616063,0.906832298136646,0.16061606160616063,0.9254658385093167,0.1639163916391639,0.968944099378882,0.1716171617161716,0.9751552795031055,0.17271727172717272,0.6708074534161491,0.1188118811881188,0.4161490683229814,0.0737073707370737,0.84472049689441,0.1496149614961496,0.937888198757764,0.16611661166116612,0.9813664596273292,0.17381738173817382,0.8012422360248447,0.1419141914191419,0.8260869565217391,0.14631463146314633,0.8757763975155279,0.1551155115511551,0.8757763975155279,0.1551155115511551,0.14906832298136646,0.026402640264026403,0.8322981366459627,0.1474147414741474,0.8819875776397516,0.1562156215621562,0.5217391304347826,0.0924092409240924,0.21739130434782608,0.03850385038503851,0.8819875776397516,0.1562156215621562,0.9565217391304348,0.1694169416941694,0.9316770186335404,0.16501650165016502,0.7329192546583851,0.12981298129812982,0.7577639751552795,0.1342134213421342,0.8819875776397516,0.1562156215621562,0.8633540372670807,0.15291529152915292,0.43478260869565216,0.07700770077007701,0.84472049689441,0.1496149614961496,0.8509316770186336,0.15071507150715072,0.5217391304347826,0.0924092409240924,0.20496894409937888,0.036303630363036306,0.8757763975155279,0.1551155115511551,0.9565217391304348,0.1694169416941694,0.8633540372670807,0.15291529152915292
3,0.8471074380165289,0.22552255225522552,0.8471074380165289,0.22552255225522552,0.8429752066115702,0.22442244224422442,0.8429752066115702,0.22442244224422442,0.9421487603305785,0.2508250825082508,0.9793388429752066,0.2607260726072607,0.9090909090909091,0.24202420242024203,0.5909090909090909,0.1573157315731573,0.5413223140495868,0.14411441144114412,0.8471074380165289,0.22552255225522552,0.9380165289256198,0.24972497249724973,0.9710743801652892,0.2585258525852585,0.7520661157024794,0.2002200220022002,0.8801652892561983,0.23432343234323433,0.8966942148760331,0.23872387238723872,0.9090909090909091,0.24202420242024203,0.9090909090909091,0.24202420242024203,0.9545454545454546,0.25412541254125415,0.9710743801652892,0.2585258525852585,0.6198347107438017,0.16501650165016502,0.34297520661157027,0.09130913091309131,0.8471074380165289,0.22552255225522552,0.9380165289256198,0.24972497249724973,0.9380165289256198,0.24972497249724973,0.8471074380165289,0.22552255225522552,0.8512396694214877,0.22662266226622663,0.8429752066115702,0.22442244224422442,0.8429752066115702,0.22442244224422442,0.8760330578512396,0.23322332233223322,1.0,0.2662266226622662,0.9090909090909091,0.24202420242024203,0.5826446280991735,0.1551155115511551,0.5702479338842975,0.15181518151815182,0.8471074380165289,0.22552255225522552,0.9380165289256198,0.24972497249724973,0.9710743801652892,0.2585258525852585,0.7520661157024794,0.2002200220022002,0.871900826446281,0.23212321232123212,0.8966942148760331,0.23872387238723872,0.9049586776859504,0.24092409240924093,0.8925619834710744,0.2376237623762376,0.9628099173553719,0.2563256325632563,0.9917355371900827,0.264026402640264,0.6570247933884298,0.17491749174917492,0.33884297520661155,0.09020902090209021,0.8760330578512396,0.23322332233223322,0.9504132231404959,0.253025302530253,0.9752066115702479,0.25962596259625964,0.8471074380165289,0.22552255225522552,0.8471074380165289,0.22552255225522552,0.8429752066115702,0.22442244224422442,0.8429752066115702,0.22442244224422442,0.8760330578512396,0.23322332233223322,0.9834710743801653,0.26182618261826185,0.9090909090909091,0.24202420242024203,0.5578512396694215,0.1485148514851485,0.5165289256198347,0.13751375137513752,0.8471074380165289,0.22552255225522552,0.9380165289256198,0.24972497249724973,0.9710743801652892,0.2585258525852585,0.7520661157024794,0.2002200220022002,0.8801652892561983,0.23432343234323433,0.8966942148760331,0.23872387238723872,0.9090909090909091,0.24202420242024203,0.9421487603305785,0.2508250825082508,0.9504132231404959,0.253025302530253,0.9710743801652892,0.2585258525852585,0.6239669421487604,0.16611661166116612,0.3181818181818182,0.0847084708470847,0.8471074380165289,0.22552255225522552,0.9380165289256198,0.24972497249724973,0.9669421487603306,0.25742574257425743,0.8264462809917356,0.22002200220022003,0.8305785123966942,0.22112211221122113,0.8223140495867769,0.21892189218921893,0.8347107438016529,0.2222222222222222,0.1487603305785124,0.039603960396039604,0.7975206611570248,0.21232123212321233,0.8099173553719008,0.2156215621562156,0.5413223140495868,0.14411441144114412,0.21487603305785125,0.05720572057205721,0.8305785123966942,0.22112211221122113,0.9504132231404959,0.253025302530253,0.8842975206611571,0.23542354235423543,0.7727272727272727,0.20572057205720573,0.78099173553719,0.2079207920792079,0.8305785123966942,0.22112211221122113,0.8223140495867769,0.21892189218921893,0.4090909090909091,0.10891089108910891,0.8181818181818182,0.21782178217821782,0.8305785123966942,0.22112211221122113,0.5371900826446281,0.14301430143014301,0.2066115702479339,0.05500550055005501,0.8264462809917356,0.22002200220022003,0.9462809917355371,0.25192519251925194,0.8099173553719008,0.2156215621562156
4,0.8513931888544891,0.3025302530253025,0.8544891640866873,0.30363036303630364,0.8544891640866873,0.30363036303630364,0.8544891640866873,0.30363036303630364,0.8978328173374613,0.31903190319031904,0.9597523219814241,0.341034103410341,0.9164086687306502,0.3256325632563256,0.5882352941176471,0.20902090209020902,0.4241486068111455,0.15071507150715072,0.8544891640866873,0.30363036303630364,0.934984520123839,0.33223322332233224,0.9566563467492261,0.33993399339933994,0.7616099071207431,0.2706270627062706,0.8885448916408669,0.31573157315731576,0.8668730650154799,0.30803080308030806,0.9071207430340558,0.32233223322332233,0.9164086687306502,0.3256325632563256,0.9535603715170279,0.3388338833883388,0.9628482972136223,0.34213421342134215,0.6253869969040248,0.2222222222222222,0.30959752321981426,0.11001100110011001,0.8513931888544891,0.3025302530253025,0.9380804953560371,0.3333333333333333,0.9442724458204335,0.3355335533553355,0.8513931888544891,0.3025302530253025,0.8575851393188855,0.3047304730473047,0.8544891640866873,0.30363036303630364,0.8544891640866873,0.30363036303630364,0.8575851393188855,0.3047304730473047,0.9907120743034056,0.35203520352035206,0.9287925696594427,0.33003300330033003,0.5820433436532507,0.2068206820682068,0.4458204334365325,0.15841584158415842,0.8544891640866873,0.30363036303630364,0.934984520123839,0.33223322332233224,0.9566563467492261,0.33993399339933994,0.7616099071207431,0.2706270627062706,0.8668730650154799,0.30803080308030806,0.8668730650154799,0.30803080308030806,0.9009287925696594,0.3201320132013201,0.8668730650154799,0.30803080308030806,0.9566563467492261,0.33993399339933994,0.9690402476780186,0.34433443344334436,0.6687306501547987,0.2376237623762376,0.3065015479876161,0.10891089108910891,0.8421052631578947,0.2992299229922992,0.9411764705882353,0.33443344334433445,0.9721362229102167,0.34543454345434543,0.8513931888544891,0.3025302530253025,0.8544891640866873,0.30363036303630364,0.8544891640866873,0.30363036303630364,0.8544891640866873,0.30363036303630364,0.8421052631578947,0.2992299229922992,0.9721362229102167,0.34543454345434543,0.9164086687306502,0.3256325632563256,0.5541795665634675,0.19691969196919692,0.42105263157894735,0.1496149614961496,0.8544891640866873,0.30363036303630364,0.934984520123839,0.33223322332233224,0.9566563467492261,0.33993399339933994,0.7616099071207431,0.2706270627062706,0.8885448916408669,0.31573157315731576,0.8668730650154799,0.30803080308030806,0.9071207430340558,0.32233223322332233,0.9442724458204335,0.3355335533553355,0.9504643962848297,0.33773377337733773,0.9628482972136223,0.34213421342134215,0.6222910216718266,0.22112211221122113,0.30340557275541796,0.1078107810781078,0.8513931888544891,0.3025302530253025,0.9380804953560371,0.3333333333333333,0.9442724458204335,0.3355335533553355,0.8359133126934984,0.297029702970297,0.8452012383900929,0.30033003300330036,0.8018575851393189,0.28492849284928495,0.8235294117647058,0.29262926292629265,0.15479876160990713,0.05500550055005501,0.7430340557275542,0.264026402640264,0.7585139318885449,0.26952695269526955,0.5170278637770898,0.18371837183718373,0.19504643962848298,0.06930693069306931,0.804953560371517,0.28602860286028603,0.9164086687306502,0.3256325632563256,0.8297213622291022,0.2948294829482948,0.7987616099071208,0.2838283828382838,0.8080495356037152,0.2871287128712871,0.8204334365325078,0.2915291529152915,0.7894736842105263,0.28052805280528054,0.3931888544891641,0.1397139713971397,0.7987616099071208,0.2838283828382838,0.7770897832817337,0.2761276127612761,0.5046439628482973,0.1793179317931793,0.19504643962848298,0.06930693069306931,0.8080495356037152,0.2871287128712871,0.9164086687306502,0.3256325632563256,0.7492260061919505,0.2662266226622662
5,0.8415841584158416,0.37403740374037403,0.8415841584158416,0.37403740374037403,0.8836633663366337,0.3927392739273927,0.8836633663366337,0.3927392739273927,0.8712871287128713,0.3872387238723872,0.9529702970297029,0.4235423542354235,0.9207920792079208,0.40924092409240925,0.5693069306930693,0.253025302530253,0.36633663366336633,0.1628162816281628,0.844059405940594,0.37513751375137516,0.9183168316831684,0.4081408140814081,0.9554455445544554,0.42464246424642466,0.754950495049505,0.3355335533553355,0.8737623762376238,0.38833883388338836,0.8415841584158416,0.37403740374037403,0.8985148514851485,0.39933993399339934,0.9183168316831684,0.4081408140814081,0.9529702970297029,0.4235423542354235,0.9455445544554455,0.42024202420242024,0.6163366336633663,0.2739273927392739,0.2722772277227723,0.12101210121012101,0.8415841584158416,0.37403740374037403,0.9232673267326733,0.41034103410341033,0.9455445544554455,0.42024202420242024,0.8415841584158416,0.37403740374037403,0.8415841584158416,0.37403740374037403,0.8836633663366337,0.3927392739273927,0.8836633663366337,0.3927392739273927,0.8539603960396039,0.3795379537953795,0.9727722772277227,0.43234323432343236,0.9257425742574258,0.41144114411441146,0.5693069306930693,0.253025302530253,0.400990099009901,0.1782178217821782,0.844059405940594,0.37513751375137516,0.9183168316831684,0.4081408140814081,0.9554455445544554,0.42464246424642466,0.754950495049505,0.3355335533553355,0.8465346534653465,0.37623762376237624,0.8415841584158416,0.37403740374037403,0.8762376237623762,0.38943894389438943,0.8539603960396039,0.3795379537953795,0.943069306930693,0.41914191419141916,0.9628712871287128,0.42794279427942794,0.6485148514851485,0.28822882288228824,0.26732673267326734,0.1188118811881188,0.8217821782178217,0.36523652365236525,0.9331683168316832,0.41474147414741475,0.9579207920792079,0.42574257425742573,0.8415841584158416,0.37403740374037403,0.8415841584158416,0.37403740374037403,0.8836633663366337,0.3927392739273927,0.8836633663366337,0.3927392739273927,0.8242574257425742,0.36633663366336633,0.9554455445544554,0.42464246424642466,0.9207920792079208,0.40924092409240925,0.5643564356435643,0.2508250825082508,0.3465346534653465,0.15401540154015403,0.844059405940594,0.37513751375137516,0.9183168316831684,0.4081408140814081,0.9529702970297029,0.4235423542354235,0.754950495049505,0.3355335533553355,0.8737623762376238,0.38833883388338836,0.8415841584158416,0.37403740374037403,0.8985148514851485,0.39933993399339934,0.943069306930693,0.41914191419141916,0.9405940594059405,0.41804180418041803,0.9455445544554455,0.42024202420242024,0.6212871287128713,0.2761276127612761,0.26485148514851486,0.11771177117711772,0.8415841584158416,0.37403740374037403,0.9232673267326733,0.41034103410341033,0.943069306930693,0.41914191419141916,0.8341584158415841,0.37073707370737075,0.844059405940594,0.37513751375137516,0.7846534653465347,0.3487348734873487,0.7846534653465347,0.3487348734873487,0.15594059405940594,0.06930693069306931,0.6831683168316832,0.30363036303630364,0.698019801980198,0.3102310231023102,0.5247524752475248,0.23322332233223322,0.18811881188118812,0.08360836083608361,0.7722772277227723,0.3432343234323432,0.9133663366336634,0.40594059405940597,0.7821782178217822,0.34763476347634764,0.8143564356435643,0.3619361936193619,0.8193069306930693,0.3641364136413641,0.7896039603960396,0.3509350935093509,0.7846534653465347,0.3487348734873487,0.3787128712871287,0.16831683168316833,0.7623762376237624,0.3388338833883388,0.7648514851485149,0.33993399339933994,0.5099009900990099,0.22662266226622663,0.1905940594059406,0.0847084708470847,0.7698019801980198,0.34213421342134215,0.9108910891089109,0.40484048404840484,0.7326732673267327,0.3256325632563256
6,0.8185567010309278,0.4367436743674367,0.8185567010309278,0.4367436743674367,0.9030927835051547,0.48184818481848185,0.9030927835051547,0.48184818481848185,0.8391752577319588,0.44774477447744776,0.934020618556701,0.49834983498349833,0.9134020618556701,0.48734873487348734,0.5505154639175258,0.29372937293729373,0.311340206185567,0.16611661166116612,0.8206185567010309,0.43784378437843785,0.9030927835051547,0.48184818481848185,0.9298969072164949,0.4961496149614962,0.756701030927835,0.40374037403740376,0.8577319587628865,0.45764576457645767,0.8164948453608247,0.43564356435643564,0.8742268041237113,0.46644664466446645,0.9134020618556701,0.48734873487348734,0.9360824742268041,0.49944994499449946,0.9216494845360824,0.49174917491749176,0.6,0.3201320132013201,0.2515463917525773,0.1342134213421342,0.8247422680412371,0.44004400440044006,0.9092783505154639,0.48514851485148514,0.9443298969072165,0.5038503850385039,0.8185567010309278,0.4367436743674367,0.822680412371134,0.4389438943894389,0.9030927835051547,0.48184818481848185,0.9030927835051547,0.48184818481848185,0.8288659793814434,0.44224422442244227,0.9525773195876288,0.5082508250825083,0.9278350515463918,0.49504950495049505,0.5463917525773195,0.2915291529152915,0.3649484536082474,0.19471947194719472,0.8206185567010309,0.43784378437843785,0.9030927835051547,0.48184818481848185,0.931958762886598,0.49724972497249725,0.756701030927835,0.40374037403740376,0.8164948453608247,0.43564356435643564,0.8164948453608247,0.43564356435643564,0.8618556701030928,0.4598459845984598,0.8371134020618557,0.44664466446644663,0.9216494845360824,0.49174917491749176,0.9505154639175257,0.5071507150715071,0.643298969072165,0.3432343234323432,0.2556701030927835,0.13641364136413642,0.7835051546391752,0.41804180418041803,0.9278350515463918,0.49504950495049505,0.9567010309278351,0.5104510451045104,0.8185567010309278,0.4367436743674367,0.8185567010309278,0.4367436743674367,0.9030927835051547,0.48184818481848185,0.9030927835051547,0.48184818481848185,0.797938144329897,0.42574257425742573,0.9360824742268041,0.49944994499449946,0.9134020618556701,0.48734873487348734,0.5567010309278351,0.297029702970297,0.311340206185567,0.16611661166116612,0.8206185567010309,0.43784378437843785,0.9030927835051547,0.48184818481848185,0.9278350515463918,0.49504950495049505,0.756701030927835,0.40374037403740376,0.8577319587628865,0.45764576457645767,0.8164948453608247,0.43564356435643564,0.8742268041237113,0.46644664466446645,0.9381443298969072,0.5005500550055005,0.9278350515463918,0.49504950495049505,0.9216494845360824,0.49174917491749176,0.5896907216494846,0.3146314631463146,0.24948453608247423,0.1331133113311331,0.822680412371134,0.4389438943894389,0.9092783505154639,0.48514851485148514,0.9443298969072165,0.5038503850385039,0.8371134020618557,0.44664466446644663,0.845360824742268,0.45104510451045104,0.7711340206185567,0.41144114411441146,0.7546391752577319,0.40264026402640263,0.16494845360824742,0.08800880088008801,0.6288659793814433,0.3355335533553355,0.6536082474226804,0.3487348734873487,0.51340206185567,0.2739273927392739,0.18144329896907216,0.0968096809680968,0.7381443298969073,0.39383938393839385,0.8742268041237113,0.46644664466446645,0.7505154639175258,0.4004400440044004,0.7958762886597938,0.42464246424642466,0.8082474226804124,0.4312431243124312,0.7608247422680412,0.40594059405940597,0.7587628865979381,0.40484048404840484,0.3670103092783505,0.19581958195819582,0.7360824742268042,0.3927392739273927,0.7278350515463917,0.38833883388338836,0.51340206185567,0.2739273927392739,0.17938144329896907,0.09570957095709572,0.7278350515463917,0.38833883388338836,0.865979381443299,0.46204620462046203,0.7010309278350515,0.37403740374037403
7,0.7826855123674912,0.48734873487348734,0.784452296819788,0.4884488448844885,0.892226148409894,0.5555555555555556,0.8886925795053003,0.5533553355335533,0.8091872791519434,0.5038503850385039,0.9293286219081273,0.5786578657865786,0.9187279151943463,0.5720572057205721,0.5459363957597173,0.33993399339933994,0.26855123674911663,0.16721672167216722,0.7862190812720848,0.48954895489548955,0.8833922261484098,0.5500550055005501,0.9275618374558304,0.5775577557755776,0.7561837455830389,0.47084708470847086,0.8445229681978799,0.5258525852585259,0.7968197879858657,0.4961496149614962,0.8515901060070671,0.5302530253025303,0.9204946996466431,0.5731573157315731,0.9098939929328622,0.5665566556655666,0.9134275618374559,0.5687568756875687,0.5865724381625441,0.36523652365236525,0.23851590106007067,0.1485148514851485,0.7915194346289752,0.49284928492849284,0.8851590106007067,0.5511551155115512,0.941696113074205,0.5863586358635864,0.7826855123674912,0.48734873487348734,0.7791519434628975,0.48514851485148514,0.892226148409894,0.5555555555555556,0.8886925795053003,0.5533553355335533,0.8003533568904594,0.49834983498349833,0.9240282685512368,0.5753575357535754,0.9204946996466431,0.5731573157315731,0.5459363957597173,0.33993399339933994,0.31802120141342755,0.19801980198019803,0.7862190812720848,0.48954895489548955,0.8833922261484098,0.5500550055005501,0.9275618374558304,0.5775577557755776,0.7561837455830389,0.47084708470847086,0.8021201413427562,0.49944994499449946,0.7968197879858657,0.4961496149614962,0.8303886925795053,0.517051705170517,0.8144876325088339,0.5071507150715071,0.8939929328621908,0.5566556655665567,0.9293286219081273,0.5786578657865786,0.6201413427561837,0.38613861386138615,0.24558303886925795,0.15291529152915292,0.7685512367491166,0.47854785478547857,0.911660777385159,0.5676567656765676,0.9487632508833922,0.5907590759075908,0.7826855123674912,0.48734873487348734,0.784452296819788,0.4884488448844885,0.892226148409894,0.5555555555555556,0.8886925795053003,0.5533553355335533,0.7703180212014135,0.47964796479647964,0.9257950530035336,0.5764576457645765,0.9187279151943463,0.5720572057205721,0.5547703180212014,0.34543454345434543,0.26855123674911663,0.16721672167216722,0.7862190812720848,0.48954895489548955,0.8833922261484098,0.5500550055005501,0.9275618374558304,0.5775577557755776,0.7561837455830389,0.47084708470847086,0.8445229681978799,0.5258525852585259,0.7968197879858657,0.4961496149614962,0.8515901060070671,0.5302530253025303,0.9363957597173145,0.583058305830583,0.901060070671378,0.5610561056105611,0.9134275618374559,0.5687568756875687,0.5901060070671378,0.36743674367436746,0.23498233215547704,0.14631463146314633,0.7932862190812721,0.49394939493949397,0.8869257950530035,0.5522552255225522,0.9399293286219081,0.5852585258525853,0.8321554770318021,0.5181518151815182,0.8480565371024735,0.528052805280528,0.7473498233215548,0.46534653465346537,0.7332155477031802,0.45654565456545654,0.16607773851590105,0.1034103410341034,0.5971731448763251,0.3718371837183718,0.6325088339222615,0.39383938393839385,0.48939929328621906,0.3047304730473047,0.16784452296819788,0.10451045104510451,0.7102473498233216,0.44224422442244227,0.8321554770318021,0.5181518151815182,0.6978798586572438,0.43454345434543457,0.8003533568904594,0.49834983498349833,0.803886925795053,0.5005500550055005,0.7296819787985865,0.45434543454345433,0.7332155477031802,0.45654565456545654,0.35335689045936397,0.22002200220022003,0.7120141342756183,0.44334433443344334,0.6978798586572438,0.43454345434543457,0.4911660777385159,0.30583058305830585,0.17491166077738515,0.10891089108910891,0.7137809187279152,0.4444444444444444,0.8321554770318021,0.5181518151815182,0.666077738515901,0.41474147414741475
8,0.7465224111282844,0.5313531353135313,0.7465224111282844,0.5313531353135313,0.8856259659969088,0.6303630363036303,0.884080370942813,0.6292629262926293,0.7851622874806801,0.5588558855885588,0.9304482225656878,0.6622662266226622,0.9211746522411128,0.6556655665566556,0.5316846986089645,0.37843784378437845,0.23647604327666152,0.16831683168316833,0.7480680061823802,0.5324532453245324,0.8346213292117465,0.594059405940594,0.9289026275115919,0.6611661166116611,0.758887171561051,0.5401540154015402,0.8176197836166924,0.581958195819582,0.7697063369397218,0.5478547854785478,0.8176197836166924,0.581958195819582,0.9057187017001546,0.6446644664466447,0.8717156105100463,0.6204620462046204,0.9119010819165378,0.6490649064906491,0.5672333848531684,0.40374037403740376,0.21792890262751158,0.1551155115511551,0.758887171561051,0.5401540154015402,0.848531684698609,0.6039603960396039,0.9381761978361669,0.6677667766776678,0.7465224111282844,0.5313531353135313,0.7449768160741885,0.5302530253025303,0.8856259659969088,0.6303630363036303,0.884080370942813,0.6292629262926293,0.7650695517774343,0.5445544554455446,0.9304482225656878,0.6622662266226622,0.9227202472952086,0.6567656765676567,0.5285935085007728,0.37623762376237624,0.28129829984544047,0.2002200220022002,0.7480680061823802,0.5324532453245324,0.8346213292117465,0.594059405940594,0.9304482225656878,0.6622662266226622,0.758887171561051,0.5401540154015402,0.7789799072642968,0.5544554455445545,0.7697063369397218,0.5478547854785478,0.8021638330757341,0.570957095709571,0.7851622874806801,0.5588558855885588,0.8531684698608965,0.6072607260726073,0.9211746522411128,0.6556655665566556,0.5873261205564142,0.41804180418041803,0.24574961360123648,0.17491749174917492,0.7418856259659969,0.528052805280528,0.893353941267388,0.6358635863586358,0.9412673879443586,0.66996699669967,0.7465224111282844,0.5313531353135313,0.7465224111282844,0.5313531353135313,0.8856259659969088,0.6303630363036303,0.8856259659969088,0.6303630363036303,0.7418856259659969,0.528052805280528,0.9304482225656878,0.6622662266226622,0.9211746522411128,0.6556655665566556,0.5440494590417311,0.3872387238723872,0.23647604327666152,0.16831683168316833,0.749613601236476,0.5335533553355336,0.8346213292117465,0.594059405940594,0.9304482225656878,0.6622662266226622,0.758887171561051,0.5401540154015402,0.8176197836166924,0.581958195819582,0.7697063369397218,0.5478547854785478,0.8176197836166924,0.581958195819582,0.9273570324574961,0.6600660066006601,0.8701700154559505,0.6193619361936193,0.9119010819165378,0.6490649064906491,0.5687789799072643,0.40484048404840484,0.21792890262751158,0.1551155115511551,0.758887171561051,0.5401540154015402,0.848531684698609,0.6039603960396039,0.9381761978361669,0.6677667766776678,0.8222565687789799,0.5852585258525853,0.8299845440494591,0.5907590759075908,0.7202472952086554,0.5126512651265126,0.7156105100463679,0.5093509350935094,0.17156105100463678,0.12211221122112212,0.5780525502318392,0.41144114411441146,0.6058732612055642,0.4312431243124312,0.46367851622874806,0.33003300330033003,0.16692426584234932,0.1188118811881188,0.6862442040185471,0.4884488448844885,0.7959814528593508,0.5665566556655666,0.6661514683153014,0.47414741474147415,0.7928902627511591,0.5643564356435643,0.8006182380216383,0.5698569856985699,0.714064914992272,0.5082508250825083,0.7063369397217929,0.5027502750275028,0.3508500772797527,0.24972497249724973,0.6877897990726429,0.48954895489548955,0.6800618238021638,0.48404840484048406,0.45904173106646057,0.32673267326732675,0.16537867078825347,0.11771177117711772,0.6846986089644513,0.48734873487348734,0.7882534775888718,0.5610561056105611,0.6476043276661515,0.46094609460946095
9,0.7142857142857143,0.5720572057205721,0.7101648351648352,0.5687568756875687,0.8956043956043956,0.7172717271727173,0.8956043956043956,0.7172717271727173,0.760989010989011,0.6094609460946094,0.9368131868131868,0.7502750275027503,0.9230769230769231,0.7392739273927392,0.5123626373626373,0.41034103410341033,0.21428571428571427,0.1716171617161716,0.7142857142857143,0.5720572057205721,0.7980769230769231,0.6391639163916392,0.9285714285714286,0.7436743674367436,0.7582417582417582,0.6072607260726073,0.7898351648351648,0.6325632563256326,0.7417582417582418,0.594059405940594,0.782967032967033,0.6270627062706271,0.8585164835164835,0.6875687568756875,0.8282967032967034,0.6633663366336634,0.8846153846153846,0.7084708470847084,0.5467032967032966,0.43784378437843785,0.20741758241758243,0.16611661166116612,0.7266483516483516,0.581958195819582,0.8173076923076923,0.6545654565456546,0.9368131868131868,0.7502750275027503,0.7142857142857143,0.5720572057205721,0.7129120879120879,0.570957095709571,0.8956043956043956,0.7172717271727173,0.8956043956043956,0.7172717271727173,0.7376373626373627,0.5907590759075908,0.9381868131868132,0.7513751375137514,0.929945054945055,0.7447744774477447,0.510989010989011,0.40924092409240925,0.25,0.2002200220022002,0.7142857142857143,0.5720572057205721,0.7980769230769231,0.6391639163916392,0.9381868131868132,0.7513751375137514,0.7582417582417582,0.6072607260726073,0.7554945054945055,0.605060506050605,0.7417582417582418,0.594059405940594,0.7706043956043956,0.6171617161716172,0.7623626373626373,0.6105610561056105,0.8173076923076923,0.6545654565456546,0.8914835164835165,0.713971397139714,0.5590659340659341,0.44774477447744776,0.24313186813186813,0.19471947194719472,0.7252747252747253,0.5808580858085809,0.8612637362637363,0.6897689768976898,0.9340659340659341,0.7480748074807481,0.7142857142857143,0.5720572057205721,0.7101648351648352,0.5687568756875687,0.8956043956043956,0.7172717271727173,0.8956043956043956,0.7172717271727173,0.7184065934065934,0.5753575357535754,0.9368131868131868,0.7502750275027503,0.9230769230769231,0.7392739273927392,0.5288461538461539,0.4235423542354235,0.21428571428571427,0.1716171617161716,0.7142857142857143,0.5720572057205721,0.8008241758241759,0.6413641364136413,0.9381868131868132,0.7513751375137514,0.7582417582417582,0.6072607260726073,0.7898351648351648,0.6325632563256326,0.7417582417582418,0.594059405940594,0.782967032967033,0.6270627062706271,0.8873626373626373,0.7106710671067107,0.8282967032967034,0.6633663366336634,0.8846153846153846,0.7084708470847084,0.5480769230769231,0.4389438943894389,0.20604395604395603,0.16501650165016502,0.728021978021978,0.583058305830583,0.8159340659340659,0.6534653465346535,0.9354395604395604,0.7491749174917491,0.8035714285714286,0.6435643564356436,0.8118131868131868,0.6501650165016502,0.7019230769230769,0.5621562156215621,0.6936813186813187,0.5555555555555556,0.1717032967032967,0.13751375137513752,0.5659340659340659,0.45324532453245325,0.5934065934065934,0.4752475247524752,0.4574175824175824,0.36633663366336633,0.16895604395604397,0.1353135313531353,0.6607142857142857,0.5291529152915292,0.7541208791208791,0.6039603960396039,0.6318681318681318,0.506050605060506,0.7692307692307693,0.6160616061606161,0.7774725274725275,0.6226622662266227,0.6909340659340659,0.5533553355335533,0.6868131868131868,0.5500550055005501,0.3447802197802198,0.2761276127612761,0.6620879120879121,0.5302530253025303,0.6648351648351648,0.5324532453245324,0.4574175824175824,0.36633663366336633,0.1662087912087912,0.1331133113311331,0.6593406593406593,0.528052805280528,0.7527472527472527,0.6028602860286029,0.6318681318681318,0.506050605060506
10,0.6835599505562423,0.6083608360836084,0.6835599505562423,0.6083608360836084,0.8949320148331273,0.7964796479647965,0.8949320148331273,0.7964796479647965,0.7354758961681088,0.6545654565456546,0.9369592088998764,0.8338833883388339,0.9159456118665018,0.8151815181518152,0.4907292954264524,0.4367436743674367,0.19283065512978986,0.1716171617161716,0.6847960444993819,0.6094609460946094,0.7688504326328801,0.6842684268426843,0.9320148331273177,0.8294829482948295,0.7466007416563659,0.6644664466446645,0.765142150803461,0.680968096809681,0.7107540173053152,0.6325632563256326,0.7503090234857849,0.6677667766776678,0.8034610630407911,0.7150715071507151,0.7812113720642769,0.6952695269526953,0.8331273176761433,0.7414741474147415,0.5166872682323856,0.4598459845984598,0.1915945611866502,0.1705170517051705,0.695920889987639,0.6193619361936193,0.7799752781211372,0.6941694169416942,0.9320148331273177,0.8294829482948295,0.6835599505562423,0.6083608360836084,0.6786155747836835,0.6039603960396039,0.8949320148331273,0.7964796479647965,0.8949320148331273,0.7964796479647965,0.7144622991347342,0.6358635863586358,0.9381953028430161,0.834983498349835,0.9221260815822002,0.8206820682068207,0.4894932014833127,0.43564356435643564,0.2249690976514215,0.2002200220022002,0.6847960444993819,0.6094609460946094,0.7688504326328801,0.6842684268426843,0.9406674907292955,0.8371837183718371,0.7466007416563659,0.6644664466446645,0.73053152039555,0.6501650165016502,0.7107540173053152,0.6325632563256326,0.7280593325092707,0.647964796479648,0.7379480840543882,0.6567656765676567,0.7725587144622992,0.6875687568756875,0.8479604449938195,0.7546754675467546,0.519159456118665,0.46204620462046203,0.2558714462299135,0.22772277227722773,0.7008652657601978,0.6237623762376238,0.8257107540173053,0.7348734873487349,0.930778739184178,0.8283828382838284,0.6835599505562423,0.6083608360836084,0.6835599505562423,0.6083608360836084,0.8949320148331273,0.7964796479647965,0.8949320148331273,0.7964796479647965,0.6971569839307787,0.6204620462046204,0.9381953028430161,0.834983498349835,0.9159456118665018,0.8151815181518152,0.5142150803461063,0.45764576457645767,0.19283065512978986,0.1716171617161716,0.6860321384425216,0.6105610561056105,0.7688504326328801,0.6842684268426843,0.9394313967861557,0.8360836083608361,0.7466007416563659,0.6644664466446645,0.765142150803461,0.680968096809681,0.7107540173053152,0.6325632563256326,0.7503090234857849,0.6677667766776678,0.8405438813349815,0.7480748074807481,0.7799752781211372,0.6941694169416942,0.8331273176761433,0.7414741474147415,0.5203955500618047,0.46314631463146316,0.1915945611866502,0.1705170517051705,0.6971569839307787,0.6204620462046204,0.7799752781211372,0.6941694169416942,0.9295426452410384,0.8272827282728272,0.7799752781211372,0.6941694169416942,0.7861557478368356,0.6996699669966997,0.6798516687268232,0.605060506050605,0.6798516687268232,0.605060506050605,0.173053152039555,0.15401540154015403,0.5401730531520396,0.4807480748074808,0.5735475896168108,0.5104510451045104,0.446229913473424,0.39713971397139713,0.17181705809641531,0.15291529152915292,0.6440049443757726,0.5731573157315731,0.7194066749072929,0.6402640264026402,0.6168108776266996,0.5489548954895489,0.7478368355995055,0.6655665566556656,0.754017305315204,0.671067106710671,0.6711990111248455,0.5973597359735974,0.6711990111248455,0.5973597359735974,0.33868974042027195,0.30143014301430143,0.6328800988875154,0.5632563256325632,0.6415327564894932,0.570957095709571,0.4388133498145859,0.39053905390539057,0.16440049443757726,0.14631463146314633,0.6402966625463535,0.5698569856985699,0.7144622991347342,0.6358635863586358,0.6007416563658838,0.5346534653465347
11,0.650561797752809,0.636963696369637,0.650561797752809,0.636963696369637,0.8775280898876404,0.8591859185918592,0.8775280898876404,0.8591859185918592,0.7179775280898877,0.7029702970297029,0.9314606741573034,0.911991199119912,0.9191011235955057,0.8998899889988999,0.45955056179775283,0.44994499449944997,0.20449438202247192,0.2002200220022002,0.6528089887640449,0.6391639163916392,0.7382022471910112,0.7227722772277227,0.9123595505617977,0.8932893289328933,0.7393258426966293,0.7238723872387238,0.7438202247191011,0.7282728272827282,0.6786516853932584,0.6644664466446645,0.7235955056179775,0.7084708470847084,0.7539325842696629,0.7381738173817382,0.7337078651685394,0.7183718371837183,0.798876404494382,0.7821782178217822,0.48314606741573035,0.4730473047304731,0.20224719101123595,0.19801980198019803,0.6719101123595506,0.6578657865786579,0.750561797752809,0.7348734873487349,0.9213483146067416,0.9020902090209021,0.650561797752809,0.636963696369637,0.6539325842696629,0.6402640264026402,0.8775280898876404,0.8591859185918592,0.8775280898876404,0.8591859185918592,0.6876404494382022,0.6732673267326733,0.9382022471910112,0.9185918591859186,0.9202247191011236,0.900990099009901,0.4584269662921348,0.44884488448844884,0.20786516853932585,0.20352035203520352,0.6528089887640449,0.6391639163916392,0.7382022471910112,0.7227722772277227,0.9123595505617977,0.8932893289328933,0.7393258426966293,0.7238723872387238,0.6966292134831461,0.682068206820682,0.6786516853932584,0.6644664466446645,0.7089887640449438,0.6941694169416942,0.7146067415730337,0.6996699669966997,0.7303370786516854,0.7150715071507151,0.8,0.7832783278327833,0.49550561797752807,0.48514851485148514,0.2550561797752809,0.24972497249724973,0.6910112359550562,0.6765676567656765,0.7808988764044944,0.7645764576457645,0.9235955056179775,0.9042904290429042,0.650561797752809,0.636963696369637,0.650561797752809,0.636963696369637,0.8775280898876404,0.8591859185918592,0.8775280898876404,0.8591859185918592,0.6865168539325842,0.6721672167216721,0.9303370786516854,0.9108910891089109,0.9191011235955057,0.8998899889988999,0.4910112359550562,0.4807480748074808,0.20449438202247192,0.2002200220022002,0.6528089887640449,0.6391639163916392,0.7393258426966293,0.7238723872387238,0.9123595505617977,0.8932893289328933,0.7393258426966293,0.7238723872387238,0.7438202247191011,0.7282728272827282,0.6786516853932584,0.6644664466446645,0.7235955056179775,0.7084708470847084,0.7898876404494382,0.7733773377337734,0.7314606741573034,0.7161716171617162,0.798876404494382,0.7821782178217822,0.4887640449438202,0.47854785478547857,0.20224719101123595,0.19801980198019803,0.6730337078651686,0.658965896589659,0.751685393258427,0.735973597359736,0.9213483146067416,0.9020902090209021,0.7561797752808989,0.7403740374037404,0.7640449438202247,0.7480748074807481,0.6561797752808989,0.6424642464246425,0.6550561797752809,0.6413641364136413,0.16741573033707866,0.1639163916391639,0.5224719101123596,0.5115511551155115,0.5573033707865168,0.5456545654565457,0.4370786516853933,0.42794279427942794,0.1651685393258427,0.1617161716171617,0.6224719101123596,0.6094609460946094,0.697752808988764,0.6831683168316832,0.5842696629213483,0.5720572057205721,0.7224719101123596,0.7073707370737073,0.7280898876404495,0.7128712871287128,0.650561797752809,0.636963696369637,0.6539325842696629,0.6402640264026402,0.3348314606741573,0.3278327832783278,0.6101123595505618,0.5973597359735974,0.6168539325842697,0.6039603960396039,0.42696629213483145,0.41804180418041803,0.16292134831460675,0.15951595159515952,0.6157303370786517,0.6028602860286029,0.6932584269662921,0.6787678767876788,0.5831460674157304,0.570957095709571
12,0.6251287332646756,0.6677667766776678,0.6261585993820803,0.6688668866886689,0.8187435633367662,0.8745874587458746,0.8516992790937178,0.9097909790979097,0.685890834191555,0.7326732673267327,0.917610710607621,0.9801980198019802,0.9186405767250257,0.9812981298129813,0.446961894953656,0.47744774477447743,0.21833161688980432,0.23322332233223322,0.627188465499485,0.66996699669967,0.7064881565396498,0.7546754675467546,0.8362512873326468,0.8932893289328933,0.7229660144181257,0.7722772277227723,0.7188465499485067,0.7678767876787679,0.6601441812564367,0.7051705170517052,0.6992790937178167,0.746974697469747,0.7106076210092688,0.759075907590759,0.685890834191555,0.7326732673267327,0.752832131822863,0.8041804180418042,0.45829042224510813,0.48954895489548955,0.203913491246138,0.21782178217821782,0.6405767250257467,0.6842684268426843,0.7198764160659115,0.768976897689769,0.9207003089598352,0.9834983498349835,0.6251287332646756,0.6677667766776678,0.6220391349124614,0.6644664466446645,0.8187435633367662,0.8745874587458746,0.8516992790937178,0.9097909790979097,0.6498455200823893,0.6941694169416942,0.9227600411946447,0.9856985698569857,0.9165808444902163,0.9790979097909791,0.44799176107106076,0.47854785478547857,0.22760041194644695,0.24312431243124313,0.627188465499485,0.66996699669967,0.7064881565396498,0.7546754675467546,0.8362512873326468,0.8932893289328933,0.7229660144181257,0.7722772277227723,0.6776519052523172,0.7238723872387238,0.6601441812564367,0.7051705170517052,0.6828012358393409,0.7293729372937293,0.6848609680741503,0.7315731573157316,0.690010298661174,0.7370737073707371,0.7651905252317199,0.8173817381738174,0.47785787847579814,0.5104510451045104,0.2481977342945417,0.26512651265126513,0.6652935118434603,0.7106710671067107,0.752832131822863,0.8041804180418042,0.9196704428424305,0.9823982398239824,0.6251287332646756,0.6677667766776678,0.6261585993820803,0.6688668866886689,0.8187435633367662,0.8745874587458746,0.8516992790937178,0.9097909790979097,0.659114315139032,0.7040704070407041,0.9186405767250257,0.9812981298129813,0.9186405767250257,0.9812981298129813,0.46446961894953653,0.4961496149614962,0.21627188465499486,0.23102310231023102,0.6261585993820803,0.6688668866886689,0.709577754891864,0.757975797579758,0.8362512873326468,0.8932893289328933,0.7229660144181257,0.7722772277227723,0.7188465499485067,0.7678767876787679,0.6601441812564367,0.7051705170517052,0.6992790937178167,0.746974697469747,0.7435633367662204,0.7942794279427943,0.6869207003089598,0.7337733773377337,0.752832131822863,0.8041804180418042,0.4603501544799176,0.49174917491749176,0.20803295571575695,0.2222222222222222,0.6416065911431514,0.6853685368536854,0.7209062821833162,0.77007700770077,0.9114315139031925,0.9735973597359736,0.7270854788877446,0.7766776677667767,0.733264675592173,0.7832783278327833,0.6385169927909372,0.682068206820682,0.6343975283213182,0.6776677667766776,0.17198764160659114,0.18371837183718373,0.513903192584964,0.5489548954895489,0.5386199794026777,0.5753575357535754,0.427394438722966,0.45654565456545654,0.16683831101956745,0.1782178217821782,0.6024716786817713,0.6435643564356436,0.6694129763130793,0.7150715071507151,0.564366632337796,0.6028602860286029,0.7023686920700309,0.7502750275027503,0.7054582904222451,0.7535753575357536,0.6333676622039135,0.6765676567656765,0.6323377960865088,0.6754675467546755,0.329557157569516,0.35203520352035206,0.5890834191555098,0.6292629262926293,0.596292481977343,0.636963696369637,0.427394438722966,0.45654565456545654,0.1627188465499485,0.17381738173817382,0.596292481977343,0.636963696369637,0.6683831101956745,0.713971397139714,0.5592173017507724,0.5973597359735974
13,0.6007604562737643,0.6952695269526953,0.5998098859315589,0.6941694169416942,0.8022813688212928,0.9284928492849285,0.8032319391634981,0.9295929592959296,0.6682509505703422,0.7733773377337734,0.8640684410646388,1.0,0.8640684410646388,1.0,0.42490494296577946,0.49174917491749176,0.23954372623574144,0.27722772277227725,0.6017110266159695,0.6963696369636964,0.6768060836501901,0.7832783278327833,0.7718631178707225,0.8932893289328933,0.7081749049429658,0.8195819581958196,0.6929657794676806,0.801980198019802,0.6378326996197718,0.7381738173817382,0.6787072243346007,0.7854785478547854,0.6682509505703422,0.7733773377337734,0.6463878326996197,0.7480748074807481,0.7100760456273765,0.8217821782178217,0.4467680608365019,0.517051705170517,0.2224334600760456,0.25742574257425743,0.6178707224334601,0.7150715071507151,0.6901140684410646,0.7986798679867987,0.8640684410646388,1.0,0.6007604562737643,0.6952695269526953,0.6017110266159695,0.6963696369636964,0.8022813688212928,0.9284928492849285,0.8032319391634981,0.9295929592959296,0.629277566539924,0.7282728272827282,0.8640684410646388,1.0,0.8640684410646388,1.0,0.4268060836501901,0.49394939493949397,0.24334600760456274,0.2816281628162816,0.6017110266159695,0.6963696369636964,0.6768060836501901,0.7832783278327833,0.7718631178707225,0.8932893289328933,0.7081749049429658,0.8195819581958196,0.6606463878326996,0.7645764576457645,0.6378326996197718,0.7381738173817382,0.6625475285171103,0.7667766776677668,0.6549429657794676,0.757975797579758,0.6463878326996197,0.7480748074807481,0.7290874524714829,0.8437843784378438,0.46387832699619774,0.5368536853685368,0.24809885931558937,0.2871287128712871,0.6349809885931559,0.7348734873487349,0.7243346007604563,0.8382838283828383,0.8640684410646388,1.0,0.6007604562737643,0.6952695269526953,0.5998098859315589,0.6941694169416942,0.8022813688212928,0.9284928492849285,0.8032319391634981,0.9295929592959296,0.6378326996197718,0.7381738173817382,0.8640684410646388,1.0,0.8640684410646388,1.0,0.4515209125475285,0.5225522552255225,0.23574144486692014,0.27282728272827284,0.6017110266159695,0.6963696369636964,0.6777566539923955,0.7843784378437844,0.7718631178707225,0.8932893289328933,0.7081749049429658,0.8195819581958196,0.6929657794676806,0.801980198019802,0.6378326996197718,0.7381738173817382,0.6787072243346007,0.7854785478547854,0.7005703422053232,0.8107810781078107,0.6435361216730038,0.7447744774477447,0.7100760456273765,0.8217821782178217,0.4505703422053232,0.5214521452145214,0.21673003802281368,0.2508250825082508,0.6197718631178707,0.7172717271727173,0.69106463878327,0.7997799779977998,0.8593155893536122,0.9944994499449945,0.6929657794676806,0.801980198019802,0.6958174904942965,0.8052805280528053,0.6140684410646388,0.7106710671067107,0.6140684410646388,0.7106710671067107,0.1758555133079848,0.20352035203520352,0.49619771863117873,0.5742574257425742,0.5190114068441065,0.6006600660066007,0.4268060836501901,0.49394939493949397,0.1682509505703422,0.19471947194719472,0.5817490494296578,0.6732673267326733,0.6444866920152091,0.7458745874587459,0.5475285171102662,0.6336633663366337,0.6768060836501901,0.7832783278327833,0.6806083650190115,0.7876787678767877,0.6045627376425855,0.6996699669966997,0.6074144486692015,0.7029702970297029,0.3269961977186312,0.37843784378437845,0.5655893536121673,0.6545654565456546,0.5788973384030418,0.66996699669967,0.42585551330798477,0.49284928492849284,0.16920152091254753,0.19581958195819582,0.5769961977186312,0.6677667766776678,0.6406844106463878,0.7414741474147415,0.5427756653992395,0.6281628162816282
14,0.5772285966460724,0.7194719471947195,0.5781112091791704,0.7205720572057206,0.7458075904677847,0.9295929592959296,0.7458075904677847,0.9295929592959296,0.6416593115622242,0.7997799779977998,0.8022947925860547,1.0,0.8022947925860547,1.0,0.42541924095322153,0.5302530253025303,0.23654015887025595,0.2948294829482948,0.5781112091791704,0.7205720572057206,0.646954986760812,0.8063806380638063,0.7166813768755517,0.8932893289328933,0.6902030008826125,0.8602860286028603,0.6663724624889673,0.8305830583058306,0.6187113857016769,0.7711771177117712,0.6513680494263019,0.8118811881188119,0.6319505736981466,0.7876787678767877,0.6107678729037952,0.7612761276127613,0.6707855251544572,0.8360836083608361,0.440423654015887,0.5489548954895489,0.21800529567519858,0.2717271727172717,0.588702559576346,0.7337733773377337,0.6610767872903796,0.823982398239824,0.8022947925860547,1.0,0.5772285966460724,0.7194719471947195,0.5763459841129744,0.7183718371837183,0.7458075904677847,0.9295929592959296,0.7458075904677847,0.9295929592959296,0.6045895851721095,0.7535753575357536,0.8022947925860547,1.0,0.8022947925860547,1.0,0.42806707855251547,0.5335533553355336,0.2497793468667255,0.31133113311331134,0.5781112091791704,0.7205720572057206,0.646954986760812,0.8063806380638063,0.7166813768755517,0.8932893289328933,0.6902030008826125,0.8602860286028603,0.6381288614298323,0.7953795379537953,0.6187113857016769,0.7711771177117712,0.6425419240953222,0.8008800880088008,0.6204766107678729,0.7733773377337734,0.6160635481023831,0.7678767876787679,0.6910856134157105,0.8613861386138614,0.4554280670785525,0.5676567656765676,0.2418358340688438,0.30143014301430143,0.6125330979699912,0.7634763476347635,0.6902030008826125,0.8602860286028603,0.8022947925860547,1.0,0.5772285966460724,0.7194719471947195,0.5781112091791704,0.7205720572057206,0.7458075904677847,0.9295929592959296,0.7458075904677847,0.9295929592959296,0.6134157105030892,0.7645764576457645,0.8022947925860547,1.0,0.8022947925860547,1.0,0.4457193292144748,0.5555555555555556,0.24007060900264784,0.2992299229922992,0.5781112091791704,0.7205720572057206,0.646954986760812,0.8063806380638063,0.7166813768755517,0.8932893289328933,0.6902030008826125,0.8602860286028603,0.6663724624889673,0.8305830583058306,0.6187113857016769,0.7711771177117712,0.6513680494263019,0.8118811881188119,0.6619593998234775,0.8250825082508251,0.6098852603706972,0.7601760176017601,0.6707855251544572,0.8360836083608361,0.44307149161518095,0.5522552255225522,0.22418358340688438,0.2794279427942794,0.5904677846425419,0.735973597359736,0.6619593998234775,0.8250825082508251,0.8005295675198588,0.9977997799779978,0.6601941747572816,0.8228822882288229,0.6619593998234775,0.8250825082508251,0.587819947043248,0.7326732673267327,0.588702559576346,0.7337733773377337,0.176522506619594,0.22002200220022003,0.4872021182700794,0.6072607260726073,0.5092674315975286,0.6347634763476347,0.41394527802294795,0.5159515951595159,0.17299205648720212,0.2156215621562156,0.5613415710503089,0.6996699669966997,0.6160635481023831,0.7678767876787679,0.5260370697263901,0.6556655665566556,0.6522506619593998,0.812981298129813,0.6548984995586937,0.8162816281628162,0.5869373345101501,0.7315731573157316,0.5869373345101501,0.7315731573157316,0.32391879964695497,0.40374037403740376,0.5410414827890556,0.6743674367436744,0.559576345984113,0.6974697469746974,0.4095322153574581,0.5104510451045104,0.1703442188879082,0.21232123212321233,0.5525154457193292,0.6886688668866887,0.6134157105030892,0.7645764576457645,0.5251544571932921,0.6545654565456546
15,0.556836902800659,0.7436743674367436,0.556836902800659,0.7436743674367436,0.6976935749588138,0.9317931793179318,0.7240527182866557,0.966996699669967,0.6194398682042833,0.8272827282728272,0.7487644151565074,1.0,0.7487644151565074,1.0,0.414332784184514,0.5533553355335533,0.24052718286655683,0.32123212321232125,0.5593080724876441,0.746974697469747,0.6210873146622735,0.8294829482948295,0.6688632619439868,0.8932893289328933,0.6622734761120264,0.8844884488448845,0.64332784184514,0.8591859185918592,0.5971993410214168,0.7975797579757976,0.6309719934102141,0.8426842684268426,0.5988467874794069,0.7997799779977998,0.5840197693574959,0.7799779977997799,0.6392092257001647,0.8536853685368537,0.43492586490939045,0.5808580858085809,0.21334431630971992,0.28492849284928495,0.5700164744645799,0.7612761276127613,0.6301482701812191,0.8415841584158416,0.7487644151565074,1.0,0.556836902800659,0.7436743674367436,0.5543657331136738,0.7403740374037404,0.6976935749588138,0.9317931793179318,0.7240527182866557,0.966996699669967,0.5823723228995058,0.7777777777777778,0.7487644151565074,1.0,0.7487644151565074,1.0,0.4184514003294893,0.5588558855885588,0.2504118616144975,0.33443344334433445,0.5593080724876441,0.746974697469747,0.6210873146622735,0.8294829482948295,0.6688632619439868,0.8932893289328933,0.6622734761120264,0.8844884488448845,0.6161449752883031,0.8228822882288229,0.5971993410214168,0.7975797579757976,0.6202635914332785,0.8283828382838284,0.5922570016474464,0.7909790979097909,0.586490939044481,0.7832783278327833,0.6589785831960461,0.8800880088008801,0.45057660626029655,0.6017601760176018,0.2413509060955519,0.32233223322332233,0.5914332784184514,0.7898789878987899,0.658154859967051,0.878987898789879,0.7487644151565074,1.0,0.556836902800659,0.7436743674367436,0.556836902800659,0.7436743674367436,0.6976935749588138,0.9317931793179318,0.7240527182866557,0.966996699669967,0.5939044481054365,0.7931793179317932,0.7487644151565074,1.0,0.7487644151565074,1.0,0.4316309719934102,0.5764576457645765,0.24299835255354202,0.32453245324532454,0.5584843492586491,0.7458745874587459,0.6210873146622735,0.8294829482948295,0.6688632619439868,0.8932893289328933,0.6622734761120264,0.8844884488448845,0.64332784184514,0.8591859185918592,0.5971993410214168,0.7975797579757976,0.6309719934102141,0.8426842684268426,0.6301482701812191,0.8415841584158416,0.5815485996705108,0.7766776677667767,0.6392092257001647,0.8536853685368537,0.4332784184514003,0.5786578657865786,0.22240527182866557,0.297029702970297,0.5700164744645799,0.7612761276127613,0.6309719934102141,0.8426842684268426,0.7471169686985173,0.9977997799779978,0.6334431630971994,0.845984598459846,0.6317957166392092,0.8437843784378438,0.5683690280065898,0.759075907590759,0.5667215815485996,0.7568756875687569,0.1787479406919275,0.23872387238723872,0.4744645799011532,0.6336633663366337,0.49093904448105435,0.6556655665566556,0.40197693574958815,0.5368536853685368,0.17051070840197693,0.22772277227722773,0.5362438220757826,0.7161716171617162,0.5906095551894563,0.7887788778877888,0.5131795716639209,0.6853685368536854,0.6210873146622735,0.8294829482948295,0.6227347611202636,0.8316831683168316,0.5667215815485996,0.7568756875687569,0.5700164744645799,0.7612761276127613,0.3187808896210873,0.42574257425742573,0.5238879736408567,0.6996699669966997,0.5436573311367381,0.7260726072607261,0.39950576606260296,0.5335533553355336,0.17462932454695224,0.23322332233223322,0.5337726523887973,0.7128712871287128,0.5897858319604613,0.7876787678767877,0.5098846787479407,0.680968096809681
16,0.5382239382239382,0.7667766776677668,0.5374517374517375,0.7656765676567657,0.6918918918918919,0.9856985698569857,0.7019305019305019,1.0,0.6007722007722007,0.8558855885588559,0.7019305019305019,1.0,0.7019305019305019,1.0,0.4046332046332046,0.5764576457645765,0.24015444015444015,0.34213421342134215,0.538996138996139,0.7678767876787679,0.5945945945945946,0.847084708470847,0.6270270270270271,0.8932893289328933,0.6355212355212355,0.9053905390539054,0.6247104247104247,0.88998899889989,0.5822393822393822,0.8294829482948295,0.6077220077220077,0.8657865786578658,0.5714285714285714,0.8140814081408141,0.5606177606177606,0.7986798679867987,0.6092664092664093,0.8679867986798679,0.41853281853281854,0.5962596259625963,0.21853281853281853,0.31133113311331134,0.5513513513513514,0.7854785478547854,0.6015444015444016,0.856985698569857,0.7019305019305019,1.0,0.5382239382239382,0.7667766776677668,0.5351351351351351,0.7623762376237624,0.6918918918918919,0.9856985698569857,0.7019305019305019,1.0,0.5621621621621622,0.8008800880088008,0.7019305019305019,1.0,0.7019305019305019,1.0,0.4115830115830116,0.5863586358635864,0.2517374517374517,0.3586358635863586,0.538996138996139,0.7678767876787679,0.5945945945945946,0.847084708470847,0.6270270270270271,0.8932893289328933,0.6355212355212355,0.9053905390539054,0.593050193050193,0.8448844884488449,0.5822393822393822,0.8294829482948295,0.5992277992277992,0.8536853685368537,0.5706563706563706,0.812981298129813,0.5567567567567567,0.7931793179317932,0.6262548262548262,0.8921892189218922,0.4416988416988417,0.6292629262926293,0.23474903474903475,0.33443344334433445,0.5644787644787644,0.8041804180418042,0.6301158301158302,0.8976897689768977,0.7019305019305019,1.0,0.5382239382239382,0.7667766776677668,0.5374517374517375,0.7656765676567657,0.6918918918918919,0.9856985698569857,0.7019305019305019,1.0,0.572972972972973,0.8162816281628162,0.7019305019305019,1.0,0.7019305019305019,1.0,0.4254826254826255,0.6061606160616062,0.2386100386100386,0.33993399339933994,0.538996138996139,0.7678767876787679,0.5953667953667954,0.8481848184818482,0.6270270270270271,0.8932893289328933,0.6355212355212355,0.9053905390539054,0.6247104247104247,0.88998899889989,0.5822393822393822,0.8294829482948295,0.6077220077220077,0.8657865786578658,0.5976833976833977,0.8514851485148515,0.5583011583011583,0.7953795379537953,0.6092664092664093,0.8679867986798679,0.41853281853281854,0.5962596259625963,0.21853281853281853,0.31133113311331134,0.5513513513513514,0.7854785478547854,0.6015444015444016,0.856985698569857,0.7011583011583011,0.9988998899889989,0.6023166023166023,0.858085808580858,0.6030888030888031,0.8591859185918592,0.5505791505791506,0.7843784378437844,0.5474903474903475,0.7799779977997799,0.1806949806949807,0.25742574257425743,0.46254826254826253,0.658965896589659,0.4810810810810811,0.6853685368536854,0.3945945945945946,0.5621562156215621,0.17374517374517376,0.24752475247524752,0.5227799227799228,0.7447744774477447,0.566023166023166,0.8063806380638063,0.4942084942084942,0.7040704070407041,0.5945945945945946,0.847084708470847,0.5969111969111969,0.8503850385038504,0.5444015444015444,0.7755775577557755,0.5459459459459459,0.7777777777777778,0.3142857142857143,0.44774477447744776,0.5073359073359074,0.7227722772277227,0.5243243243243243,0.746974697469747,0.3915057915057915,0.5577557755775577,0.17065637065637065,0.24312431243124313,0.5181467181467182,0.7381738173817382,0.5667953667953668,0.8074807480748075,0.49498069498069497,0.7051705170517052
17,0.5203488372093024,0.7876787678767877,0.5203488372093024,0.7876787678767877,0.6606104651162791,1.0,0.6606104651162791,1.0,0.5741279069767442,0.8690869086908691,0.6606104651162791,1.0,0.6606104651162791,1.0,0.40261627906976744,0.6094609460946094,0.24563953488372092,0.3718371837183718,0.5218023255813954,0.7898789878987899,0.5697674418604651,0.8624862486248625,0.5901162790697675,0.8932893289328933,0.6148255813953488,0.9306930693069307,0.6017441860465116,0.9108910891089109,0.5625,0.8514851485148515,0.5886627906976745,0.8910891089108911,0.5479651162790697,0.8294829482948295,0.5414244186046512,0.8195819581958196,0.5813953488372093,0.8800880088008801,0.41424418604651164,0.6270627062706271,0.22165697674418605,0.3355335533553355,0.5319767441860465,0.8052805280528053,0.5748546511627907,0.8701870187018702,0.6606104651162791,1.0,0.5203488372093024,0.7876787678767877,0.5210755813953488,0.7887788778877888,0.6606104651162791,1.0,0.6606104651162791,1.0,0.5421511627906976,0.8206820682068207,0.6606104651162791,1.0,0.6606104651162791,1.0,0.40625,0.6149614961496149,0.25944767441860467,0.3927392739273927,0.5218023255813954,0.7898789878987899,0.5697674418604651,0.8624862486248625,0.5901162790697675,0.8932893289328933,0.6148255813953488,0.9306930693069307,0.5690406976744186,0.8613861386138614,0.5625,0.8514851485148515,0.5755813953488372,0.8712871287128713,0.5494186046511628,0.8316831683168316,0.534156976744186,0.8085808580858086,0.6017441860465116,0.9108910891089109,0.43386627906976744,0.6567656765676567,0.23328488372093023,0.35313531353135313,0.5436046511627907,0.8228822882288229,0.5995639534883721,0.9075907590759076,0.6606104651162791,1.0,0.5203488372093024,0.7876787678767877,0.5203488372093024,0.7876787678767877,0.6606104651162791,1.0,0.6606104651162791,1.0,0.5472383720930233,0.8283828382838284,0.6606104651162791,1.0,0.6606104651162791,1.0,0.42005813953488375,0.6358635863586358,0.23328488372093023,0.35313531353135313,0.5218023255813954,0.7898789878987899,0.5690406976744186,0.8613861386138614,0.5901162790697675,0.8932893289328933,0.6148255813953488,0.9306930693069307,0.6017441860465116,0.9108910891089109,0.5625,0.8514851485148515,0.5886627906976745,0.8910891089108911,0.5704941860465116,0.8635863586358636,0.534156976744186,0.8085808580858086,0.5813953488372093,0.8800880088008801,0.41569767441860467,0.6292629262926293,0.21438953488372092,0.32453245324532454,0.5334302325581395,0.8074807480748075,0.5741279069767442,0.8690869086908691,0.6598837209302325,0.9988998899889989,0.5770348837209303,0.8734873487348734,0.5792151162790697,0.8767876787678768,0.5319767441860465,0.8052805280528053,0.5319767441860465,0.8052805280528053,0.1751453488372093,0.26512651265126513,0.45421511627906974,0.6875687568756875,0.4731104651162791,0.7161716171617162,0.3851744186046512,0.583058305830583,0.1693313953488372,0.2563256325632563,0.5058139534883721,0.7656765676567657,0.5457848837209303,0.8261826182618262,0.4789244186046512,0.724972497249725,0.5712209302325582,0.8646864686468647,0.5719476744186046,0.8657865786578658,0.5276162790697675,0.7986798679867987,0.5225290697674418,0.7909790979097909,0.3066860465116279,0.46424642464246424,0.49055232558139533,0.7425742574257426,0.5065406976744186,0.7667766776677668,0.38299418604651164,0.5797579757975797,0.17296511627906977,0.26182618261826185,0.5007267441860465,0.757975797579758,0.5457848837209303,0.8261826182618262,0.4796511627906977,0.7260726072607261
18,0.5037748798901853,0.8074807480748075,0.5044612216884008,0.8085808580858086,0.6238846945778997,1.0,0.6238846945778997,1.0,0.5566231983527797,0.8921892189218922,0.6238846945778997,1.0,0.6238846945778997,1.0,0.39052848318462596,0.6259625962596259,0.24639670555936857,0.3949394939493949,0.5051475634866164,0.8096809680968097,0.5470144131777626,0.8767876787678768,0.5573095401509952,0.8932893289328933,0.5861358956760466,0.9394939493949395,0.5778997940974605,0.9262926292629263,0.543582704186685,0.8712871287128713,0.5682910089224433,0.9108910891089109,0.5236787920384351,0.8393839383938394,0.5202470830473576,0.8338833883388339,0.5545641729581332,0.8888888888888888,0.4070006863417982,0.6523652365236524,0.2237474262182567,0.3586358635863586,0.514070006863418,0.823982398239824,0.5545641729581332,0.8888888888888888,0.6238846945778997,1.0,0.5037748798901853,0.8074807480748075,0.5024021962937543,0.8052805280528053,0.6238846945778997,1.0,0.6238846945778997,1.0,0.5236787920384351,0.8393839383938394,0.6238846945778997,1.0,0.6238846945778997,1.0,0.3953328757721345,0.6336633663366337,0.2608098833218943,0.41804180418041803,0.5051475634866164,0.8096809680968097,0.5470144131777626,0.8767876787678768,0.5573095401509952,0.8932893289328933,0.5861358956760466,0.9394939493949395,0.5545641729581332,0.8888888888888888,0.543582704186685,0.8712871287128713,0.5586822237474263,0.8954895489548955,0.5319148936170213,0.8525852585258525,0.5147563486616334,0.8250825082508251,0.5765271105010296,0.9240924092409241,0.42141386410432397,0.6754675467546755,0.23266986959505834,0.37293729372937295,0.5277968428277282,0.845984598459846,0.577213452299245,0.9251925192519251,0.6238846945778997,1.0,0.5037748798901853,0.8074807480748075,0.5044612216884008,0.8085808580858086,0.6238846945778997,1.0,0.6238846945778997,1.0,0.5284831846259437,0.847084708470847,0.6238846945778997,1.0,0.6238846945778997,1.0,0.40768702814001373,0.6534653465346535,0.2299245024021963,0.36853685368536854,0.5044612216884008,0.8085808580858086,0.546328071379547,0.8756875687568757,0.5573095401509952,0.8932893289328933,0.5861358956760466,0.9394939493949395,0.5778997940974605,0.9262926292629263,0.543582704186685,0.8712871287128713,0.5682910089224433,0.9108910891089109,0.5428963623884695,0.8701870187018702,0.5161290322580645,0.8272827282728272,0.5545641729581332,0.8888888888888888,0.40768702814001373,0.6534653465346535,0.21482498284145504,0.34433443344334436,0.5147563486616334,0.8250825082508251,0.5552505147563487,0.88998899889989,0.6238846945778997,1.0,0.5511324639670556,0.8833883388338833,0.5525051475634866,0.8855885588558856,0.5092656142759094,0.8162816281628162,0.515442690459849,0.8261826182618262,0.17295813315030886,0.27722772277227725,0.44063143445435826,0.7062706270627063,0.4625943719972546,0.7414741474147415,0.37268359643102267,0.5973597359735974,0.1695264241592313,0.2717271727172717,0.4934797529169526,0.7909790979097909,0.5277968428277282,0.845984598459846,0.46465339739190115,0.7447744774477447,0.544955387783116,0.8734873487348734,0.546328071379547,0.8756875687568757,0.5099519560741249,0.8173817381738174,0.5099519560741249,0.8173817381738174,0.30199039121482496,0.48404840484048406,0.4770075497597804,0.7645764576457645,0.4921070693205216,0.7887788778877888,0.3692518874399451,0.5918591859185919,0.1702127659574468,0.27282728272827284,0.48730267673301303,0.7810781078107811,0.5271105010295127,0.8448844884488449,0.46877144818119426,0.7513751375137514
19,0.49024707412223667,0.8294829482948295,0.4895968790637191,0.8283828382838284,0.5910273081924577,1.0,0.5910273081924577,1.0,0.5370611183355006,0.9086908690869087,0.5910273081924577,1.0,0.5910273081924577,1.0,0.3836150845253576,0.6490649064906491,0.24122236671001301,0.4081408140814081,0.4908972691807542,0.8305830583058306,0.5266579973992198,0.8910891089108911,0.5279583875162549,0.8932893289328933,0.5650195058517555,0.9559955995599559,0.5565669700910273,0.9416941694169417,0.5253576072821846,0.8888888888888888,0.5474642392717816,0.9262926292629263,0.5006501950585176,0.847084708470847,0.5006501950585176,0.847084708470847,0.5377113133940182,0.9097909790979097,0.3940182054616385,0.6666666666666666,0.22106631989596878,0.37403740374037403,0.5,0.845984598459846,0.5344603381014305,0.9042904290429042,0.5910273081924577,1.0,0.49024707412223667,0.8294829482948295,0.4895968790637191,0.8283828382838284,0.5910273081924577,1.0,0.5910273081924577,1.0,0.5065019505851756,0.856985698569857,0.5910273081924577,1.0,0.5910273081924577,1.0,0.3862158647594278,0.6534653465346535,0.2574772431729519,0.43564356435643564,0.4908972691807542,0.8305830583058306,0.5266579973992198,0.8910891089108911,0.5279583875162549,0.8932893289328933,0.5650195058517555,0.9559955995599559,0.5370611183355006,0.9086908690869087,0.5253576072821846,0.8888888888888888,0.5403120936280884,0.9141914191419142,0.5084525357607282,0.8602860286028603,0.4967490247074122,0.8404840484048405,0.5520156046814044,0.933993399339934,0.40897269180754225,0.6919691969196919,0.23342002600780234,0.3949394939493949,0.511703511053316,0.8657865786578658,0.5513654096228868,0.9328932893289329,0.5910273081924577,1.0,0.49024707412223667,0.8294829482948295,0.4895968790637191,0.8283828382838284,0.5910273081924577,1.0,0.5910273081924577,1.0,0.5071521456436932,0.858085808580858,0.5910273081924577,1.0,0.5910273081924577,1.0,0.3985695708712614,0.6743674367436744,0.2282184655396619,0.38613861386138615,0.4908972691807542,0.8305830583058306,0.5273081924577373,0.8921892189218922,0.5279583875162549,0.8932893289328933,0.5650195058517555,0.9559955995599559,0.5565669700910273,0.9416941694169417,0.5253576072821846,0.8888888888888888,0.5474642392717816,0.9262926292629263,0.5182054616384916,0.8767876787678768,0.49479843953185954,0.8371837183718371,0.5377113133940182,0.9097909790979097,0.3966189856957087,0.671067106710671,0.21326397919375814,0.36083608360836084,0.5013003901170351,0.8481848184818482,0.5344603381014305,0.9042904290429042,0.5910273081924577,1.0,0.5240572171651495,0.8866886688668867,0.5253576072821846,0.8888888888888888,0.4928478543563069,0.8338833883388339,0.5,0.845984598459846,0.1684005201560468,0.28492849284928495,0.4258777633289987,0.7205720572057206,0.4505851755526658,0.7623762376237624,0.3647594278283485,0.6171617161716172,0.16905071521456436,0.28602860286028603,0.47724317295188556,0.8074807480748075,0.511703511053316,0.8657865786578658,0.45253576072821844,0.7656765676567657,0.523407022106632,0.8855885588558856,0.5240572171651495,0.8866886688668867,0.494148244473342,0.8360836083608361,0.49739921976592977,0.8415841584158416,0.299739921976593,0.5071507150715071,0.46749024707412223,0.7909790979097909,0.4811443433029909,0.8140814081408141,0.36150845253576075,0.6116611661166117,0.1671001300390117,0.28272827282728275,0.47334200260078024,0.8008800880088008,0.5123537061118335,0.8668866886688669,0.4596879063719116,0.7777777777777778
20,0.47560222359481164,0.847084708470847,0.4749845583693638,0.845984598459846,0.5614576899320568,1.0,0.5614576899320568,1.0,0.5188387893761581,0.9240924092409241,0.5614576899320568,1.0,0.5614576899320568,1.0,0.37677578752316243,0.671067106710671,0.237183446571958,0.42244224422442245,0.47560222359481164,0.847084708470847,0.5101914762198888,0.9086908690869087,0.5033971587399629,0.8965896589658966,0.541692402717727,0.9647964796479648,0.5367510809141446,0.9559955995599559,0.509573810994441,0.9075907590759076,0.5287214329833231,0.9416941694169417,0.4811612106238419,0.856985698569857,0.4823965410747375,0.8591859185918592,0.5169857936998147,0.9207920792079208,0.38604076590487957,0.6875687568756875,0.21556516368128475,0.38393839383938394,0.4823965410747375,0.8591859185918592,0.5151327980234712,0.9174917491749175,0.5614576899320568,1.0,0.47560222359481164,0.847084708470847,0.47251389746757255,0.8415841584158416,0.5614576899320568,1.0,0.5614576899320568,1.0,0.4922791846819024,0.8767876787678768,0.5614576899320568,1.0,0.5614576899320568,1.0,0.37986411365040146,0.6765676567656765,0.25386040765904877,0.4521452145214521,0.47560222359481164,0.847084708470847,0.5101914762198888,0.9086908690869087,0.5015441630636195,0.8932893289328933,0.541692402717727,0.9647964796479648,0.5188387893761581,0.9240924092409241,0.509573810994441,0.9075907590759076,0.5219271155033972,0.9295929592959296,0.48795552810376774,0.8690869086908691,0.4793082149474985,0.8536853685368537,0.5311920938851142,0.9460946094609461,0.39283508338480544,0.6996699669966997,0.2297714638665843,0.40924092409240925,0.49413218035824585,0.8800880088008801,0.5287214329833231,0.9416941694169417,0.5614576899320568,1.0,0.47560222359481164,0.847084708470847,0.4749845583693638,0.845984598459846,0.5614576899320568,1.0,0.5614576899320568,1.0,0.48795552810376774,0.8690869086908691,0.5614576899320568,1.0,0.5614576899320568,1.0,0.3891290920321186,0.693069306930693,0.23038912909203213,0.41034103410341033,0.47560222359481164,0.847084708470847,0.5101914762198888,0.9086908690869087,0.5015441630636195,0.8932893289328933,0.541692402717727,0.9647964796479648,0.5367510809141446,0.9559955995599559,0.509573810994441,0.9075907590759076,0.5287214329833231,0.9416941694169417,0.4996911673872761,0.88998899889989,0.48054354539839406,0.8558855885588559,0.5169857936998147,0.9207920792079208,0.38789376158122296,0.6908690869086909,0.2112415071031501,0.37623762376237624,0.4836318715256331,0.8613861386138614,0.5151327980234712,0.9174917491749175,0.5614576899320568,1.0,0.5009264978381717,0.8921892189218922,0.5021618282890673,0.8943894389438944,0.4749845583693638,0.845984598459846,0.4830142063001853,0.8602860286028603,0.16738727609635579,0.29812981298129815,0.41321803582458305,0.735973597359736,0.44533662754786907,0.7931793179317932,0.3625694873378629,0.6457645764576457,0.16615194564546015,0.29592959295929594,0.461395923409512,0.8217821782178217,0.49660284126003706,0.8844884488448845,0.4379246448424954,0.7799779977997799,0.4996911673872761,0.88998899889989,0.4990735021618283,0.8888888888888888,0.48054354539839406,0.8558855885588559,0.4830142063001853,0.8602860286028603,0.2940086473131563,0.5236523652365237,0.4533662754786906,0.8074807480748075,0.47251389746757255,0.8415841584158416,0.36009882643607166,0.6413641364136413,0.16429894996911673,0.29262926292629265,0.458307597282273,0.8162816281628162,0.49536751080914143,0.8822882288228823,0.44657195799876465,0.7953795379537953
21,0.46176470588235297,0.8635863586358636,0.4623529411764706,0.8646864686468647,0.5347058823529411,1.0,0.5347058823529411,1.0,0.49941176470588233,0.933993399339934,0.5347058823529411,1.0,0.5347058823529411,1.0,0.3652941176470588,0.6831683168316832,0.23411764705882354,0.43784378437843785,0.46294117647058824,0.8657865786578658,0.49058823529411766,0.9174917491749175,0.5135294117647059,0.9603960396039604,0.5194117647058824,0.9713971397139713,0.5158823529411765,0.9647964796479648,0.4923529411764706,0.9207920792079208,0.5076470588235295,0.9493949394939494,0.46058823529411763,0.8613861386138614,0.46705882352941175,0.8734873487348734,0.49529411764705883,0.9262926292629263,0.37823529411764706,0.7073707370737073,0.21058823529411766,0.39383938393839385,0.46941176470588236,0.8778877887788779,0.4964705882352941,0.9284928492849285,0.5347058823529411,1.0,0.46176470588235297,0.8635863586358636,0.4647058823529412,0.8690869086908691,0.5347058823529411,1.0,0.5347058823529411,1.0,0.4752941176470588,0.8888888888888888,0.5347058823529411,1.0,0.5347058823529411,1.0,0.36823529411764705,0.6886688668866887,0.25529411764705884,0.47744774477447743,0.46294117647058824,0.8657865786578658,0.49058823529411766,0.9174917491749175,0.5111764705882353,0.9559955995599559,0.5194117647058824,0.9713971397139713,0.5023529411764706,0.9394939493949395,0.4923529411764706,0.9207920792079208,0.5029411764705882,0.9405940594059405,0.47,0.878987898789879,0.46,0.8602860286028603,0.508235294117647,0.9504950495049505,0.38,0.7106710671067107,0.22294117647058823,0.41694169416941695,0.47823529411764704,0.8943894389438944,0.5094117647058823,0.9526952695269527,0.5347058823529411,1.0,0.46176470588235297,0.8635863586358636,0.4623529411764706,0.8646864686468647,0.5347058823529411,1.0,0.5347058823529411,1.0,0.4711764705882353,0.8811881188118812,0.5347058823529411,1.0,0.5347058823529411,1.0,0.37470588235294117,0.7007700770077008,0.2288235294117647,0.42794279427942794,0.46294117647058824,0.8657865786578658,0.49058823529411766,0.9174917491749175,0.5129411764705882,0.9592959295929593,0.5194117647058824,0.9713971397139713,0.5158823529411765,0.9647964796479648,0.4923529411764706,0.9207920792079208,0.5076470588235295,0.9493949394939494,0.47823529411764704,0.8943894389438944,0.4652941176470588,0.8701870187018702,0.49529411764705883,0.9262926292629263,0.37941176470588234,0.7095709570957096,0.2088235294117647,0.39053905390539057,0.4688235294117647,0.8767876787678768,0.4964705882352941,0.9284928492849285,0.5347058823529411,1.0,0.47941176470588237,0.8965896589658966,0.48058823529411765,0.8987898789878987,0.45941176470588235,0.8591859185918592,0.4688235294117647,0.8767876787678768,0.1676470588235294,0.31353135313531355,0.4052941176470588,0.757975797579758,0.4370588235294118,0.8173817381738174,0.35705882352941176,0.6677667766776678,0.16705882352941176,0.3124312431243124,0.4464705882352941,0.834983498349835,0.4858823529411765,0.9086908690869087,0.42705882352941177,0.7986798679867987,0.47705882352941176,0.8921892189218922,0.4764705882352941,0.8910891089108911,0.46588235294117647,0.8712871287128713,0.4688235294117647,0.8767876787678768,0.28941176470588237,0.5412541254125413,0.44176470588235295,0.8261826182618262,0.4582352941176471,0.856985698569857,0.3552941176470588,0.6644664466446645,0.16470588235294117,0.30803080308030806,0.44588235294117645,0.8338833883388339,0.4852941176470588,0.9075907590759076,0.43470588235294116,0.812981298129813
22,0.44862436833239755,0.878987898789879,0.44918585064570465,0.8800880088008801,0.5103874227961819,1.0,0.5103874227961819,1.0,0.48287478944413254,0.9460946094609461,0.5103874227961819,1.0,0.5103874227961819,1.0,0.352049410443571,0.6897689768976898,0.23357664233576642,0.45764576457645767,0.4508702975856261,0.8833883388338833,0.4744525547445255,0.9295929592959296,0.5103874227961819,1.0,0.4974733295901179,0.9746974697469747,0.4985962942167322,0.976897689768977,0.47669848399775405,0.933993399339934,0.49073554183043233,0.9614961496149615,0.44525547445255476,0.8723872387238724,0.4497473329590118,0.8811881188118812,0.4789444132509826,0.9383938393839384,0.36384053902302077,0.7128712871287128,0.20774845592363841,0.40704070407040704,0.45592363840539024,0.8932893289328933,0.4778214486243683,0.9361936193619362,0.5103874227961819,1.0,0.44862436833239755,0.878987898789879,0.4480628860190904,0.8778877887788779,0.5103874227961819,1.0,0.5103874227961819,1.0,0.4609769792251544,0.9031903190319032,0.5103874227961819,1.0,0.5103874227961819,1.0,0.3531723750701853,0.6919691969196919,0.24873666479505896,0.48734873487348734,0.4508702975856261,0.8833883388338833,0.4744525547445255,0.9295929592959296,0.5103874227961819,1.0,0.4974733295901179,0.9746974697469747,0.485120718697361,0.9504950495049505,0.47669848399775405,0.933993399339934,0.48736664795058954,0.9548954895489549,0.45311622683885455,0.8877887788778878,0.4446939921392476,0.8712871287128713,0.48736664795058954,0.9548954895489549,0.36833239752947783,0.7216721672167217,0.2201010668163953,0.4312431243124312,0.4649073554183043,0.9108910891089109,0.48680516563728243,0.9537953795379538,0.5103874227961819,1.0,0.44862436833239755,0.878987898789879,0.44918585064570465,0.8800880088008801,0.5103874227961819,1.0,0.5103874227961819,1.0,0.4536777091521617,0.8888888888888888,0.5103874227961819,1.0,0.5103874227961819,1.0,0.35991016282987087,0.7051705170517052,0.2240314430095452,0.4389438943894389,0.4514317798989332,0.8844884488448845,0.4744525547445255,0.9295929592959296,0.5103874227961819,1.0,0.4974733295901179,0.9746974697469747,0.4985962942167322,0.976897689768977,0.47669848399775405,0.933993399339934,0.49073554183043233,0.9614961496149615,0.4587310499719259,0.8987898789878987,0.4480628860190904,0.8778877887788779,0.4789444132509826,0.9383938393839384,0.3655249859629422,0.7161716171617162,0.20437956204379562,0.4004400440044004,0.4570466030320045,0.8954895489548955,0.47669848399775405,0.933993399339934,0.5103874227961819,1.0,0.45985401459854014,0.900990099009901,0.4604154969118473,0.9020902090209021,0.44188658057271196,0.8657865786578658,0.4508702975856261,0.8833883388338833,0.16732172936552497,0.3278327832783278,0.3997754070746771,0.7832783278327833,0.42897248736664795,0.8404840484048405,0.3481190342504211,0.682068206820682,0.1622683885457608,0.3179317931793179,0.43458731049971927,0.8514851485148515,0.4710836608646828,0.922992299229923,0.41605839416058393,0.8151815181518152,0.4587310499719259,0.8987898789878987,0.45929253228523303,0.8998899889988999,0.44918585064570465,0.8800880088008801,0.4514317798989332,0.8844884488448845,0.287478944413251,0.5632563256325632,0.4267265581134194,0.8360836083608361,0.4446939921392476,0.8712871287128713,0.3492419988770354,0.6842684268426843,0.16339135317237508,0.3201320132013201,0.43458731049971927,0.8514851485148515,0.4710836608646828,0.922992299229923,0.42504211117349805,0.8327832783278328
23,0.43823845327604727,0.8976897689768977,0.43823845327604727,0.8976897689768977,0.4881847475832438,1.0,0.4881847475832438,1.0,0.46509129967776586,0.9526952695269527,0.4881847475832438,1.0,0.4881847475832438,1.0,0.34210526315789475,0.7007700770077008,0.22824919441460795,0.4675467546754675,0.439312567132116,0.8998899889988999,0.45864661654135336,0.9394939493949395,0.4881847475832438,1.0,0.47851772287862515,0.9801980198019802,0.4817400644468314,0.9867986798679867,0.46133190118152523,0.944994499449945,0.4731471535982814,0.9691969196919692,0.42910848549946295,0.878987898789879,0.43609022556390975,0.8932893289328933,0.46509129967776586,0.9526952695269527,0.35284640171858217,0.7227722772277227,0.20300751879699247,0.4158415841584158,0.44414607948442536,0.9097909790979097,0.4607948442534909,0.9438943894389439,0.4881847475832438,1.0,0.43823845327604727,0.8976897689768977,0.43823845327604727,0.8976897689768977,0.4881847475832438,1.0,0.4881847475832438,1.0,0.44683136412459723,0.9152915291529153,0.4881847475832438,1.0,0.4881847475832438,1.0,0.34210526315789475,0.7007700770077008,0.24543501611170784,0.5027502750275028,0.439312567132116,0.8998899889988999,0.45864661654135336,0.9394939493949395,0.4881847475832438,1.0,0.47851772287862515,0.9801980198019802,0.46616541353383456,0.9548954895489549,0.46133190118152523,0.944994499449945,0.46938775510204084,0.9614961496149615,0.43501611170784105,0.8910891089108911,0.43071965628356607,0.8822882288228823,0.4677765843179377,0.9581958195819582,0.35875402792696026,0.7348734873487349,0.21428571428571427,0.4389438943894389,0.4532760472610097,0.9284928492849285,0.47046186895810954,0.9636963696369637,0.4881847475832438,1.0,0.43823845327604727,0.8976897689768977,0.43823845327604727,0.8976897689768977,0.4881847475832438,1.0,0.4881847475832438,1.0,0.4377013963480129,0.8965896589658966,0.4881847475832438,1.0,0.4881847475832438,1.0,0.34908700322234154,0.7150715071507151,0.21911922663802363,0.44884488448844884,0.439312567132116,0.8998899889988999,0.45864661654135336,0.9394939493949395,0.4881847475832438,1.0,0.47851772287862515,0.9801980198019802,0.4817400644468314,0.9867986798679867,0.46133190118152523,0.944994499449945,0.4731471535982814,0.9691969196919692,0.44199785177228784,0.9053905390539054,0.4355531686358754,0.8921892189218922,0.46509129967776586,0.9526952695269527,0.35392051557465093,0.724972497249725,0.19978517722878625,0.40924092409240925,0.4452201933404941,0.911991199119912,0.46133190118152523,0.944994499449945,0.4881847475832438,1.0,0.44253490870032225,0.9064906490649065,0.44360902255639095,0.9086908690869087,0.42910848549946295,0.878987898789879,0.43340494092373794,0.8877887788778878,0.16326530612244897,0.33443344334433445,0.39151450053705694,0.801980198019802,0.4178302900107411,0.8558855885588559,0.3431793770139635,0.7029702970297029,0.16058002148227712,0.32893289328932895,0.42266380236305046,0.8657865786578658,0.45596133190118154,0.933993399339934,0.4070891514500537,0.8338833883388339,0.4414607948442535,0.9042904290429042,0.44092373791621914,0.9031903190319032,0.4355531686358754,0.8921892189218922,0.43823845327604727,0.8976897689768977,0.2819548872180451,0.5775577557755776,0.41353383458646614,0.847084708470847,0.4323308270676692,0.8855885588558856,0.3464017185821697,0.7095709570957096,0.1611170784103115,0.33003300330033003,0.42158968850698175,0.8635863586358636,0.45435016111707843,0.9306930693069307,0.4146079484425349,0.8492849284928493
24,0.42665980442614515,0.911991199119912,0.42665980442614515,0.911991199119912,0.4678332475553268,1.0,0.4678332475553268,1.0,0.44930519814719505,0.9603960396039604,0.4678332475553268,1.0,0.4678332475553268,1.0,0.330416881111683,0.7062706270627063,0.22285126093669583,0.47634763476347636,0.4271744724652599,0.9130913091309131,0.4415851775604735,0.9438943894389439,0.4678332475553268,1.0,0.4611425630468348,0.9856985698569857,0.4642305712815234,0.9922992299229924,0.4487905301080803,0.9592959295929593,0.45753988677303137,0.977997799779978,0.41585177560473496,0.8888888888888888,0.4220277920741122,0.9020902090209021,0.4482758620689655,0.9581958195819582,0.3422542460113227,0.7315731573157316,0.19814719505918682,0.4235423542354235,0.43180648481729283,0.922992299229923,0.4462171899125064,0.9537953795379538,0.4678332475553268,1.0,0.42665980442614515,0.911991199119912,0.42665980442614515,0.911991199119912,0.4678332475553268,1.0,0.4678332475553268,1.0,0.4364384971693258,0.9328932893289329,0.4678332475553268,1.0,0.4678332475553268,1.0,0.330416881111683,0.7062706270627063,0.2413793103448276,0.5159515951595159,0.4271744724652599,0.9130913091309131,0.4415851775604735,0.9438943894389439,0.4678332475553268,1.0,0.4611425630468348,0.9856985698569857,0.45290787442099845,0.9680968096809681,0.4487905301080803,0.9592959295929593,0.45651055069480184,0.9757975797579758,0.4215131240349974,0.900990099009901,0.4163664436438497,0.88998899889989,0.4487905301080803,0.9592959295929593,0.34791559444158515,0.7436743674367436,0.2074112197632527,0.44334433443344334,0.44107050952135873,0.9427942794279428,0.45496654657745755,0.9724972497249725,0.4678332475553268,1.0,0.42665980442614515,0.911991199119912,0.42665980442614515,0.911991199119912,0.4678332475553268,1.0,0.4678332475553268,1.0,0.42305712815234175,0.9042904290429042,0.4678332475553268,1.0,0.4678332475553268,1.0,0.33968090581574883,0.7260726072607261,0.21513124034997427,0.4598459845984598,0.4276891405043747,0.9141914191419142,0.4415851775604735,0.9438943894389439,0.4678332475553268,1.0,0.4611425630468348,0.9856985698569857,0.4642305712815234,0.9922992299229924,0.4487905301080803,0.9592959295929593,0.45753988677303137,0.977997799779978,0.4261451363870304,0.9108910891089109,0.4199691199176531,0.8976897689768977,0.4482758620689655,0.9581958195819582,0.34431291816778176,0.735973597359736,0.1950591868244982,0.41694169416941695,0.4323211528564076,0.9240924092409241,0.4462171899125064,0.9537953795379538,0.4678332475553268,1.0,0.42563046834791557,0.9097909790979097,0.42665980442614515,0.911991199119912,0.4143077714873906,0.8855885588558856,0.4220277920741122,0.9020902090209021,0.16263510036026763,0.34763476347634764,0.3813690169840453,0.8151815181518152,0.4096757591353577,0.8756875687568757,0.33710756562017496,0.7205720572057206,0.16006176016469378,0.34213421342134215,0.41276376737004633,0.8822882288228823,0.4400411734431292,0.9405940594059405,0.3993823983530623,0.8536853685368537,0.4240864642305713,0.9064906490649065,0.4251158003088008,0.9086908690869087,0.4235717961914565,0.9053905390539054,0.42665980442614515,0.911991199119912,0.2784354091610911,0.5951595159515951,0.39989706639217704,0.8547854785478548,0.42099845599588265,0.8998899889988999,0.33916623777663407,0.724972497249725,0.15903242408646423,0.33993399339933994,0.4117344312918168,0.8800880088008801,0.4400411734431292,0.9405940594059405,0.4040144107050952,0.8635863586358636
25,0.4160079051383399,0.9262926292629263,0.4160079051383399,0.9262926292629263,0.4491106719367589,1.0,0.4491106719367589,1.0,0.4342885375494071,0.966996699669967,0.4491106719367589,1.0,0.4491106719367589,1.0,0.3275691699604743,0.7293729372937293,0.21689723320158102,0.4829482948294829,0.4160079051383399,0.9262926292629263,0.4268774703557312,0.9504950495049505,0.4491106719367589,1.0,0.44367588932806323,0.9878987898789879,0.44664031620553357,0.9944994499449945,0.43626482213438733,0.9713971397139713,0.44219367588932806,0.9845984598459846,0.40118577075098816,0.8932893289328933,0.40711462450592883,0.9064906490649065,0.43478260869565216,0.9680968096809681,0.3359683794466403,0.7480748074807481,0.19515810276679843,0.43454345434543457,0.4214426877470356,0.9383938393839384,0.43033596837944665,0.9581958195819582,0.4491106719367589,1.0,0.4160079051383399,0.9262926292629263,0.4140316205533597,0.9218921892189219,0.4491106719367589,1.0,0.4491106719367589,1.0,0.4234189723320158,0.9427942794279428,0.4491106719367589,1.0,0.4491106719367589,1.0,0.3285573122529644,0.7315731573157316,0.2341897233201581,0.5214521452145214,0.4160079051383399,0.9262926292629263,0.4268774703557312,0.9504950495049505,0.4491106719367589,1.0,0.44367588932806323,0.9878987898789879,0.43774703557312256,0.9746974697469747,0.43626482213438733,0.9713971397139713,0.4407114624505929,0.9812981298129813,0.40810276679841895,0.9086908690869087,0.40464426877470355,0.900990099009901,0.43280632411067194,0.9636963696369637,0.3384387351778656,0.7535753575357536,0.20602766798418973,0.45874587458745875,0.4288537549407115,0.9548954895489549,0.4392292490118577,0.977997799779978,0.4491106719367589,1.0,0.4160079051383399,0.9262926292629263,0.4160079051383399,0.9262926292629263,0.4491106719367589,1.0,0.4491106719367589,1.0,0.4105731225296443,0.9141914191419142,0.4491106719367589,1.0,0.4491106719367589,1.0,0.33547430830039526,0.746974697469747,0.2075098814229249,0.46204620462046203,0.4160079051383399,0.9262926292629263,0.42737154150197626,0.9515951595159516,0.4491106719367589,1.0,0.44367588932806323,0.9878987898789879,0.44664031620553357,0.9944994499449945,0.43626482213438733,0.9713971397139713,0.44219367588932806,0.9845984598459846,0.41205533596837945,0.9174917491749175,0.40563241106719367,0.9031903190319032,0.43478260869565216,0.9680968096809681,0.33695652173913043,0.7502750275027503,0.19021739130434784,0.4235423542354235,0.4214426877470356,0.9383938393839384,0.4308300395256917,0.9592959295929593,0.4491106719367589,1.0,0.4105731225296443,0.9141914191419142,0.4105731225296443,0.9141914191419142,0.40019762845849804,0.8910891089108911,0.40711462450592883,0.9064906490649065,0.16403162055335968,0.36523652365236525,0.3715415019762846,0.8272827282728272,0.39920948616600793,0.8888888888888888,0.3325098814229249,0.7403740374037404,0.15958498023715414,0.35533553355335534,0.4016798418972332,0.8943894389438944,0.4258893280632411,0.9482948294829483,0.3878458498023715,0.8635863586358636,0.4095849802371542,0.911991199119912,0.4095849802371542,0.911991199119912,0.4105731225296443,0.9141914191419142,0.4115612648221344,0.9163916391639164,0.27420948616600793,0.6105610561056105,0.38883399209486164,0.8657865786578658,0.41007905138339923,0.9130913091309131,0.3364624505928854,0.7491749174917491,0.1590909090909091,0.3542354235423542,0.40019762845849804,0.8910891089108911,0.42638339920948615,0.9493949394939494,0.3942687747035573,0.8778877887788779
26,0.404467680608365,0.9361936193619362,0.40399239543726234,0.935093509350935,0.4320342205323194,1.0,0.4320342205323194,1.0,0.4206273764258555,0.9735973597359736,0.4320342205323194,1.0,0.4320342205323194,1.0,0.32366920152091255,0.7491749174917491,0.21102661596958175,0.4884488448844885,0.404467680608365,0.9361936193619362,0.4130228136882129,0.9559955995599559,0.4320342205323194,1.0,0.42775665399239543,0.9900990099009901,0.4306083650190114,0.9966996699669967,0.4225285171102662,0.977997799779978,0.42585551330798477,0.9856985698569857,0.3902091254752852,0.9031903190319032,0.39496197718631176,0.9141914191419142,0.42015209125475284,0.9724972497249725,0.33127376425855515,0.7667766776677668,0.19249049429657794,0.44554455445544555,0.40874524714828897,0.9460946094609461,0.41634980988593157,0.9636963696369637,0.4320342205323194,1.0,0.404467680608365,0.9361936193619362,0.4049429657794677,0.9372937293729373,0.4320342205323194,1.0,0.4320342205323194,1.0,0.41112167300380226,0.9515951595159516,0.4320342205323194,1.0,0.4320342205323194,1.0,0.32366920152091255,0.7491749174917491,0.22813688212927757,0.528052805280528,0.404467680608365,0.9361936193619362,0.4130228136882129,0.9559955995599559,0.4320342205323194,1.0,0.42775665399239543,0.9900990099009901,0.42395437262357416,0.9812981298129813,0.4225285171102662,0.977997799779978,0.42585551330798477,0.9856985698569857,0.3973384030418251,0.9196919691969196,0.3925855513307985,0.9086908690869087,0.41730038022813687,0.9658965896589659,0.33317490494296575,0.7711771177117712,0.20152091254752852,0.46644664466446645,0.41634980988593157,0.9636963696369637,0.42490494296577946,0.9834983498349835,0.4320342205323194,1.0,0.404467680608365,0.9361936193619362,0.40399239543726234,0.935093509350935,0.4320342205323194,1.0,0.4320342205323194,1.0,0.39923954372623577,0.9240924092409241,0.4320342205323194,1.0,0.4320342205323194,1.0,0.33079847908745247,0.7656765676567657,0.20342205323193915,0.47084708470847086,0.404467680608365,0.9361936193619362,0.4130228136882129,0.9559955995599559,0.4320342205323194,1.0,0.42775665399239543,0.9900990099009901,0.4306083650190114,0.9966996699669967,0.4225285171102662,0.977997799779978,0.42585551330798477,0.9856985698569857,0.39923954372623577,0.9240924092409241,0.39306083650190116,0.9097909790979097,0.42015209125475284,0.9724972497249725,0.33317490494296575,0.7711771177117712,0.18868821292775664,0.4367436743674367,0.40874524714828897,0.9460946094609461,0.4158745247148289,0.9625962596259626,0.4320342205323194,1.0,0.3968631178707224,0.9185918591859186,0.3982889733840304,0.9218921892189219,0.3887832699619772,0.8998899889988999,0.3973384030418251,0.9196919691969196,0.16634980988593157,0.385038503850385,0.36311787072243346,0.8404840484048405,0.3902091254752852,0.9031903190319032,0.3269961977186312,0.7568756875687569,0.155893536121673,0.36083608360836084,0.3916349809885932,0.9064906490649065,0.4149239543726236,0.9603960396039604,0.37832699619771865,0.8756875687568757,0.39448669201520914,0.9130913091309131,0.39496197718631176,0.9141914191419142,0.3973384030418251,0.9196919691969196,0.39923954372623577,0.9240924092409241,0.27138783269961975,0.6281628162816282,0.376425855513308,0.8712871287128713,0.40019011406844107,0.9262926292629263,0.32984790874524716,0.7634763476347635,0.15826996197718632,0.36633663366336633,0.3902091254752852,0.9031903190319032,0.4149239543726236,0.9603960396039604,0.38545627376425856,0.8921892189218922
27,0.39359267734553777,0.9460946094609461,0.39359267734553777,0.9460946094609461,0.41601830663615563,1.0,0.41601830663615563,1.0,0.4064073226544622,0.976897689768977,0.41601830663615563,1.0,0.41601830663615563,1.0,0.3217391304347826,0.7733773377337734,0.20503432494279175,0.49284928492849284,0.3940503432494279,0.9471947194719472,0.40091533180778033,0.9636963696369637,0.41601830663615563,1.0,0.41189931350114417,0.9900990099009901,0.41510297482837527,0.9977997799779978,0.4091533180778032,0.9834983498349835,0.41189931350114417,0.9900990099009901,0.37757437070938216,0.9075907590759076,0.3826086956521739,0.9196919691969196,0.4068649885583524,0.977997799779978,0.32723112128146453,0.7865786578657866,0.188558352402746,0.45324532453245325,0.3977116704805492,0.9559955995599559,0.40274599542334094,0.9680968096809681,0.41601830663615563,1.0,0.39359267734553777,0.9460946094609461,0.3931350114416476,0.944994499449945,0.41601830663615563,1.0,0.41601830663615563,1.0,0.39908466819221966,0.9592959295929593,0.41601830663615563,1.0,0.41601830663615563,1.0,0.3217391304347826,0.7733773377337734,0.22334096109839818,0.5368536853685368,0.3940503432494279,0.9471947194719472,0.40091533180778033,0.9636963696369637,0.41601830663615563,1.0,0.41189931350114417,0.9900990099009901,0.41098398169336386,0.9878987898789879,0.4091533180778032,0.9834983498349835,0.411441647597254,0.988998899889989,0.3862700228832952,0.9284928492849285,0.38123569794050344,0.9163916391639164,0.4036613272311213,0.9702970297029703,0.32906178489702514,0.7909790979097909,0.1977116704805492,0.4752475247524752,0.4032036613272311,0.9691969196919692,0.4105263157894737,0.9867986798679867,0.41601830663615563,1.0,0.39359267734553777,0.9460946094609461,0.39359267734553777,0.9460946094609461,0.41601830663615563,1.0,0.41601830663615563,1.0,0.3876430205949657,0.9317931793179318,0.41601830663615563,1.0,0.41601830663615563,1.0,0.32448512585812356,0.7799779977997799,0.20045766590389016,0.48184818481848185,0.3940503432494279,0.9471947194719472,0.40045766590389015,0.9625962596259626,0.41601830663615563,1.0,0.41189931350114417,0.9900990099009901,0.41510297482837527,0.9977997799779978,0.4091533180778032,0.9834983498349835,0.41189931350114417,0.9900990099009901,0.3862700228832952,0.9284928492849285,0.3816933638443936,0.9174917491749175,0.4068649885583524,0.977997799779978,0.33043478260869563,0.7942794279427943,0.18581235697940504,0.44664466446644663,0.39816933638443935,0.9570957095709571,0.4032036613272311,0.9691969196919692,0.41601830663615563,1.0,0.3839816933638444,0.922992299229923,0.3848970251716247,0.9251925192519251,0.37803203661327234,0.9086908690869087,0.3862700228832952,0.9284928492849285,0.16475972540045766,0.39603960396039606,0.3560640732265446,0.8558855885588559,0.37894736842105264,0.9108910891089109,0.31990846681922197,0.768976897689769,0.15469107551487415,0.3718371837183718,0.38215102974828374,0.9185918591859186,0.40045766590389015,0.9625962596259626,0.3697940503432494,0.8888888888888888,0.38077803203661326,0.9152915291529153,0.3816933638443936,0.9174917491749175,0.3853546910755149,0.9262926292629263,0.3862700228832952,0.9284928492849285,0.26819221967963386,0.6446644664466447,0.3707093821510298,0.8910891089108911,0.3871853546910755,0.9306930693069307,0.32265446224256294,0.7755775577557755,0.1565217391304348,0.37623762376237624,0.3816933638443936,0.9174917491749175,0.4,0.9614961496149615,0.377116704805492,0.9064906490649065
28,0.383053839364519,0.9548954895489549,0.383053839364519,0.9548954895489549,0.40114739629302737,1.0,0.40114739629302737,1.0,0.3940864960282436,0.9823982398239824,0.40114739629302737,1.0,0.40114739629302737,1.0,0.31509267431597526,0.7854785478547854,0.19902912621359223,0.4961496149614962,0.38349514563106796,0.9559955995599559,0.3883495145631068,0.9680968096809681,0.40114739629302737,1.0,0.3976169461606355,0.9911991199119912,0.4007060900264784,0.9988998899889989,0.3971756398940865,0.9900990099009901,0.3989408649602824,0.9944994499449945,0.3662842012356575,0.9130913091309131,0.3702559576345984,0.922992299229923,0.39452780229479256,0.9834983498349835,0.32171226831421007,0.801980198019802,0.1849073256840247,0.46094609460946095,0.38702559576345985,0.9647964796479648,0.3909973521624007,0.9746974697469747,0.40114739629302737,1.0,0.383053839364519,0.9548954895489549,0.38261253309797,0.9537953795379538,0.40114739629302737,1.0,0.40114739629302737,1.0,0.3857016769638129,0.9614961496149615,0.40114739629302737,1.0,0.40114739629302737,1.0,0.31509267431597526,0.7854785478547854,0.21668137687555164,0.5401540154015402,0.38349514563106796,0.9559955995599559,0.3883495145631068,0.9680968096809681,0.40114739629302737,1.0,0.3976169461606355,0.9911991199119912,0.39849955869373344,0.9933993399339934,0.3971756398940865,0.9900990099009901,0.3989408649602824,0.9944994499449945,0.3768755516328332,0.9394939493949395,0.36937334510150044,0.9207920792079208,0.3901147396293027,0.9724972497249725,0.32391879964695497,0.8074807480748075,0.19593998234774934,0.4884488448844885,0.39276257722859664,0.9790979097909791,0.39629302736098854,0.9878987898789879,0.40114739629302737,1.0,0.383053839364519,0.9548954895489549,0.383053839364519,0.9548954895489549,0.40114739629302737,1.0,0.40114739629302737,1.0,0.3759929390997352,0.9372937293729373,0.40114739629302737,1.0,0.40114739629302737,1.0,0.31862312444836716,0.7942794279427943,0.1968225948808473,0.49064906490649063,0.38349514563106796,0.9559955995599559,0.3883495145631068,0.9680968096809681,0.40114739629302737,1.0,0.3976169461606355,0.9911991199119912,0.4007060900264784,0.9988998899889989,0.3971756398940865,0.9900990099009901,0.3989408649602824,0.9944994499449945,0.3755516328331862,0.9361936193619362,0.3698146513680494,0.9218921892189219,0.39452780229479256,0.9834983498349835,0.323036187113857,0.8052805280528053,0.18181818181818182,0.45324532453245325,0.38702559576345985,0.9647964796479648,0.3918799646954987,0.976897689768977,0.40114739629302737,1.0,0.3715798764342454,0.9262926292629263,0.3715798764342454,0.9262926292629263,0.3667255075022065,0.9141914191419142,0.37511032656663723,0.935093509350935,0.1646072374227714,0.41034103410341033,0.3473080317740512,0.8657865786578658,0.36937334510150044,0.9207920792079208,0.31332744924977934,0.7810781078107811,0.15357458075904679,0.38283828382838286,0.3737864077669903,0.9317931793179318,0.38879082082965577,0.9691969196919692,0.3596646072374228,0.8965896589658966,0.3684907325684025,0.9185918591859186,0.3684907325684025,0.9185918591859186,0.3737864077669903,0.9317931793179318,0.37511032656663723,0.935093509350935,0.26522506619594,0.6611661166116611,0.3614298323036187,0.900990099009901,0.37511032656663723,0.935093509350935,0.31509267431597526,0.7854785478547854,0.15445719329214475,0.385038503850385,0.3715798764342454,0.9262926292629263,0.38879082082965577,0.9691969196919692,0.3662842012356575,0.9130913091309131
29,0.3728163613123136,0.9625962596259626,0.3732424371538134,0.9636963696369637,0.38730293992330633,1.0,0.38730293992330633,1.0,0.3821900298253089,0.9867986798679867,0.38730293992330633,1.0,0.38730293992330633,1.0,0.30847890924584576,0.7964796479647965,0.1998295696634001,0.5159515951595159,0.3732424371538134,0.9636963696369637,0.37665104388581166,0.9724972497249725,0.38730293992330633,1.0,0.3847464848743076,0.9933993399339934,0.38687686408180655,0.9988998899889989,0.3847464848743076,0.9933993399339934,0.3855986365573072,0.9955995599559956,0.354069024286323,0.9141914191419142,0.36003408606731996,0.9295929592959296,0.3821900298253089,0.9867986798679867,0.3174265019173413,0.8195819581958196,0.1832126118449084,0.4730473047304731,0.3757988922028121,0.9702970297029703,0.37963357477631016,0.9801980198019802,0.38730293992330633,1.0,0.3728163613123136,0.9625962596259626,0.37409458883681296,0.9658965896589659,0.38730293992330633,1.0,0.38730293992330633,1.0,0.3753728163613123,0.9691969196919692,0.38730293992330633,1.0,0.38730293992330633,1.0,0.30847890924584576,0.7964796479647965,0.21389007243289304,0.5522552255225522,0.3732424371538134,0.9636963696369637,0.37665104388581166,0.9724972497249725,0.38730293992330633,1.0,0.3847464848743076,0.9933993399339934,0.386024712398807,0.9966996699669967,0.3847464848743076,0.9933993399339934,0.3851725607158074,0.9944994499449945,0.365999147848317,0.944994499449945,0.3583297827013208,0.9251925192519251,0.37750319556881123,0.9746974697469747,0.31998295696634,0.8261826182618262,0.19173412867490414,0.49504950495049505,0.3804857264593098,0.9823982398239824,0.3834682573498083,0.9900990099009901,0.38730293992330633,1.0,0.3728163613123136,0.9625962596259626,0.3732424371538134,0.9636963696369637,0.38730293992330633,1.0,0.38730293992330633,1.0,0.3630166169578185,0.9372937293729373,0.38730293992330633,1.0,0.38730293992330633,1.0,0.314017895185343,0.8107810781078107,0.1925862803579037,0.49724972497249725,0.3732424371538134,0.9636963696369637,0.37665104388581166,0.9724972497249725,0.38730293992330633,1.0,0.3847464848743076,0.9933993399339934,0.38687686408180655,0.9988998899889989,0.3847464848743076,0.9933993399339934,0.3855986365573072,0.9955995599559956,0.36429484448231786,0.9405940594059405,0.3587558585428206,0.9262926292629263,0.3821900298253089,0.9867986798679867,0.3191308052833404,0.823982398239824,0.17809970174691095,0.4598459845984598,0.3757988922028121,0.9702970297029703,0.37963357477631016,0.9801980198019802,0.38730293992330633,1.0,0.3587558585428206,0.9262926292629263,0.3587558585428206,0.9262926292629263,0.35492117596932254,0.9163916391639164,0.36429484448231786,0.9405940594059405,0.16489135066041755,0.42574257425742573,0.34086067319982954,0.8800880088008801,0.3596080102258202,0.9284928492849285,0.30634853003834683,0.7909790979097909,0.15509160630592245,0.4004400440044004,0.3634426927993183,0.9383938393839384,0.3762249680443119,0.9713971397139713,0.35151256923732427,0.9075907590759076,0.35705155517682147,0.9218921892189219,0.3561994034938219,0.9196919691969196,0.3634426927993183,0.9383938393839384,0.36429484448231786,0.9405940594059405,0.26033233915636983,0.6721672167216721,0.35066041755432464,0.9053905390539054,0.365999147848317,0.944994499449945,0.3093310609288453,0.7986798679867987,0.15636983383042183,0.40374037403740376,0.3608862377503196,0.9317931793179318,0.3762249680443119,0.9713971397139713,0.3566254793353217,0.9207920792079208
30,0.36326194398682043,0.9702970297029703,0.36326194398682043,0.9702970297029703,0.3743822075782537,1.0,0.3743822075782537,1.0,0.3698517298187809,0.9878987898789879,0.3743822075782537,1.0,0.3743822075782537,1.0,0.3035420098846787,0.8107810781078107,0.1956342668863262,0.5225522552255225,0.364497528830313,0.9735973597359736,0.36655683690280066,0.9790979097909791,0.3743822075782537,1.0,0.37191103789126856,0.9933993399339934,0.3743822075782537,1.0,0.3727347611202636,0.9955995599559956,0.3731466227347611,0.9966996699669967,0.34225700164744643,0.9141914191419142,0.349670510708402,0.933993399339934,0.3702635914332784,0.988998899889989,0.31219110378912684,0.8338833883388339,0.1799835255354201,0.4807480748074808,0.36614497528830314,0.977997799779978,0.36820428336079075,0.9834983498349835,0.3743822075782537,1.0,0.36326194398682043,0.9702970297029703,0.3628500823723229,0.9691969196919692,0.3743822075782537,1.0,0.3743822075782537,1.0,0.364497528830313,0.9735973597359736,0.3743822075782537,1.0,0.3743822075782537,1.0,0.3035420098846787,0.8107810781078107,0.2129324546952224,0.5687568756875687,0.364497528830313,0.9735973597359736,0.36655683690280066,0.9790979097909791,0.3743822075782537,1.0,0.37191103789126856,0.9933993399339934,0.37355848434925865,0.9977997799779978,0.3727347611202636,0.9955995599559956,0.3731466227347611,0.9966996699669967,0.3570840197693575,0.9537953795379538,0.34802306425041185,0.9295929592959296,0.36655683690280066,0.9790979097909791,0.31754530477759474,0.8481848184818482,0.1915156507413509,0.5115511551155115,0.36861614497528833,0.9845984598459846,0.371499176276771,0.9922992299229924,0.3743822075782537,1.0,0.36326194398682043,0.9702970297029703,0.36326194398682043,0.9702970297029703,0.3743822075782537,1.0,0.3743822075782537,1.0,0.35090609555189456,0.9372937293729373,0.3743822075782537,1.0,0.3743822075782537,1.0,0.30766062602965405,0.8217821782178217,0.18780889621087316,0.5016501650165016,0.364497528830313,0.9735973597359736,0.36655683690280066,0.9790979097909791,0.3743822075782537,1.0,0.37191103789126856,0.9933993399339934,0.3743822075782537,1.0,0.3727347611202636,0.9955995599559956,0.3731466227347611,0.9966996699669967,0.3542009884678748,0.9460946094609461,0.3488467874794069,0.9317931793179318,0.3702635914332784,0.988998899889989,0.31342668863261947,0.8371837183718371,0.17668863261943987,0.47194719471947194,0.36655683690280066,0.9790979097909791,0.36861614497528833,0.9845984598459846,0.3743822075782537,1.0,0.3467874794069193,0.9262926292629263,0.3471993410214168,0.9273927392739274,0.3443163097199341,0.9196919691969196,0.3529654036243822,0.9427942794279428,0.16392092257001648,0.43784378437843785,0.3344316309719934,0.8932893289328933,0.35049423393739704,0.9361936193619362,0.3031301482701812,0.8096809680968097,0.1556836902800659,0.4158415841584158,0.3542009884678748,0.9460946094609461,0.36614497528830314,0.977997799779978,0.3467874794069193,0.9262926292629263,0.34596375617792424,0.9240924092409241,0.3471993410214168,0.9273927392739274,0.3525535420098847,0.9416941694169417,0.35502471169686983,0.9482948294829483,0.2553542009884679,0.682068206820682,0.34225700164744643,0.9141914191419142,0.35790774299835254,0.9559955995599559,0.3060131795716639,0.8173817381738174,0.15609555189456342,0.41694169416941695,0.35378912685337727,0.944994499449945,0.3657331136738056,0.976897689768977,0.34802306425041185,0.9295929592959296
31,0.3539258668792348,0.976897689768977,0.3539258668792348,0.976897689768977,0.3622957353527302,1.0,0.3622957353527302,1.0,0.3583100836986847,0.988998899889989,0.3622957353527302,1.0,0.3622957353527302,1.0,0.2977281785571941,0.8217821782178217,0.19210840972499005,0.5302530253025303,0.3539258668792348,0.976897689768977,0.3571143882024711,0.9856985698569857,0.3622957353527302,1.0,0.360701474691112,0.9955995599559956,0.3622957353527302,1.0,0.360701474691112,0.9955995599559956,0.36110003985651656,0.9966996699669967,0.333599043443603,0.9207920792079208,0.33838182542845757,0.933993399339934,0.35870864886408926,0.9900990099009901,0.3045037863690713,0.8404840484048405,0.17656436827421285,0.48734873487348734,0.3559186927062575,0.9823982398239824,0.3571143882024711,0.9856985698569857,0.3622957353527302,1.0,0.3539258668792348,0.976897689768977,0.35352730171383023,0.9757975797579758,0.3622957353527302,1.0,0.3622957353527302,1.0,0.3543244320446393,0.977997799779978,0.3622957353527302,1.0,0.3622957353527302,1.0,0.2977281785571941,0.8217821782178217,0.21522518931845358,0.594059405940594,0.3539258668792348,0.976897689768977,0.3571143882024711,0.9856985698569857,0.3622957353527302,1.0,0.360701474691112,0.9955995599559956,0.3614986050219211,0.9977997799779978,0.360701474691112,0.9955995599559956,0.36110003985651656,0.9966996699669967,0.3471502590673575,0.9581958195819582,0.33798326026305303,0.9328932893289329,0.35552012754085294,0.9812981298129813,0.3116779593463531,0.8602860286028603,0.18971701873256278,0.5236523652365237,0.3583100836986847,0.988998899889989,0.35950577919489834,0.9922992299229924,0.3622957353527302,1.0,0.3539258668792348,0.976897689768977,0.3539258668792348,0.976897689768977,0.3622957353527302,1.0,0.3622957353527302,1.0,0.33997608609007574,0.9383938393839384,0.3622957353527302,1.0,0.3622957353527302,1.0,0.30091669988043046,0.8305830583058306,0.18413710641689918,0.5082508250825083,0.3543244320446393,0.977997799779978,0.3571143882024711,0.9856985698569857,0.3622957353527302,1.0,0.360701474691112,0.9955995599559956,0.3622957353527302,1.0,0.360701474691112,0.9955995599559956,0.36110003985651656,0.9966996699669967,0.3435631725787166,0.9482948294829483,0.33838182542845757,0.933993399339934,0.35870864886408926,0.9900990099009901,0.3060980470306895,0.8448844884488449,0.1733758469509765,0.47854785478547857,0.356317257871662,0.9834983498349835,0.3571143882024711,0.9856985698569857,0.3622957353527302,1.0,0.3363889996014348,0.9284928492849285,0.33678756476683935,0.9295929592959296,0.3343961737744121,0.922992299229923,0.3427660422479075,0.9460946094609461,0.16301315265045835,0.44994499449944997,0.32762056596253486,0.9042904290429042,0.3403746512554803,0.9394939493949395,0.2985253088880032,0.823982398239824,0.15464328417696294,0.42684268426842686,0.3459545635711439,0.9548954895489549,0.3551215623754484,0.9801980198019802,0.33997608609007574,0.9383938393839384,0.33599043443603027,0.9273927392739274,0.3363889996014348,0.9284928492849285,0.34396173774412114,0.9493949394939494,0.3443603029095257,0.9504950495049505,0.25069748903945793,0.6919691969196919,0.333599043443603,0.9207920792079208,0.3479473893981666,0.9603960396039604,0.30091669988043046,0.8305830583058306,0.1526504583499402,0.4213421342134213,0.34316460741331206,0.9471947194719472,0.3543244320446393,0.977997799779978,0.3395775209246712,0.9372937293729373
32,0.3444015444015444,0.9812981298129813,0.3444015444015444,0.9812981298129813,0.35096525096525094,1.0,0.35096525096525094,1.0,0.3474903474903475,0.9900990099009901,0.35096525096525094,1.0,0.35096525096525094,1.0,0.2911196911196911,0.8294829482948295,0.1891891891891892,0.5390539053905391,0.34517374517374516,0.9834983498349835,0.34633204633204634,0.9867986798679867,0.35096525096525094,1.0,0.3498069498069498,0.9966996699669967,0.35096525096525094,1.0,0.3498069498069498,0.9966996699669967,0.35057915057915057,0.9988998899889989,0.32355212355212354,0.9218921892189219,0.32895752895752894,0.9372937293729373,0.34826254826254827,0.9922992299229924,0.2965250965250965,0.8448844884488449,0.17374517374517376,0.49504950495049505,0.34633204633204634,0.9867986798679867,0.3467181467181467,0.9878987898789879,0.35096525096525094,1.0,0.3444015444015444,0.9812981298129813,0.34517374517374516,0.9834983498349835,0.35096525096525094,1.0,0.35096525096525094,1.0,0.3444015444015444,0.9812981298129813,0.35096525096525094,1.0,0.35096525096525094,1.0,0.2915057915057915,0.8305830583058306,0.21235521235521235,0.605060506050605,0.34517374517374516,0.9834983498349835,0.34633204633204634,0.9867986798679867,0.35096525096525094,1.0,0.3498069498069498,0.9966996699669967,0.35057915057915057,0.9988998899889989,0.3498069498069498,0.9966996699669967,0.35057915057915057,0.9988998899889989,0.3362934362934363,0.9581958195819582,0.32895752895752894,0.9372937293729373,0.34555984555984554,0.9845984598459846,0.305019305019305,0.8690869086908691,0.1888030888030888,0.5379537953795379,0.34864864864864864,0.9933993399339934,0.34942084942084944,0.9955995599559956,0.35096525096525094,1.0,0.3444015444015444,0.9812981298129813,0.3444015444015444,0.9812981298129813,0.35096525096525094,1.0,0.35096525096525094,1.0,0.33204633204633205,0.9460946094609461,0.35096525096525094,1.0,0.35096525096525094,1.0,0.29343629343629346,0.8360836083608361,0.18416988416988417,0.5247524752475248,0.3447876447876448,0.9823982398239824,0.34633204633204634,0.9867986798679867,0.35096525096525094,1.0,0.3498069498069498,0.9966996699669967,0.35096525096525094,1.0,0.3498069498069498,0.9966996699669967,0.35057915057915057,0.9988998899889989,0.33513513513513515,0.9548954895489549,0.32895752895752894,0.9372937293729373,0.34826254826254827,0.9922992299229924,0.29845559845559844,0.8503850385038504,0.1718146718146718,0.48954895489548955,0.34633204633204634,0.9867986798679867,0.3467181467181467,0.9878987898789879,0.35096525096525094,1.0,0.32664092664092664,0.9306930693069307,0.327027027027027,0.9317931793179318,0.3258687258687259,0.9284928492849285,0.3332046332046332,0.9493949394939494,0.1613899613899614,0.4598459845984598,0.3216216216216216,0.9163916391639164,0.3328185328185328,0.9482948294829483,0.29343629343629346,0.8360836083608361,0.15096525096525096,0.43014301430143015,0.3370656370656371,0.9603960396039604,0.34594594594594597,0.9856985698569857,0.3301158301158301,0.9405940594059405,0.32548262548262547,0.9273927392739274,0.32625482625482627,0.9295929592959296,0.33436293436293435,0.9526952695269527,0.3359073359073359,0.9570957095709571,0.24864864864864866,0.7084708470847084,0.32625482625482627,0.9295929592959296,0.33861003861003863,0.9647964796479648,0.29613899613899614,0.8437843784378438,0.15096525096525096,0.43014301430143015,0.3362934362934363,0.9581958195819582,0.34555984555984554,0.9845984598459846,0.3312741312741313,0.9438943894389439
33,0.3354548858105578,0.9856985698569857,0.3354548858105578,0.9856985698569857,0.34032197678771997,1.0,0.34032197678771997,1.0,0.3373268438786971,0.9911991199119912,0.34032197678771997,1.0,0.34032197678771997,1.0,0.28491201797079746,0.8371837183718371,0.18382628229127668,0.5401540154015402,0.3354548858105578,0.9856985698569857,0.3358292774241857,0.9867986798679867,0.34032197678771997,1.0,0.3391988019468364,0.9966996699669967,0.34032197678771997,1.0,0.3395731935604642,0.9977997799779978,0.34032197678771997,1.0,0.31448895544739797,0.9240924092409241,0.3201048296518158,0.9405940594059405,0.3384500187195807,0.9944994499449945,0.2894047173343317,0.8503850385038504,0.17109696742792962,0.5027502750275028,0.3365780606514414,0.988998899889989,0.3373268438786971,0.9911991199119912,0.34032197678771997,1.0,0.3354548858105578,0.9856985698569857,0.33508049419693,0.9845984598459846,0.34032197678771997,1.0,0.34032197678771997,1.0,0.33470610258330213,0.9834983498349835,0.34032197678771997,1.0,0.34032197678771997,1.0,0.28491201797079746,0.8371837183718371,0.2085361287907151,0.6127612761276128,0.3354548858105578,0.9856985698569857,0.3358292774241857,0.9867986798679867,0.34032197678771997,1.0,0.3391988019468364,0.9966996699669967,0.3399475851740921,0.9988998899889989,0.3395731935604642,0.9977997799779978,0.3399475851740921,0.9988998899889989,0.32646948708348933,0.9592959295929593,0.3193560464245601,0.9383938393839384,0.3365780606514414,0.988998899889989,0.29726694122051667,0.8734873487348734,0.18981654810932236,0.5577557755775577,0.3391988019468364,0.9966996699669967,0.3391988019468364,0.9966996699669967,0.34032197678771997,1.0,0.3354548858105578,0.9856985698569857,0.3354548858105578,0.9856985698569857,0.34032197678771997,1.0,0.34032197678771997,1.0,0.3234743541744665,0.9504950495049505,0.34032197678771997,1.0,0.34032197678771997,1.0,0.28753275926619243,0.8448844884488449,0.18120554099588168,0.5324532453245324,0.3354548858105578,0.9856985698569857,0.33620366903781357,0.9878987898789879,0.34032197678771997,1.0,0.3391988019468364,0.9966996699669967,0.34032197678771997,1.0,0.3395731935604642,0.9977997799779978,0.34032197678771997,1.0,0.32646948708348933,0.9592959295929593,0.31973043803818796,0.9394939493949395,0.3384500187195807,0.9944994499449945,0.291276675402471,0.8558855885588559,0.1695994009734182,0.49834983498349833,0.3365780606514414,0.988998899889989,0.3373268438786971,0.9911991199119912,0.34032197678771997,1.0,0.31710969674279293,0.9317931793179318,0.31748408835642083,0.9328932893289329,0.3178584799700487,0.933993399339934,0.3249719206289779,0.9548954895489549,0.16061400224634967,0.47194719471947194,0.31336578060651443,0.9207920792079208,0.3249719206289779,0.9548954895489549,0.28903032572070386,0.8492849284928493,0.1505054286783976,0.44224422442244227,0.32796705353800076,0.9636963696369637,0.33620366903781357,0.9878987898789879,0.32122800449269934,0.9438943894389439,0.3159865219019094,0.9284928492849285,0.3167353051291651,0.9306930693069307,0.32534631224260574,0.9559955995599559,0.3260950954698615,0.9581958195819582,0.24410333208536128,0.7172717271727173,0.31748408835642083,0.9328932893289329,0.32871583676525645,0.9658965896589659,0.29165106701609883,0.856985698569857,0.1497566454511419,0.44004400440044006,0.3268438786971172,0.9603960396039604,0.33620366903781357,0.9878987898789879,0.3242231374017222,0.9526952695269527
34,0.326671511627907,0.988998899889989,0.326671511627907,0.988998899889989,0.33030523255813954,1.0,0.33030523255813954,1.0,0.32776162790697677,0.9922992299229924,0.33030523255813954,1.0,0.33030523255813954,1.0,0.27834302325581395,0.8426842684268426,0.17877906976744187,0.5412541254125413,0.326671511627907,0.988998899889989,0.32703488372093026,0.9900990099009901,0.33030523255813954,1.0,0.329578488372093,0.9977997799779978,0.33030523255813954,1.0,0.32994186046511625,0.9988998899889989,0.33030523255813954,1.0,0.30559593023255816,0.9251925192519251,0.31140988372093026,0.9427942794279428,0.32921511627906974,0.9966996699669967,0.28415697674418605,0.8602860286028603,0.16896802325581395,0.5115511551155115,0.328125,0.9933993399339934,0.32776162790697677,0.9922992299229924,0.33030523255813954,1.0,0.326671511627907,0.988998899889989,0.326671511627907,0.988998899889989,0.33030523255813954,1.0,0.33030523255813954,1.0,0.32594476744186046,0.9867986798679867,0.33030523255813954,1.0,0.33030523255813954,1.0,0.27834302325581395,0.8426842684268426,0.20421511627906977,0.6182618261826183,0.326671511627907,0.988998899889989,0.32703488372093026,0.9900990099009901,0.33030523255813954,1.0,0.329578488372093,0.9977997799779978,0.33030523255813954,1.0,0.32994186046511625,0.9988998899889989,0.33030523255813954,1.0,0.3175872093023256,0.9614961496149615,0.31031976744186046,0.9394939493949395,0.32776162790697677,0.9922992299229924,0.2917877906976744,0.8833883388338833,0.1882267441860465,0.5698569856985699,0.33030523255813954,1.0,0.32921511627906974,0.9966996699669967,0.33030523255813954,1.0,0.326671511627907,0.988998899889989,0.326671511627907,0.988998899889989,0.33030523255813954,1.0,0.33030523255813954,1.0,0.31431686046511625,0.9515951595159516,0.33030523255813954,1.0,0.33030523255813954,1.0,0.28125,0.8514851485148515,0.17805232558139536,0.5390539053905391,0.326671511627907,0.988998899889989,0.32703488372093026,0.9900990099009901,0.33030523255813954,1.0,0.329578488372093,0.9977997799779978,0.33030523255813954,1.0,0.32994186046511625,0.9988998899889989,0.33030523255813954,1.0,0.3179505813953488,0.9625962596259626,0.311046511627907,0.9416941694169417,0.32921511627906974,0.9966996699669967,0.2867005813953488,0.8679867986798679,0.16642441860465115,0.5038503850385039,0.328125,0.9933993399339934,0.32776162790697677,0.9922992299229924,0.33030523255813954,1.0,0.3081395348837209,0.9328932893289329,0.3085029069767442,0.933993399339934,0.30959302325581395,0.9372937293729373,0.3164970930232558,0.9581958195819582,0.16061046511627908,0.48624862486248627,0.3070494186046512,0.9295929592959296,0.3179505813953488,0.9625962596259626,0.2845203488372093,0.8613861386138614,0.14898255813953487,0.45104510451045104,0.31867732558139533,0.9647964796479648,0.326671511627907,0.988998899889989,0.313953488372093,0.9504950495049505,0.3070494186046512,0.9295929592959296,0.3074127906976744,0.9306930693069307,0.3168604651162791,0.9592959295929593,0.3179505813953488,0.9625962596259626,0.24055232558139536,0.7282728272827282,0.31031976744186046,0.9394939493949395,0.31976744186046513,0.9680968096809681,0.2867005813953488,0.8679867986798679,0.14934593023255813,0.4521452145214521,0.3179505813953488,0.9625962596259626,0.32630813953488375,0.9878987898789879,0.3175872093023256,0.9614961496149615
35,0.31839039887045534,0.9922992299229924,0.31839039887045534,0.9922992299229924,0.32086127779738793,1.0,0.32086127779738793,1.0,0.3187433815743029,0.9933993399339934,0.32086127779738793,1.0,0.32086127779738793,1.0,0.27179668196258383,0.847084708470847,0.1750794211083657,0.5456545654565457,0.31839039887045534,0.9922992299229924,0.31803741616660786,0.9911991199119912,0.32086127779738793,1.0,0.3205082950935404,0.9988998899889989,0.32086127779738793,1.0,0.3205082950935404,0.9988998899889989,0.32086127779738793,1.0,0.2975644193434522,0.9273927392739274,0.3035651253088599,0.9460946094609461,0.3198023296858454,0.9966996699669967,0.27850335333568654,0.8679867986798679,0.16590187080833038,0.517051705170517,0.3194493469819979,0.9955995599559956,0.3187433815743029,0.9933993399339934,0.32086127779738793,1.0,0.31839039887045534,0.9922992299229924,0.3187433815743029,0.9933993399339934,0.32086127779738793,1.0,0.32086127779738793,1.0,0.31733145075891284,0.988998899889989,0.32086127779738793,1.0,0.32086127779738793,1.0,0.27214966466643137,0.8481848184818482,0.19943522767384397,0.6215621562156216,0.31839039887045534,0.9922992299229924,0.31803741616660786,0.9911991199119912,0.32086127779738793,1.0,0.3205082950935404,0.9988998899889989,0.32086127779738793,1.0,0.3205082950935404,0.9988998899889989,0.32086127779738793,1.0,0.30921284857042003,0.9636963696369637,0.30285915990116485,0.9438943894389439,0.3187433815743029,0.9933993399339934,0.2859159901164843,0.8910891089108911,0.18884574655841863,0.5885588558855885,0.32086127779738793,1.0,0.3198023296858454,0.9966996699669967,0.32086127779738793,1.0,0.31839039887045534,0.9922992299229924,0.31839039887045534,0.9922992299229924,0.32086127779738793,1.0,0.32086127779738793,1.0,0.30603600423579247,0.9537953795379538,0.32086127779738793,1.0,0.32086127779738793,1.0,0.2742675608895164,0.8547854785478548,0.17472643840451818,0.5445544554455446,0.31839039887045534,0.9922992299229924,0.31803741616660786,0.9911991199119912,0.32086127779738793,1.0,0.3205082950935404,0.9988998899889989,0.32086127779738793,1.0,0.3205082950935404,0.9988998899889989,0.32086127779738793,1.0,0.30991881397811505,0.9658965896589659,0.30285915990116485,0.9438943894389439,0.3198023296858454,0.9966996699669967,0.2799152841510766,0.8723872387238724,0.16519590540063536,0.5148514851485149,0.3194493469819979,0.9955995599559956,0.3187433815743029,0.9933993399339934,0.32086127779738793,1.0,0.3000352982703848,0.935093509350935,0.30038828097423226,0.9361936193619362,0.3018002117896223,0.9405940594059405,0.30885986586657255,0.9625962596259626,0.15813625132368514,0.49284928492849284,0.3018002117896223,0.9405940594059405,0.30991881397811505,0.9658965896589659,0.2799152841510766,0.8723872387238724,0.1482527356159548,0.46204620462046203,0.3109777620896576,0.9691969196919692,0.3176844334627603,0.9900990099009901,0.30638898693963995,0.9548954895489549,0.2986233674549947,0.9306930693069307,0.2989763501588422,0.9317931793179318,0.3081539004588775,0.9603960396039604,0.30956583127426757,0.9647964796479648,0.23614542887398518,0.735973597359736,0.3018002117896223,0.9405940594059405,0.31133074479350514,0.9702970297029703,0.28415107659724675,0.8855885588558856,0.14931168372749734,0.46534653465346537,0.3102717966819626,0.966996699669967,0.3176844334627603,0.9900990099009901,0.30921284857042003,0.9636963696369637
36,0.31022649279341113,0.9944994499449945,0.31022649279341113,0.9944994499449945,0.3119423472889499,1.0,0.3119423472889499,1.0,0.30988332189430334,0.9933993399339934,0.3119423472889499,1.0,0.3119423472889499,1.0,0.26595744680851063,0.8525852585258525,0.17089910775566233,0.5478547854785478,0.31022649279341113,0.9944994499449945,0.3095401509951956,0.9922992299229924,0.3119423472889499,1.0,0.31159917638984214,0.9988998899889989,0.3119423472889499,1.0,0.3119423472889499,1.0,0.3119423472889499,1.0,0.2896362388469458,0.9284928492849285,0.29581331503088537,0.9482948294829483,0.3109128345916266,0.9966996699669967,0.272477693891558,0.8734873487348734,0.16300617707618395,0.5225522552255225,0.3109128345916266,0.9966996699669967,0.30988332189430334,0.9933993399339934,0.3119423472889499,1.0,0.31022649279341113,0.9944994499449945,0.30988332189430334,0.9933993399339934,0.3119423472889499,1.0,0.3119423472889499,1.0,0.3095401509951956,0.9922992299229924,0.3119423472889499,1.0,0.3119423472889499,1.0,0.26595744680851063,0.8525852585258525,0.19560741249142072,0.6270627062706271,0.31022649279341113,0.9944994499449945,0.3095401509951956,0.9922992299229924,0.3119423472889499,1.0,0.31159917638984214,0.9988998899889989,0.3119423472889499,1.0,0.3119423472889499,1.0,0.3119423472889499,1.0,0.30061770761839396,0.9636963696369637,0.29547014413177763,0.9471947194719472,0.31056966369251887,0.9955995599559956,0.28105696636925187,0.900990099009901,0.18668496911461907,0.5984598459845984,0.3119423472889499,1.0,0.3112560054907344,0.9977997799779978,0.3119423472889499,1.0,0.31022649279341113,0.9944994499449945,0.31022649279341113,0.9944994499449945,0.3119423472889499,1.0,0.3119423472889499,1.0,0.2978723404255319,0.9548954895489549,0.3119423472889499,1.0,0.3119423472889499,1.0,0.2676733013040494,0.858085808580858,0.1702127659574468,0.5456545654565457,0.31022649279341113,0.9944994499449945,0.3095401509951956,0.9922992299229924,0.3119423472889499,1.0,0.31159917638984214,0.9988998899889989,0.3119423472889499,1.0,0.3119423472889499,1.0,0.3119423472889499,1.0,0.30370624571036375,0.9735973597359736,0.29547014413177763,0.9471947194719472,0.3109128345916266,0.9966996699669967,0.2731640356897735,0.8756875687568757,0.16266300617707619,0.5214521452145214,0.3109128345916266,0.9966996699669967,0.30988332189430334,0.9933993399339934,0.3119423472889499,1.0,0.29203843514070005,0.9361936193619362,0.29203843514070005,0.9361936193619362,0.29444063143445437,0.9438943894389439,0.30061770761839396,0.9636963696369637,0.15614275909402883,0.5005500550055005,0.29684282772820864,0.9515951595159516,0.3026767330130405,0.9702970297029703,0.27831159917638987,0.8921892189218922,0.14824982841455045,0.4752475247524752,0.3043925875085793,0.9757975797579758,0.3095401509951956,0.9922992299229924,0.3009608785175017,0.9647964796479648,0.29066575154426905,0.9317931793179318,0.29066575154426905,0.9317931793179318,0.29993136582017843,0.9614961496149615,0.3016472203157172,0.966996699669967,0.23266986959505834,0.7458745874587459,0.29547014413177763,0.9471947194719472,0.303363074811256,0.9724972497249725,0.27968428277282087,0.8965896589658966,0.14653397391901166,0.46974697469746973,0.30370624571036375,0.9735973597359736,0.30988332189430334,0.9933993399339934,0.304735758407687,0.976897689768977
37,0.3025041736227045,0.9966996699669967,0.3025041736227045,0.9966996699669967,0.3035058430717863,1.0,0.3035058430717863,1.0,0.30150250417362273,0.9933993399339934,0.3035058430717863,1.0,0.3035058430717863,1.0,0.259432387312187,0.8547854785478548,0.16761268781302172,0.5522552255225522,0.3025041736227045,0.9966996699669967,0.3018363939899833,0.9944994499449945,0.3035058430717863,1.0,0.3035058430717863,1.0,0.3035058430717863,1.0,0.3035058430717863,1.0,0.3035058430717863,1.0,0.28180300500834726,0.9284928492849285,0.28914858096828044,0.9526952695269527,0.3025041736227045,0.9966996699669967,0.2667779632721202,0.878987898789879,0.1612687813021703,0.5313531353135313,0.30317195325542573,0.9988998899889989,0.3025041736227045,0.9966996699669967,0.3035058430717863,1.0,0.3025041736227045,0.9966996699669967,0.3025041736227045,0.9966996699669967,0.3035058430717863,1.0,0.3035058430717863,1.0,0.3018363939899833,0.9944994499449945,0.3035058430717863,1.0,0.3035058430717863,1.0,0.259432387312187,0.8547854785478548,0.19131886477462437,0.6303630363036303,0.3025041736227045,0.9966996699669967,0.3018363939899833,0.9944994499449945,0.3035058430717863,1.0,0.3035058430717863,1.0,0.3035058430717863,1.0,0.3035058430717863,1.0,0.3035058430717863,1.0,0.2941569282136895,0.9691969196919692,0.28914858096828044,0.9526952695269527,0.3028380634390651,0.9977997799779978,0.27779632721202,0.9152915291529153,0.18497495826377294,0.6094609460946094,0.3035058430717863,1.0,0.3028380634390651,0.9977997799779978,0.3035058430717863,1.0,0.3025041736227045,0.9966996699669967,0.3025041736227045,0.9966996699669967,0.3035058430717863,1.0,0.3035058430717863,1.0,0.2908180300500835,0.9581958195819582,0.3035058430717863,1.0,0.3035058430717863,1.0,0.26243739565943236,0.8646864686468647,0.1662771285475793,0.5478547854785478,0.3025041736227045,0.9966996699669967,0.3021702838063439,0.9955995599559956,0.3035058430717863,1.0,0.3035058430717863,1.0,0.3035058430717863,1.0,0.3035058430717863,1.0,0.3035058430717863,1.0,0.2958263772954925,0.9746974697469747,0.2881469115191987,0.9493949394939494,0.3025041736227045,0.9966996699669967,0.2671118530884808,0.8800880088008801,0.16060100166944907,0.5291529152915292,0.30317195325542573,0.9988998899889989,0.3025041736227045,0.9966996699669967,0.3035058430717863,1.0,0.28414023372287145,0.9361936193619362,0.28447412353923207,0.9372937293729373,0.28681135225375626,0.944994499449945,0.29282136894824706,0.9647964796479648,0.15525876460767946,0.5115511551155115,0.29115191986644406,0.9592959295929593,0.29549248747913187,0.9735973597359736,0.2731218697829716,0.8998899889988999,0.14590984974958263,0.4807480748074808,0.2964941569282137,0.976897689768977,0.3018363939899833,0.9944994499449945,0.2931552587646077,0.9658965896589659,0.28347245409015026,0.933993399339934,0.28347245409015026,0.933993399339934,0.2921535893155259,0.9625962596259626,0.2938230383973289,0.9680968096809681,0.2283806343906511,0.7524752475247525,0.2898163606010017,0.9548954895489549,0.2964941569282137,0.976897689768977,0.27378964941569284,0.9020902090209021,0.14590984974958263,0.4807480748074808,0.29716193656093487,0.9790979097909791,0.3018363939899833,0.9944994499449945,0.2978297161936561,0.9812981298129813
38,0.29486345903771133,0.9977997799779978,0.29486345903771133,0.9977997799779978,0.2955136540962289,1.0,0.2955136540962289,1.0,0.293888166449935,0.9944994499449945,0.2955136540962289,1.0,0.2955136540962289,1.0,0.2539011703511053,0.8591859185918592,0.1644993498049415,0.5566556655665567,0.29486345903771133,0.9977997799779978,0.2942132639791938,0.9955995599559956,0.2955136540962289,1.0,0.2955136540962289,1.0,0.2955136540962289,1.0,0.2955136540962289,1.0,0.2955136540962289,1.0,0.27503250975292587,0.9306930693069307,0.28218465539661897,0.9548954895489549,0.29486345903771133,0.9977997799779978,0.26235370611183356,0.8877887788778878,0.15767230169050714,0.5335533553355336,0.2955136540962289,1.0,0.29486345903771133,0.9977997799779978,0.2955136540962289,1.0,0.29486345903771133,0.9977997799779978,0.29486345903771133,0.9977997799779978,0.2955136540962289,1.0,0.2955136540962289,1.0,0.29453836150845253,0.9966996699669967,0.2955136540962289,1.0,0.2955136540962289,1.0,0.2542262678803641,0.8602860286028603,0.18725617685305593,0.6336633663366337,0.29486345903771133,0.9977997799779978,0.2942132639791938,0.9955995599559956,0.2955136540962289,1.0,0.2955136540962289,1.0,0.2955136540962289,1.0,0.2955136540962289,1.0,0.2955136540962289,1.0,0.2867360208062419,0.9702970297029703,0.2818595578673602,0.9537953795379538,0.29486345903771133,0.9977997799779978,0.27243172951885564,0.9218921892189219,0.1830299089726918,0.6193619361936193,0.2955136540962289,1.0,0.2951885565669701,0.9988998899889989,0.2955136540962289,1.0,0.29486345903771133,0.9977997799779978,0.29486345903771133,0.9977997799779978,0.2955136540962289,1.0,0.2955136540962289,1.0,0.28413524057217165,0.9614961496149615,0.2955136540962289,1.0,0.2955136540962289,1.0,0.25812743823146944,0.8734873487348734,0.1628738621586476,0.5511551155115512,0.29486345903771133,0.9977997799779978,0.2942132639791938,0.9955995599559956,0.2955136540962289,1.0,0.2955136540962289,1.0,0.2955136540962289,1.0,0.2955136540962289,1.0,0.2955136540962289,1.0,0.2886866059817945,0.976897689768977,0.2815344603381014,0.9526952695269527,0.29486345903771133,0.9977997799779978,0.26235370611183356,0.8877887788778878,0.15799739921976594,0.5346534653465347,0.2955136540962289,1.0,0.29486345903771133,0.9977997799779978,0.2955136540962289,1.0,0.2773081924577373,0.9383938393839384,0.2773081924577373,0.9383938393839384,0.2795838751625488,0.9460946094609461,0.28543563068920674,0.9658965896589659,0.15377113133940182,0.5203520352035204,0.28446033810143045,0.9625962596259626,0.288036410923277,0.9746974697469747,0.2672301690507152,0.9042904290429042,0.14499349804941483,0.49064906490649063,0.28966189856957086,0.9801980198019802,0.29453836150845253,0.9966996699669967,0.28706111833550063,0.9713971397139713,0.2760078023407022,0.933993399339934,0.2760078023407022,0.933993399339934,0.28543563068920674,0.9658965896589659,0.2867360208062419,0.9702970297029703,0.2252925877763329,0.7623762376237624,0.2834850455136541,0.9592959295929593,0.28998699609882966,0.9812981298129813,0.2685305591677503,0.9086908690869087,0.1453185955786736,0.49174917491749176,0.28966189856957086,0.9801980198019802,0.29486345903771133,0.9977997799779978,0.2906371911573472,0.9834983498349835
39,0.2876148242001901,0.9988998899889989,0.2876148242001901,0.9988998899889989,0.28793158061450747,1.0,0.28793158061450747,1.0,0.28666455495723786,0.9955995599559956,0.28793158061450747,1.0,0.28793158061450747,1.0,0.24960405448210327,0.8668866886688669,0.16122901488755148,0.55995599559956,0.2876148242001901,0.9988998899889989,0.2872980677858727,0.9977997799779978,0.28793158061450747,1.0,0.28793158061450747,1.0,0.28793158061450747,1.0,0.28793158061450747,1.0,0.28793158061450747,1.0,0.2682926829268293,0.9317931793179318,0.27526132404181186,0.9559955995599559,0.2876148242001901,0.9988998899889989,0.25847323408299017,0.8976897689768977,0.15521064301552107,0.5390539053905391,0.28793158061450747,1.0,0.2872980677858727,0.9977997799779978,0.28793158061450747,1.0,0.2876148242001901,0.9988998899889989,0.2872980677858727,0.9977997799779978,0.28793158061450747,1.0,0.28793158061450747,1.0,0.28698131137155525,0.9966996699669967,0.28793158061450747,1.0,0.28793158061450747,1.0,0.24992081089642065,0.8679867986798679,0.1856192587899905,0.6446644664466447,0.2876148242001901,0.9988998899889989,0.2872980677858727,0.9977997799779978,0.28793158061450747,1.0,0.28793158061450747,1.0,0.28793158061450747,1.0,0.28793158061450747,1.0,0.28793158061450747,1.0,0.28001267025657267,0.9724972497249725,0.2749445676274945,0.9548954895489549,0.2876148242001901,0.9988998899889989,0.26702565726955974,0.9273927392739274,0.18435223313272095,0.6402640264026402,0.28793158061450747,1.0,0.2876148242001901,0.9988998899889989,0.28793158061450747,1.0,0.2876148242001901,0.9988998899889989,0.2876148242001901,0.9988998899889989,0.28793158061450747,1.0,0.28793158061450747,1.0,0.2771618625277162,0.9625962596259626,0.28793158061450747,1.0,0.28793158061450747,1.0,0.2553056699398163,0.8866886688668867,0.15932847640164713,0.5533553355335533,0.2876148242001901,0.9988998899889989,0.2872980677858727,0.9977997799779978,0.28793158061450747,1.0,0.28793158061450747,1.0,0.28793158061450747,1.0,0.28793158061450747,1.0,0.28793158061450747,1.0,0.28191320874247705,0.9790979097909791,0.2749445676274945,0.9548954895489549,0.2876148242001901,0.9988998899889989,0.25847323408299017,0.8976897689768977,0.15552739942983845,0.5401540154015402,0.28793158061450747,1.0,0.2872980677858727,0.9977997799779978,0.28793158061450747,1.0,0.2701932214127336,0.9383938393839384,0.270509977827051,0.9394939493949395,0.2730440291415901,0.9482948294829483,0.2787456445993031,0.9680968096809681,0.15235983528666455,0.5291529152915292,0.2774786189420336,0.9636963696369637,0.2812796959138423,0.976897689768977,0.26322458029775103,0.9141914191419142,0.14412416851441243,0.5005500550055005,0.283496990814064,0.9845984598459846,0.2872980677858727,0.9977997799779978,0.2806461830852075,0.9746974697469747,0.26892619575546406,0.933993399339934,0.26955970858409883,0.9361936193619362,0.27842888818498573,0.966996699669967,0.2796959138422553,0.9713971397139713,0.22204624643649035,0.7711771177117712,0.27811213177066835,0.9658965896589659,0.2831802343997466,0.9834983498349835,0.2638580931263858,0.9163916391639164,0.14380741210009504,0.49944994499449946,0.2825467215711118,0.9812981298129813,0.2872980677858727,0.9977997799779978,0.2838137472283814,0.9856985698569857
40,0.2807288449660284,1.0,0.2807288449660284,1.0,0.2807288449660284,1.0,0.2807288449660284,1.0,0.2794935145151328,0.9955995599559956,0.2807288449660284,1.0,0.2807288449660284,1.0,0.2464484249536751,0.8778877887788779,0.15935762816553428,0.5676567656765676,0.2807288449660284,1.0,0.2801111797405806,0.9977997799779978,0.2807288449660284,1.0,0.2807288449660284,1.0,0.2807288449660284,1.0,0.2807288449660284,1.0,0.2807288449660284,1.0,0.2621988882025942,0.933993399339934,0.2699197035206918,0.9614961496149615,0.2807288449660284,1.0,0.2541692402717727,0.9053905390539054,0.1531809759110562,0.5456545654565457,0.2807288449660284,1.0,0.2804200123533045,0.9988998899889989,0.2807288449660284,1.0,0.2807288449660284,1.0,0.2807288449660284,1.0,0.2807288449660284,1.0,0.2807288449660284,1.0,0.2801111797405806,0.9977997799779978,0.2807288449660284,1.0,0.2807288449660284,1.0,0.24675725756639902,0.878987898789879,0.18221124150710316,0.6490649064906491,0.2807288449660284,1.0,0.2801111797405806,0.9977997799779978,0.2807288449660284,1.0,0.2807288449660284,1.0,0.2807288449660284,1.0,0.2807288449660284,1.0,0.2807288449660284,1.0,0.2736256948733786,0.9746974697469747,0.26868437306979615,0.9570957095709571,0.2804200123533045,0.9988998899889989,0.26466954910438545,0.9427942794279428,0.18313773934527486,0.6523652365236524,0.2807288449660284,1.0,0.2804200123533045,0.9988998899889989,0.2807288449660284,1.0,0.2807288449660284,1.0,0.2807288449660284,1.0,0.2807288449660284,1.0,0.2807288449660284,1.0,0.2708462013588635,0.9647964796479648,0.2807288449660284,1.0,0.2807288449660284,1.0,0.2529339098208771,0.900990099009901,0.15688696726374304,0.5588558855885588,0.2807288449660284,1.0,0.2801111797405806,0.9977997799779978,0.2807288449660284,1.0,0.2807288449660284,1.0,0.2807288449660284,1.0,0.2807288449660284,1.0,0.2807288449660284,1.0,0.27547869054972207,0.9812981298129813,0.26899320568252005,0.9581958195819582,0.2807288449660284,1.0,0.25633106856084004,0.9130913091309131,0.15379864113650402,0.5478547854785478,0.2807288449660284,1.0,0.2804200123533045,0.9988998899889989,0.2807288449660284,1.0,0.2637430512662137,0.9394939493949395,0.2637430512662137,0.9394939493949395,0.26683137739345275,0.9504950495049505,0.27208153180975914,0.9691969196919692,0.1525633106856084,0.5434543454345434,0.2714638665843113,0.966996699669967,0.27547869054972207,0.9812981298129813,0.2578752316244595,0.9185918591859186,0.14144533662754788,0.5038503850385039,0.27640518838789374,0.9845984598459846,0.2801111797405806,0.9977997799779978,0.27424336009882644,0.976897689768977,0.2631253860407659,0.9372937293729373,0.2634342186534898,0.9383938393839384,0.2726991970352069,0.9713971397139713,0.27393452748610253,0.9757975797579758,0.21957998764669548,0.7821782178217822,0.27208153180975914,0.9691969196919692,0.27702285361334156,0.9867986798679867,0.25849289684990734,0.9207920792079208,0.14237183446571958,0.5071507150715071,0.27640518838789374,0.9845984598459846,0.2801111797405806,0.9977997799779978,0.27702285361334156,0.9867986798679867
41,0.27387767399819224,1.0,0.27387767399819224,1.0,0.27387767399819224,1.0,0.27387767399819224,1.0,0.273275082856282,0.9977997799779978,0.27387767399819224,1.0,0.27387767399819224,1.0,0.24525459475745706,0.8954895489548955,0.1557698101837903,0.5687568756875687,0.27387767399819224,1.0,0.273275082856282,0.9977997799779978,0.27387767399819224,1.0,0.27387767399819224,1.0,0.27387767399819224,1.0,0.27387767399819224,1.0,0.27387767399819224,1.0,0.2570051220247062,0.9383938393839384,0.26483880686953903,0.966996699669967,0.27387767399819224,1.0,0.25278698403133476,0.922992299229923,0.1518529677613739,0.5544554455445545,0.27387767399819224,1.0,0.27357637842723714,0.9988998899889989,0.27387767399819224,1.0,0.27387767399819224,1.0,0.27387767399819224,1.0,0.27387767399819224,1.0,0.27387767399819224,1.0,0.27357637842723714,0.9988998899889989,0.27387767399819224,1.0,0.27387767399819224,1.0,0.24585718589936728,0.8976897689768977,0.17866827357637843,0.6523652365236524,0.27387767399819224,1.0,0.273275082856282,0.9977997799779978,0.27387767399819224,1.0,0.27387767399819224,1.0,0.27387767399819224,1.0,0.27387767399819224,1.0,0.27387767399819224,1.0,0.267550467008135,0.976897689768977,0.2636336245857186,0.9625962596259626,0.27387767399819224,1.0,0.26182585115998797,0.9559955995599559,0.18107863814401928,0.6611661166116611,0.27387767399819224,1.0,0.27387767399819224,1.0,0.27387767399819224,1.0,0.27387767399819224,1.0,0.27387767399819224,1.0,0.27387767399819224,1.0,0.27387767399819224,1.0,0.26483880686953903,0.966996699669967,0.27387767399819224,1.0,0.27387767399819224,1.0,0.24917143717987345,0.9097909790979097,0.15456462789996986,0.5643564356435643,0.27387767399819224,1.0,0.273275082856282,0.9977997799779978,0.27387767399819224,1.0,0.27387767399819224,1.0,0.27387767399819224,1.0,0.27387767399819224,1.0,0.27387767399819224,1.0,0.26935824043386564,0.9834983498349835,0.2633323290147635,0.9614961496149615,0.27387767399819224,1.0,0.25338957517324495,0.9251925192519251,0.1515516721904188,0.5533553355335533,0.27387767399819224,1.0,0.27357637842723714,0.9988998899889989,0.27387767399819224,1.0,0.25760771316661646,0.9405940594059405,0.25790900873757155,0.9416941694169417,0.2612232600180777,0.9537953795379538,0.26634528472431457,0.9724972497249725,0.15004519433564326,0.5478547854785478,0.2660439891533595,0.9713971397139713,0.2687556492919554,0.9812981298129813,0.25308827960228986,0.9240924092409241,0.14251280506176559,0.5203520352035204,0.26965953600482073,0.9845984598459846,0.273275082856282,0.9977997799779978,0.2687556492919554,0.9812981298129813,0.2570051220247062,0.9383938393839384,0.2570051220247062,0.9383938393839384,0.2660439891533595,0.9713971397139713,0.267550467008135,0.976897689768977,0.2163302199457668,0.7898789878987899,0.26664658029526966,0.9735973597359736,0.2705634227176861,0.9878987898789879,0.25399216631515514,0.9273927392739274,0.14371798734558602,0.5247524752475248,0.26965953600482073,0.9845984598459846,0.273275082856282,0.9977997799779978,0.27086471828864117,0.988998899889989
42,0.26735294117647057,1.0,0.26735294117647057,1.0,0.26735294117647057,1.0,0.26735294117647057,1.0,0.26676470588235296,0.9977997799779978,0.26735294117647057,1.0,0.26735294117647057,1.0,0.24352941176470588,0.9108910891089109,0.15323529411764705,0.5731573157315731,0.26735294117647057,1.0,0.26705882352941174,0.9988998899889989,0.26735294117647057,1.0,0.26735294117647057,1.0,0.26735294117647057,1.0,0.26735294117647057,1.0,0.26735294117647057,1.0,0.2514705882352941,0.9405940594059405,0.25882352941176473,0.9680968096809681,0.26735294117647057,1.0,0.24823529411764705,0.9284928492849285,0.15,0.5610561056105611,0.26735294117647057,1.0,0.26705882352941174,0.9988998899889989,0.26735294117647057,1.0,0.26735294117647057,1.0,0.26735294117647057,1.0,0.26735294117647057,1.0,0.26735294117647057,1.0,0.26705882352941174,0.9988998899889989,0.26735294117647057,1.0,0.26735294117647057,1.0,0.24382352941176472,0.911991199119912,0.175,0.6545654565456546,0.26735294117647057,1.0,0.26705882352941174,0.9988998899889989,0.26735294117647057,1.0,0.26735294117647057,1.0,0.26735294117647057,1.0,0.26735294117647057,1.0,0.26735294117647057,1.0,0.2626470588235294,0.9823982398239824,0.25882352941176473,0.9680968096809681,0.26735294117647057,1.0,0.2570588235294118,0.9614961496149615,0.18088235294117647,0.6765676567656765,0.26735294117647057,1.0,0.26735294117647057,1.0,0.26735294117647057,1.0,0.26735294117647057,1.0,0.26735294117647057,1.0,0.26735294117647057,1.0,0.26735294117647057,1.0,0.2585294117647059,0.966996699669967,0.26735294117647057,1.0,0.26735294117647057,1.0,0.2461764705882353,0.9207920792079208,0.1514705882352941,0.5665566556655666,0.26735294117647057,1.0,0.26705882352941174,0.9988998899889989,0.26735294117647057,1.0,0.26735294117647057,1.0,0.26735294117647057,1.0,0.26735294117647057,1.0,0.26735294117647057,1.0,0.26294117647058823,0.9834983498349835,0.2591176470588235,0.9691969196919692,0.26735294117647057,1.0,0.2488235294117647,0.9306930693069307,0.15058823529411763,0.5632563256325632,0.26735294117647057,1.0,0.26705882352941174,0.9988998899889989,0.26735294117647057,1.0,0.2514705882352941,0.9405940594059405,0.2523529411764706,0.9438943894389439,0.2561764705882353,0.9581958195819582,0.26,0.9724972497249725,0.14911764705882352,0.5577557755775577,0.26029411764705884,0.9735973597359736,0.2626470588235294,0.9823982398239824,0.24823529411764705,0.9284928492849285,0.14205882352941177,0.5313531353135313,0.2635294117647059,0.9856985698569857,0.26705882352941174,0.9988998899889989,0.26323529411764707,0.9845984598459846,0.25088235294117645,0.9383938393839384,0.25088235294117645,0.9383938393839384,0.26088235294117645,0.9757975797579758,0.2614705882352941,0.977997799779978,0.21176470588235294,0.7920792079207921,0.2614705882352941,0.977997799779978,0.265,0.9911991199119912,0.25,0.935093509350935,0.1438235294117647,0.5379537953795379,0.2635294117647059,0.9856985698569857,0.26705882352941174,0.9988998899889989,0.26441176470588235,0.988998899889989
43,0.26113185866130423,1.0,0.26113185866130423,1.0,0.26113185866130423,1.0,0.26113185866130423,1.0,0.2608445848893996,0.9988998899889989,0.26113185866130423,1.0,0.26113185866130423,1.0,0.24102269462798045,0.922992299229923,0.1496696351623097,0.5731573157315731,0.26113185866130423,1.0,0.2608445848893996,0.9988998899889989,0.26113185866130423,1.0,0.26113185866130423,1.0,0.26113185866130423,1.0,0.26113185866130423,1.0,0.26113185866130423,1.0,0.24648089629416833,0.9438943894389439,0.2539500143636886,0.9724972497249725,0.26113185866130423,1.0,0.24446997989083596,0.9361936193619362,0.14852054007469118,0.5687568756875687,0.26113185866130423,1.0,0.2608445848893996,0.9988998899889989,0.26113185866130423,1.0,0.26113185866130423,1.0,0.26113185866130423,1.0,0.26113185866130423,1.0,0.26113185866130423,1.0,0.26113185866130423,1.0,0.26113185866130423,1.0,0.26113185866130423,1.0,0.24073542085607583,0.9218921892189219,0.17121516805515657,0.6556655665566556,0.26113185866130423,1.0,0.2608445848893996,0.9988998899889989,0.26113185866130423,1.0,0.26113185866130423,1.0,0.26113185866130423,1.0,0.26113185866130423,1.0,0.26113185866130423,1.0,0.2571100258546395,0.9845984598459846,0.25366274059178395,0.9713971397139713,0.26113185866130423,1.0,0.2516518241884516,0.9636963696369637,0.17954610744039068,0.6875687568756875,0.26113185866130423,1.0,0.26113185866130423,1.0,0.26113185866130423,1.0,0.26113185866130423,1.0,0.26113185866130423,1.0,0.26113185866130423,1.0,0.26113185866130423,1.0,0.25366274059178395,0.9713971397139713,0.26113185866130423,1.0,0.26113185866130423,1.0,0.24102269462798045,0.922992299229923,0.14909508761850043,0.570957095709571,0.26113185866130423,1.0,0.2608445848893996,0.9988998899889989,0.26113185866130423,1.0,0.26113185866130423,1.0,0.26113185866130423,1.0,0.26113185866130423,1.0,0.26113185866130423,1.0,0.25682275208273486,0.9834983498349835,0.2542372881355932,0.9735973597359736,0.26113185866130423,1.0,0.24446997989083596,0.9361936193619362,0.14909508761850043,0.570957095709571,0.26113185866130423,1.0,0.2608445848893996,0.9988998899889989,0.26113185866130423,1.0,0.24648089629416833,0.9438943894389439,0.24734271760988222,0.9471947194719472,0.2507900028727377,0.9603960396039604,0.2539500143636886,0.9724972497249725,0.14852054007469118,0.5687568756875687,0.2562482045389256,0.9812981298129813,0.25682275208273486,0.9834983498349835,0.24533180120654985,0.9394939493949395,0.14162596954898019,0.5423542354235423,0.25825912094225795,0.988998899889989,0.2608445848893996,0.9988998899889989,0.2571100258546395,0.9845984598459846,0.24561907497845448,0.9405940594059405,0.24533180120654985,0.9394939493949395,0.25481183567940247,0.9757975797579758,0.255960930767021,0.9801980198019802,0.20856075840275784,0.7986798679867987,0.25682275208273486,0.9834983498349835,0.2596954898017811,0.9944994499449945,0.2459063487503591,0.9416941694169417,0.14334961218040793,0.5489548954895489,0.2579718471703534,0.9878987898789879,0.26113185866130423,1.0,0.2585463947141626,0.9900990099009901
44,0.25519371139809094,1.0,0.25519371139809094,1.0,0.25519371139809094,1.0,0.25519371139809094,1.0,0.25519371139809094,1.0,0.25519371139809094,1.0,0.25519371139809094,1.0,0.23666479505895563,0.9273927392739274,0.14626614261650758,0.5731573157315731,0.25519371139809094,1.0,0.2549129702414374,0.9988998899889989,0.25519371139809094,1.0,0.25519371139809094,1.0,0.25519371139809094,1.0,0.25519371139809094,1.0,0.25519371139809094,1.0,0.2411566535654127,0.944994499449945,0.24873666479505896,0.9746974697469747,0.25519371139809094,1.0,0.24003368893879842,0.9405940594059405,0.1476698483997754,0.5786578657865786,0.25519371139809094,1.0,0.2549129702414374,0.9988998899889989,0.25519371139809094,1.0,0.25519371139809094,1.0,0.25519371139809094,1.0,0.25519371139809094,1.0,0.25519371139809094,1.0,0.25519371139809094,1.0,0.25519371139809094,1.0,0.25519371139809094,1.0,0.23638405390230208,0.9262926292629263,0.1678832116788321,0.6578657865786579,0.25519371139809094,1.0,0.2549129702414374,0.9988998899889989,0.25519371139809094,1.0,0.25519371139809094,1.0,0.25519371139809094,1.0,0.25519371139809094,1.0,0.25519371139809094,1.0,0.2515440763615946,0.9856985698569857,0.24873666479505896,0.9746974697469747,0.25519371139809094,1.0,0.2476137001684447,0.9702970297029703,0.17714766984839977,0.6941694169416942,0.25519371139809094,1.0,0.25519371139809094,1.0,0.25519371139809094,1.0,0.25519371139809094,1.0,0.25519371139809094,1.0,0.25519371139809094,1.0,0.25519371139809094,1.0,0.24985962942167322,0.9790979097909791,0.25519371139809094,1.0,0.25519371139809094,1.0,0.2377877596855699,0.9317931793179318,0.14654688377316114,0.5742574257425742,0.25519371139809094,1.0,0.2549129702414374,0.9988998899889989,0.25519371139809094,1.0,0.25519371139809094,1.0,0.25519371139809094,1.0,0.25519371139809094,1.0,0.25519371139809094,1.0,0.2509825940482875,0.9834983498349835,0.2492981471083661,0.976897689768977,0.25519371139809094,1.0,0.24059517125210556,0.9427942794279428,0.14795058955642898,0.5797579757975797,0.25519371139809094,1.0,0.2549129702414374,0.9988998899889989,0.25519371139809094,1.0,0.24143739472206627,0.9460946094609461,0.24227961819202695,0.9493949394939494,0.24564851207186975,0.9625962596259626,0.24845592363840538,0.9735973597359736,0.14879281302638966,0.583058305830583,0.25042111173498033,0.9812981298129813,0.25126333520494104,0.9845984598459846,0.240314430095452,0.9416941694169417,0.1412128017967434,0.5533553355335533,0.25266704098820886,0.9900990099009901,0.25519371139809094,1.0,0.2515440763615946,0.9856985698569857,0.24003368893879842,0.9405940594059405,0.24003368893879842,0.9405940594059405,0.24957888826501964,0.977997799779978,0.25070185289163394,0.9823982398239824,0.20578326782706344,0.8063806380638063,0.2515440763615946,0.9856985698569857,0.2540707467714767,0.9955995599559956,0.24087591240875914,0.9438943894389439,0.1420550252667041,0.5566556655665567,0.25266704098820886,0.9900990099009901,0.25519371139809094,1.0,0.25266704098820886,0.9900990099009901
45,0.24951962668130662,1.0,0.24951962668130662,1.0,0.24951962668130662,1.0,0.24951962668130662,1.0,0.24951962668130662,1.0,0.24951962668130662,1.0,0.24951962668130662,1.0,0.23387318144386496,0.9372937293729373,0.1432884984902553,0.5742574257425742,0.24951962668130662,1.0,0.24924512764205325,0.9988998899889989,0.24951962668130662,1.0,0.24951962668130662,1.0,0.24951962668130662,1.0,0.24951962668130662,1.0,0.24951962668130662,1.0,0.23661817183639858,0.9482948294829483,0.24402964589623935,0.977997799779978,0.24951962668130662,1.0,0.23634367279714522,0.9471947194719472,0.1482294811968158,0.594059405940594,0.24951962668130662,1.0,0.24924512764205325,0.9988998899889989,0.24951962668130662,1.0,0.24951962668130662,1.0,0.24951962668130662,1.0,0.24951962668130662,1.0,0.24951962668130662,1.0,0.24951962668130662,1.0,0.24951962668130662,1.0,0.24951962668130662,1.0,0.23387318144386496,0.9372937293729373,0.1644249245127642,0.658965896589659,0.24951962668130662,1.0,0.24924512764205325,0.9988998899889989,0.24951962668130662,1.0,0.24951962668130662,1.0,0.24951962668130662,1.0,0.24951962668130662,1.0,0.24951962668130662,1.0,0.24622563821026627,0.9867986798679867,0.24402964589623935,0.977997799779978,0.24951962668130662,1.0,0.24348064781773263,0.9757975797579758,0.17513038704364534,0.7018701870187019,0.24951962668130662,1.0,0.24951962668130662,1.0,0.24951962668130662,1.0,0.24951962668130662,1.0,0.24951962668130662,1.0,0.24951962668130662,1.0,0.24951962668130662,1.0,0.2445786439747461,0.9801980198019802,0.24951962668130662,1.0,0.24951962668130662,1.0,0.23442217952237168,0.9394939493949395,0.1432884984902553,0.5742574257425742,0.24951962668130662,1.0,0.24924512764205325,0.9988998899889989,0.24951962668130662,1.0,0.24951962668130662,1.0,0.24951962668130662,1.0,0.24951962668130662,1.0,0.24951962668130662,1.0,0.2454021410925062,0.9834983498349835,0.2445786439747461,0.9801980198019802,0.24951962668130662,1.0,0.23689267087565194,0.9493949394939494,0.14768048311830909,0.5918591859185919,0.24951962668130662,1.0,0.24924512764205325,0.9988998899889989,0.24951962668130662,1.0,0.23689267087565194,0.9493949394939494,0.23689267087565194,0.9493949394939494,0.24046115838594564,0.9636963696369637,0.24320614877847926,0.9746974697469747,0.14740598407905572,0.5907590759075908,0.2459511391710129,0.9856985698569857,0.24622563821026627,0.9867986798679867,0.23634367279714522,0.9471947194719472,0.14109250617622837,0.5654565456545655,0.24732363436727972,0.9911991199119912,0.24951962668130662,1.0,0.24650013724951964,0.9878987898789879,0.23469667856162504,0.9405940594059405,0.23469667856162504,0.9405940594059405,0.2445786439747461,0.9801980198019802,0.24512764205325283,0.9823982398239824,0.20285479000823498,0.812981298129813,0.24650013724951964,0.9878987898789879,0.24842163052429317,0.9955995599559956,0.2379906670326654,0.9537953795379538,0.140818007136975,0.5643564356435643,0.24787263244578644,0.9933993399339934,0.24951962668130662,1.0,0.24704913532802636,0.9900990099009901
46,0.2440923737916219,1.0,0.2440923737916219,1.0,0.2440923737916219,1.0,0.2440923737916219,1.0,0.2440923737916219,1.0,0.2440923737916219,1.0,0.2440923737916219,1.0,0.22959183673469388,0.9405940594059405,0.14044038668098818,0.5753575357535754,0.2440923737916219,1.0,0.24382384532760473,0.9988998899889989,0.2440923737916219,1.0,0.2440923737916219,1.0,0.2440923737916219,1.0,0.2440923737916219,1.0,0.2440923737916219,1.0,0.2328141783029001,0.9537953795379538,0.24006444683136413,0.9834983498349835,0.2440923737916219,1.0,0.23200859291084855,0.9504950495049505,0.147422126745435,0.6039603960396039,0.2440923737916219,1.0,0.2440923737916219,1.0,0.2440923737916219,1.0,0.2440923737916219,1.0,0.2440923737916219,1.0,0.2440923737916219,1.0,0.2440923737916219,1.0,0.2440923737916219,1.0,0.2440923737916219,1.0,0.2440923737916219,1.0,0.22959183673469388,0.9405940594059405,0.1611170784103115,0.6600660066006601,0.2440923737916219,1.0,0.24382384532760473,0.9988998899889989,0.2440923737916219,1.0,0.2440923737916219,1.0,0.2440923737916219,1.0,0.2440923737916219,1.0,0.2440923737916219,1.0,0.24113856068743286,0.9878987898789879,0.23979591836734693,0.9823982398239824,0.2440923737916219,1.0,0.23845327604726102,0.976897689768977,0.17293233082706766,0.7084708470847084,0.2440923737916219,1.0,0.2440923737916219,1.0,0.2440923737916219,1.0,0.2440923737916219,1.0,0.2440923737916219,1.0,0.2440923737916219,1.0,0.2440923737916219,1.0,0.23979591836734693,0.9823982398239824,0.2440923737916219,1.0,0.2440923737916219,1.0,0.22959183673469388,0.9405940594059405,0.14044038668098818,0.5753575357535754,0.2440923737916219,1.0,0.24382384532760473,0.9988998899889989,0.2440923737916219,1.0,0.2440923737916219,1.0,0.2440923737916219,1.0,0.2440923737916219,1.0,0.2440923737916219,1.0,0.24006444683136413,0.9834983498349835,0.24006444683136413,0.9834983498349835,0.2440923737916219,1.0,0.2328141783029001,0.9537953795379538,0.14634801288936627,0.5995599559955995,0.2440923737916219,1.0,0.2440923737916219,1.0,0.2440923737916219,1.0,0.23200859291084855,0.9504950495049505,0.23227712137486572,0.9515951595159516,0.23603651987110633,0.966996699669967,0.23818474758324382,0.9757975797579758,0.14876476906552094,0.6094609460946094,0.2408700322234157,0.9867986798679867,0.24167561761546724,0.9900990099009901,0.23469387755102042,0.9614961496149615,0.14124597207303974,0.5786578657865786,0.24274973147153597,0.9944994499449945,0.2440923737916219,1.0,0.24194414607948442,0.9911991199119912,0.22986036519871106,0.9416941694169417,0.23012889366272826,0.9427942794279428,0.23925886143931258,0.9801980198019802,0.2403329752953813,0.9845984598459846,0.20005370569280342,0.8195819581958196,0.24194414607948442,0.9911991199119912,0.24301825993555318,0.9955995599559956,0.23630504833512353,0.9680968096809681,0.14124597207303974,0.5786578657865786,0.24274973147153597,0.9944994499449945,0.2440923737916219,1.0,0.24167561761546724,0.9900990099009901
47,0.23889618922470435,1.0,0.23889618922470435,1.0,0.23889618922470435,1.0,0.23889618922470435,1.0,0.23889618922470435,1.0,0.23889618922470435,1.0,0.23889618922470435,1.0,0.22628120893561104,0.9471947194719472,0.13823915900131406,0.5786578657865786,0.23889618922470435,1.0,0.23889618922470435,1.0,0.23889618922470435,1.0,0.23889618922470435,1.0,0.23889618922470435,1.0,0.23889618922470435,1.0,0.23889618922470435,1.0,0.2278580814717477,0.9537953795379538,0.235742444152431,0.9867986798679867,0.23889618922470435,1.0,0.2278580814717477,0.9537953795379538,0.14822601839684627,0.6204620462046204,0.23889618922470435,1.0,0.23889618922470435,1.0,0.23889618922470435,1.0,0.23889618922470435,1.0,0.23889618922470435,1.0,0.23889618922470435,1.0,0.23889618922470435,1.0,0.23889618922470435,1.0,0.23889618922470435,1.0,0.23889618922470435,1.0,0.22628120893561104,0.9471947194719472,0.15795006570302234,0.6611661166116611,0.23889618922470435,1.0,0.23889618922470435,1.0,0.23889618922470435,1.0,0.23889618922470435,1.0,0.23889618922470435,1.0,0.23889618922470435,1.0,0.23889618922470435,1.0,0.23626806833114322,0.988998899889989,0.2349540078843627,0.9834983498349835,0.23889618922470435,1.0,0.23337713534822602,0.976897689768977,0.17161629434954007,0.7183718371837183,0.23889618922470435,1.0,0.23889618922470435,1.0,0.23889618922470435,1.0,0.23889618922470435,1.0,0.23889618922470435,1.0,0.23889618922470435,1.0,0.23889618922470435,1.0,0.2352168199737188,0.9845984598459846,0.23889618922470435,1.0,0.23889618922470435,1.0,0.2254927726675427,0.9438943894389439,0.13823915900131406,0.5786578657865786,0.23889618922470435,1.0,0.23889618922470435,1.0,0.23889618922470435,1.0,0.23889618922470435,1.0,0.23889618922470435,1.0,0.23889618922470435,1.0,0.23889618922470435,1.0,0.2349540078843627,0.9834983498349835,0.2354796320630749,0.9856985698569857,0.23889618922470435,1.0,0.22812089356110382,0.9548954895489549,0.14822601839684627,0.6204620462046204,0.23889618922470435,1.0,0.23889618922470435,1.0,0.23889618922470435,1.0,0.22733245729303547,0.9515951595159516,0.22759526938239158,0.9526952695269527,0.23127463863337713,0.9680968096809681,0.23416557161629434,0.9801980198019802,0.14875164257555848,0.6226622662266227,0.23679369250985546,0.9911991199119912,0.23653088042049936,0.9900990099009901,0.2302233902759527,0.9636963696369637,0.1392904073587385,0.583058305830583,0.238107752956636,0.9966996699669967,0.23889618922470435,1.0,0.23679369250985546,0.9911991199119912,0.22496714848883048,0.9416941694169417,0.22575558475689883,0.944994499449945,0.23469119579500658,0.9823982398239824,0.2352168199737188,0.9845984598459846,0.19710906701708278,0.8250825082508251,0.23705650459921157,0.9922992299229924,0.2378449408672799,0.9955995599559956,0.23127463863337713,0.9680968096809681,0.14060446780551905,0.5885588558855885,0.2378449408672799,0.9955995599559956,0.23889618922470435,1.0,0.23705650459921157,0.9922992299229924
48,0.2339166237776634,1.0,0.2339166237776634,1.0,0.2339166237776634,1.0,0.2339166237776634,1.0,0.2339166237776634,1.0,0.2339166237776634,1.0,0.2339166237776634,1.0,0.2215645908389089,0.9471947194719472,0.1435923829130211,0.6138613861386139,0.2339166237776634,1.0,0.2339166237776634,1.0,0.2339166237776634,1.0,0.2339166237776634,1.0,0.2339166237776634,1.0,0.2339166237776634,1.0,0.2339166237776634,1.0,0.2233659289758106,0.9548954895489549,0.23134328358208955,0.988998899889989,0.2339166237776634,1.0,0.2233659289758106,0.9548954895489549,0.1487390633041688,0.6358635863586358,0.2339166237776634,1.0,0.2339166237776634,1.0,0.2339166237776634,1.0,0.2339166237776634,1.0,0.2339166237776634,1.0,0.2339166237776634,1.0,0.2339166237776634,1.0,0.2339166237776634,1.0,0.2339166237776634,1.0,0.2339166237776634,1.0,0.2218219248584663,0.9482948294829483,0.15517241379310345,0.6633663366336634,0.2339166237776634,1.0,0.2339166237776634,1.0,0.2339166237776634,1.0,0.2339166237776634,1.0,0.2339166237776634,1.0,0.2339166237776634,1.0,0.2339166237776634,1.0,0.23160061760164694,0.9900990099009901,0.23108594956253217,0.9878987898789879,0.2339166237776634,1.0,0.2285126093669583,0.976897689768977,0.17112712300566135,0.7315731573157316,0.2339166237776634,1.0,0.2339166237776634,1.0,0.2339166237776634,1.0,0.2339166237776634,1.0,0.2339166237776634,1.0,0.2339166237776634,1.0,0.2339166237776634,1.0,0.23031394750386,0.9845984598459846,0.2339166237776634,1.0,0.2339166237776634,1.0,0.2213072568193515,0.9460946094609461,0.14282038085434895,0.6105610561056105,0.2339166237776634,1.0,0.2339166237776634,1.0,0.2339166237776634,1.0,0.2339166237776634,1.0,0.2339166237776634,1.0,0.2339166237776634,1.0,0.2339166237776634,1.0,0.23005661348430262,0.9834983498349835,0.2308286155429748,0.9867986798679867,0.2339166237776634,1.0,0.223623262995368,0.9559955995599559,0.1487390633041688,0.6358635863586358,0.2339166237776634,1.0,0.2339166237776634,1.0,0.2339166237776634,1.0,0.22285126093669583,0.9526952695269527,0.22285126093669583,0.9526952695269527,0.22645393721049922,0.9680968096809681,0.22928461142563047,0.9801980198019802,0.14822439526505404,0.6336633663366337,0.2326299536798765,0.9944994499449945,0.23185795162120432,0.9911991199119912,0.22593926917138446,0.9658965896589659,0.138188368502316,0.5907590759075908,0.23314462171899125,0.9966996699669967,0.2339166237776634,1.0,0.2321152856407617,0.9922992299229924,0.22079258878023675,0.9438943894389439,0.2218219248584663,0.9482948294829483,0.23005661348430262,0.9834983498349835,0.23031394750386,0.9845984598459846,0.19454451878538342,0.8316831683168316,0.23288728769943387,0.9955995599559956,0.23314462171899125,0.9966996699669967,0.2267112712300566,0.9691969196919692,0.13844570252187338,0.5918591859185919,0.23314462171899125,0.9966996699669967,0.2339166237776634,1.0,0.2326299536798765,0.9944994499449945
49,0.22914040836904462,1.0,0.22914040836904462,1.0,0.22914040836904462,1.0,0.22914040836904462,1.0,0.22914040836904462,1.0,0.22914040836904462,1.0,0.22914040836904462,1.0,0.21830098311066298,0.9526952695269527,0.1487269977312831,0.6490649064906491,0.22914040836904462,1.0,0.22914040836904462,1.0,0.22914040836904462,1.0,0.22914040836904462,1.0,0.22914040836904462,1.0,0.22914040836904462,1.0,0.22914040836904462,1.0,0.2195613813965213,0.9581958195819582,0.22661961179732795,0.988998899889989,0.22914040836904462,1.0,0.21905722208217795,0.9559955995599559,0.14671036047390976,0.6402640264026402,0.22914040836904462,1.0,0.22914040836904462,1.0,0.22914040836904462,1.0,0.22914040836904462,1.0,0.22914040836904462,1.0,0.22914040836904462,1.0,0.22914040836904462,1.0,0.22914040836904462,1.0,0.22914040836904462,1.0,0.22914040836904462,1.0,0.21804890345349132,0.9515951595159516,0.15200403327451475,0.6633663366336634,0.22914040836904462,1.0,0.22914040836904462,1.0,0.22914040836904462,1.0,0.22914040836904462,1.0,0.22914040836904462,1.0,0.22914040836904462,1.0,0.22914040836904462,1.0,0.22712377111167129,0.9911991199119912,0.22636753214015629,0.9878987898789879,0.22914040836904462,1.0,0.22435089488278295,0.9790979097909791,0.17065792790521805,0.7447744774477447,0.22914040836904462,1.0,0.22914040836904462,1.0,0.22914040836904462,1.0,0.22914040836904462,1.0,0.22914040836904462,1.0,0.22914040836904462,1.0,0.22914040836904462,1.0,0.22611545248298462,0.9867986798679867,0.22914040836904462,1.0,0.22914040836904462,1.0,0.21729266448197632,0.9482948294829483,0.1487269977312831,0.6490649064906491,0.22914040836904462,1.0,0.22914040836904462,1.0,0.22914040836904462,1.0,0.22914040836904462,1.0,0.22914040836904462,1.0,0.22914040836904462,1.0,0.22914040836904462,1.0,0.22535921351146962,0.9834983498349835,0.22636753214015629,0.9878987898789879,0.22914040836904462,1.0,0.21930930173934962,0.9570957095709571,0.1472145197882531,0.6424642464246425,0.22914040836904462,1.0,0.22914040836904462,1.0,0.22914040836904462,1.0,0.21830098311066298,0.9526952695269527,0.21830098311066298,0.9526952695269527,0.22208217796823795,0.9691969196919692,0.22535921351146962,0.9834983498349835,0.14620620115956642,0.6380638063806381,0.22838416939752962,0.9966996699669967,0.22762793042601462,0.9933993399339934,0.22132593899672295,0.9658965896589659,0.1373834131585581,0.5995599559955995,0.22838416939752962,0.9966996699669967,0.22914040836904462,1.0,0.22838416939752962,0.9966996699669967,0.21653642551046132,0.944994499449945,0.21754474413914798,0.9493949394939494,0.22561129316864129,0.9845984598459846,0.22586337282581295,0.9856985698569857,0.19233677842198135,0.8393839383938394,0.22813208974035795,0.9955995599559956,0.22838416939752962,0.9966996699669967,0.22233425762540962,0.9702970297029703,0.13763549281572976,0.6006600660066007,0.22838416939752962,0.9966996699669967,0.22914040836904462,1.0,0.22813208974035795,0.9955995599559956
50,0.22455533596837945,1.0,0.22455533596837945,1.0,0.22455533596837945,1.0,0.22455533596837945,1.0,0.22455533596837945,1.0,0.22455533596837945,1.0,0.22455533596837945,1.0,0.21417984189723321,0.9537953795379538,0.14772727272727273,0.6578657865786579,0.22455533596837945,1.0,0.22455533596837945,1.0,0.22455533596837945,1.0,0.22455533596837945,1.0,0.22455533596837945,1.0,0.22455533596837945,1.0,0.22455533596837945,1.0,0.21541501976284586,0.9592959295929593,0.2225790513833992,0.9911991199119912,0.22455533596837945,1.0,0.21541501976284586,0.9592959295929593,0.14649209486166007,0.6523652365236524,0.22455533596837945,1.0,0.22455533596837945,1.0,0.22455533596837945,1.0,0.22455533596837945,1.0,0.22455533596837945,1.0,0.22455533596837945,1.0,0.22455533596837945,1.0,0.22455533596837945,1.0,0.22455533596837945,1.0,0.22455533596837945,1.0,0.21393280632411066,0.9526952695269527,0.15019762845849802,0.6688668866886689,0.22455533596837945,1.0,0.22455533596837945,1.0,0.22455533596837945,1.0,0.22455533596837945,1.0,0.22455533596837945,1.0,0.22455533596837945,1.0,0.22455533596837945,1.0,0.22307312252964426,0.9933993399339934,0.22233201581027667,0.9900990099009901,0.22455533596837945,1.0,0.22035573122529645,0.9812981298129813,0.16897233201581027,0.7524752475247525,0.22455533596837945,1.0,0.22455533596837945,1.0,0.22455533596837945,1.0,0.22455533596837945,1.0,0.22455533596837945,1.0,0.22455533596837945,1.0,0.22455533596837945,1.0,0.2215909090909091,0.9867986798679867,0.22455533596837945,1.0,0.22455533596837945,1.0,0.21294466403162055,0.9482948294829483,0.1474802371541502,0.6567656765676567,0.22455533596837945,1.0,0.22455533596837945,1.0,0.22455533596837945,1.0,0.22455533596837945,1.0,0.22455533596837945,1.0,0.22455533596837945,1.0,0.22455533596837945,1.0,0.2208498023715415,0.9834983498349835,0.22183794466403162,0.9878987898789879,0.22455533596837945,1.0,0.2159090909090909,0.9614961496149615,0.14624505928853754,0.6512651265126512,0.22455533596837945,1.0,0.22455533596837945,1.0,0.22455533596837945,1.0,0.21417984189723321,0.9537953795379538,0.21442687747035574,0.9548954895489549,0.21788537549407114,0.9702970297029703,0.2208498023715415,0.9834983498349835,0.145998023715415,0.6501650165016502,0.22381422924901187,0.9966996699669967,0.22332015810276679,0.9944994499449945,0.21739130434782608,0.9680968096809681,0.13759881422924902,0.6127612761276128,0.2240612648221344,0.9977997799779978,0.22455533596837945,1.0,0.22430830039525693,0.9988998899889989,0.2134387351778656,0.9504950495049505,0.2134387351778656,0.9504950495049505,0.22109683794466403,0.9845984598459846,0.2215909090909091,0.9867986798679867,0.18972332015810275,0.8448844884488449,0.2240612648221344,0.9977997799779978,0.22381422924901187,0.9966996699669967,0.2183794466403162,0.9724972497249725,0.13784584980237155,0.6138613861386139,0.2240612648221344,0.9977997799779978,0.22455533596837945,1.0,0.2240612648221344,0.9977997799779978
51,0.22020348837209303,1.0,0.22020348837209303,1.0,0.22020348837209303,1.0,0.22020348837209303,1.0,0.22020348837209303,1.0,0.22020348837209303,1.0,0.22020348837209303,1.0,0.21027131782945738,0.9548954895489549,0.14631782945736435,0.6644664466446645,0.22020348837209303,1.0,0.22020348837209303,1.0,0.22020348837209303,1.0,0.22020348837209303,1.0,0.22020348837209303,1.0,0.22020348837209303,1.0,0.22020348837209303,1.0,0.21172480620155038,0.9614961496149615,0.21875,0.9933993399339934,0.22020348837209303,1.0,0.21172480620155038,0.9614961496149615,0.14559108527131784,0.6611661166116611,0.22020348837209303,1.0,0.22020348837209303,1.0,0.22020348837209303,1.0,0.22020348837209303,1.0,0.22020348837209303,1.0,0.22020348837209303,1.0,0.22020348837209303,1.0,0.22020348837209303,1.0,0.22020348837209303,1.0,0.22020348837209303,1.0,0.21002906976744187,0.9537953795379538,0.14849806201550386,0.6743674367436744,0.22020348837209303,1.0,0.22020348837209303,1.0,0.22020348837209303,1.0,0.22020348837209303,1.0,0.22020348837209303,1.0,0.22020348837209303,1.0,0.22020348837209303,1.0,0.21875,0.9933993399339934,0.218265503875969,0.9911991199119912,0.22020348837209303,1.0,0.21608527131782945,0.9812981298129813,0.16787790697674418,0.7623762376237624,0.22020348837209303,1.0,0.22020348837209303,1.0,0.22020348837209303,1.0,0.22020348837209303,1.0,0.22020348837209303,1.0,0.22020348837209303,1.0,0.22020348837209303,1.0,0.21778100775193798,0.988998899889989,0.22020348837209303,1.0,0.22020348837209303,1.0,0.20906007751937986,0.9493949394939494,0.14631782945736435,0.6644664466446645,0.22020348837209303,1.0,0.22020348837209303,1.0,0.22020348837209303,1.0,0.22020348837209303,1.0,0.22020348837209303,1.0,0.22020348837209303,1.0,0.22020348837209303,1.0,0.21656976744186046,0.9834983498349835,0.2185077519379845,0.9922992299229924,0.22020348837209303,1.0,0.2124515503875969,0.9647964796479648,0.14559108527131784,0.6611661166116611,0.22020348837209303,1.0,0.22020348837209303,1.0,0.22020348837209303,1.0,0.21002906976744187,0.9537953795379538,0.21051356589147288,0.9559955995599559,0.21414728682170542,0.9724972497249725,0.21681201550387597,0.9845984598459846,0.14680232558139536,0.6666666666666666,0.21996124031007752,0.9988998899889989,0.2189922480620155,0.9944994499449945,0.21608527131782945,0.9812981298129813,0.1375968992248062,0.6248624862486248,0.21971899224806202,0.9977997799779978,0.22020348837209303,1.0,0.22020348837209303,1.0,0.20930232558139536,0.9504950495049505,0.20954457364341086,0.9515951595159516,0.21705426356589147,0.9856985698569857,0.21729651162790697,0.9867986798679867,0.187015503875969,0.8492849284928493,0.22020348837209303,1.0,0.2194767441860465,0.9966996699669967,0.21656976744186046,0.9834983498349835,0.1375968992248062,0.6248624862486248,0.21971899224806202,0.9977997799779978,0.22020348837209303,1.0,0.21971899224806202,0.9977997799779978
52,0.21596578759800428,1.0,0.21596578759800428,1.0,0.21596578759800428,1.0,0.21596578759800428,1.0,0.21596578759800428,1.0,0.21596578759800428,1.0,0.21596578759800428,1.0,0.2066999287241625,0.9570957095709571,0.14397719173200285,0.6666666666666666,0.21596578759800428,1.0,0.21596578759800428,1.0,0.21596578759800428,1.0,0.21596578759800428,1.0,0.21596578759800428,1.0,0.21596578759800428,1.0,0.21596578759800428,1.0,0.20788785934901402,0.9625962596259626,0.21454027084818247,0.9933993399339934,0.21596578759800428,1.0,0.20812544547398432,0.9636963696369637,0.14373960560703256,0.6655665566556656,0.21596578759800428,1.0,0.21596578759800428,1.0,0.21596578759800428,1.0,0.21596578759800428,1.0,0.21596578759800428,1.0,0.21596578759800428,1.0,0.21596578759800428,1.0,0.21596578759800428,1.0,0.21596578759800428,1.0,0.21596578759800428,1.0,0.20646234259919222,0.9559955995599559,0.14730339748158708,0.682068206820682,0.21596578759800428,1.0,0.21596578759800428,1.0,0.21596578759800428,1.0,0.21596578759800428,1.0,0.21596578759800428,1.0,0.21596578759800428,1.0,0.21596578759800428,1.0,0.21454027084818247,0.9933993399339934,0.21454027084818247,0.9933993399339934,0.21596578759800428,1.0,0.21240199572344975,0.9834983498349835,0.1655975291043003,0.7667766776677668,0.21596578759800428,1.0,0.21596578759800428,1.0,0.21596578759800428,1.0,0.21596578759800428,1.0,0.21596578759800428,1.0,0.21596578759800428,1.0,0.21596578759800428,1.0,0.21358992634830126,0.988998899889989,0.21596578759800428,1.0,0.21596578759800428,1.0,0.2052744119743407,0.9504950495049505,0.14397719173200285,0.6666666666666666,0.21596578759800428,1.0,0.21596578759800428,1.0,0.21596578759800428,1.0,0.21596578759800428,1.0,0.21596578759800428,1.0,0.21596578759800428,1.0,0.21596578759800428,1.0,0.21240199572344975,0.9834983498349835,0.21454027084818247,0.9933993399339934,0.21596578759800428,1.0,0.2083630315989546,0.9647964796479648,0.14373960560703256,0.6655665566556656,0.21596578759800428,1.0,0.21596578759800428,1.0,0.21596578759800428,1.0,0.2066999287241625,0.9570957095709571,0.2066999287241625,0.9570957095709571,0.21097647897362795,0.976897689768977,0.21335234022333097,0.9878987898789879,0.14516512235685436,0.6721672167216721,0.21572820147303398,0.9988998899889989,0.21477785697315277,0.9944994499449945,0.21335234022333097,0.9878987898789879,0.1375623663578047,0.636963696369637,0.21549061534806369,0.9977997799779978,0.21596578759800428,1.0,0.21596578759800428,1.0,0.2052744119743407,0.9504950495049505,0.205511998099311,0.9515951595159516,0.21287716797339035,0.9856985698569857,0.21335234022333097,0.9878987898789879,0.18436683297695414,0.8536853685368537,0.21596578759800428,1.0,0.21549061534806369,0.9977997799779978,0.21454027084818247,0.9933993399339934,0.1373247802328344,0.6358635863586358,0.21572820147303398,0.9988998899889989,0.21596578759800428,1.0,0.21572820147303398,0.9988998899889989
53,0.21188811188811188,1.0,0.21188811188811188,1.0,0.21188811188811188,1.0,0.21188811188811188,1.0,0.21188811188811188,1.0,0.21188811188811188,1.0,0.21188811188811188,1.0,0.20326340326340325,0.9592959295929593,0.1442890442890443,0.680968096809681,0.21188811188811188,1.0,0.21188811188811188,1.0,0.21188811188811188,1.0,0.21188811188811188,1.0,0.21188811188811188,1.0,0.21188811188811188,1.0,0.21188811188811188,1.0,0.20396270396270397,0.9625962596259626,0.21095571095571095,0.9955995599559956,0.21188811188811188,1.0,0.20442890442890443,0.9647964796479648,0.14358974358974358,0.6776677667766776,0.21188811188811188,1.0,0.21188811188811188,1.0,0.21188811188811188,1.0,0.21188811188811188,1.0,0.21188811188811188,1.0,0.21188811188811188,1.0,0.21188811188811188,1.0,0.21188811188811188,1.0,0.21188811188811188,1.0,0.21188811188811188,1.0,0.20303030303030303,0.9581958195819582,0.1470862470862471,0.6941694169416942,0.21188811188811188,1.0,0.21188811188811188,1.0,0.21188811188811188,1.0,0.21188811188811188,1.0,0.21188811188811188,1.0,0.21188811188811188,1.0,0.21188811188811188,1.0,0.21048951048951048,0.9933993399339934,0.21072261072261073,0.9944994499449945,0.21188811188811188,1.0,0.20885780885780886,0.9856985698569857,0.16363636363636364,0.7722772277227723,0.21188811188811188,1.0,0.21188811188811188,1.0,0.21188811188811188,1.0,0.21188811188811188,1.0,0.21188811188811188,1.0,0.21188811188811188,1.0,0.21188811188811188,1.0,0.20955710955710954,0.988998899889989,0.21188811188811188,1.0,0.21188811188811188,1.0,0.20186480186480185,0.9526952695269527,0.14522144522144523,0.6853685368536854,0.21188811188811188,1.0,0.21188811188811188,1.0,0.21188811188811188,1.0,0.21188811188811188,1.0,0.21188811188811188,1.0,0.21188811188811188,1.0,0.21188811188811188,1.0,0.2083916083916084,0.9834983498349835,0.21072261072261073,0.9944994499449945,0.21188811188811188,1.0,0.20442890442890443,0.9647964796479648,0.1442890442890443,0.680968096809681,0.21188811188811188,1.0,0.21188811188811188,1.0,0.21188811188811188,1.0,0.20279720279720279,0.9570957095709571,0.20303030303030303,0.9581958195819582,0.20722610722610724,0.977997799779978,0.20955710955710954,0.988998899889989,0.14498834498834498,0.6842684268426843,0.21188811188811188,1.0,0.21072261072261073,0.9944994499449945,0.20932400932400932,0.9878987898789879,0.13543123543123542,0.6391639163916392,0.21165501165501166,0.9988998899889989,0.21188811188811188,1.0,0.21188811188811188,1.0,0.20163170163170163,0.9515951595159516,0.20163170163170163,0.9515951595159516,0.20909090909090908,0.9867986798679867,0.2097902097902098,0.9900990099009901,0.1822843822843823,0.8602860286028603,0.21188811188811188,1.0,0.2114219114219114,0.9977997799779978,0.21048951048951048,0.9933993399339934,0.13566433566433567,0.6402640264026402,0.21165501165501166,0.9988998899889989,0.21188811188811188,1.0,0.21165501165501166,0.9988998899889989
54,0.20796156485929992,1.0,0.20796156485929992,1.0,0.20796156485929992,1.0,0.20796156485929992,1.0,0.20796156485929992,1.0,0.20796156485929992,1.0,0.20796156485929992,1.0,0.19995424388011895,0.9614961496149615,0.14390299702585221,0.6919691969196919,0.20796156485929992,1.0,0.20796156485929992,1.0,0.20796156485929992,1.0,0.20796156485929992,1.0,0.20796156485929992,1.0,0.20796156485929992,1.0,0.20796156485929992,1.0,0.20064058567833448,0.9647964796479648,0.20727522306108442,0.9966996699669967,0.20796156485929992,1.0,0.2010981468771448,0.966996699669967,0.14527568062228324,0.6985698569856986,0.20796156485929992,1.0,0.20796156485929992,1.0,0.20796156485929992,1.0,0.20796156485929992,1.0,0.20796156485929992,1.0,0.20796156485929992,1.0,0.20796156485929992,1.0,0.20796156485929992,1.0,0.20796156485929992,1.0,0.20796156485929992,1.0,0.19995424388011895,0.9614961496149615,0.14756348661633492,0.7095709570957096,0.20796156485929992,1.0,0.20796156485929992,1.0,0.20796156485929992,1.0,0.20796156485929992,1.0,0.20796156485929992,1.0,0.20796156485929992,1.0,0.20796156485929992,1.0,0.20681766186227407,0.9944994499449945,0.20681766186227407,0.9944994499449945,0.20796156485929992,1.0,0.20544497826584307,0.9878987898789879,0.162434225577671,0.7810781078107811,0.20796156485929992,1.0,0.20796156485929992,1.0,0.20796156485929992,1.0,0.20796156485929992,1.0,0.20796156485929992,1.0,0.20796156485929992,1.0,0.20796156485929992,1.0,0.20613132006405857,0.9911991199119912,0.20796156485929992,1.0,0.20796156485929992,1.0,0.1988103408830931,0.9559955995599559,0.14664836421871424,0.7051705170517052,0.20796156485929992,1.0,0.20796156485929992,1.0,0.20796156485929992,1.0,0.20796156485929992,1.0,0.20796156485929992,1.0,0.20796156485929992,1.0,0.20796156485929992,1.0,0.20452985586822237,0.9834983498349835,0.20704644246167925,0.9955995599559956,0.20796156485929992,1.0,0.20132692747654998,0.9680968096809681,0.14619080301990392,0.7029702970297029,0.20796156485929992,1.0,0.20796156485929992,1.0,0.20796156485929992,1.0,0.19926790208190345,0.9581958195819582,0.20018302447952413,0.9625962596259626,0.2036147334706017,0.9790979097909791,0.2059025394646534,0.9900990099009901,0.14504690002287807,0.6974697469746974,0.20796156485929992,1.0,0.20704644246167925,0.9955995599559956,0.20544497826584307,0.9878987898789879,0.1338366506520247,0.6435643564356436,0.20773278425989475,0.9988998899889989,0.20796156485929992,1.0,0.20796156485929992,1.0,0.1981239990848776,0.9526952695269527,0.19835277968428278,0.9537953795379538,0.20544497826584307,0.9878987898789879,0.20613132006405857,0.9911991199119912,0.18005033173186913,0.8657865786578658,0.20796156485929992,1.0,0.2075040036604896,0.9977997799779978,0.2065888812628689,0.9933993399339934,0.13429421185083504,0.6457645764576457,0.20773278425989475,0.9988998899889989,0.20796156485929992,1.0,0.20773278425989475,0.9988998899889989
55,0.204177897574124,1.0,0.204177897574124,1.0,0.204177897574124,1.0,0.204177897574124,1.0,0.204177897574124,1.0,0.204177897574124,1.0,0.204177897574124,1.0,0.19654088050314467,0.9625962596259626,0.14487870619946092,0.7095709570957096,0.204177897574124,1.0,0.204177897574124,1.0,0.204177897574124,1.0,0.204177897574124,1.0,0.204177897574124,1.0,0.204177897574124,1.0,0.204177897574124,1.0,0.197214734950584,0.9658965896589659,0.20372866127583109,0.9977997799779978,0.204177897574124,1.0,0.19833782569631625,0.9713971397139713,0.14667565139263253,0.7183718371837183,0.204177897574124,1.0,0.204177897574124,1.0,0.204177897574124,1.0,0.204177897574124,1.0,0.204177897574124,1.0,0.204177897574124,1.0,0.204177897574124,1.0,0.204177897574124,1.0,0.204177897574124,1.0,0.204177897574124,1.0,0.1967654986522911,0.9636963696369637,0.14824797843665768,0.7260726072607261,0.204177897574124,1.0,0.204177897574124,1.0,0.204177897574124,1.0,0.204177897574124,1.0,0.204177897574124,1.0,0.204177897574124,1.0,0.204177897574124,1.0,0.20305480682839172,0.9944994499449945,0.20350404312668463,0.9966996699669967,0.204177897574124,1.0,0.20193171608265947,0.988998899889989,0.1619496855345912,0.7931793179317932,0.204177897574124,1.0,0.204177897574124,1.0,0.204177897574124,1.0,0.204177897574124,1.0,0.204177897574124,1.0,0.204177897574124,1.0,0.204177897574124,1.0,0.2028301886792453,0.9933993399339934,0.204177897574124,1.0,0.204177897574124,1.0,0.1963162623539982,0.9614961496149615,0.14824797843665768,0.7260726072607261,0.204177897574124,1.0,0.204177897574124,1.0,0.204177897574124,1.0,0.204177897574124,1.0,0.204177897574124,1.0,0.204177897574124,1.0,0.204177897574124,1.0,0.20103324348607368,0.9845984598459846,0.20372866127583109,0.9977997799779978,0.204177897574124,1.0,0.19811320754716982,0.9702970297029703,0.14757412398921832,0.7227722772277227,0.204177897574124,1.0,0.204177897574124,1.0,0.204177897574124,1.0,0.1963162623539982,0.9614961496149615,0.19699011680143755,0.9647964796479648,0.20013477088948786,0.9801980198019802,0.20215633423180593,0.9900990099009901,0.14375561545372867,0.7040704070407041,0.204177897574124,1.0,0.20327942497753818,0.9955995599559956,0.204177897574124,1.0,0.13319856244384545,0.6523652365236524,0.20395327942497754,0.9988998899889989,0.204177897574124,1.0,0.204177897574124,1.0,0.19474393530997305,0.9537953795379538,0.19519317160826594,0.9559955995599559,0.20193171608265947,0.988998899889989,0.20260557053009884,0.9922992299229924,0.17722371967654987,0.8679867986798679,0.204177897574124,1.0,0.20372866127583109,0.9977997799779978,0.204177897574124,1.0,0.13252470799640612,0.6490649064906491,0.20395327942497754,0.9988998899889989,0.204177897574124,1.0,0.20395327942497754,0.9988998899889989
56,0.20052945069490405,1.0,0.20052945069490405,1.0,0.20052945069490405,1.0,0.20052945069490405,1.0,0.20052945069490405,1.0,0.20052945069490405,1.0,0.20052945069490405,1.0,0.19369071255239356,0.9658965896589659,0.14515773218619016,0.7238723872387238,0.20052945069490405,1.0,0.20052945069490405,1.0,0.20052945069490405,1.0,0.20052945069490405,1.0,0.20052945069490405,1.0,0.20052945069490405,1.0,0.20052945069490405,1.0,0.19457313037723362,0.9702970297029703,0.20030884623869402,0.9988998899889989,0.20052945069490405,1.0,0.19523494374586367,0.9735973597359736,0.1469225678358703,0.7326732673267327,0.20052945069490405,1.0,0.20052945069490405,1.0,0.20052945069490405,1.0,0.20052945069490405,1.0,0.20052945069490405,1.0,0.20052945069490405,1.0,0.20052945069490405,1.0,0.20052945069490405,1.0,0.20052945069490405,1.0,0.20052945069490405,1.0,0.19369071255239356,0.9658965896589659,0.14890800794176043,0.7425742574257426,0.20052945069490405,1.0,0.20052945069490405,1.0,0.20052945069490405,1.0,0.20052945069490405,1.0,0.20052945069490405,1.0,0.20052945069490405,1.0,0.20052945069490405,1.0,0.19942642841385397,0.9944994499449945,0.199867637326274,0.9966996699669967,0.20052945069490405,1.0,0.1987646150452239,0.9911991199119912,0.16060004412089124,0.8008800880088008,0.20052945069490405,1.0,0.20052945069490405,1.0,0.20052945069490405,1.0,0.20052945069490405,1.0,0.20052945069490405,1.0,0.20052945069490405,1.0,0.20052945069490405,1.0,0.19920582395764394,0.9933993399339934,0.20052945069490405,1.0,0.20052945069490405,1.0,0.19324950363997354,0.9636963696369637,0.14802559011692037,0.7381738173817382,0.20052945069490405,1.0,0.20052945069490405,1.0,0.20052945069490405,1.0,0.20052945069490405,1.0,0.20052945069490405,1.0,0.20052945069490405,1.0,0.20052945069490405,1.0,0.19744098830796383,0.9845984598459846,0.20030884623869402,0.9988998899889989,0.20052945069490405,1.0,0.1956761526582837,0.9757975797579758,0.1469225678358703,0.7326732673267327,0.20052945069490405,1.0,0.20052945069490405,1.0,0.20052945069490405,1.0,0.19324950363997354,0.9636963696369637,0.19369071255239356,0.9658965896589659,0.19655857048312375,0.9801980198019802,0.1987646150452239,0.9911991199119912,0.14273108316788,0.7117711771177118,0.20052945069490405,1.0,0.19964703287006397,0.9955995599559956,0.20052945069490405,1.0,0.13214206926979924,0.658965896589659,0.20030884623869402,0.9988998899889989,0.20052945069490405,1.0,0.20052945069490405,1.0,0.1914846679902934,0.9548954895489549,0.19214648135892345,0.9581958195819582,0.1985440105890139,0.9900990099009901,0.19898521950143394,0.9922992299229924,0.1744981248621222,0.8701870187018702,0.20052945069490405,1.0,0.200088241782484,0.9977997799779978,0.20052945069490405,1.0,0.1328038826384293,0.6622662266226622,0.20030884623869402,0.9988998899889989,0.20052945069490405,1.0,0.20030884623869402,0.9988998899889989
57,0.19700910273081926,1.0,0.19700910273081926,1.0,0.19700910273081926,1.0,0.19700910273081926,1.0,0.19700910273081926,1.0,0.19700910273081926,1.0,0.19700910273081926,1.0,0.19094061551798874,0.9691969196919692,0.14542696142175987,0.7381738173817382,0.19700910273081926,1.0,0.19700910273081926,1.0,0.19700910273081926,1.0,0.19700910273081926,1.0,0.19700910273081926,1.0,0.19700910273081926,1.0,0.19700910273081926,1.0,0.19137407889033375,0.9713971397139713,0.19700910273081926,1.0,0.19700910273081926,1.0,0.19245773732119636,0.976897689768977,0.14737754659731253,0.7480748074807481,0.19700910273081926,1.0,0.19700910273081926,1.0,0.19700910273081926,1.0,0.19700910273081926,1.0,0.19700910273081926,1.0,0.19700910273081926,1.0,0.19700910273081926,1.0,0.19700910273081926,1.0,0.19700910273081926,1.0,0.19700910273081926,1.0,0.19094061551798874,0.9691969196919692,0.14867793671434765,0.7546754675467546,0.19700910273081926,1.0,0.19700910273081926,1.0,0.19700910273081926,1.0,0.19700910273081926,1.0,0.19700910273081926,1.0,0.19700910273081926,1.0,0.19700910273081926,1.0,0.19614217598612918,0.9955995599559956,0.19700910273081926,1.0,0.19700910273081926,1.0,0.19614217598612918,0.9955995599559956,0.15951452102297356,0.8096809680968097,0.19700910273081926,1.0,0.19700910273081926,1.0,0.19700910273081926,1.0,0.19700910273081926,1.0,0.19700910273081926,1.0,0.19700910273081926,1.0,0.19700910273081926,1.0,0.19570871261378414,0.9933993399339934,0.19700910273081926,1.0,0.19700910273081926,1.0,0.19007368877329867,0.9647964796479648,0.14737754659731253,0.7480748074807481,0.19700910273081926,1.0,0.19700910273081926,1.0,0.19700910273081926,1.0,0.19700910273081926,1.0,0.19700910273081926,1.0,0.19700910273081926,1.0,0.19700910273081926,1.0,0.193974859124404,0.9845984598459846,0.19679237104464672,0.9988998899889989,0.19700910273081926,1.0,0.19245773732119636,0.976897689768977,0.1469440832249675,0.7458745874587459,0.19700910273081926,1.0,0.19700910273081926,1.0,0.19700910273081926,1.0,0.19007368877329867,0.9647964796479648,0.1907238838318162,0.9680968096809681,0.19354139575205895,0.9823982398239824,0.19570871261378414,0.9933993399339934,0.14174252275682706,0.7194719471947195,0.19700910273081926,1.0,0.19614217598612918,0.9955995599559956,0.19700910273081926,1.0,0.1315561335067187,0.6677667766776678,0.19679237104464672,0.9988998899889989,0.19700910273081926,1.0,0.19700910273081926,1.0,0.18877329865626355,0.9581958195819582,0.18877329865626355,0.9581958195819582,0.1954919809276116,0.9922992299229924,0.19592544429995665,0.9944994499449945,0.17230169050715213,0.8745874587458746,0.19700910273081926,1.0,0.19657563935847422,0.9977997799779978,0.19700910273081926,1.0,0.13263979193758127,0.6732673267326733,0.19679237104464672,0.9988998899889989,0.19700910273081926,1.0,0.19700910273081926,1.0
58,0.19361022364217254,1.0,0.19361022364217254,1.0,0.19361022364217254,1.0,0.19361022364217254,1.0,0.19361022364217254,1.0,0.19361022364217254,1.0,0.19361022364217254,1.0,0.18807241746538872,0.9713971397139713,0.14568690095846645,0.7524752475247525,0.19361022364217254,1.0,0.19361022364217254,1.0,0.19361022364217254,1.0,0.19361022364217254,1.0,0.19361022364217254,1.0,0.19361022364217254,1.0,0.19361022364217254,1.0,0.18807241746538872,0.9713971397139713,0.19361022364217254,1.0,0.19361022364217254,1.0,0.18977635782747604,0.9801980198019802,0.14696485623003194,0.759075907590759,0.19361022364217254,1.0,0.19361022364217254,1.0,0.19361022364217254,1.0,0.19361022364217254,1.0,0.19361022364217254,1.0,0.19361022364217254,1.0,0.19361022364217254,1.0,0.19361022364217254,1.0,0.19361022364217254,1.0,0.19361022364217254,1.0,0.18807241746538872,0.9713971397139713,0.14930777422790203,0.7711771177117712,0.19361022364217254,1.0,0.19361022364217254,1.0,0.19361022364217254,1.0,0.19361022364217254,1.0,0.19361022364217254,1.0,0.19361022364217254,1.0,0.19361022364217254,1.0,0.19297124600638976,0.9966996699669967,0.19361022364217254,1.0,0.19361022364217254,1.0,0.19275825346112885,0.9955995599559956,0.15740149094781683,0.812981298129813,0.19361022364217254,1.0,0.19361022364217254,1.0,0.19361022364217254,1.0,0.19361022364217254,1.0,0.19361022364217254,1.0,0.19361022364217254,1.0,0.19361022364217254,1.0,0.19275825346112885,0.9955995599559956,0.19361022364217254,1.0,0.19361022364217254,1.0,0.1878594249201278,0.9702970297029703,0.1465388711395101,0.7568756875687569,0.19361022364217254,1.0,0.19361022364217254,1.0,0.19361022364217254,1.0,0.19361022364217254,1.0,0.19361022364217254,1.0,0.19361022364217254,1.0,0.19361022364217254,1.0,0.1908413205537806,0.9856985698569857,0.19361022364217254,1.0,0.19361022364217254,1.0,0.18977635782747604,0.9801980198019802,0.14568690095846645,0.7524752475247525,0.19361022364217254,1.0,0.19361022364217254,1.0,0.19361022364217254,1.0,0.18743343982960597,0.9680968096809681,0.18743343982960597,0.9680968096809681,0.19041533546325878,0.9834983498349835,0.19233226837060702,0.9933993399339934,0.1412140575079872,0.7293729372937293,0.19361022364217254,1.0,0.19275825346112885,0.9955995599559956,0.19361022364217254,1.0,0.1314164004259851,0.6787678767876788,0.19339723109691162,0.9988998899889989,0.19361022364217254,1.0,0.19361022364217254,1.0,0.1855165069222577,0.9581958195819582,0.18572949946751863,0.9592959295929593,0.1921192758253461,0.9922992299229924,0.19254526091586793,0.9944994499449945,0.16975505857294995,0.8767876787678768,0.19361022364217254,1.0,0.1931842385516507,0.9977997799779978,0.19361022364217254,1.0,0.13205537806176784,0.682068206820682,0.19339723109691162,0.9988998899889989,0.19361022364217254,1.0,0.19361022364217254,1.0
59,0.19032663316582915,1.0,0.19032663316582915,1.0,0.19032663316582915,1.0,0.19032663316582915,1.0,0.19032663316582915,1.0,0.19032663316582915,1.0,0.19032663316582915,1.0,0.1855108877721943,0.9746974697469747,0.14614740368509213,0.7678767876787679,0.19032663316582915,1.0,0.19032663316582915,1.0,0.19032663316582915,1.0,0.19032663316582915,1.0,0.19032663316582915,1.0,0.19032663316582915,1.0,0.19032663316582915,1.0,0.18509212730318259,0.9724972497249725,0.19032663316582915,1.0,0.19032663316582915,1.0,0.1871859296482412,0.9834983498349835,0.14593802345058626,0.7667766776677668,0.19032663316582915,1.0,0.19032663316582915,1.0,0.19032663316582915,1.0,0.19032663316582915,1.0,0.19032663316582915,1.0,0.19032663316582915,1.0,0.19032663316582915,1.0,0.19032663316582915,1.0,0.19032663316582915,1.0,0.19032663316582915,1.0,0.18592964824120603,0.976897689768977,0.14886934673366833,0.7821782178217822,0.19032663316582915,1.0,0.19032663316582915,1.0,0.19032663316582915,1.0,0.19032663316582915,1.0,0.19032663316582915,1.0,0.19032663316582915,1.0,0.19032663316582915,1.0,0.18969849246231155,0.9966996699669967,0.19032663316582915,1.0,0.19032663316582915,1.0,0.1894891122278057,0.9955995599559956,0.15598827470686766,0.8195819581958196,0.19032663316582915,1.0,0.19032663316582915,1.0,0.19032663316582915,1.0,0.19032663316582915,1.0,0.19032663316582915,1.0,0.19032663316582915,1.0,0.19032663316582915,1.0,0.1894891122278057,0.9955995599559956,0.19032663316582915,1.0,0.19032663316582915,1.0,0.18572026800670016,0.9757975797579758,0.146356783919598,0.768976897689769,0.19032663316582915,1.0,0.19032663316582915,1.0,0.19032663316582915,1.0,0.19032663316582915,1.0,0.19032663316582915,1.0,0.19032663316582915,1.0,0.19032663316582915,1.0,0.18760469011725292,0.9856985698569857,0.19032663316582915,1.0,0.19032663316582915,1.0,0.1871859296482412,0.9834983498349835,0.14530988274706869,0.7634763476347635,0.19032663316582915,1.0,0.19032663316582915,1.0,0.19032663316582915,1.0,0.18446398659966498,0.9691969196919692,0.18467336683417085,0.9702970297029703,0.18739530988274708,0.9845984598459846,0.18907035175879397,0.9933993399339934,0.14091289782244557,0.7403740374037404,0.19032663316582915,1.0,0.1894891122278057,0.9955995599559956,0.19032663316582915,1.0,0.13128140703517588,0.6897689768976898,0.19032663316582915,1.0,0.19032663316582915,1.0,0.19032663316582915,1.0,0.18257956448911222,0.9592959295929593,0.18257956448911222,0.9592959295929593,0.18927973199329984,0.9944994499449945,0.18927973199329984,0.9944994499449945,0.16834170854271358,0.8844884488448845,0.19032663316582915,1.0,0.18990787269681741,0.9977997799779978,0.19032663316582915,1.0,0.13086264656616414,0.6875687568756875,0.19032663316582915,1.0,0.19032663316582915,1.0,0.19032663316582915,1.0
60,0.1871525633106856,1.0,0.1871525633106856,1.0,0.1871525633106856,1.0,0.1871525633106856,1.0,0.1871525633106856,1.0,0.1871525633106856,1.0,0.1871525633106856,1.0,0.18385834877496396,0.9823982398239824,0.14597488161416514,0.7799779977997799,0.1871525633106856,1.0,0.1871525633106856,1.0,0.1871525633106856,1.0,0.1871525633106856,1.0,0.1871525633106856,1.0,0.1871525633106856,1.0,0.1871525633106856,1.0,0.18200535309862054,0.9724972497249725,0.1871525633106856,1.0,0.1871525633106856,1.0,0.18427012559192918,0.9845984598459846,0.1445336627547869,0.7722772277227723,0.1871525633106856,1.0,0.1871525633106856,1.0,0.1871525633106856,1.0,0.1871525633106856,1.0,0.1871525633106856,1.0,0.1871525633106856,1.0,0.1871525633106856,1.0,0.1871525633106856,1.0,0.1871525633106856,1.0,0.1871525633106856,1.0,0.18385834877496396,0.9823982398239824,0.14988676137533458,0.8008800880088008,0.1871525633106856,1.0,0.1871525633106856,1.0,0.1871525633106856,1.0,0.1871525633106856,1.0,0.1871525633106856,1.0,0.1871525633106856,1.0,0.1871525633106856,1.0,0.186946674902203,0.9988998899889989,0.1871525633106856,1.0,0.1871525633106856,1.0,0.1865348980852378,0.9966996699669967,0.15462219477043443,0.8261826182618262,0.1871525633106856,1.0,0.1871525633106856,1.0,0.1871525633106856,1.0,0.1871525633106856,1.0,0.1871525633106856,1.0,0.1871525633106856,1.0,0.1871525633106856,1.0,0.1863290096767552,0.9955995599559956,0.1871525633106856,1.0,0.1871525633106856,1.0,0.18324068354951617,0.9790979097909791,0.14597488161416514,0.7799779977997799,0.1871525633106856,1.0,0.1871525633106856,1.0,0.1871525633106856,1.0,0.1871525633106856,1.0,0.1871525633106856,1.0,0.1871525633106856,1.0,0.1871525633106856,1.0,0.18447601400041178,0.9856985698569857,0.1871525633106856,1.0,0.1871525633106856,1.0,0.18468190240889437,0.9867986798679867,0.1445336627547869,0.7722772277227723,0.1871525633106856,1.0,0.1871525633106856,1.0,0.1871525633106856,1.0,0.18159357628165534,0.9702970297029703,0.18179946469013794,0.9713971397139713,0.18427012559192918,0.9845984598459846,0.18591723285979,0.9933993399339934,0.14062178299361747,0.7513751375137514,0.1871525633106856,1.0,0.1863290096767552,0.9955995599559956,0.1871525633106856,1.0,0.12991558575252213,0.6941694169416942,0.1871525633106856,1.0,0.1871525633106856,1.0,0.1871525633106856,1.0,0.17974058060531192,0.9603960396039604,0.17974058060531192,0.9603960396039604,0.1861231212682726,0.9944994499449945,0.1863290096767552,0.9955995599559956,0.16615194564546015,0.8877887788778878,0.1871525633106856,1.0,0.186946674902203,0.9988998899889989,0.1871525633106856,1.0,0.12991558575252213,0.6941694169416942,0.1871525633106856,1.0,0.1871525633106856,1.0,0.1871525633106856,1.0
61,0.18408262454434993,1.0,0.18408262454434993,1.0,0.18408262454434993,1.0,0.18408262454434993,1.0,0.18408262454434993,1.0,0.18408262454434993,1.0,0.18408262454434993,1.0,0.1812474686107736,0.9845984598459846,0.14520048602673147,0.7887788778877888,0.18408262454434993,1.0,0.18408262454434993,1.0,0.18408262454434993,1.0,0.18408262454434993,1.0,0.18408262454434993,1.0,0.18408262454434993,1.0,0.18408262454434993,1.0,0.180032401782098,0.977997799779978,0.18408262454434993,1.0,0.18408262454434993,1.0,0.18185500202511137,0.9878987898789879,0.1441879303361685,0.7832783278327833,0.18408262454434993,1.0,0.18408262454434993,1.0,0.18408262454434993,1.0,0.18408262454434993,1.0,0.18408262454434993,1.0,0.18408262454434993,1.0,0.18408262454434993,1.0,0.18408262454434993,1.0,0.18408262454434993,1.0,0.18408262454434993,1.0,0.1812474686107736,0.9845984598459846,0.1486431753746456,0.8074807480748075,0.18408262454434993,1.0,0.18408262454434993,1.0,0.18408262454434993,1.0,0.18408262454434993,1.0,0.18408262454434993,1.0,0.18408262454434993,1.0,0.18408262454434993,1.0,0.18388011340623733,0.9988998899889989,0.18408262454434993,1.0,0.18408262454434993,1.0,0.18367760226812474,0.9977997799779978,0.1545159983799109,0.8393839383938394,0.18408262454434993,1.0,0.18408262454434993,1.0,0.18408262454434993,1.0,0.18408262454434993,1.0,0.18408262454434993,1.0,0.18408262454434993,1.0,0.18408262454434993,1.0,0.18327257999189955,0.9955995599559956,0.18408262454434993,1.0,0.18408262454434993,1.0,0.1808424463345484,0.9823982398239824,0.1441879303361685,0.7832783278327833,0.18408262454434993,1.0,0.18408262454434993,1.0,0.18408262454434993,1.0,0.18408262454434993,1.0,0.18408262454434993,1.0,0.18408262454434993,1.0,0.18408262454434993,1.0,0.1814499797488862,0.9856985698569857,0.18408262454434993,1.0,0.18408262454434993,1.0,0.18205751316322397,0.988998899889989,0.14297286350749291,0.7766776677667767,0.18408262454434993,1.0,0.18408262454434993,1.0,0.18408262454434993,1.0,0.17861482381530985,0.9702970297029703,0.17881733495342245,0.9713971397139713,0.1814499797488862,0.9856985698569857,0.18286755771567437,0.9933993399339934,0.13993519643580396,0.7601760176017601,0.18408262454434993,1.0,0.18347509113001215,0.9966996699669967,0.18408262454434993,1.0,0.12879708383961117,0.6996699669966997,0.18408262454434993,1.0,0.18408262454434993,1.0,0.18408262454434993,1.0,0.1767922235722965,0.9603960396039604,0.17699473471040908,0.9614961496149615,0.18307006885378696,0.9944994499449945,0.18327257999189955,0.9955995599559956,0.16403402187120292,0.8910891089108911,0.18408262454434993,1.0,0.18388011340623733,0.9988998899889989,0.18408262454434993,1.0,0.12899959497772379,0.7007700770077008,0.18408262454434993,1.0,0.18408262454434993,1.0,0.18408262454434993,1.0
62,0.18111177525403466,1.0,0.18111177525403466,1.0,0.18111177525403466,1.0,0.18111177525403466,1.0,0.18111177525403466,1.0,0.18111177525403466,1.0,0.18111177525403466,1.0,0.17852161785216178,0.9856985698569857,0.14405260011954574,0.7953795379537953,0.18111177525403466,1.0,0.18111177525403466,1.0,0.18111177525403466,1.0,0.18111177525403466,1.0,0.18111177525403466,1.0,0.18111177525403466,1.0,0.18111177525403466,1.0,0.17732616058975892,0.9790979097909791,0.18111177525403466,1.0,0.18111177525403466,1.0,0.17931858936043035,0.9900990099009901,0.14305638573421,0.7898789878987899,0.18111177525403466,1.0,0.18111177525403466,1.0,0.18111177525403466,1.0,0.18111177525403466,1.0,0.18111177525403466,1.0,0.18111177525403466,1.0,0.18111177525403466,1.0,0.18111177525403466,1.0,0.18111177525403466,1.0,0.18111177525403466,1.0,0.17852161785216178,0.9856985698569857,0.14863518629209005,0.8206820682068207,0.18111177525403466,1.0,0.18111177525403466,1.0,0.18111177525403466,1.0,0.18111177525403466,1.0,0.18111177525403466,1.0,0.18111177525403466,1.0,0.18111177525403466,1.0,0.18091253237696753,0.9988998899889989,0.18111177525403466,1.0,0.18111177525403466,1.0,0.18111177525403466,1.0,0.1528192867105001,0.8437843784378438,0.18111177525403466,1.0,0.18111177525403466,1.0,0.18111177525403466,1.0,0.18111177525403466,1.0,0.18111177525403466,1.0,0.18111177525403466,1.0,0.18111177525403466,1.0,0.18071328949990037,0.9977997799779978,0.18111177525403466,1.0,0.18111177525403466,1.0,0.17832237497509465,0.9845984598459846,0.1434548714883443,0.7920792079207921,0.18111177525403466,1.0,0.18111177525403466,1.0,0.18111177525403466,1.0,0.18111177525403466,1.0,0.18111177525403466,1.0,0.18111177525403466,1.0,0.18111177525403466,1.0,0.17852161785216178,0.9856985698569857,0.18111177525403466,1.0,0.18111177525403466,1.0,0.1795178322374975,0.9911991199119912,0.14206017134887428,0.7843784378437844,0.18111177525403466,1.0,0.18111177525403466,1.0,0.18111177525403466,1.0,0.17613070332735606,0.9724972497249725,0.17613070332735606,0.9724972497249725,0.17872086072922894,0.9867986798679867,0.1799163179916318,0.9933993399339934,0.1394700139470014,0.77007700770077,0.18111177525403466,1.0,0.18071328949990037,0.9977997799779978,0.18111177525403466,1.0,0.12851165570830841,0.7095709570957096,0.18111177525403466,1.0,0.18111177525403466,1.0,0.18111177525403466,1.0,0.17393903167961747,0.9603960396039604,0.17433751743375175,0.9625962596259626,0.18031480374576608,0.9955995599559956,0.18051404662283324,0.9966996699669967,0.16357840207212593,0.9031903190319032,0.18111177525403466,1.0,0.18091253237696753,0.9988998899889989,0.18111177525403466,1.0,0.12871089858537557,0.7106710671067107,0.18111177525403466,1.0,0.18111177525403466,1.0,0.18111177525403466,1.0
63,0.17823529411764705,1.0,0.17823529411764705,1.0,0.17823529411764705,1.0,0.17823529411764705,1.0,0.17823529411764705,1.0,0.17823529411764705,1.0,0.17823529411764705,1.0,0.17568627450980392,0.9856985698569857,0.14392156862745098,0.8074807480748075,0.17823529411764705,1.0,0.17823529411764705,1.0,0.17823529411764705,1.0,0.17823529411764705,1.0,0.17823529411764705,1.0,0.17823529411764705,1.0,0.17823529411764705,1.0,0.17470588235294118,0.9801980198019802,0.17823529411764705,1.0,0.17823529411764705,1.0,0.1768627450980392,0.9922992299229924,0.14254901960784314,0.7997799779977998,0.17823529411764705,1.0,0.17823529411764705,1.0,0.17823529411764705,1.0,0.17823529411764705,1.0,0.17823529411764705,1.0,0.17823529411764705,1.0,0.17823529411764705,1.0,0.17823529411764705,1.0,0.17823529411764705,1.0,0.17823529411764705,1.0,0.17568627450980392,0.9856985698569857,0.14745098039215687,0.8272827282728272,0.17823529411764705,1.0,0.17823529411764705,1.0,0.17823529411764705,1.0,0.17823529411764705,1.0,0.17823529411764705,1.0,0.17823529411764705,1.0,0.17823529411764705,1.0,0.1780392156862745,0.9988998899889989,0.17823529411764705,1.0,0.17823529411764705,1.0,0.17823529411764705,1.0,0.15098039215686274,0.847084708470847,0.17823529411764705,1.0,0.17823529411764705,1.0,0.17823529411764705,1.0,0.17823529411764705,1.0,0.17823529411764705,1.0,0.17823529411764705,1.0,0.17823529411764705,1.0,0.17784313725490197,0.9977997799779978,0.17823529411764705,1.0,0.17823529411764705,1.0,0.17588235294117646,0.9867986798679867,0.1423529411764706,0.7986798679867987,0.17823529411764705,1.0,0.17823529411764705,1.0,0.17823529411764705,1.0,0.17823529411764705,1.0,0.17823529411764705,1.0,0.17823529411764705,1.0,0.17823529411764705,1.0,0.17568627450980392,0.9856985698569857,0.17823529411764705,1.0,0.17823529411764705,1.0,0.17705882352941177,0.9933993399339934,0.1407843137254902,0.7898789878987899,0.17823529411764705,1.0,0.17823529411764705,1.0,0.17823529411764705,1.0,0.17333333333333334,0.9724972497249725,0.17333333333333334,0.9724972497249725,0.17607843137254903,0.9878987898789879,0.1772549019607843,0.9944994499449945,0.13862745098039217,0.7777777777777778,0.17823529411764705,1.0,0.17784313725490197,0.9977997799779978,0.17823529411764705,1.0,0.12784313725490196,0.7172717271727173,0.17823529411764705,1.0,0.17823529411764705,1.0,0.17823529411764705,1.0,0.1715686274509804,0.9625962596259626,0.1715686274509804,0.9625962596259626,0.17745098039215687,0.9955995599559956,0.17784313725490197,0.9977997799779978,0.1619607843137255,0.9086908690869087,0.17823529411764705,1.0,0.1780392156862745,0.9988998899889989,0.17823529411764705,1.0,0.1284313725490196,0.7205720572057206,0.17823529411764705,1.0,0.17823529411764705,1.0,0.17823529411764705,1.0
64,0.17544875506658947,1.0,0.17544875506658947,1.0,0.17544875506658947,1.0,0.17544875506658947,1.0,0.17544875506658947,1.0,0.17544875506658947,1.0,0.17544875506658947,1.0,0.17371163867979156,0.9900990099009901,0.14340860837676125,0.8173817381738174,0.17544875506658947,1.0,0.17544875506658947,1.0,0.17544875506658947,1.0,0.17544875506658947,1.0,0.17544875506658947,1.0,0.17544875506658947,1.0,0.17544875506658947,1.0,0.17216753522486006,0.9812981298129813,0.17544875506658947,1.0,0.17544875506658947,1.0,0.17448369040725728,0.9944994499449945,0.14109245319436403,0.8041804180418042,0.17544875506658947,1.0,0.17544875506658947,1.0,0.17544875506658947,1.0,0.17544875506658947,1.0,0.17544875506658947,1.0,0.17544875506658947,1.0,0.17544875506658947,1.0,0.17544875506658947,1.0,0.17544875506658947,1.0,0.17544875506658947,1.0,0.17371163867979156,0.9900990099009901,0.14726886701408995,0.8393839383938394,0.17544875506658947,1.0,0.17544875506658947,1.0,0.17544875506658947,1.0,0.17544875506658947,1.0,0.17544875506658947,1.0,0.17544875506658947,1.0,0.17544875506658947,1.0,0.17525574213472303,0.9988998899889989,0.17544875506658947,1.0,0.17544875506658947,1.0,0.17544875506658947,1.0,0.15016406099208646,0.8558855885588559,0.17544875506658947,1.0,0.17544875506658947,1.0,0.17544875506658947,1.0,0.17544875506658947,1.0,0.17544875506658947,1.0,0.17544875506658947,1.0,0.17544875506658947,1.0,0.1750627292028566,0.9977997799779978,0.17544875506658947,1.0,0.17544875506658947,1.0,0.17351862574792512,0.988998899889989,0.14109245319436403,0.8041804180418042,0.17544875506658947,1.0,0.17544875506658947,1.0,0.17544875506658947,1.0,0.17544875506658947,1.0,0.17544875506658947,1.0,0.17544875506658947,1.0,0.17544875506658947,1.0,0.17313259988419225,0.9867986798679867,0.17544875506658947,1.0,0.17544875506658947,1.0,0.17448369040725728,0.9944994499449945,0.14070642733063116,0.801980198019802,0.17544875506658947,1.0,0.17544875506658947,1.0,0.17544875506658947,1.0,0.17081644470179502,0.9735973597359736,0.17139548349739434,0.976897689768977,0.17351862574792512,0.988998899889989,0.17467670333912372,0.9955995599559956,0.13781123335263462,0.7854785478547854,0.17544875506658947,1.0,0.1750627292028566,0.9977997799779978,0.17544875506658947,1.0,0.12700250916811426,0.7238723872387238,0.17544875506658947,1.0,0.17544875506658947,1.0,0.17544875506658947,1.0,0.16888631538313068,0.9625962596259626,0.16888631538313068,0.9625962596259626,0.17467670333912372,0.9955995599559956,0.1750627292028566,0.9977997799779978,0.16097278517660682,0.9174917491749175,0.17544875506658947,1.0,0.17525574213472303,0.9988998899889989,0.17544875506658947,1.0,0.12738853503184713,0.7260726072607261,0.17544875506658947,1.0,0.17544875506658947,1.0,0.17544875506658947,1.0
65,0.17274800456100342,1.0,0.17274800456100342,1.0,0.17274800456100342,1.0,0.17274800456100342,1.0,0.17274800456100342,1.0,0.17274800456100342,1.0,0.17274800456100342,1.0,0.17122767008741924,0.9911991199119912,0.14234131508931966,0.823982398239824,0.17274800456100342,1.0,0.17274800456100342,1.0,0.17274800456100342,1.0,0.17274800456100342,1.0,0.17274800456100342,1.0,0.17274800456100342,1.0,0.17274800456100342,1.0,0.169517293804637,0.9812981298129813,0.17274800456100342,1.0,0.17274800456100342,1.0,0.1717977955150133,0.9944994499449945,0.14006081337894336,0.8107810781078107,0.17274800456100342,1.0,0.17274800456100342,1.0,0.17274800456100342,1.0,0.17274800456100342,1.0,0.17274800456100342,1.0,0.17274800456100342,1.0,0.17274800456100342,1.0,0.17274800456100342,1.0,0.17274800456100342,1.0,0.17274800456100342,1.0,0.17122767008741924,0.9911991199119912,0.1469023185100722,0.8503850385038504,0.17274800456100342,1.0,0.17274800456100342,1.0,0.17274800456100342,1.0,0.17274800456100342,1.0,0.17274800456100342,1.0,0.17274800456100342,1.0,0.17274800456100342,1.0,0.1725579627518054,0.9988998899889989,0.17274800456100342,1.0,0.17274800456100342,1.0,0.17274800456100342,1.0,0.14899277841125047,0.8624862486248625,0.17274800456100342,1.0,0.17274800456100342,1.0,0.17274800456100342,1.0,0.17274800456100342,1.0,0.17274800456100342,1.0,0.17274800456100342,1.0,0.17274800456100342,1.0,0.17274800456100342,1.0,0.17274800456100342,1.0,0.17274800456100342,1.0,0.17103762827822122,0.9900990099009901,0.1402508551881414,0.8118811881188119,0.17274800456100342,1.0,0.17274800456100342,1.0,0.17274800456100342,1.0,0.17274800456100342,1.0,0.17274800456100342,1.0,0.17274800456100342,1.0,0.17274800456100342,1.0,0.17084758646902318,0.988998899889989,0.17274800456100342,1.0,0.17274800456100342,1.0,0.1717977955150133,0.9944994499449945,0.1394906879513493,0.8074807480748075,0.17274800456100342,1.0,0.17274800456100342,1.0,0.17274800456100342,1.0,0.1685670847586469,0.9757975797579758,0.16875712656784492,0.976897689768977,0.17103762827822122,0.9900990099009901,0.17198783732421133,0.9955995599559956,0.13740022805017105,0.7953795379537953,0.17274800456100342,1.0,0.1725579627518054,0.9988998899889989,0.17274800456100342,1.0,0.1259977194982896,0.7293729372937293,0.17274800456100342,1.0,0.17274800456100342,1.0,0.17274800456100342,1.0,0.16628658304827063,0.9625962596259626,0.16704675028506272,0.966996699669967,0.17236792094260736,0.9977997799779978,0.17236792094260736,0.9977997799779978,0.16001520334473585,0.9262926292629263,0.17274800456100342,1.0,0.1725579627518054,0.9988998899889989,0.17274800456100342,1.0,0.12694792854427975,0.7348734873487349,0.17274800456100342,1.0,0.17274800456100342,1.0,0.17274800456100342,1.0
66,0.17012914093206064,1.0,0.17012914093206064,1.0,0.17012914093206064,1.0,0.17012914093206064,1.0,0.17012914093206064,1.0,0.17012914093206064,1.0,0.17012914093206064,1.0,0.16863185476324163,0.9911991199119912,0.14149354295339697,0.8316831683168316,0.17012914093206064,1.0,0.17012914093206064,1.0,0.17012914093206064,1.0,0.17012914093206064,1.0,0.17012914093206064,1.0,0.17012914093206064,1.0,0.17012914093206064,1.0,0.1671345685944226,0.9823982398239824,0.17012914093206064,1.0,0.17012914093206064,1.0,0.1695676586187535,0.9966996699669967,0.13924761370016844,0.8184818481848185,0.17012914093206064,1.0,0.17012914093206064,1.0,0.17012914093206064,1.0,0.17012914093206064,1.0,0.17012914093206064,1.0,0.17012914093206064,1.0,0.17012914093206064,1.0,0.17012914093206064,1.0,0.17012914093206064,1.0,0.17012914093206064,1.0,0.16863185476324163,0.9911991199119912,0.14542391914654687,0.8547854785478548,0.17012914093206064,1.0,0.17012914093206064,1.0,0.17012914093206064,1.0,0.17012914093206064,1.0,0.17012914093206064,1.0,0.17012914093206064,1.0,0.17012914093206064,1.0,0.16994198016095827,0.9988998899889989,0.17012914093206064,1.0,0.17012914093206064,1.0,0.17012914093206064,1.0,0.14823133071308253,0.8712871287128713,0.17012914093206064,1.0,0.17012914093206064,1.0,0.17012914093206064,1.0,0.17012914093206064,1.0,0.17012914093206064,1.0,0.17012914093206064,1.0,0.17012914093206064,1.0,0.17012914093206064,1.0,0.17012914093206064,1.0,0.17012914093206064,1.0,0.16863185476324163,0.9911991199119912,0.13887329215796368,0.8162816281628162,0.17012914093206064,1.0,0.17012914093206064,1.0,0.17012914093206064,1.0,0.17012914093206064,1.0,0.17012914093206064,1.0,0.17012914093206064,1.0,0.17012914093206064,1.0,0.16825753322103687,0.988998899889989,0.17012914093206064,1.0,0.17012914093206064,1.0,0.1695676586187535,0.9966996699669967,0.13812464907355418,0.8118811881188119,0.17012914093206064,1.0,0.17012914093206064,1.0,0.17012914093206064,1.0,0.16619876473891074,0.976897689768977,0.16657308628111547,0.9790979097909791,0.16863185476324163,0.9911991199119912,0.1695676586187535,0.9966996699669967,0.1371888452180423,0.8063806380638063,0.17012914093206064,1.0,0.16994198016095827,0.9988998899889989,0.17012914093206064,1.0,0.12539771663859256,0.7370737073707371,0.17012914093206064,1.0,0.17012914093206064,1.0,0.17012914093206064,1.0,0.1639528354856822,0.9636963696369637,0.16488863934119408,0.9691969196919692,0.1697548193898559,0.9977997799779978,0.1697548193898559,0.9977997799779978,0.15796369081040615,0.9284928492849285,0.17012914093206064,1.0,0.16994198016095827,0.9988998899889989,0.17012914093206064,1.0,0.12558487740969493,0.7381738173817382,0.17012914093206064,1.0,0.17012914093206064,1.0,0.17012914093206064,1.0
67,0.16758849557522124,1.0,0.16758849557522124,1.0,0.16758849557522124,1.0,0.16758849557522124,1.0,0.16758849557522124,1.0,0.16758849557522124,1.0,0.16758849557522124,1.0,0.16629793510324484,0.9922992299229924,0.1404867256637168,0.8382838283828383,0.16758849557522124,1.0,0.16758849557522124,1.0,0.16758849557522124,1.0,0.16758849557522124,1.0,0.16758849557522124,1.0,0.16758849557522124,1.0,0.16758849557522124,1.0,0.16482300884955753,0.9834983498349835,0.16758849557522124,1.0,0.16758849557522124,1.0,0.16721976401179942,0.9977997799779978,0.13845870206489674,0.8261826182618262,0.16758849557522124,1.0,0.16758849557522124,1.0,0.16758849557522124,1.0,0.16758849557522124,1.0,0.16758849557522124,1.0,0.16758849557522124,1.0,0.16758849557522124,1.0,0.16758849557522124,1.0,0.16758849557522124,1.0,0.16758849557522124,1.0,0.16629793510324484,0.9922992299229924,0.1441740412979351,0.8602860286028603,0.16758849557522124,1.0,0.16758849557522124,1.0,0.16758849557522124,1.0,0.16758849557522124,1.0,0.16758849557522124,1.0,0.16758849557522124,1.0,0.16758849557522124,1.0,0.16758849557522124,1.0,0.16758849557522124,1.0,0.16758849557522124,1.0,0.16758849557522124,1.0,0.14712389380530974,0.8778877887788779,0.16758849557522124,1.0,0.16758849557522124,1.0,0.16758849557522124,1.0,0.16758849557522124,1.0,0.16758849557522124,1.0,0.16758849557522124,1.0,0.16758849557522124,1.0,0.16758849557522124,1.0,0.16758849557522124,1.0,0.16758849557522124,1.0,0.16611356932153393,0.9911991199119912,0.13827433628318583,0.8250825082508251,0.16758849557522124,1.0,0.16758849557522124,1.0,0.16758849557522124,1.0,0.16758849557522124,1.0,0.16758849557522124,1.0,0.16758849557522124,1.0,0.16758849557522124,1.0,0.1657448377581121,0.988998899889989,0.16758849557522124,1.0,0.16758849557522124,1.0,0.16721976401179942,0.9977997799779978,0.1364306784660767,0.8140814081408141,0.16758849557522124,1.0,0.16758849557522124,1.0,0.16758849557522124,1.0,0.16408554572271386,0.9790979097909791,0.16445427728613568,0.9812981298129813,0.16611356932153393,0.9911991199119912,0.1670353982300885,0.9966996699669967,0.1375368731563422,0.8206820682068207,0.16758849557522124,1.0,0.16758849557522124,1.0,0.16758849557522124,1.0,0.12407817109144542,0.7403740374037404,0.16758849557522124,1.0,0.16758849557522124,1.0,0.16758849557522124,1.0,0.16261061946902655,0.9702970297029703,0.16261061946902655,0.9702970297029703,0.16721976401179942,0.9977997799779978,0.16721976401179942,0.9977997799779978,0.1568952802359882,0.9361936193619362,0.16758849557522124,1.0,0.16740412979351033,0.9988998899889989,0.16758849557522124,1.0,0.12444690265486726,0.7425742574257426,0.16758849557522124,1.0,0.16758849557522124,1.0,0.16758849557522124,1.0
68,0.1651226158038147,1.0,0.1651226158038147,1.0,0.1651226158038147,1.0,0.1651226158038147,1.0,0.1651226158038147,1.0,0.1651226158038147,1.0,0.1651226158038147,1.0,0.16385104450499546,0.9922992299229924,0.13950953678474115,0.8448844884488449,0.1651226158038147,1.0,0.1651226158038147,1.0,0.1651226158038147,1.0,0.1651226158038147,1.0,0.1651226158038147,1.0,0.1651226158038147,1.0,0.1651226158038147,1.0,0.16294277929155312,0.9867986798679867,0.1651226158038147,1.0,0.1651226158038147,1.0,0.16475930971843777,0.9977997799779978,0.13732970027247957,0.8316831683168316,0.1651226158038147,1.0,0.1651226158038147,1.0,0.1651226158038147,1.0,0.1651226158038147,1.0,0.1651226158038147,1.0,0.1651226158038147,1.0,0.1651226158038147,1.0,0.1651226158038147,1.0,0.1651226158038147,1.0,0.1651226158038147,1.0,0.16385104450499546,0.9922992299229924,0.14423251589464123,0.8734873487348734,0.1651226158038147,1.0,0.1651226158038147,1.0,0.1651226158038147,1.0,0.1651226158038147,1.0,0.1651226158038147,1.0,0.1651226158038147,1.0,0.1651226158038147,1.0,0.1651226158038147,1.0,0.1651226158038147,1.0,0.1651226158038147,1.0,0.1651226158038147,1.0,0.1464123524069028,0.8866886688668867,0.1651226158038147,1.0,0.1651226158038147,1.0,0.1651226158038147,1.0,0.1651226158038147,1.0,0.1651226158038147,1.0,0.1651226158038147,1.0,0.1651226158038147,1.0,0.1651226158038147,1.0,0.1651226158038147,1.0,0.1651226158038147,1.0,0.16385104450499546,0.9922992299229924,0.13642143505903723,0.8261826182618262,0.1651226158038147,1.0,0.1651226158038147,1.0,0.1651226158038147,1.0,0.1651226158038147,1.0,0.1651226158038147,1.0,0.1651226158038147,1.0,0.1651226158038147,1.0,0.16330608537693006,0.988998899889989,0.1651226158038147,1.0,0.1651226158038147,1.0,0.16475930971843777,0.9977997799779978,0.13605812897366032,0.823982398239824,0.1651226158038147,1.0,0.1651226158038147,1.0,0.1651226158038147,1.0,0.16167120799273388,0.9790979097909791,0.16221616712079928,0.9823982398239824,0.16385104450499546,0.9922992299229924,0.1645776566757493,0.9966996699669967,0.1362397820163488,0.8250825082508251,0.1651226158038147,1.0,0.1651226158038147,1.0,0.1651226158038147,1.0,0.12316076294277929,0.7458745874587459,0.1651226158038147,1.0,0.1651226158038147,1.0,0.1651226158038147,1.0,0.16021798365122616,0.9702970297029703,0.16039963669391463,0.9713971397139713,0.16475930971843777,0.9977997799779978,0.16475930971843777,0.9977997799779978,0.15495004541326068,0.9383938393839384,0.1651226158038147,1.0,0.1651226158038147,1.0,0.1651226158038147,1.0,0.12406902815622162,0.7513751375137514,0.1651226158038147,1.0,0.1651226158038147,1.0,0.1651226158038147,1.0
69,0.16272824919441461,1.0,0.16272824919441461,1.0,0.16272824919441461,1.0,0.16272824919441461,1.0,0.16272824919441461,1.0,0.16272824919441461,1.0,0.16272824919441461,1.0,0.16165413533834586,0.9933993399339934,0.13802363050483352,0.8481848184818482,0.16272824919441461,1.0,0.16272824919441461,1.0,0.16272824919441461,1.0,0.16272824919441461,1.0,0.16272824919441461,1.0,0.16272824919441461,1.0,0.16272824919441461,1.0,0.16075904045828857,0.9878987898789879,0.16272824919441461,1.0,0.16272824919441461,1.0,0.1623702112423917,0.9977997799779978,0.13623344074471894,0.8371837183718371,0.16272824919441461,1.0,0.16272824919441461,1.0,0.16272824919441461,1.0,0.16272824919441461,1.0,0.16272824919441461,1.0,0.16272824919441461,1.0,0.16272824919441461,1.0,0.16272824919441461,1.0,0.16272824919441461,1.0,0.16272824919441461,1.0,0.16165413533834586,0.9933993399339934,0.1426781238811314,0.8767876787678768,0.16272824919441461,1.0,0.16272824919441461,1.0,0.16272824919441461,1.0,0.16272824919441461,1.0,0.16272824919441461,1.0,0.16272824919441461,1.0,0.16272824919441461,1.0,0.16272824919441461,1.0,0.16272824919441461,1.0,0.16272824919441461,1.0,0.16272824919441461,1.0,0.14500537056928034,0.8910891089108911,0.16272824919441461,1.0,0.16272824919441461,1.0,0.16272824919441461,1.0,0.16272824919441461,1.0,0.16272824919441461,1.0,0.16272824919441461,1.0,0.16272824919441461,1.0,0.16272824919441461,1.0,0.16272824919441461,1.0,0.16272824919441461,1.0,0.16147511636233441,0.9922992299229924,0.13498030791263874,0.8294829482948295,0.16272824919441461,1.0,0.16272824919441461,1.0,0.16272824919441461,1.0,0.16272824919441461,1.0,0.16272824919441461,1.0,0.16272824919441461,1.0,0.16272824919441461,1.0,0.1611170784103115,0.9900990099009901,0.16272824919441461,1.0,0.16272824919441461,1.0,0.1623702112423917,0.9977997799779978,0.13533834586466165,0.8316831683168316,0.16272824919441461,1.0,0.16272824919441461,1.0,0.16272824919441461,1.0,0.1598639455782313,0.9823982398239824,0.16004296455424274,0.9834983498349835,0.16147511636233441,0.9922992299229924,0.1623702112423917,0.9977997799779978,0.13623344074471894,0.8371837183718371,0.16272824919441461,1.0,0.16272824919441461,1.0,0.16272824919441461,1.0,0.12316505549588257,0.7568756875687569,0.16272824919441461,1.0,0.16272824919441461,1.0,0.16272824919441461,1.0,0.15807375581811672,0.9713971397139713,0.15825277479412816,0.9724972497249725,0.1623702112423917,0.9977997799779978,0.16254923021840315,0.9988998899889989,0.15341926244181883,0.9427942794279428,0.16272824919441461,1.0,0.16272824919441461,1.0,0.16272824919441461,1.0,0.12352309344790548,0.759075907590759,0.16272824919441461,1.0,0.16272824919441461,1.0,0.16272824919441461,1.0
70,0.16040232927474854,1.0,0.16040232927474854,1.0,0.16040232927474854,1.0,0.16040232927474854,1.0,0.16040232927474854,1.0,0.16040232927474854,1.0,0.16040232927474854,1.0,0.15934356802541028,0.9933993399339934,0.1367566613728604,0.8525852585258525,0.16040232927474854,1.0,0.16040232927474854,1.0,0.16040232927474854,1.0,0.16040232927474854,1.0,0.16040232927474854,1.0,0.16040232927474854,1.0,0.16040232927474854,1.0,0.1586377271925181,0.988998899889989,0.16040232927474854,1.0,0.16040232927474854,1.0,0.16004940885830246,0.9977997799779978,0.135168519498853,0.8426842684268426,0.16040232927474854,1.0,0.16040232927474854,1.0,0.16040232927474854,1.0,0.16040232927474854,1.0,0.16040232927474854,1.0,0.16040232927474854,1.0,0.16040232927474854,1.0,0.16040232927474854,1.0,0.16040232927474854,1.0,0.16040232927474854,1.0,0.15934356802541028,0.9933993399339934,0.1416975472031057,0.8833883388338833,0.16040232927474854,1.0,0.16040232927474854,1.0,0.16040232927474854,1.0,0.16040232927474854,1.0,0.16040232927474854,1.0,0.16040232927474854,1.0,0.16040232927474854,1.0,0.16040232927474854,1.0,0.16040232927474854,1.0,0.16040232927474854,1.0,0.16040232927474854,1.0,0.1439915299100053,0.8976897689768977,0.16040232927474854,1.0,0.16040232927474854,1.0,0.16040232927474854,1.0,0.16040232927474854,1.0,0.16040232927474854,1.0,0.16040232927474854,1.0,0.16040232927474854,1.0,0.16040232927474854,1.0,0.16040232927474854,1.0,0.16040232927474854,1.0,0.15934356802541028,0.9933993399339934,0.1339332980412917,0.834983498349835,0.16040232927474854,1.0,0.16040232927474854,1.0,0.16040232927474854,1.0,0.16040232927474854,1.0,0.16040232927474854,1.0,0.16040232927474854,1.0,0.16040232927474854,1.0,0.1598729486500794,0.9966996699669967,0.16040232927474854,1.0,0.16040232927474854,1.0,0.16004940885830246,0.9977997799779978,0.13463913887418388,0.8393839383938394,0.16040232927474854,1.0,0.16040232927474854,1.0,0.16040232927474854,1.0,0.1575789659431798,0.9823982398239824,0.15828480677607198,0.9867986798679867,0.15916710781718724,0.9922992299229924,0.16004940885830246,0.9977997799779978,0.1358743603317452,0.847084708470847,0.16040232927474854,1.0,0.16040232927474854,1.0,0.16040232927474854,1.0,0.12228692429857067,0.7623762376237624,0.16040232927474854,1.0,0.16040232927474854,1.0,0.16040232927474854,1.0,0.1559908240691724,0.9724972497249725,0.15616728427739546,0.9735973597359736,0.16004940885830246,0.9977997799779978,0.1602258690665255,0.9988998899889989,0.15157931886359627,0.944994499449945,0.16040232927474854,1.0,0.16040232927474854,1.0,0.16040232927474854,1.0,0.12299276513146286,0.7667766776677668,0.16040232927474854,1.0,0.16040232927474854,1.0,0.16040232927474854,1.0
71,0.1581419624217119,1.0,0.1581419624217119,1.0,0.1581419624217119,1.0,0.1581419624217119,1.0,0.1581419624217119,1.0,0.1581419624217119,1.0,0.1581419624217119,1.0,0.15727209464161448,0.9944994499449945,0.13622129436325678,0.8613861386138614,0.1581419624217119,1.0,0.1581419624217119,1.0,0.1581419624217119,1.0,0.1581419624217119,1.0,0.1581419624217119,1.0,0.1581419624217119,1.0,0.1581419624217119,1.0,0.15657620041753653,0.9900990099009901,0.1581419624217119,1.0,0.1581419624217119,1.0,0.15779401530967294,0.9977997799779978,0.13413361169102297,0.8481848184818482,0.1581419624217119,1.0,0.1581419624217119,1.0,0.1581419624217119,1.0,0.1581419624217119,1.0,0.1581419624217119,1.0,0.1581419624217119,1.0,0.1581419624217119,1.0,0.1581419624217119,1.0,0.1581419624217119,1.0,0.1581419624217119,1.0,0.15727209464161448,0.9944994499449945,0.1407446068197634,0.88998899889989,0.1581419624217119,1.0,0.1581419624217119,1.0,0.1581419624217119,1.0,0.1581419624217119,1.0,0.1581419624217119,1.0,0.1581419624217119,1.0,0.1581419624217119,1.0,0.1581419624217119,1.0,0.1581419624217119,1.0,0.1581419624217119,1.0,0.1581419624217119,1.0,0.14352818371607515,0.9075907590759076,0.1581419624217119,1.0,0.1581419624217119,1.0,0.1581419624217119,1.0,0.1581419624217119,1.0,0.1581419624217119,1.0,0.1581419624217119,1.0,0.1581419624217119,1.0,0.1581419624217119,1.0,0.1581419624217119,1.0,0.1581419624217119,1.0,0.15709812108559498,0.9933993399339934,0.13308977035490605,0.8415841584158416,0.1581419624217119,1.0,0.1581419624217119,1.0,0.1581419624217119,1.0,0.1581419624217119,1.0,0.1581419624217119,1.0,0.1581419624217119,1.0,0.1581419624217119,1.0,0.15762004175365343,0.9966996699669967,0.1581419624217119,1.0,0.1581419624217119,1.0,0.15779401530967294,0.9977997799779978,0.13343771746694502,0.8437843784378438,0.1581419624217119,1.0,0.1581419624217119,1.0,0.1581419624217119,1.0,0.1557063326374391,0.9845984598459846,0.15605427974947808,0.9867986798679867,0.1569241475295755,0.9922992299229924,0.1579679888656924,0.9988998899889989,0.13517745302713988,0.8547854785478548,0.1581419624217119,1.0,0.1581419624217119,1.0,0.1581419624217119,1.0,0.12178148921363953,0.77007700770077,0.1581419624217119,1.0,0.1581419624217119,1.0,0.1581419624217119,1.0,0.15396659707724425,0.9735973597359736,0.15414057063326375,0.9746974697469747,0.1579679888656924,0.9988998899889989,0.1579679888656924,0.9988998899889989,0.14944328462073764,0.944994499449945,0.1581419624217119,1.0,0.1581419624217119,1.0,0.1581419624217119,1.0,0.12299930410577592,0.7777777777777778,0.1581419624217119,1.0,0.1581419624217119,1.0,0.1581419624217119,1.0
72,0.1559444158517756,1.0,0.1559444158517756,1.0,0.1559444158517756,1.0,0.1559444158517756,1.0,0.1559444158517756,1.0,0.1559444158517756,1.0,0.1559444158517756,1.0,0.15508663578658433,0.9944994499449945,0.13432835820895522,0.8613861386138614,0.1559444158517756,1.0,0.1559444158517756,1.0,0.1559444158517756,1.0,0.1559444158517756,1.0,0.1559444158517756,1.0,0.1559444158517756,1.0,0.1559444158517756,1.0,0.15440041173443128,0.9900990099009901,0.1559444158517756,1.0,0.1559444158517756,1.0,0.1556013038256991,0.9977997799779978,0.13398524618287871,0.8591859185918592,0.1559444158517756,1.0,0.1559444158517756,1.0,0.1559444158517756,1.0,0.1559444158517756,1.0,0.1559444158517756,1.0,0.1559444158517756,1.0,0.1559444158517756,1.0,0.1559444158517756,1.0,0.1559444158517756,1.0,0.1559444158517756,1.0,0.15508663578658433,0.9944994499449945,0.13896037056098817,0.8910891089108911,0.1559444158517756,1.0,0.1559444158517756,1.0,0.1559444158517756,1.0,0.1559444158517756,1.0,0.1559444158517756,1.0,0.1559444158517756,1.0,0.1559444158517756,1.0,0.1559444158517756,1.0,0.1559444158517756,1.0,0.1559444158517756,1.0,0.1559444158517756,1.0,0.14256304683479157,0.9141914191419142,0.1559444158517756,1.0,0.1559444158517756,1.0,0.1559444158517756,1.0,0.1559444158517756,1.0,0.1559444158517756,1.0,0.1559444158517756,1.0,0.1559444158517756,1.0,0.1559444158517756,1.0,0.1559444158517756,1.0,0.1559444158517756,1.0,0.15508663578658433,0.9944994499449945,0.13192657402641964,0.845984598459846,0.1559444158517756,1.0,0.1559444158517756,1.0,0.1559444158517756,1.0,0.1559444158517756,1.0,0.1559444158517756,1.0,0.1559444158517756,1.0,0.1559444158517756,1.0,0.15542974781266083,0.9966996699669967,0.1559444158517756,1.0,0.1559444158517756,1.0,0.1556013038256991,0.9977997799779978,0.13226968605249614,0.8481848184818482,0.1559444158517756,1.0,0.1559444158517756,1.0,0.1559444158517756,1.0,0.15371418768227826,0.9856985698569857,0.15422885572139303,0.988998899889989,0.15491507977354607,0.9933993399339934,0.15577285983873734,0.9988998899889989,0.13415680219591697,0.8602860286028603,0.1559444158517756,1.0,0.1559444158517756,1.0,0.1559444158517756,1.0,0.12111854520500943,0.7766776677667767,0.1559444158517756,1.0,0.1559444158517756,1.0,0.1559444158517756,1.0,0.1519986275518957,0.9746974697469747,0.1523417395779722,0.976897689768977,0.15577285983873734,0.9988998899889989,0.15577285983873734,0.9988998899889989,0.14788128323897753,0.9482948294829483,0.1559444158517756,1.0,0.1559444158517756,1.0,0.1559444158517756,1.0,0.12180476925716247,0.7810781078107811,0.1559444158517756,1.0,0.1559444158517756,1.0,0.1559444158517756,1.0
73,0.15380710659898478,1.0,0.15380710659898478,1.0,0.15380710659898478,1.0,0.15380710659898478,1.0,0.15380710659898478,1.0,0.15380710659898478,1.0,0.15380710659898478,1.0,0.15313028764805414,0.9955995599559956,0.13316412859560067,0.8657865786578658,0.15380710659898478,1.0,0.15380710659898478,1.0,0.15380710659898478,1.0,0.15380710659898478,1.0,0.15380710659898478,1.0,0.15380710659898478,1.0,0.15380710659898478,1.0,0.1524534686971235,0.9911991199119912,0.15380710659898478,1.0,0.15380710659898478,1.0,0.15346869712351946,0.9977997799779978,0.1326565143824027,0.8624862486248625,0.15380710659898478,1.0,0.15380710659898478,1.0,0.15380710659898478,1.0,0.15380710659898478,1.0,0.15380710659898478,1.0,0.15380710659898478,1.0,0.15380710659898478,1.0,0.15380710659898478,1.0,0.15380710659898478,1.0,0.15380710659898478,1.0,0.15313028764805414,0.9955995599559956,0.1377326565143824,0.8954895489548955,0.15380710659898478,1.0,0.15380710659898478,1.0,0.15380710659898478,1.0,0.15380710659898478,1.0,0.15380710659898478,1.0,0.15380710659898478,1.0,0.15380710659898478,1.0,0.15380710659898478,1.0,0.15380710659898478,1.0,0.15380710659898478,1.0,0.15380710659898478,1.0,0.14111675126903553,0.9174917491749175,0.15380710659898478,1.0,0.15380710659898478,1.0,0.15380710659898478,1.0,0.15380710659898478,1.0,0.15380710659898478,1.0,0.15380710659898478,1.0,0.15380710659898478,1.0,0.15380710659898478,1.0,0.15380710659898478,1.0,0.15380710659898478,1.0,0.15296108291032148,0.9944994499449945,0.13062605752961082,0.8492849284928493,0.15380710659898478,1.0,0.15380710659898478,1.0,0.15380710659898478,1.0,0.15380710659898478,1.0,0.15380710659898478,1.0,0.15380710659898478,1.0,0.15380710659898478,1.0,0.1532994923857868,0.9966996699669967,0.15380710659898478,1.0,0.15380710659898478,1.0,0.15346869712351946,0.9977997799779978,0.13130287648054145,0.8536853685368537,0.15380710659898478,1.0,0.15380710659898478,1.0,0.15380710659898478,1.0,0.15194585448392556,0.9878987898789879,0.15211505922165822,0.988998899889989,0.15279187817258882,0.9933993399339934,0.15363790186125212,0.9988998899889989,0.1338409475465313,0.8701870187018702,0.15380710659898478,1.0,0.15380710659898478,1.0,0.15380710659898478,1.0,0.12047377326565144,0.7832783278327833,0.15380710659898478,1.0,0.15380710659898478,1.0,0.15380710659898478,1.0,0.150253807106599,0.976897689768977,0.1505922165820643,0.9790979097909791,0.15363790186125212,0.9988998899889989,0.15363790186125212,0.9988998899889989,0.14686971235194585,0.9548954895489549,0.15380710659898478,1.0,0.15380710659898478,1.0,0.15380710659898478,1.0,0.12030456852791878,0.7821782178217822,0.15380710659898478,1.0,0.15380710659898478,1.0,0.15380710659898478,1.0
74,0.1517275913870806,1.0,0.1517275913870806,1.0,0.1517275913870806,1.0,0.1517275913870806,1.0,0.1517275913870806,1.0,0.1517275913870806,1.0,0.1517275913870806,1.0,0.15105992321816059,0.9955995599559956,0.13169754631947922,0.8679867986798679,0.1517275913870806,1.0,0.1517275913870806,1.0,0.1517275913870806,1.0,0.1517275913870806,1.0,0.1517275913870806,1.0,0.1517275913870806,1.0,0.1517275913870806,1.0,0.15072608913370056,0.9933993399339934,0.1517275913870806,1.0,0.1517275913870806,1.0,0.15139375730262059,0.9977997799779978,0.1313637122350192,0.8657865786578658,0.1517275913870806,1.0,0.1517275913870806,1.0,0.1517275913870806,1.0,0.1517275913870806,1.0,0.1517275913870806,1.0,0.1517275913870806,1.0,0.1517275913870806,1.0,0.1517275913870806,1.0,0.1517275913870806,1.0,0.1517275913870806,1.0,0.15105992321816059,0.9955995599559956,0.1370388916708396,0.9031903190319032,0.1517275913870806,1.0,0.1517275913870806,1.0,0.1517275913870806,1.0,0.1517275913870806,1.0,0.1517275913870806,1.0,0.1517275913870806,1.0,0.1517275913870806,1.0,0.1517275913870806,1.0,0.1517275913870806,1.0,0.1517275913870806,1.0,0.1517275913870806,1.0,0.14087798364212986,0.9284928492849285,0.1517275913870806,1.0,0.1517275913870806,1.0,0.1517275913870806,1.0,0.1517275913870806,1.0,0.1517275913870806,1.0,0.1517275913870806,1.0,0.1517275913870806,1.0,0.1517275913870806,1.0,0.1517275913870806,1.0,0.1517275913870806,1.0,0.15089300617593057,0.9944994499449945,0.12952762477048907,0.8536853685368537,0.1517275913870806,1.0,0.1517275913870806,1.0,0.1517275913870806,1.0,0.1517275913870806,1.0,0.1517275913870806,1.0,0.1517275913870806,1.0,0.1517275913870806,1.0,0.15139375730262059,0.9977997799779978,0.1517275913870806,1.0,0.1517275913870806,1.0,0.15139375730262059,0.9977997799779978,0.13102987815055916,0.8635863586358636,0.1517275913870806,1.0,0.1517275913870806,1.0,0.1517275913870806,1.0,0.1500584209647805,0.988998899889989,0.1500584209647805,0.988998899889989,0.15072608913370056,0.9933993399339934,0.1515606743448506,0.9988998899889989,0.1328659656150893,0.8756875687568757,0.1517275913870806,1.0,0.1517275913870806,1.0,0.1517275913870806,1.0,0.11967951927891837,0.7887788778877888,0.1517275913870806,1.0,0.1517275913870806,1.0,0.1517275913870806,1.0,0.1485561675847104,0.9790979097909791,0.14872308462694042,0.9801980198019802,0.1515606743448506,0.9988998899889989,0.1515606743448506,0.9988998899889989,0.1455516608245702,0.9592959295929593,0.1517275913870806,1.0,0.1517275913870806,1.0,0.1517275913870806,1.0,0.11984643632114839,0.7898789878987899,0.1517275913870806,1.0,0.1517275913870806,1.0,0.1517275913870806,1.0
75,0.14970355731225296,1.0,0.14970355731225296,1.0,0.14970355731225296,1.0,0.14970355731225296,1.0,0.14970355731225296,1.0,0.14970355731225296,1.0,0.14970355731225296,1.0,0.1490447957839262,0.9955995599559956,0.13043478260869565,0.8712871287128713,0.14970355731225296,1.0,0.14970355731225296,1.0,0.14970355731225296,1.0,0.14970355731225296,1.0,0.14970355731225296,1.0,0.14970355731225296,1.0,0.14970355731225296,1.0,0.14871541501976285,0.9933993399339934,0.14970355731225296,1.0,0.14970355731225296,1.0,0.1493741765480896,0.9977997799779978,0.1301054018445323,0.8690869086908691,0.14970355731225296,1.0,0.14970355731225296,1.0,0.14970355731225296,1.0,0.14970355731225296,1.0,0.14970355731225296,1.0,0.14970355731225296,1.0,0.14970355731225296,1.0,0.14970355731225296,1.0,0.14970355731225296,1.0,0.14970355731225296,1.0,0.1490447957839262,0.9955995599559956,0.13570487483530963,0.9064906490649065,0.14970355731225296,1.0,0.14970355731225296,1.0,0.14970355731225296,1.0,0.14970355731225296,1.0,0.14970355731225296,1.0,0.14970355731225296,1.0,0.14970355731225296,1.0,0.14970355731225296,1.0,0.14970355731225296,1.0,0.14970355731225296,1.0,0.14970355731225296,1.0,0.13949275362318841,0.9317931793179318,0.14970355731225296,1.0,0.14970355731225296,1.0,0.14970355731225296,1.0,0.14970355731225296,1.0,0.14970355731225296,1.0,0.14970355731225296,1.0,0.14970355731225296,1.0,0.14970355731225296,1.0,0.14970355731225296,1.0,0.14970355731225296,1.0,0.1490447957839262,0.9955995599559956,0.1286231884057971,0.8591859185918592,0.14970355731225296,1.0,0.14970355731225296,1.0,0.14970355731225296,1.0,0.14970355731225296,1.0,0.14970355731225296,1.0,0.14970355731225296,1.0,0.14970355731225296,1.0,0.14953886693017127,0.9988998899889989,0.14970355731225296,1.0,0.14970355731225296,1.0,0.1493741765480896,0.9977997799779978,0.1299407114624506,0.8679867986798679,0.14970355731225296,1.0,0.14970355731225296,1.0,0.14970355731225296,1.0,0.1480566534914361,0.988998899889989,0.14838603425559949,0.9911991199119912,0.14888010540184454,0.9944994499449945,0.14953886693017127,0.9988998899889989,0.13191699604743082,0.8811881188118812,0.14970355731225296,1.0,0.14970355731225296,1.0,0.14970355731225296,1.0,0.11874176548089592,0.7931793179317932,0.14970355731225296,1.0,0.14970355731225296,1.0,0.14970355731225296,1.0,0.14673913043478262,0.9801980198019802,0.1469038208168643,0.9812981298129813,0.14953886693017127,0.9988998899889989,0.14970355731225296,1.0,0.14377470355731226,0.9603960396039604,0.14970355731225296,1.0,0.14970355731225296,1.0,0.14970355731225296,1.0,0.11923583662714098,0.7964796479647965,0.14970355731225296,1.0,0.14970355731225296,1.0,0.14970355731225296,1.0
76,0.14775682704811444,1.0,0.14775682704811444,1.0,0.14775682704811444,1.0,0.14775682704811444,1.0,0.14775682704811444,1.0,0.14775682704811444,1.0,0.14775682704811444,1.0,0.14726918075422626,0.9966996699669967,0.12987646293888166,0.878987898789879,0.14775682704811444,1.0,0.14775682704811444,1.0,0.14775682704811444,1.0,0.14775682704811444,1.0,0.14775682704811444,1.0,0.14775682704811444,1.0,0.14775682704811444,1.0,0.1471066319895969,0.9955995599559956,0.14775682704811444,1.0,0.14775682704811444,1.0,0.14743172951885566,0.9977997799779978,0.12906371911573472,0.8734873487348734,0.14775682704811444,1.0,0.14775682704811444,1.0,0.14775682704811444,1.0,0.14775682704811444,1.0,0.14775682704811444,1.0,0.14775682704811444,1.0,0.14775682704811444,1.0,0.14775682704811444,1.0,0.14775682704811444,1.0,0.14775682704811444,1.0,0.14726918075422626,0.9966996699669967,0.13442782834850456,0.9097909790979097,0.14775682704811444,1.0,0.14775682704811444,1.0,0.14775682704811444,1.0,0.14775682704811444,1.0,0.14775682704811444,1.0,0.14775682704811444,1.0,0.14775682704811444,1.0,0.14775682704811444,1.0,0.14775682704811444,1.0,0.14775682704811444,1.0,0.14775682704811444,1.0,0.13832899869960988,0.9361936193619362,0.14775682704811444,1.0,0.14775682704811444,1.0,0.14775682704811444,1.0,0.14775682704811444,1.0,0.14775682704811444,1.0,0.14775682704811444,1.0,0.14775682704811444,1.0,0.14775682704811444,1.0,0.14775682704811444,1.0,0.14775682704811444,1.0,0.1471066319895969,0.9955995599559956,0.12760078023407023,0.8635863586358636,0.14775682704811444,1.0,0.14775682704811444,1.0,0.14775682704811444,1.0,0.14775682704811444,1.0,0.14775682704811444,1.0,0.14775682704811444,1.0,0.14775682704811444,1.0,0.14759427828348504,0.9988998899889989,0.14775682704811444,1.0,0.14775682704811444,1.0,0.14743172951885566,0.9977997799779978,0.12873862158647595,0.8712871287128713,0.14775682704811444,1.0,0.14775682704811444,1.0,0.14775682704811444,1.0,0.14645643693107932,0.9911991199119912,0.14645643693107932,0.9911991199119912,0.14743172951885566,0.9977997799779978,0.14759427828348504,0.9988998899889989,0.1321521456436931,0.8943894389438944,0.14775682704811444,1.0,0.14775682704811444,1.0,0.14775682704811444,1.0,0.11849804941482445,0.801980198019802,0.14775682704811444,1.0,0.14775682704811444,1.0,0.14775682704811444,1.0,0.14483094928478543,0.9801980198019802,0.1451560468140442,0.9823982398239824,0.14759427828348504,0.9988998899889989,0.14775682704811444,1.0,0.14223016905071523,0.9625962596259626,0.14775682704811444,1.0,0.14775682704811444,1.0,0.14775682704811444,1.0,0.11947334200260078,0.8085808580858086,0.14775682704811444,1.0,0.14775682704811444,1.0,0.14775682704811444,1.0
77,0.14583667575806192,1.0,0.14583667575806192,1.0,0.14583667575806192,1.0,0.14583667575806192,1.0,0.14583667575806192,1.0,0.14583667575806192,1.0,0.14583667575806192,1.0,0.14535536659714424,0.9966996699669967,0.12866998235199742,0.8822882288228823,0.14583667575806192,1.0,0.14583667575806192,1.0,0.14583667575806192,1.0,0.14583667575806192,1.0,0.14583667575806192,1.0,0.14583667575806192,1.0,0.14583667575806192,1.0,0.14519493021017166,0.9955995599559956,0.14583667575806192,1.0,0.14583667575806192,1.0,0.14567623937108937,0.9988998899889989,0.12850954596502487,0.8811881188118812,0.14583667575806192,1.0,0.14583667575806192,1.0,0.14583667575806192,1.0,0.14583667575806192,1.0,0.14583667575806192,1.0,0.14583667575806192,1.0,0.14583667575806192,1.0,0.14583667575806192,1.0,0.14583667575806192,1.0,0.14583667575806192,1.0,0.14535536659714424,0.9966996699669967,0.1330017648002567,0.911991199119912,0.14583667575806192,1.0,0.14583667575806192,1.0,0.14583667575806192,1.0,0.14583667575806192,1.0,0.14583667575806192,1.0,0.14583667575806192,1.0,0.14583667575806192,1.0,0.14583667575806192,1.0,0.14583667575806192,1.0,0.14583667575806192,1.0,0.14583667575806192,1.0,0.13701267447457083,0.9394939493949395,0.14583667575806192,1.0,0.14583667575806192,1.0,0.14583667575806192,1.0,0.14583667575806192,1.0,0.14583667575806192,1.0,0.14583667575806192,1.0,0.14583667575806192,1.0,0.14583667575806192,1.0,0.14583667575806192,1.0,0.14583667575806192,1.0,0.14535536659714424,0.9966996699669967,0.12674474570832664,0.8690869086908691,0.14583667575806192,1.0,0.14583667575806192,1.0,0.14583667575806192,1.0,0.14583667575806192,1.0,0.14583667575806192,1.0,0.14583667575806192,1.0,0.14583667575806192,1.0,0.14583667575806192,1.0,0.14583667575806192,1.0,0.14583667575806192,1.0,0.14567623937108937,0.9988998899889989,0.12802823680410716,0.8778877887788779,0.14583667575806192,1.0,0.14583667575806192,1.0,0.14583667575806192,1.0,0.1445531846622814,0.9911991199119912,0.14471362104925398,0.9922992299229924,0.1455158029841168,0.9977997799779978,0.14583667575806192,1.0,0.13155783731750362,0.9020902090209021,0.14583667575806192,1.0,0.14583667575806192,1.0,0.14583667575806192,1.0,0.11824161719878068,0.8107810781078107,0.14583667575806192,1.0,0.14583667575806192,1.0,0.14583667575806192,1.0,0.14326969356650088,0.9823982398239824,0.143590566340446,0.9845984598459846,0.14583667575806192,1.0,0.14583667575806192,1.0,0.1408631477619124,0.9658965896589659,0.14583667575806192,1.0,0.14583667575806192,1.0,0.14583667575806192,1.0,0.11920423552061607,0.8173817381738174,0.14583667575806192,1.0,0.14583667575806192,1.0,0.14583667575806192,1.0
78,0.14396579030725373,1.0,0.14396579030725373,1.0,0.14396579030725373,1.0,0.14396579030725373,1.0,0.14396579030725373,1.0,0.14396579030725373,1.0,0.14396579030725373,1.0,0.14349065568577762,0.9966996699669967,0.12749445676274945,0.8855885588558856,0.14396579030725373,1.0,0.14396579030725373,1.0,0.14396579030725373,1.0,0.14396579030725373,1.0,0.14396579030725373,1.0,0.14396579030725373,1.0,0.14396579030725373,1.0,0.14349065568577762,0.9966996699669967,0.14396579030725373,1.0,0.14396579030725373,1.0,0.14380741210009504,0.9988998899889989,0.12733607855559076,0.8844884488448845,0.14396579030725373,1.0,0.14396579030725373,1.0,0.14396579030725373,1.0,0.14396579030725373,1.0,0.14396579030725373,1.0,0.14396579030725373,1.0,0.14396579030725373,1.0,0.14396579030725373,1.0,0.14396579030725373,1.0,0.14396579030725373,1.0,0.14349065568577762,0.9966996699669967,0.1319290465631929,0.9163916391639164,0.14396579030725373,1.0,0.14396579030725373,1.0,0.14396579030725373,1.0,0.14396579030725373,1.0,0.14396579030725373,1.0,0.14396579030725373,1.0,0.14396579030725373,1.0,0.14396579030725373,1.0,0.14396579030725373,1.0,0.14396579030725373,1.0,0.14396579030725373,1.0,0.13557174532784289,0.9416941694169417,0.14396579030725373,1.0,0.14396579030725373,1.0,0.14396579030725373,1.0,0.14396579030725373,1.0,0.14396579030725373,1.0,0.14396579030725373,1.0,0.14396579030725373,1.0,0.14396579030725373,1.0,0.14396579030725373,1.0,0.14396579030725373,1.0,0.14349065568577762,0.9966996699669967,0.12638580931263857,0.8778877887788779,0.14396579030725373,1.0,0.14396579030725373,1.0,0.14396579030725373,1.0,0.14396579030725373,1.0,0.14396579030725373,1.0,0.14396579030725373,1.0,0.14396579030725373,1.0,0.14396579030725373,1.0,0.14396579030725373,1.0,0.14396579030725373,1.0,0.14380741210009504,0.9988998899889989,0.12765283496990815,0.8866886688668867,0.14396579030725373,1.0,0.14396579030725373,1.0,0.14396579030725373,1.0,0.14285714285714285,0.9922992299229924,0.14317389927146024,0.9944994499449945,0.14364903389293635,0.9977997799779978,0.14396579030725373,1.0,0.13082039911308205,0.9086908690869087,0.14396579030725373,1.0,0.14396579030725373,1.0,0.14396579030725373,1.0,0.11767500791891036,0.8173817381738174,0.14396579030725373,1.0,0.14396579030725373,1.0,0.14396579030725373,1.0,0.141748495407032,0.9845984598459846,0.141748495407032,0.9845984598459846,0.14396579030725373,1.0,0.14396579030725373,1.0,0.13953120050681025,0.9691969196919692,0.14396579030725373,1.0,0.14396579030725373,1.0,0.14396579030725373,1.0,0.11846689895470383,0.8228822882288229,0.14396579030725373,1.0,0.14396579030725373,1.0,0.14396579030725373,1.0
79,0.14214229867083658,1.0,0.14214229867083658,1.0,0.14214229867083658,1.0,0.14214229867083658,1.0,0.14214229867083658,1.0,0.14214229867083658,1.0,0.14214229867083658,1.0,0.1418295543393276,0.9977997799779978,0.12650508209538702,0.88998899889989,0.14214229867083658,1.0,0.14214229867083658,1.0,0.14214229867083658,1.0,0.14214229867083658,1.0,0.14214229867083658,1.0,0.14214229867083658,1.0,0.14214229867083658,1.0,0.1418295543393276,0.9977997799779978,0.14214229867083658,1.0,0.14214229867083658,1.0,0.1419859265050821,0.9988998899889989,0.1263487099296325,0.8888888888888888,0.14214229867083658,1.0,0.14214229867083658,1.0,0.14214229867083658,1.0,0.14214229867083658,1.0,0.14214229867083658,1.0,0.14214229867083658,1.0,0.14214229867083658,1.0,0.14214229867083658,1.0,0.14214229867083658,1.0,0.14214229867083658,1.0,0.1418295543393276,0.9977997799779978,0.1305707584050039,0.9185918591859186,0.14214229867083658,1.0,0.14214229867083658,1.0,0.14214229867083658,1.0,0.14214229867083658,1.0,0.14214229867083658,1.0,0.14214229867083658,1.0,0.14214229867083658,1.0,0.14214229867083658,1.0,0.14214229867083658,1.0,0.14214229867083658,1.0,0.14214229867083658,1.0,0.1347928068803753,0.9482948294829483,0.14214229867083658,1.0,0.14214229867083658,1.0,0.14214229867083658,1.0,0.14214229867083658,1.0,0.14214229867083658,1.0,0.14214229867083658,1.0,0.14214229867083658,1.0,0.14214229867083658,1.0,0.14214229867083658,1.0,0.14214229867083658,1.0,0.1416731821735731,0.9966996699669967,0.12525410476935106,0.8811881188118812,0.14214229867083658,1.0,0.14214229867083658,1.0,0.14214229867083658,1.0,0.14214229867083658,1.0,0.14214229867083658,1.0,0.14214229867083658,1.0,0.14214229867083658,1.0,0.14214229867083658,1.0,0.14214229867083658,1.0,0.14214229867083658,1.0,0.1419859265050821,0.9988998899889989,0.1269741985926505,0.8932893289328933,0.14214229867083658,1.0,0.14214229867083658,1.0,0.14214229867083658,1.0,0.14136043784206412,0.9944994499449945,0.14136043784206412,0.9944994499449945,0.1418295543393276,0.9977997799779978,0.14214229867083658,1.0,0.12978889757623144,0.9130913091309131,0.14214229867083658,1.0,0.14214229867083658,1.0,0.14214229867083658,1.0,0.11743549648162627,0.8261826182618262,0.14214229867083658,1.0,0.14214229867083658,1.0,0.14214229867083658,1.0,0.14010946051602816,0.9856985698569857,0.14042220484753715,0.9878987898789879,0.14214229867083658,1.0,0.14214229867083658,1.0,0.1380766223612197,0.9713971397139713,0.14214229867083658,1.0,0.14214229867083658,1.0,0.14214229867083658,1.0,0.11790461297888975,0.8294829482948295,0.14214229867083658,1.0,0.14214229867083658,1.0,0.14214229867083658,1.0
80,0.1403644224830142,1.0,0.1403644224830142,1.0,0.1403644224830142,1.0,0.1403644224830142,1.0,0.1403644224830142,1.0,0.1403644224830142,1.0,0.1403644224830142,1.0,0.1400555898702903,0.9977997799779978,0.12492279184681902,0.88998899889989,0.1403644224830142,1.0,0.1403644224830142,1.0,0.1403644224830142,1.0,0.1403644224830142,1.0,0.1403644224830142,1.0,0.1403644224830142,1.0,0.1403644224830142,1.0,0.14021000617665225,0.9988998899889989,0.1403644224830142,1.0,0.1403644224830142,1.0,0.14021000617665225,0.9988998899889989,0.12538604076590487,0.8932893289328933,0.1403644224830142,1.0,0.1403644224830142,1.0,0.1403644224830142,1.0,0.1403644224830142,1.0,0.1403644224830142,1.0,0.1403644224830142,1.0,0.1403644224830142,1.0,0.1403644224830142,1.0,0.1403644224830142,1.0,0.1403644224830142,1.0,0.1400555898702903,0.9977997799779978,0.12924644842495367,0.9207920792079208,0.1403644224830142,1.0,0.1403644224830142,1.0,0.1403644224830142,1.0,0.1403644224830142,1.0,0.1403644224830142,1.0,0.1403644224830142,1.0,0.1403644224830142,1.0,0.1403644224830142,1.0,0.1403644224830142,1.0,0.1403644224830142,1.0,0.1403644224830142,1.0,0.13449660284126003,0.9581958195819582,0.1403644224830142,1.0,0.1403644224830142,1.0,0.1403644224830142,1.0,0.1403644224830142,1.0,0.1403644224830142,1.0,0.1403644224830142,1.0,0.1403644224830142,1.0,0.1403644224830142,1.0,0.1403644224830142,1.0,0.1403644224830142,1.0,0.13990117356392834,0.9966996699669967,0.12415071031500927,0.8844884488448845,0.1403644224830142,1.0,0.1403644224830142,1.0,0.1403644224830142,1.0,0.1403644224830142,1.0,0.1403644224830142,1.0,0.1403644224830142,1.0,0.1403644224830142,1.0,0.1403644224830142,1.0,0.1403644224830142,1.0,0.1403644224830142,1.0,0.14021000617665225,0.9988998899889989,0.1260037059913527,0.8976897689768977,0.1403644224830142,1.0,0.1403644224830142,1.0,0.1403644224830142,1.0,0.13959234095120446,0.9944994499449945,0.13959234095120446,0.9944994499449945,0.1403644224830142,1.0,0.1403644224830142,1.0,0.12909203211859172,0.9196919691969196,0.1403644224830142,1.0,0.1403644224830142,1.0,0.1403644224830142,1.0,0.11704756022235949,0.8338833883388339,0.1403644224830142,1.0,0.1403644224830142,1.0,0.1403644224830142,1.0,0.1388202594193947,0.988998899889989,0.1391290920321186,0.9911991199119912,0.1403644224830142,1.0,0.1403644224830142,1.0,0.13665843113032736,0.9735973597359736,0.1403644224830142,1.0,0.1403644224830142,1.0,0.1403644224830142,1.0,0.11751080914144534,0.8371837183718371,0.1403644224830142,1.0,0.1403644224830142,1.0,0.1403644224830142,1.0
81,0.138630471252097,1.0,0.138630471252097,1.0,0.138630471252097,1.0,0.138630471252097,1.0,0.138630471252097,1.0,0.138630471252097,1.0,0.138630471252097,1.0,0.138630471252097,1.0,0.12383712063443648,0.8932893289328933,0.138630471252097,1.0,0.138630471252097,1.0,0.138630471252097,1.0,0.138630471252097,1.0,0.138630471252097,1.0,0.138630471252097,1.0,0.138630471252097,1.0,0.13847796248284278,0.9988998899889989,0.138630471252097,1.0,0.138630471252097,1.0,0.138630471252097,1.0,0.12429464694219917,0.8965896589658966,0.138630471252097,1.0,0.138630471252097,1.0,0.138630471252097,1.0,0.138630471252097,1.0,0.138630471252097,1.0,0.138630471252097,1.0,0.138630471252097,1.0,0.138630471252097,1.0,0.138630471252097,1.0,0.138630471252097,1.0,0.138630471252097,1.0,0.12841238371206345,0.9262926292629263,0.138630471252097,1.0,0.138630471252097,1.0,0.138630471252097,1.0,0.138630471252097,1.0,0.138630471252097,1.0,0.138630471252097,1.0,0.138630471252097,1.0,0.138630471252097,1.0,0.138630471252097,1.0,0.138630471252097,1.0,0.138630471252097,1.0,0.13359768186670734,0.9636963696369637,0.138630471252097,1.0,0.138630471252097,1.0,0.138630471252097,1.0,0.138630471252097,1.0,0.138630471252097,1.0,0.138630471252097,1.0,0.138630471252097,1.0,0.138630471252097,1.0,0.138630471252097,1.0,0.138630471252097,1.0,0.138630471252097,1.0,0.12383712063443648,0.8932893289328933,0.138630471252097,1.0,0.138630471252097,1.0,0.138630471252097,1.0,0.138630471252097,1.0,0.138630471252097,1.0,0.138630471252097,1.0,0.138630471252097,1.0,0.138630471252097,1.0,0.138630471252097,1.0,0.138630471252097,1.0,0.138630471252097,1.0,0.1249046820192161,0.900990099009901,0.138630471252097,1.0,0.138630471252097,1.0,0.138630471252097,1.0,0.13802043617508006,0.9955995599559956,0.13802043617508006,0.9955995599559956,0.138630471252097,1.0,0.138630471252097,1.0,0.12825987494280922,0.9251925192519251,0.138630471252097,1.0,0.138630471252097,1.0,0.138630471252097,1.0,0.11697422601799604,0.8437843784378438,0.138630471252097,1.0,0.138630471252097,1.0,0.138630471252097,1.0,0.13756290986731737,0.9922992299229924,0.13756290986731737,0.9922992299229924,0.138630471252097,1.0,0.138630471252097,1.0,0.13512276955924965,0.9746974697469747,0.138630471252097,1.0,0.138630471252097,1.0,0.138630471252097,1.0,0.11712673478725026,0.8448844884488449,0.138630471252097,1.0,0.138630471252097,1.0,0.138630471252097,1.0
82,0.13693883699909612,1.0,0.13693883699909612,1.0,0.13693883699909612,1.0,0.13693883699909612,1.0,0.13693883699909612,1.0,0.13693883699909612,1.0,0.13693883699909612,1.0,0.13693883699909612,1.0,0.1233805363061163,0.900990099009901,0.13693883699909612,1.0,0.13693883699909612,1.0,0.13693883699909612,1.0,0.13693883699909612,1.0,0.13693883699909612,1.0,0.13693883699909612,1.0,0.13693883699909612,1.0,0.13693883699909612,1.0,0.13693883699909612,1.0,0.13693883699909612,1.0,0.13693883699909612,1.0,0.12322988852063875,0.8998899889988999,0.13693883699909612,1.0,0.13693883699909612,1.0,0.13693883699909612,1.0,0.13693883699909612,1.0,0.13693883699909612,1.0,0.13693883699909612,1.0,0.13693883699909612,1.0,0.13693883699909612,1.0,0.13693883699909612,1.0,0.13693883699909612,1.0,0.13693883699909612,1.0,0.12774932208496534,0.9328932893289329,0.13693883699909612,1.0,0.13693883699909612,1.0,0.13693883699909612,1.0,0.13693883699909612,1.0,0.13693883699909612,1.0,0.13693883699909612,1.0,0.13693883699909612,1.0,0.13693883699909612,1.0,0.13693883699909612,1.0,0.13693883699909612,1.0,0.13693883699909612,1.0,0.1327206990057246,0.9691969196919692,0.13693883699909612,1.0,0.13693883699909612,1.0,0.13693883699909612,1.0,0.13693883699909612,1.0,0.13693883699909612,1.0,0.13693883699909612,1.0,0.13693883699909612,1.0,0.13693883699909612,1.0,0.13693883699909612,1.0,0.13693883699909612,1.0,0.13693883699909612,1.0,0.12307924073516119,0.8987898789878987,0.13693883699909612,1.0,0.13693883699909612,1.0,0.13693883699909612,1.0,0.13693883699909612,1.0,0.13693883699909612,1.0,0.13693883699909612,1.0,0.13693883699909612,1.0,0.13693883699909612,1.0,0.13693883699909612,1.0,0.13693883699909612,1.0,0.13693883699909612,1.0,0.12383247966254896,0.9042904290429042,0.13693883699909612,1.0,0.13693883699909612,1.0,0.13693883699909612,1.0,0.1363362458571859,0.9955995599559956,0.13648689364266345,0.9966996699669967,0.13693883699909612,1.0,0.13693883699909612,1.0,0.12744802651401024,0.9306930693069307,0.13693883699909612,1.0,0.13693883699909612,1.0,0.13693883699909612,1.0,0.11630009038867128,0.8492849284928493,0.13693883699909612,1.0,0.13693883699909612,1.0,0.13693883699909612,1.0,0.1360349502862308,0.9933993399339934,0.13618559807170835,0.9944994499449945,0.13693883699909612,1.0,0.13693883699909612,1.0,0.1337752335040675,0.976897689768977,0.13693883699909612,1.0,0.13693883699909612,1.0,0.13693883699909612,1.0,0.11705332931605905,0.8547854785478548,0.13693883699909612,1.0,0.13693883699909612,1.0,0.13693883699909612,1.0
83,0.13528798928411967,1.0,0.13528798928411967,1.0,0.13528798928411967,1.0,0.13528798928411967,1.0,0.13528798928411967,1.0,0.13528798928411967,1.0,0.13528798928411967,1.0,0.13528798928411967,1.0,0.12219080220270874,0.9031903190319032,0.13528798928411967,1.0,0.13528798928411967,1.0,0.13528798928411967,1.0,0.13528798928411967,1.0,0.13528798928411967,1.0,0.13528798928411967,1.0,0.13528798928411967,1.0,0.13528798928411967,1.0,0.13528798928411967,1.0,0.13528798928411967,1.0,0.13528798928411967,1.0,0.12308379223098675,0.9097909790979097,0.13528798928411967,1.0,0.13528798928411967,1.0,0.13528798928411967,1.0,0.13528798928411967,1.0,0.13528798928411967,1.0,0.13528798928411967,1.0,0.13528798928411967,1.0,0.13528798928411967,1.0,0.13528798928411967,1.0,0.13528798928411967,1.0,0.13528798928411967,1.0,0.1268045840154785,0.9372937293729373,0.13528798928411967,1.0,0.13528798928411967,1.0,0.13528798928411967,1.0,0.13528798928411967,1.0,0.13528798928411967,1.0,0.13528798928411967,1.0,0.13528798928411967,1.0,0.13528798928411967,1.0,0.13528798928411967,1.0,0.13528798928411967,1.0,0.13528798928411967,1.0,0.13186486084238727,0.9746974697469747,0.13528798928411967,1.0,0.13528798928411967,1.0,0.13528798928411967,1.0,0.13528798928411967,1.0,0.13528798928411967,1.0,0.13528798928411967,1.0,0.13528798928411967,1.0,0.13528798928411967,1.0,0.13528798928411967,1.0,0.13528798928411967,1.0,0.13528798928411967,1.0,0.1218931388599494,0.900990099009901,0.13528798928411967,1.0,0.13528798928411967,1.0,0.13528798928411967,1.0,0.13528798928411967,1.0,0.13528798928411967,1.0,0.13528798928411967,1.0,0.13528798928411967,1.0,0.13528798928411967,1.0,0.13528798928411967,1.0,0.13528798928411967,1.0,0.13528798928411967,1.0,0.12278612888822742,0.9075907590759076,0.13528798928411967,1.0,0.13528798928411967,1.0,0.13528798928411967,1.0,0.13484149426998066,0.9966996699669967,0.13484149426998066,0.9966996699669967,0.13528798928411967,1.0,0.13528798928411967,1.0,0.12650692067271915,0.935093509350935,0.13528798928411967,1.0,0.13528798928411967,1.0,0.13528798928411967,1.0,0.11593987200476262,0.856985698569857,0.13528798928411967,1.0,0.13528798928411967,1.0,0.13528798928411967,1.0,0.1345438309272213,0.9944994499449945,0.134692662598601,0.9955995599559956,0.13528798928411967,1.0,0.13528798928411967,1.0,0.13246018752790595,0.9790979097909791,0.13528798928411967,1.0,0.13528798928411967,1.0,0.13528798928411967,1.0,0.11623753534752196,0.8591859185918592,0.13528798928411967,1.0,0.13528798928411967,1.0,0.13528798928411967,1.0
84,0.13367647058823529,1.0,0.13367647058823529,1.0,0.13367647058823529,1.0,0.13367647058823529,1.0,0.13367647058823529,1.0,0.13367647058823529,1.0,0.13367647058823529,1.0,0.13367647058823529,1.0,0.1213235294117647,0.9075907590759076,0.13367647058823529,1.0,0.13367647058823529,1.0,0.13367647058823529,1.0,0.13367647058823529,1.0,0.13367647058823529,1.0,0.13367647058823529,1.0,0.13367647058823529,1.0,0.13367647058823529,1.0,0.13367647058823529,1.0,0.13367647058823529,1.0,0.13367647058823529,1.0,0.12205882352941176,0.9130913091309131,0.13367647058823529,1.0,0.13367647058823529,1.0,0.13367647058823529,1.0,0.13367647058823529,1.0,0.13367647058823529,1.0,0.13367647058823529,1.0,0.13367647058823529,1.0,0.13367647058823529,1.0,0.13367647058823529,1.0,0.13367647058823529,1.0,0.13367647058823529,1.0,0.12573529411764706,0.9405940594059405,0.13367647058823529,1.0,0.13367647058823529,1.0,0.13367647058823529,1.0,0.13367647058823529,1.0,0.13367647058823529,1.0,0.13367647058823529,1.0,0.13367647058823529,1.0,0.13367647058823529,1.0,0.13367647058823529,1.0,0.13367647058823529,1.0,0.13367647058823529,1.0,0.13044117647058823,0.9757975797579758,0.13367647058823529,1.0,0.13367647058823529,1.0,0.13367647058823529,1.0,0.13367647058823529,1.0,0.13367647058823529,1.0,0.13367647058823529,1.0,0.13367647058823529,1.0,0.13367647058823529,1.0,0.13367647058823529,1.0,0.13367647058823529,1.0,0.13367647058823529,1.0,0.12073529411764707,0.9031903190319032,0.13367647058823529,1.0,0.13367647058823529,1.0,0.13367647058823529,1.0,0.13367647058823529,1.0,0.13367647058823529,1.0,0.13367647058823529,1.0,0.13367647058823529,1.0,0.13367647058823529,1.0,0.13367647058823529,1.0,0.13367647058823529,1.0,0.13367647058823529,1.0,0.12191176470588236,0.911991199119912,0.13367647058823529,1.0,0.13367647058823529,1.0,0.13367647058823529,1.0,0.13323529411764706,0.9966996699669967,0.13338235294117648,0.9977997799779978,0.13367647058823529,1.0,0.13367647058823529,1.0,0.12558823529411764,0.9394939493949395,0.13367647058823529,1.0,0.13367647058823529,1.0,0.13367647058823529,1.0,0.11573529411764706,0.8657865786578658,0.13367647058823529,1.0,0.13367647058823529,1.0,0.13367647058823529,1.0,0.13308823529411765,0.9955995599559956,0.13308823529411765,0.9955995599559956,0.13367647058823529,1.0,0.13367647058823529,1.0,0.1310294117647059,0.9801980198019802,0.13367647058823529,1.0,0.13367647058823529,1.0,0.13367647058823529,1.0,0.1161764705882353,0.8690869086908691,0.13367647058823529,1.0,0.13367647058823529,1.0,0.13367647058823529,1.0
85,0.1321028920215085,1.0,0.1321028920215085,1.0,0.1321028920215085,1.0,0.1321028920215085,1.0,0.1321028920215085,1.0,0.1321028920215085,1.0,0.1321028920215085,1.0,0.1321028920215085,1.0,0.12105798575788403,0.9163916391639164,0.1321028920215085,1.0,0.1321028920215085,1.0,0.1321028920215085,1.0,0.1321028920215085,1.0,0.1321028920215085,1.0,0.1321028920215085,1.0,0.1321028920215085,1.0,0.1321028920215085,1.0,0.1321028920215085,1.0,0.1321028920215085,1.0,0.1321028920215085,1.0,0.12105798575788403,0.9163916391639164,0.1321028920215085,1.0,0.1321028920215085,1.0,0.1321028920215085,1.0,0.1321028920215085,1.0,0.1321028920215085,1.0,0.1321028920215085,1.0,0.1321028920215085,1.0,0.1321028920215085,1.0,0.1321028920215085,1.0,0.1321028920215085,1.0,0.1321028920215085,1.0,0.1246911786077605,0.9438943894389439,0.1321028920215085,1.0,0.1321028920215085,1.0,0.1321028920215085,1.0,0.1321028920215085,1.0,0.1321028920215085,1.0,0.1321028920215085,1.0,0.1321028920215085,1.0,0.1321028920215085,1.0,0.1321028920215085,1.0,0.1321028920215085,1.0,0.1321028920215085,1.0,0.12934166545560238,0.9790979097909791,0.1321028920215085,1.0,0.1321028920215085,1.0,0.1321028920215085,1.0,0.1321028920215085,1.0,0.1321028920215085,1.0,0.1321028920215085,1.0,0.1321028920215085,1.0,0.1321028920215085,1.0,0.1321028920215085,1.0,0.1321028920215085,1.0,0.1321028920215085,1.0,0.12018601947391368,0.9097909790979097,0.1321028920215085,1.0,0.1321028920215085,1.0,0.1321028920215085,1.0,0.1321028920215085,1.0,0.1321028920215085,1.0,0.1321028920215085,1.0,0.1321028920215085,1.0,0.1321028920215085,1.0,0.1321028920215085,1.0,0.1321028920215085,1.0,0.1321028920215085,1.0,0.12105798575788403,0.9163916391639164,0.1321028920215085,1.0,0.1321028920215085,1.0,0.1321028920215085,1.0,0.13181223659351837,0.9977997799779978,0.13181223659351837,0.9977997799779978,0.1321028920215085,1.0,0.1321028920215085,1.0,0.12454585089376544,0.9427942794279428,0.1321028920215085,1.0,0.1321028920215085,1.0,0.1321028920215085,1.0,0.11509954948408661,0.8712871287128713,0.1321028920215085,1.0,0.1321028920215085,1.0,0.1321028920215085,1.0,0.13152158116552826,0.9955995599559956,0.13152158116552826,0.9955995599559956,0.1321028920215085,1.0,0.1321028920215085,1.0,0.12948699316959744,0.9801980198019802,0.1321028920215085,1.0,0.1321028920215085,1.0,0.1321028920215085,1.0,0.11509954948408661,0.8712871287128713,0.1321028920215085,1.0,0.1321028920215085,1.0,0.1321028920215085,1.0
86,0.13056592933065211,1.0,0.13056592933065211,1.0,0.13056592933065211,1.0,0.13056592933065211,1.0,0.13056592933065211,1.0,0.13056592933065211,1.0,0.13056592933065211,1.0,0.13056592933065211,1.0,0.12036771042803791,0.9218921892189219,0.13056592933065211,1.0,0.13056592933065211,1.0,0.13056592933065211,1.0,0.13056592933065211,1.0,0.13056592933065211,1.0,0.13056592933065211,1.0,0.13056592933065211,1.0,0.13056592933065211,1.0,0.13056592933065211,1.0,0.13056592933065211,1.0,0.13056592933065211,1.0,0.12051134731399023,0.922992299229923,0.13056592933065211,1.0,0.13056592933065211,1.0,0.13056592933065211,1.0,0.13056592933065211,1.0,0.13056592933065211,1.0,0.13056592933065211,1.0,0.13056592933065211,1.0,0.13056592933065211,1.0,0.13056592933065211,1.0,0.13056592933065211,1.0,0.13056592933065211,1.0,0.12367135880494111,0.9471947194719472,0.13056592933065211,1.0,0.13056592933065211,1.0,0.13056592933065211,1.0,0.13056592933065211,1.0,0.13056592933065211,1.0,0.13056592933065211,1.0,0.13056592933065211,1.0,0.13056592933065211,1.0,0.13056592933065211,1.0,0.13056592933065211,1.0,0.13056592933065211,1.0,0.1279804653835105,0.9801980198019802,0.13056592933065211,1.0,0.13056592933065211,1.0,0.13056592933065211,1.0,0.13056592933065211,1.0,0.13056592933065211,1.0,0.13056592933065211,1.0,0.13056592933065211,1.0,0.13056592933065211,1.0,0.13056592933065211,1.0,0.13056592933065211,1.0,0.13056592933065211,1.0,0.1189313415685148,0.9108910891089109,0.13056592933065211,1.0,0.13056592933065211,1.0,0.13056592933065211,1.0,0.13056592933065211,1.0,0.13056592933065211,1.0,0.13056592933065211,1.0,0.13056592933065211,1.0,0.13056592933065211,1.0,0.13056592933065211,1.0,0.13056592933065211,1.0,0.13056592933065211,1.0,0.12022407354208561,0.9207920792079208,0.13056592933065211,1.0,0.13056592933065211,1.0,0.13056592933065211,1.0,0.13027865555874749,0.9977997799779978,0.13027865555874749,0.9977997799779978,0.13056592933065211,1.0,0.13056592933065211,1.0,0.12410226946279805,0.9504950495049505,0.13056592933065211,1.0,0.13056592933065211,1.0,0.13056592933065211,1.0,0.1144785981039931,0.8767876787678768,0.13056592933065211,1.0,0.13056592933065211,1.0,0.13056592933065211,1.0,0.12999138178684286,0.9955995599559956,0.12999138178684286,0.9955995599559956,0.13056592933065211,1.0,0.13056592933065211,1.0,0.1279804653835105,0.9801980198019802,0.13056592933065211,1.0,0.13056592933065211,1.0,0.13056592933065211,1.0,0.11490950876185005,0.8800880088008801,0.13056592933065211,1.0,0.13056592933065211,1.0,0.13056592933065211,1.0
87,0.12906431918216668,1.0,0.12906431918216668,1.0,0.12906431918216668,1.0,0.12906431918216668,1.0,0.12906431918216668,1.0,0.12906431918216668,1.0,0.12906431918216668,1.0,0.12906431918216668,1.0,0.11940934260968337,0.9251925192519251,0.12906431918216668,1.0,0.12906431918216668,1.0,0.12906431918216668,1.0,0.12906431918216668,1.0,0.12906431918216668,1.0,0.12906431918216668,1.0,0.12906431918216668,1.0,0.12906431918216668,1.0,0.12906431918216668,1.0,0.12906431918216668,1.0,0.12906431918216668,1.0,0.11969331250887406,0.9273927392739274,0.12906431918216668,1.0,0.12906431918216668,1.0,0.12906431918216668,1.0,0.12906431918216668,1.0,0.12906431918216668,1.0,0.12906431918216668,1.0,0.12906431918216668,1.0,0.12906431918216668,1.0,0.12906431918216668,1.0,0.12906431918216668,1.0,0.12906431918216668,1.0,0.12239102655118557,0.9482948294829483,0.12906431918216668,1.0,0.12906431918216668,1.0,0.12906431918216668,1.0,0.12906431918216668,1.0,0.12906431918216668,1.0,0.12906431918216668,1.0,0.12906431918216668,1.0,0.12906431918216668,1.0,0.12906431918216668,1.0,0.12906431918216668,1.0,0.12906431918216668,1.0,0.1267925599886412,0.9823982398239824,0.12906431918216668,1.0,0.12906431918216668,1.0,0.12906431918216668,1.0,0.12906431918216668,1.0,0.12906431918216668,1.0,0.12906431918216668,1.0,0.12906431918216668,1.0,0.12906431918216668,1.0,0.12906431918216668,1.0,0.12906431918216668,1.0,0.12906431918216668,1.0,0.11841544796251598,0.9174917491749175,0.12906431918216668,1.0,0.12906431918216668,1.0,0.12906431918216668,1.0,0.12906431918216668,1.0,0.12906431918216668,1.0,0.12906431918216668,1.0,0.12906431918216668,1.0,0.12906431918216668,1.0,0.12906431918216668,1.0,0.12906431918216668,1.0,0.12906431918216668,1.0,0.11955132755927872,0.9262926292629263,0.12906431918216668,1.0,0.12906431918216668,1.0,0.12906431918216668,1.0,0.128780349282976,0.9977997799779978,0.12892233423257135,0.9988998899889989,0.12906431918216668,1.0,0.12906431918216668,1.0,0.12338492119835298,0.9559955995599559,0.12906431918216668,1.0,0.12906431918216668,1.0,0.12906431918216668,1.0,0.11415589947465568,0.8844884488448845,0.12906431918216668,1.0,0.12906431918216668,1.0,0.12906431918216668,1.0,0.12863836433338066,0.9966996699669967,0.12863836433338066,0.9966996699669967,0.12906431918216668,1.0,0.12906431918216668,1.0,0.12707652988783188,0.9845984598459846,0.12906431918216668,1.0,0.12906431918216668,1.0,0.12906431918216668,1.0,0.11472383927303706,0.8888888888888888,0.12906431918216668,1.0,0.12906431918216668,1.0,0.12906431918216668,1.0
88,0.12759685569904547,1.0,0.12759685569904547,1.0,0.12759685569904547,1.0,0.12759685569904547,1.0,0.12759685569904547,1.0,0.12759685569904547,1.0,0.12759685569904547,1.0,0.12759685569904547,1.0,0.11833239752947781,0.9273927392739274,0.12759685569904547,1.0,0.12759685569904547,1.0,0.12759685569904547,1.0,0.12759685569904547,1.0,0.12759685569904547,1.0,0.12759685569904547,1.0,0.12759685569904547,1.0,0.12759685569904547,1.0,0.12759685569904547,1.0,0.12759685569904547,1.0,0.12759685569904547,1.0,0.11945536215609208,0.9361936193619362,0.12759685569904547,1.0,0.12759685569904547,1.0,0.12759685569904547,1.0,0.12759685569904547,1.0,0.12759685569904547,1.0,0.12759685569904547,1.0,0.12759685569904547,1.0,0.12759685569904547,1.0,0.12759685569904547,1.0,0.12759685569904547,1.0,0.12759685569904547,1.0,0.12184166198764738,0.9548954895489549,0.12759685569904547,1.0,0.12759685569904547,1.0,0.12759685569904547,1.0,0.12759685569904547,1.0,0.12759685569904547,1.0,0.12759685569904547,1.0,0.12759685569904547,1.0,0.12759685569904547,1.0,0.12759685569904547,1.0,0.12759685569904547,1.0,0.12759685569904547,1.0,0.12535092644581697,0.9823982398239824,0.12759685569904547,1.0,0.12759685569904547,1.0,0.12759685569904547,1.0,0.12759685569904547,1.0,0.12759685569904547,1.0,0.12759685569904547,1.0,0.12759685569904547,1.0,0.12759685569904547,1.0,0.12759685569904547,1.0,0.12759685569904547,1.0,0.12759685569904547,1.0,0.11819202695115104,0.9262926292629263,0.12759685569904547,1.0,0.12759685569904547,1.0,0.12759685569904547,1.0,0.12759685569904547,1.0,0.12759685569904547,1.0,0.12759685569904547,1.0,0.12759685569904547,1.0,0.12759685569904547,1.0,0.12759685569904547,1.0,0.12759685569904547,1.0,0.12759685569904547,1.0,0.11875350926445817,0.9306930693069307,0.12759685569904547,1.0,0.12759685569904547,1.0,0.12759685569904547,1.0,0.1274564851207187,0.9988998899889989,0.1274564851207187,0.9988998899889989,0.12759685569904547,1.0,0.12759685569904547,1.0,0.12226277372262774,0.9581958195819582,0.12759685569904547,1.0,0.12759685569904547,1.0,0.12759685569904547,1.0,0.11426165075800113,0.8954895489548955,0.12759685569904547,1.0,0.12759685569904547,1.0,0.12759685569904547,1.0,0.12717574396406514,0.9966996699669967,0.12717574396406514,0.9966996699669967,0.12759685569904547,1.0,0.12759685569904547,1.0,0.12633352049410443,0.9900990099009901,0.12759685569904547,1.0,0.12759685569904547,1.0,0.12759685569904547,1.0,0.1144020213363279,0.8965896589658966,0.12759685569904547,1.0,0.12759685569904547,1.0,0.12759685569904547,1.0
89,0.12616238723108952,1.0,0.12616238723108952,1.0,0.12616238723108952,1.0,0.12616238723108952,1.0,0.12616238723108952,1.0,0.12616238723108952,1.0,0.12616238723108952,1.0,0.12616238723108952,1.0,0.11741845940319223,0.9306930693069307,0.12616238723108952,1.0,0.12616238723108952,1.0,0.12616238723108952,1.0,0.12616238723108952,1.0,0.12616238723108952,1.0,0.12616238723108952,1.0,0.12616238723108952,1.0,0.12616238723108952,1.0,0.12616238723108952,1.0,0.12616238723108952,1.0,0.12616238723108952,1.0,0.11908396946564885,0.9438943894389439,0.12616238723108952,1.0,0.12616238723108952,1.0,0.12616238723108952,1.0,0.12616238723108952,1.0,0.12616238723108952,1.0,0.12616238723108952,1.0,0.12616238723108952,1.0,0.12616238723108952,1.0,0.12616238723108952,1.0,0.12616238723108952,1.0,0.12616238723108952,1.0,0.12074947952810548,0.9570957095709571,0.12616238723108952,1.0,0.12616238723108952,1.0,0.12616238723108952,1.0,0.12616238723108952,1.0,0.12616238723108952,1.0,0.12616238723108952,1.0,0.12616238723108952,1.0,0.12616238723108952,1.0,0.12616238723108952,1.0,0.12616238723108952,1.0,0.12616238723108952,1.0,0.12435808466342818,0.9856985698569857,0.12616238723108952,1.0,0.12616238723108952,1.0,0.12616238723108952,1.0,0.12616238723108952,1.0,0.12616238723108952,1.0,0.12616238723108952,1.0,0.12616238723108952,1.0,0.12616238723108952,1.0,0.12616238723108952,1.0,0.12616238723108952,1.0,0.12616238723108952,1.0,0.11741845940319223,0.9306930693069307,0.12616238723108952,1.0,0.12616238723108952,1.0,0.12616238723108952,1.0,0.12616238723108952,1.0,0.12616238723108952,1.0,0.12616238723108952,1.0,0.12616238723108952,1.0,0.12616238723108952,1.0,0.12616238723108952,1.0,0.12616238723108952,1.0,0.12616238723108952,1.0,0.11908396946564885,0.9438943894389439,0.12616238723108952,1.0,0.12616238723108952,1.0,0.12616238723108952,1.0,0.1260235947258848,0.9988998899889989,0.1260235947258848,0.9988998899889989,0.12616238723108952,1.0,0.12616238723108952,1.0,0.12130464954892436,0.9614961496149615,0.12616238723108952,1.0,0.12616238723108952,1.0,0.12616238723108952,1.0,0.11436502428868842,0.9064906490649065,0.12616238723108952,1.0,0.12616238723108952,1.0,0.12616238723108952,1.0,0.12574600971547537,0.9966996699669967,0.12574600971547537,0.9966996699669967,0.12616238723108952,1.0,0.12616238723108952,1.0,0.1253296321998612,0.9933993399339934,0.12616238723108952,1.0,0.12616238723108952,1.0,0.12616238723108952,1.0,0.11450381679389313,0.9075907590759076,0.12616238723108952,1.0,0.12616238723108952,1.0,0.12616238723108952,1.0
90,0.12475981334065331,1.0,0.12475981334065331,1.0,0.12475981334065331,1.0,0.12475981334065331,1.0,0.12475981334065331,1.0,0.12475981334065331,1.0,0.12475981334065331,1.0,0.12475981334065331,1.0,0.11611309360417238,0.9306930693069307,0.12475981334065331,1.0,0.12475981334065331,1.0,0.12475981334065331,1.0,0.12475981334065331,1.0,0.12475981334065331,1.0,0.12475981334065331,1.0,0.12475981334065331,1.0,0.12475981334065331,1.0,0.12475981334065331,1.0,0.12475981334065331,1.0,0.12475981334065331,1.0,0.1189953335163327,0.9537953795379538,0.12475981334065331,1.0,0.12475981334065331,1.0,0.12475981334065331,1.0,0.12475981334065331,1.0,0.12475981334065331,1.0,0.12475981334065331,1.0,0.12475981334065331,1.0,0.12475981334065331,1.0,0.12475981334065331,1.0,0.12475981334065331,1.0,0.12475981334065331,1.0,0.12009332967334614,0.9625962596259626,0.12475981334065331,1.0,0.12475981334065331,1.0,0.12475981334065331,1.0,0.12475981334065331,1.0,0.12475981334065331,1.0,0.12475981334065331,1.0,0.12475981334065331,1.0,0.12475981334065331,1.0,0.12475981334065331,1.0,0.12475981334065331,1.0,0.12475981334065331,1.0,0.12325006862475982,0.9878987898789879,0.12475981334065331,1.0,0.12475981334065331,1.0,0.12475981334065331,1.0,0.12475981334065331,1.0,0.12475981334065331,1.0,0.12475981334065331,1.0,0.12475981334065331,1.0,0.12475981334065331,1.0,0.12475981334065331,1.0,0.12475981334065331,1.0,0.12475981334065331,1.0,0.11611309360417238,0.9306930693069307,0.12475981334065331,1.0,0.12475981334065331,1.0,0.12475981334065331,1.0,0.12475981334065331,1.0,0.12475981334065331,1.0,0.12475981334065331,1.0,0.12475981334065331,1.0,0.12475981334065331,1.0,0.12475981334065331,1.0,0.12475981334065331,1.0,0.12475981334065331,1.0,0.1189953335163327,0.9537953795379538,0.12475981334065331,1.0,0.12475981334065331,1.0,0.12475981334065331,1.0,0.12475981334065331,1.0,0.12475981334065331,1.0,0.12475981334065331,1.0,0.12475981334065331,1.0,0.1203678287125995,0.9647964796479648,0.12475981334065331,1.0,0.12475981334065331,1.0,0.12475981334065331,1.0,0.11391710129014548,0.9130913091309131,0.12475981334065331,1.0,0.12475981334065331,1.0,0.12475981334065331,1.0,0.12434806478177327,0.9966996699669967,0.12448531430139995,0.9977997799779978,0.12475981334065331,1.0,0.12475981334065331,1.0,0.12393631622289322,0.9933993399339934,0.12475981334065331,1.0,0.12475981334065331,1.0,0.12475981334065331,1.0,0.11419160032939885,0.9152915291529153,0.12475981334065331,1.0,0.12475981334065331,1.0,0.12475981334065331,1.0
91,0.1233880819872404,1.0,0.1233880819872404,1.0,0.1233880819872404,1.0,0.1233880819872404,1.0,0.1233880819872404,1.0,0.1233880819872404,1.0,0.1233880819872404,1.0,0.1233880819872404,1.0,0.11537939459752952,0.935093509350935,0.1233880819872404,1.0,0.1233880819872404,1.0,0.1233880819872404,1.0,0.1233880819872404,1.0,0.1233880819872404,1.0,0.1233880819872404,1.0,0.1233880819872404,1.0,0.1233880819872404,1.0,0.1233880819872404,1.0,0.1233880819872404,1.0,0.1233880819872404,1.0,0.11836568481064205,0.9592959295929593,0.1233880819872404,1.0,0.1233880819872404,1.0,0.1233880819872404,1.0,0.1233880819872404,1.0,0.1233880819872404,1.0,0.1233880819872404,1.0,0.1233880819872404,1.0,0.1233880819872404,1.0,0.1233880819872404,1.0,0.1233880819872404,1.0,0.1233880819872404,1.0,0.1189086466675716,0.9636963696369637,0.1233880819872404,1.0,0.1233880819872404,1.0,0.1233880819872404,1.0,0.1233880819872404,1.0,0.1233880819872404,1.0,0.1233880819872404,1.0,0.1233880819872404,1.0,0.1233880819872404,1.0,0.1233880819872404,1.0,0.1233880819872404,1.0,0.1233880819872404,1.0,0.12216641780914891,0.9900990099009901,0.1233880819872404,1.0,0.1233880819872404,1.0,0.1233880819872404,1.0,0.1233880819872404,1.0,0.1233880819872404,1.0,0.1233880819872404,1.0,0.1233880819872404,1.0,0.1233880819872404,1.0,0.1233880819872404,1.0,0.1233880819872404,1.0,0.1233880819872404,1.0,0.11524365413329714,0.933993399339934,0.1233880819872404,1.0,0.1233880819872404,1.0,0.1233880819872404,1.0,0.1233880819872404,1.0,0.1233880819872404,1.0,0.1233880819872404,1.0,0.1233880819872404,1.0,0.1233880819872404,1.0,0.1233880819872404,1.0,0.1233880819872404,1.0,0.1233880819872404,1.0,0.11863716573910683,0.9614961496149615,0.1233880819872404,1.0,0.1233880819872404,1.0,0.1233880819872404,1.0,0.1233880819872404,1.0,0.1233880819872404,1.0,0.1233880819872404,1.0,0.1233880819872404,1.0,0.12013031084566309,0.9735973597359736,0.1233880819872404,1.0,0.1233880819872404,1.0,0.1233880819872404,1.0,0.11388624949097326,0.922992299229923,0.1233880819872404,1.0,0.1233880819872404,1.0,0.1233880819872404,1.0,0.12325234152300801,0.9988998899889989,0.12325234152300801,0.9988998899889989,0.1233880819872404,1.0,0.1233880819872404,1.0,0.12298086059454323,0.9966996699669967,0.1233880819872404,1.0,0.1233880819872404,1.0,0.1233880819872404,1.0,0.11402198995520564,0.9240924092409241,0.1233880819872404,1.0,0.1233880819872404,1.0,0.1233880819872404,1.0
92,0.12204618689581095,1.0,0.12204618689581095,1.0,0.12204618689581095,1.0,0.12204618689581095,1.0,0.12204618689581095,1.0,0.12204618689581095,1.0,0.12204618689581095,1.0,0.12204618689581095,1.0,0.11546723952738991,0.9460946094609461,0.12204618689581095,1.0,0.12204618689581095,1.0,0.12204618689581095,1.0,0.12204618689581095,1.0,0.12204618689581095,1.0,0.12204618689581095,1.0,0.12204618689581095,1.0,0.12204618689581095,1.0,0.12204618689581095,1.0,0.12204618689581095,1.0,0.12204618689581095,1.0,0.11761546723952739,0.9636963696369637,0.12204618689581095,1.0,0.12204618689581095,1.0,0.12204618689581095,1.0,0.12204618689581095,1.0,0.12204618689581095,1.0,0.12204618689581095,1.0,0.12204618689581095,1.0,0.12204618689581095,1.0,0.12204618689581095,1.0,0.12204618689581095,1.0,0.12204618689581095,1.0,0.11801825993555316,0.966996699669967,0.12204618689581095,1.0,0.12204618689581095,1.0,0.12204618689581095,1.0,0.12204618689581095,1.0,0.12204618689581095,1.0,0.12204618689581095,1.0,0.12204618689581095,1.0,0.12204618689581095,1.0,0.12204618689581095,1.0,0.12204618689581095,1.0,0.12204618689581095,1.0,0.12097207303974221,0.9911991199119912,0.12204618689581095,1.0,0.12204618689581095,1.0,0.12204618689581095,1.0,0.12204618689581095,1.0,0.12204618689581095,1.0,0.12204618689581095,1.0,0.12204618689581095,1.0,0.12204618689581095,1.0,0.12204618689581095,1.0,0.12204618689581095,1.0,0.12204618689581095,1.0,0.11573576799140708,0.9482948294829483,0.12204618689581095,1.0,0.12204618689581095,1.0,0.12204618689581095,1.0,0.12204618689581095,1.0,0.12204618689581095,1.0,0.12204618689581095,1.0,0.12204618689581095,1.0,0.12204618689581095,1.0,0.12204618689581095,1.0,0.12204618689581095,1.0,0.12204618689581095,1.0,0.11788399570354458,0.9658965896589659,0.12204618689581095,1.0,0.12204618689581095,1.0,0.12204618689581095,1.0,0.12204618689581095,1.0,0.12204618689581095,1.0,0.12204618689581095,1.0,0.12204618689581095,1.0,0.11989795918367346,0.9823982398239824,0.12204618689581095,1.0,0.12204618689581095,1.0,0.12204618689581095,1.0,0.11412459720730397,0.935093509350935,0.12204618689581095,1.0,0.12204618689581095,1.0,0.12204618689581095,1.0,0.12191192266380237,0.9988998899889989,0.12191192266380237,0.9988998899889989,0.12204618689581095,1.0,0.12204618689581095,1.0,0.12177765843179376,0.9977997799779978,0.12204618689581095,1.0,0.12204618689581095,1.0,0.12204618689581095,1.0,0.11425886143931256,0.9361936193619362,0.12204618689581095,1.0,0.12204618689581095,1.0,0.12204618689581095,1.0
93,0.12073316509496614,1.0,0.12073316509496614,1.0,0.12073316509496614,1.0,0.12073316509496614,1.0,0.12073316509496614,1.0,0.12073316509496614,1.0,0.12073316509496614,1.0,0.12073316509496614,1.0,0.11581883384247577,0.9592959295929593,0.12073316509496614,1.0,0.12073316509496614,1.0,0.12073316509496614,1.0,0.12073316509496614,1.0,0.12073316509496614,1.0,0.12073316509496614,1.0,0.12073316509496614,1.0,0.12073316509496614,1.0,0.12073316509496614,1.0,0.12073316509496614,1.0,0.12073316509496614,1.0,0.11727985124186478,0.9713971397139713,0.12073316509496614,1.0,0.12073316509496614,1.0,0.12073316509496614,1.0,0.12073316509496614,1.0,0.12073316509496614,1.0,0.12073316509496614,1.0,0.12073316509496614,1.0,0.12073316509496614,1.0,0.12073316509496614,1.0,0.12073316509496614,1.0,0.12073316509496614,1.0,0.11741267100544561,0.9724972497249725,0.12073316509496614,1.0,0.12073316509496614,1.0,0.12073316509496614,1.0,0.12073316509496614,1.0,0.12073316509496614,1.0,0.12073316509496614,1.0,0.12073316509496614,1.0,0.12073316509496614,1.0,0.12073316509496614,1.0,0.12073316509496614,1.0,0.12073316509496614,1.0,0.11980342674990038,0.9922992299229924,0.12073316509496614,1.0,0.12073316509496614,1.0,0.12073316509496614,1.0,0.12073316509496614,1.0,0.12073316509496614,1.0,0.12073316509496614,1.0,0.12073316509496614,1.0,0.12073316509496614,1.0,0.12073316509496614,1.0,0.12073316509496614,1.0,0.12073316509496614,1.0,0.1160844733696374,0.9614961496149615,0.12073316509496614,1.0,0.12073316509496614,1.0,0.12073316509496614,1.0,0.12073316509496614,1.0,0.12073316509496614,1.0,0.12073316509496614,1.0,0.12073316509496614,1.0,0.12073316509496614,1.0,0.12073316509496614,1.0,0.12073316509496614,1.0,0.12073316509496614,1.0,0.11714703147828397,0.9702970297029703,0.12073316509496614,1.0,0.12073316509496614,1.0,0.12073316509496614,1.0,0.12073316509496614,1.0,0.12073316509496614,1.0,0.12073316509496614,1.0,0.12073316509496614,1.0,0.11940496745915792,0.988998899889989,0.12073316509496614,1.0,0.12073316509496614,1.0,0.12073316509496614,1.0,0.11382653738876344,0.9427942794279428,0.12073316509496614,1.0,0.12073316509496614,1.0,0.12073316509496614,1.0,0.1206003453313853,0.9988998899889989,0.1206003453313853,0.9988998899889989,0.12073316509496614,1.0,0.12073316509496614,1.0,0.1206003453313853,0.9988998899889989,0.12073316509496614,1.0,0.12073316509496614,1.0,0.12073316509496614,1.0,0.11382653738876344,0.9427942794279428,0.12073316509496614,1.0,0.12073316509496614,1.0,0.12073316509496614,1.0
94,0.11944809461235217,1.0,0.11944809461235217,1.0,0.11944809461235217,1.0,0.11944809461235217,1.0,0.11944809461235217,1.0,0.11944809461235217,1.0,0.11944809461235217,1.0,0.11944809461235217,1.0,0.11603153745072273,0.9713971397139713,0.11944809461235217,1.0,0.11944809461235217,1.0,0.11944809461235217,1.0,0.11944809461235217,1.0,0.11944809461235217,1.0,0.11944809461235217,1.0,0.11944809461235217,1.0,0.11944809461235217,1.0,0.11944809461235217,1.0,0.11944809461235217,1.0,0.11944809461235217,1.0,0.11603153745072273,0.9713971397139713,0.11944809461235217,1.0,0.11944809461235217,1.0,0.11944809461235217,1.0,0.11944809461235217,1.0,0.11944809461235217,1.0,0.11944809461235217,1.0,0.11944809461235217,1.0,0.11944809461235217,1.0,0.11944809461235217,1.0,0.11944809461235217,1.0,0.11944809461235217,1.0,0.11629434954007885,0.9735973597359736,0.11944809461235217,1.0,0.11944809461235217,1.0,0.11944809461235217,1.0,0.11944809461235217,1.0,0.11944809461235217,1.0,0.11944809461235217,1.0,0.11944809461235217,1.0,0.11944809461235217,1.0,0.11944809461235217,1.0,0.11944809461235217,1.0,0.11944809461235217,1.0,0.11865965834428384,0.9933993399339934,0.11944809461235217,1.0,0.11944809461235217,1.0,0.11944809461235217,1.0,0.11944809461235217,1.0,0.11944809461235217,1.0,0.11944809461235217,1.0,0.11944809461235217,1.0,0.11944809461235217,1.0,0.11944809461235217,1.0,0.11944809461235217,1.0,0.11944809461235217,1.0,0.11603153745072273,0.9713971397139713,0.11944809461235217,1.0,0.11944809461235217,1.0,0.11944809461235217,1.0,0.11944809461235217,1.0,0.11944809461235217,1.0,0.11944809461235217,1.0,0.11944809461235217,1.0,0.11944809461235217,1.0,0.11944809461235217,1.0,0.11944809461235217,1.0,0.11944809461235217,1.0,0.11603153745072273,0.9713971397139713,0.11944809461235217,1.0,0.11944809461235217,1.0,0.11944809461235217,1.0,0.11944809461235217,1.0,0.11944809461235217,1.0,0.11944809461235217,1.0,0.11944809461235217,1.0,0.11826544021024968,0.9900990099009901,0.11944809461235217,1.0,0.11944809461235217,1.0,0.11944809461235217,1.0,0.11366622864651774,0.9515951595159516,0.11944809461235217,1.0,0.11944809461235217,1.0,0.11944809461235217,1.0,0.1193166885676741,0.9988998899889989,0.1193166885676741,0.9988998899889989,0.11944809461235217,1.0,0.11944809461235217,1.0,0.1193166885676741,0.9988998899889989,0.11944809461235217,1.0,0.11944809461235217,1.0,0.11944809461235217,1.0,0.11379763469119579,0.9526952695269527,0.11944809461235217,1.0,0.11944809461235217,1.0,0.11944809461235217,1.0
95,0.11819009231569366,1.0,0.11819009231569366,1.0,0.11819009231569366,1.0,0.11819009231569366,1.0,0.11819009231569366,1.0,0.11819009231569366,1.0,0.11819009231569366,1.0,0.11819009231569366,1.0,0.11506956182551034,0.9735973597359736,0.11819009231569366,1.0,0.11819009231569366,1.0,0.11819009231569366,1.0,0.11819009231569366,1.0,0.11819009231569366,1.0,0.11819009231569366,1.0,0.11819009231569366,1.0,0.11819009231569366,1.0,0.11819009231569366,1.0,0.11819009231569366,1.0,0.11819009231569366,1.0,0.11480951761799506,0.9713971397139713,0.11819009231569366,1.0,0.11819009231569366,1.0,0.11819009231569366,1.0,0.11819009231569366,1.0,0.11819009231569366,1.0,0.11819009231569366,1.0,0.11819009231569366,1.0,0.11819009231569366,1.0,0.11819009231569366,1.0,0.11819009231569366,1.0,0.11819009231569366,1.0,0.11506956182551034,0.9735973597359736,0.11819009231569366,1.0,0.11819009231569366,1.0,0.11819009231569366,1.0,0.11819009231569366,1.0,0.11819009231569366,1.0,0.11819009231569366,1.0,0.11819009231569366,1.0,0.11819009231569366,1.0,0.11819009231569366,1.0,0.11819009231569366,1.0,0.11819009231569366,1.0,0.11780002600442076,0.9966996699669967,0.11819009231569366,1.0,0.11819009231569366,1.0,0.11819009231569366,1.0,0.11819009231569366,1.0,0.11819009231569366,1.0,0.11819009231569366,1.0,0.11819009231569366,1.0,0.11819009231569366,1.0,0.11819009231569366,1.0,0.11819009231569366,1.0,0.11819009231569366,1.0,0.11506956182551034,0.9735973597359736,0.11819009231569366,1.0,0.11819009231569366,1.0,0.11819009231569366,1.0,0.11819009231569366,1.0,0.11819009231569366,1.0,0.11819009231569366,1.0,0.11819009231569366,1.0,0.11819009231569366,1.0,0.11819009231569366,1.0,0.11819009231569366,1.0,0.11819009231569366,1.0,0.11480951761799506,0.9713971397139713,0.11819009231569366,1.0,0.11819009231569366,1.0,0.11819009231569366,1.0,0.11819009231569366,1.0,0.11819009231569366,1.0,0.11819009231569366,1.0,0.11819009231569366,1.0,0.11727993758939019,0.9922992299229924,0.11819009231569366,1.0,0.11819009231569366,1.0,0.11819009231569366,1.0,0.11389936289169159,0.9636963696369637,0.11819009231569366,1.0,0.11819009231569366,1.0,0.11819009231569366,1.0,0.11819009231569366,1.0,0.11819009231569366,1.0,0.11819009231569366,1.0,0.11819009231569366,1.0,0.11806007021193603,0.9988998899889989,0.11819009231569366,1.0,0.11819009231569366,1.0,0.11819009231569366,1.0,0.11376934078793395,0.9625962596259626,0.11819009231569366,1.0,0.11819009231569366,1.0,0.11819009231569366,1.0
96,0.1169583118888317,1.0,0.1169583118888317,1.0,0.1169583118888317,1.0,0.1169583118888317,1.0,0.1169583118888317,1.0,0.1169583118888317,1.0,0.1169583118888317,1.0,0.1169583118888317,1.0,0.11438497169325784,0.977997799779978,0.1169583118888317,1.0,0.1169583118888317,1.0,0.1169583118888317,1.0,0.1169583118888317,1.0,0.1169583118888317,1.0,0.1169583118888317,1.0,0.1169583118888317,1.0,0.1169583118888317,1.0,0.1169583118888317,1.0,0.1169583118888317,1.0,0.1169583118888317,1.0,0.11489963973237262,0.9823982398239824,0.1169583118888317,1.0,0.1169583118888317,1.0,0.1169583118888317,1.0,0.1169583118888317,1.0,0.1169583118888317,1.0,0.1169583118888317,1.0,0.1169583118888317,1.0,0.1169583118888317,1.0,0.1169583118888317,1.0,0.1169583118888317,1.0,0.1169583118888317,1.0,0.11464230571281524,0.9801980198019802,0.1169583118888317,1.0,0.1169583118888317,1.0,0.1169583118888317,1.0,0.1169583118888317,1.0,0.1169583118888317,1.0,0.1169583118888317,1.0,0.1169583118888317,1.0,0.1169583118888317,1.0,0.1169583118888317,1.0,0.1169583118888317,1.0,0.1169583118888317,1.0,0.11682964487905301,0.9988998899889989,0.1169583118888317,1.0,0.1169583118888317,1.0,0.1169583118888317,1.0,0.1169583118888317,1.0,0.1169583118888317,1.0,0.1169583118888317,1.0,0.1169583118888317,1.0,0.1169583118888317,1.0,0.1169583118888317,1.0,0.1169583118888317,1.0,0.1169583118888317,1.0,0.11451363870303655,0.9790979097909791,0.1169583118888317,1.0,0.1169583118888317,1.0,0.1169583118888317,1.0,0.1169583118888317,1.0,0.1169583118888317,1.0,0.1169583118888317,1.0,0.1169583118888317,1.0,0.1169583118888317,1.0,0.1169583118888317,1.0,0.1169583118888317,1.0,0.1169583118888317,1.0,0.11515697375193,0.9845984598459846,0.1169583118888317,1.0,0.1169583118888317,1.0,0.1169583118888317,1.0,0.1169583118888317,1.0,0.1169583118888317,1.0,0.1169583118888317,1.0,0.1169583118888317,1.0,0.11618630983015955,0.9933993399339934,0.1169583118888317,1.0,0.1169583118888317,1.0,0.1169583118888317,1.0,0.11322696860524961,0.9680968096809681,0.1169583118888317,1.0,0.1169583118888317,1.0,0.1169583118888317,1.0,0.1169583118888317,1.0,0.1169583118888317,1.0,0.1169583118888317,1.0,0.1169583118888317,1.0,0.11682964487905301,0.9988998899889989,0.1169583118888317,1.0,0.1169583118888317,1.0,0.1169583118888317,1.0,0.11322696860524961,0.9680968096809681,0.1169583118888317,1.0,0.1169583118888317,1.0,0.1169583118888317,1.0
97,0.11575194193301923,1.0,0.11575194193301923,1.0,0.11575194193301923,1.0,0.11575194193301923,1.0,0.11575194193301923,1.0,0.11575194193301923,1.0,0.11575194193301923,1.0,0.11575194193301923,1.0,0.11435120336177257,0.9878987898789879,0.11575194193301923,1.0,0.11575194193301923,1.0,0.11575194193301923,1.0,0.11575194193301923,1.0,0.11575194193301923,1.0,0.11575194193301923,1.0,0.11575194193301923,1.0,0.11575194193301923,1.0,0.11575194193301923,1.0,0.11575194193301923,1.0,0.11575194193301923,1.0,0.11422386349165924,0.9867986798679867,0.11575194193301923,1.0,0.11575194193301923,1.0,0.11575194193301923,1.0,0.11575194193301923,1.0,0.11575194193301923,1.0,0.11575194193301923,1.0,0.11575194193301923,1.0,0.11575194193301923,1.0,0.11575194193301923,1.0,0.11575194193301923,1.0,0.11575194193301923,1.0,0.1144785432318859,0.988998899889989,0.11575194193301923,1.0,0.11575194193301923,1.0,0.11575194193301923,1.0,0.11575194193301923,1.0,0.11575194193301923,1.0,0.11575194193301923,1.0,0.11575194193301923,1.0,0.11575194193301923,1.0,0.11575194193301923,1.0,0.11575194193301923,1.0,0.11575194193301923,1.0,0.1156246020629059,0.9988998899889989,0.11575194193301923,1.0,0.11575194193301923,1.0,0.11575194193301923,1.0,0.11575194193301923,1.0,0.11575194193301923,1.0,0.11575194193301923,1.0,0.11575194193301923,1.0,0.11575194193301923,1.0,0.11575194193301923,1.0,0.11575194193301923,1.0,0.11575194193301923,1.0,0.1140965236215459,0.9856985698569857,0.11575194193301923,1.0,0.11575194193301923,1.0,0.11575194193301923,1.0,0.11575194193301923,1.0,0.11575194193301923,1.0,0.11575194193301923,1.0,0.11575194193301923,1.0,0.11575194193301923,1.0,0.11575194193301923,1.0,0.11575194193301923,1.0,0.11575194193301923,1.0,0.1140965236215459,0.9856985698569857,0.11575194193301923,1.0,0.11575194193301923,1.0,0.11575194193301923,1.0,0.11575194193301923,1.0,0.11575194193301923,1.0,0.11575194193301923,1.0,0.11575194193301923,1.0,0.11511524258245256,0.9944994499449945,0.11575194193301923,1.0,0.11575194193301923,1.0,0.11575194193301923,1.0,0.11333248440086591,0.9790979097909791,0.11575194193301923,1.0,0.11575194193301923,1.0,0.11575194193301923,1.0,0.11575194193301923,1.0,0.11575194193301923,1.0,0.11575194193301923,1.0,0.11575194193301923,1.0,0.11575194193301923,1.0,0.11575194193301923,1.0,0.11575194193301923,1.0,0.11575194193301923,1.0,0.11345982427097924,0.9801980198019802,0.11575194193301923,1.0,0.11575194193301923,1.0,0.11575194193301923,1.0
98,0.11457020418452231,1.0,0.11457020418452231,1.0,0.11457020418452231,1.0,0.11457020418452231,1.0,0.11457020418452231,1.0,0.11457020418452231,1.0,0.11457020418452231,1.0,0.11457020418452231,1.0,0.11368792538442148,0.9922992299229924,0.11457020418452231,1.0,0.11457020418452231,1.0,0.11457020418452231,1.0,0.11457020418452231,1.0,0.11457020418452231,1.0,0.11457020418452231,1.0,0.11457020418452231,1.0,0.11457020418452231,1.0,0.11457020418452231,1.0,0.11457020418452231,1.0,0.11457020418452231,1.0,0.11368792538442148,0.9922992299229924,0.11457020418452231,1.0,0.11457020418452231,1.0,0.11457020418452231,1.0,0.11457020418452231,1.0,0.11457020418452231,1.0,0.11457020418452231,1.0,0.11457020418452231,1.0,0.11457020418452231,1.0,0.11457020418452231,1.0,0.11457020418452231,1.0,0.11457020418452231,1.0,0.11368792538442148,0.9922992299229924,0.11457020418452231,1.0,0.11457020418452231,1.0,0.11457020418452231,1.0,0.11457020418452231,1.0,0.11457020418452231,1.0,0.11457020418452231,1.0,0.11457020418452231,1.0,0.11457020418452231,1.0,0.11457020418452231,1.0,0.11457020418452231,1.0,0.11457020418452231,1.0,0.11444416435593648,0.9988998899889989,0.11457020418452231,1.0,0.11457020418452231,1.0,0.11457020418452231,1.0,0.11457020418452231,1.0,0.11457020418452231,1.0,0.11457020418452231,1.0,0.11457020418452231,1.0,0.11457020418452231,1.0,0.11457020418452231,1.0,0.11457020418452231,1.0,0.11457020418452231,1.0,0.11305772624149231,0.9867986798679867,0.11457020418452231,1.0,0.11457020418452231,1.0,0.11457020418452231,1.0,0.11457020418452231,1.0,0.11457020418452231,1.0,0.11457020418452231,1.0,0.11457020418452231,1.0,0.11457020418452231,1.0,0.11457020418452231,1.0,0.11457020418452231,1.0,0.11457020418452231,1.0,0.11330980589866398,0.988998899889989,0.11457020418452231,1.0,0.11457020418452231,1.0,0.11457020418452231,1.0,0.11457020418452231,1.0,0.11457020418452231,1.0,0.11457020418452231,1.0,0.11457020418452231,1.0,0.11406604487017898,0.9955995599559956,0.11457020418452231,1.0,0.11457020418452231,1.0,0.11457020418452231,1.0,0.11280564658432064,0.9845984598459846,0.11457020418452231,1.0,0.11457020418452231,1.0,0.11457020418452231,1.0,0.11457020418452231,1.0,0.11457020418452231,1.0,0.11457020418452231,1.0,0.11457020418452231,1.0,0.11457020418452231,1.0,0.11457020418452231,1.0,0.11457020418452231,1.0,0.11457020418452231,1.0,0.11305772624149231,0.9867986798679867,0.11457020418452231,1.0,0.11457020418452231,1.0,0.11457020418452231,1.0
99,0.11341235184029944,1.0,0.11341235184029944,1.0,0.11341235184029944,1.0,0.11341235184029944,1.0,0.11341235184029944,1.0,0.11341235184029944,1.0,0.11341235184029944,1.0,0.11341235184029944,1.0,0.11253898939488459,0.9922992299229924,0.11341235184029944,1.0,0.11341235184029944,1.0,0.11341235184029944,1.0,0.11341235184029944,1.0,0.11341235184029944,1.0,0.11341235184029944,1.0,0.11341235184029944,1.0,0.11341235184029944,1.0,0.11341235184029944,1.0,0.11341235184029944,1.0,0.11341235184029944,1.0,0.11278852152214598,0.9944994499449945,0.11341235184029944,1.0,0.11341235184029944,1.0,0.11341235184029944,1.0,0.11341235184029944,1.0,0.11341235184029944,1.0,0.11341235184029944,1.0,0.11341235184029944,1.0,0.11341235184029944,1.0,0.11341235184029944,1.0,0.11341235184029944,1.0,0.11341235184029944,1.0,0.11291328758577666,0.9955995599559956,0.11341235184029944,1.0,0.11341235184029944,1.0,0.11341235184029944,1.0,0.11341235184029944,1.0,0.11341235184029944,1.0,0.11341235184029944,1.0,0.11341235184029944,1.0,0.11341235184029944,1.0,0.11341235184029944,1.0,0.11341235184029944,1.0,0.11341235184029944,1.0,0.11341235184029944,1.0,0.11341235184029944,1.0,0.11341235184029944,1.0,0.11341235184029944,1.0,0.11341235184029944,1.0,0.11341235184029944,1.0,0.11341235184029944,1.0,0.11341235184029944,1.0,0.11341235184029944,1.0,0.11341235184029944,1.0,0.11341235184029944,1.0,0.11341235184029944,1.0,0.11266375545851529,0.9933993399339934,0.11341235184029944,1.0,0.11341235184029944,1.0,0.11341235184029944,1.0,0.11341235184029944,1.0,0.11341235184029944,1.0,0.11341235184029944,1.0,0.11341235184029944,1.0,0.11341235184029944,1.0,0.11341235184029944,1.0,0.11341235184029944,1.0,0.11341235184029944,1.0,0.11291328758577666,0.9955995599559956,0.11341235184029944,1.0,0.11341235184029944,1.0,0.11341235184029944,1.0,0.11341235184029944,1.0,0.11341235184029944,1.0,0.11341235184029944,1.0,0.11341235184029944,1.0,0.11316281971303806,0.9977997799779978,0.11341235184029944,1.0,0.11341235184029944,1.0,0.11341235184029944,1.0,0.11228945726762321,0.9900990099009901,0.11341235184029944,1.0,0.11341235184029944,1.0,0.11341235184029944,1.0,0.11341235184029944,1.0,0.11341235184029944,1.0,0.11341235184029944,1.0,0.11341235184029944,1.0,0.11341235184029944,1.0,0.11341235184029944,1.0,0.11341235184029944,1.0,0.11341235184029944,1.0,0.11291328758577666,0.9955995599559956,0.11341235184029944,1.0,0.11341235184029944,1.0,0.11341235184029944,1.0
100,0.11227766798418973,1.0,0.11227766798418973,1.0,0.11227766798418973,1.0,0.11227766798418973,1.0,0.11227766798418973,1.0,0.11227766798418973,1.0,0.11227766798418973,1.0,0.11227766798418973,1.0,0.11227766798418973,1.0,0.11227766798418973,1.0,0.11227766798418973,1.0,0.11227766798418973,1.0,0.11227766798418973,1.0,0.11227766798418973,1.0,0.11227766798418973,1.0,0.11227766798418973,1.0,0.11227766798418973,1.0,0.11227766798418973,1.0,0.11227766798418973,1.0,0.11227766798418973,1.0,0.11227766798418973,1.0,0.11227766798418973,1.0,0.11227766798418973,1.0,0.11227766798418973,1.0,0.11227766798418973,1.0,0.11227766798418973,1.0,0.11227766798418973,1.0,0.11227766798418973,1.0,0.11227766798418973,1.0,0.11227766798418973,1.0,0.11227766798418973,1.0,0.11227766798418973,1.0,0.11227766798418973,1.0,0.11227766798418973,1.0,0.11227766798418973,1.0,0.11227766798418973,1.0,0.11227766798418973,1.0,0.11227766798418973,1.0,0.11227766798418973,1.0,0.11227766798418973,1.0,0.11227766798418973,1.0,0.11227766798418973,1.0,0.11227766798418973,1.0,0.11227766798418973,1.0,0.11227766798418973,1.0,0.11227766798418973,1.0,0.11227766798418973,1.0,0.11227766798418973,1.0,0.11227766798418973,1.0,0.11227766798418973,1.0,0.11227766798418973,1.0,0.11227766798418973,1.0,0.11227766798418973,1.0,0.11227766798418973,1.0,0.11227766798418973,1.0,0.11227766798418973,1.0,0.11227766798418973,1.0,0.11227766798418973,1.0,0.11227766798418973,1.0,0.11227766798418973,1.0,0.11227766798418973,1.0,0.11227766798418973,1.0,0.11227766798418973,1.0,0.11227766798418973,1.0,0.11227766798418973,1.0,0.11227766798418973,1.0,0.11227766798418973,1.0,0.11227766798418973,1.0,0.11227766798418973,1.0,0.11227766798418973,1.0,0.11227766798418973,1.0,0.11227766798418973,1.0,0.11227766798418973,1.0,0.11227766798418973,1.0,0.11227766798418973,1.0,0.11227766798418973,1.0,0.11227766798418973,1.0,0.11227766798418973,1.0,0.11227766798418973,1.0,0.11227766798418973,1.0,0.11227766798418973,1.0,0.11227766798418973,1.0,0.11227766798418973,1.0,0.11227766798418973,1.0,0.11227766798418973,1.0,0.11227766798418973,1.0,0.11227766798418973,1.0,0.11227766798418973,1.0,0.11227766798418973,1.0,0.11227766798418973,1.0,0.11227766798418973,1.0,0.11227766798418973,1.0,0.11227766798418973,1.0,0.11227766798418973,1.0,0.11227766798418973,1.0,0.11227766798418973,1.0
