Top_Percent,aaindex_Linear_HitRate,aaindex_Linear_Recall,aaindex_Ridge_HitRate,aaindex_Ridge_Recall,aaindex_Lasso_HitRate,aaindex_Lasso_Recall,aaindex_ElasticNet_HitRate,aaindex_ElasticNet_Recall,aaindex_NeuralNet_HitRate,aaindex_NeuralNet_Recall,aaindex_RandomForest_HitRate,aaindex_RandomForest_Recall,aaindex_XGBoost_HitRate,aaindex_XGBoost_Recall,aaindex_KNN_HitRate,aaindex_KNN_Recall,aaindex_GaussianProcess_HitRate,aaindex_GaussianProcess_Recall,aaindex_PLSRegression_HitRate,aaindex_PLSRegression_Recall,aaindex_SVR_HitRate,aaindex_SVR_Recall,aaindex_ExtraTrees_HitRate,aaindex_ExtraTrees_Recall,aaindex_with_esm_Linear_HitRate,aaindex_with_esm_Linear_Recall,aaindex_with_esm_Ridge_HitRate,aaindex_with_esm_Ridge_Recall,aaindex_with_esm_Lasso_HitRate,aaindex_with_esm_Lasso_Recall,aaindex_with_esm_ElasticNet_HitRate,aaindex_with_esm_ElasticNet_Recall,aaindex_with_esm_NeuralNet_HitRate,aaindex_with_esm_NeuralNet_Recall,aaindex_with_esm_RandomForest_HitRate,aaindex_with_esm_RandomForest_Recall,aaindex_with_esm_XGBoost_HitRate,aaindex_with_esm_XGBoost_Recall,aaindex_with_esm_KNN_HitRate,aaindex_with_esm_KNN_Recall,aaindex_with_esm_GaussianProcess_HitRate,aaindex_with_esm_GaussianProcess_Recall,aaindex_with_esm_PLSRegression_HitRate,aaindex_with_esm_PLSRegression_Recall,aaindex_with_esm_SVR_HitRate,aaindex_with_esm_SVR_Recall,aaindex_with_esm_ExtraTrees_HitRate,aaindex_with_esm_ExtraTrees_Recall,onehot_Linear_HitRate,onehot_Linear_Recall,onehot_Ridge_HitRate,onehot_Ridge_Recall,onehot_Lasso_HitRate,onehot_Lasso_Recall,onehot_ElasticNet_HitRate,onehot_ElasticNet_Recall,onehot_NeuralNet_HitRate,onehot_NeuralNet_Recall,onehot_RandomForest_HitRate,onehot_RandomForest_Recall,onehot_XGBoost_HitRate,onehot_XGBoost_Recall,onehot_KNN_HitRate,onehot_KNN_Recall,onehot_GaussianProcess_HitRate,onehot_GaussianProcess_Recall,onehot_PLSRegression_HitRate,onehot_PLSRegression_Recall,onehot_SVR_HitRate,onehot_SVR_Recall,onehot_ExtraTrees_HitRate,onehot_ExtraTrees_Recall,onehot_with_esm_Linear_HitRate,onehot_with_esm_Linear_Recall,onehot_with_esm_Ridge_HitRate,onehot_with_esm_Ridge_Recall,onehot_with_esm_Lasso_HitRate,onehot_with_esm_Lasso_Recall,onehot_with_esm_ElasticNet_HitRate,onehot_with_esm_ElasticNet_Recall,onehot_with_esm_NeuralNet_HitRate,onehot_with_esm_NeuralNet_Recall,onehot_with_esm_RandomForest_HitRate,onehot_with_esm_RandomForest_Recall,onehot_with_esm_XGBoost_HitRate,onehot_with_esm_XGBoost_Recall,onehot_with_esm_KNN_HitRate,onehot_with_esm_KNN_Recall,onehot_with_esm_GaussianProcess_HitRate,onehot_with_esm_GaussianProcess_Recall,onehot_with_esm_PLSRegression_HitRate,onehot_with_esm_PLSRegression_Recall,onehot_with_esm_SVR_HitRate,onehot_with_esm_SVR_Recall,onehot_with_esm_ExtraTrees_HitRate,onehot_with_esm_ExtraTrees_Recall,georgiev_Linear_HitRate,georgiev_Linear_Recall,georgiev_Ridge_HitRate,georgiev_Ridge_Recall,georgiev_Lasso_HitRate,georgiev_Lasso_Recall,georgiev_ElasticNet_HitRate,georgiev_ElasticNet_Recall,georgiev_NeuralNet_HitRate,georgiev_NeuralNet_Recall,georgiev_RandomForest_HitRate,georgiev_RandomForest_Recall,georgiev_XGBoost_HitRate,georgiev_XGBoost_Recall,georgiev_KNN_HitRate,georgiev_KNN_Recall,georgiev_GaussianProcess_HitRate,georgiev_GaussianProcess_Recall,georgiev_PLSRegression_HitRate,georgiev_PLSRegression_Recall,georgiev_SVR_HitRate,georgiev_SVR_Recall,georgiev_ExtraTrees_HitRate,georgiev_ExtraTrees_Recall,georgiev_with_esm_Linear_HitRate,georgiev_with_esm_Linear_Recall,georgiev_with_esm_Ridge_HitRate,georgiev_with_esm_Ridge_Recall,georgiev_with_esm_Lasso_HitRate,georgiev_with_esm_Lasso_Recall,georgiev_with_esm_ElasticNet_HitRate,georgiev_with_esm_ElasticNet_Recall,georgiev_with_esm_NeuralNet_HitRate,georgiev_with_esm_NeuralNet_Recall,georgiev_with_esm_RandomForest_HitRate,georgiev_with_esm_RandomForest_Recall,georgiev_with_esm_XGBoost_HitRate,georgiev_with_esm_XGBoost_Recall,georgiev_with_esm_KNN_HitRate,georgiev_with_esm_KNN_Recall,georgiev_with_esm_GaussianProcess_HitRate,georgiev_with_esm_GaussianProcess_Recall,georgiev_with_esm_PLSRegression_HitRate,georgiev_with_esm_PLSRegression_Recall,georgiev_with_esm_SVR_HitRate,georgiev_with_esm_SVR_Recall,georgiev_with_esm_ExtraTrees_HitRate,georgiev_with_esm_ExtraTrees_Recall,prott5_Linear_HitRate,prott5_Linear_Recall,prott5_Ridge_HitRate,prott5_Ridge_Recall,prott5_Lasso_HitRate,prott5_Lasso_Recall,prott5_ElasticNet_HitRate,prott5_ElasticNet_Recall,prott5_NeuralNet_HitRate,prott5_NeuralNet_Recall,prott5_RandomForest_HitRate,prott5_RandomForest_Recall,prott5_XGBoost_HitRate,prott5_XGBoost_Recall,prott5_KNN_HitRate,prott5_KNN_Recall,prott5_GaussianProcess_HitRate,prott5_GaussianProcess_Recall,prott5_PLSRegression_HitRate,prott5_PLSRegression_Recall,prott5_SVR_HitRate,prott5_SVR_Recall,prott5_ExtraTrees_HitRate,prott5_ExtraTrees_Recall,prott5_with_esm_Linear_HitRate,prott5_with_esm_Linear_Recall,prott5_with_esm_Ridge_HitRate,prott5_with_esm_Ridge_Recall,prott5_with_esm_Lasso_HitRate,prott5_with_esm_Lasso_Recall,prott5_with_esm_ElasticNet_HitRate,prott5_with_esm_ElasticNet_Recall,prott5_with_esm_NeuralNet_HitRate,prott5_with_esm_NeuralNet_Recall,prott5_with_esm_RandomForest_HitRate,prott5_with_esm_RandomForest_Recall,prott5_with_esm_XGBoost_HitRate,prott5_with_esm_XGBoost_Recall,prott5_with_esm_KNN_HitRate,prott5_with_esm_KNN_Recall,prott5_with_esm_GaussianProcess_HitRate,prott5_with_esm_GaussianProcess_Recall,prott5_with_esm_PLSRegression_HitRate,prott5_with_esm_PLSRegression_Recall,prott5_with_esm_SVR_HitRate,prott5_with_esm_SVR_Recall,prott5_with_esm_ExtraTrees_HitRate,prott5_with_esm_ExtraTrees_Recall
1,0.07792207792207792,0.006666666666666667,0.07792207792207792,0.006666666666666667,0.1038961038961039,0.008888888888888889,0.07792207792207792,0.006666666666666667,0.1038961038961039,0.008888888888888889,0.16883116883116883,0.014444444444444444,0.15584415584415584,0.013333333333333334,0.22077922077922077,0.01888888888888889,0.18181818181818182,0.015555555555555555,0.07792207792207792,0.006666666666666667,0.16883116883116883,0.014444444444444444,0.15584415584415584,0.013333333333333334,0.1038961038961039,0.008888888888888889,0.1038961038961039,0.008888888888888889,0.12987012987012986,0.011111111111111112,0.15584415584415584,0.013333333333333334,0.16883116883116883,0.014444444444444444,0.11688311688311688,0.01,0.22077922077922077,0.01888888888888889,0.19480519480519481,0.016666666666666666,0.2077922077922078,0.017777777777777778,0.1038961038961039,0.008888888888888889,0.23376623376623376,0.02,0.19480519480519481,0.016666666666666666,0.11688311688311688,0.01,0.11688311688311688,0.01,0.14285714285714285,0.012222222222222223,0.15584415584415584,0.013333333333333334,0.06493506493506493,0.005555555555555556,0.11688311688311688,0.01,0.18181818181818182,0.015555555555555555,0.1038961038961039,0.008888888888888889,0.12987012987012986,0.011111111111111112,0.11688311688311688,0.01,0.16883116883116883,0.014444444444444444,0.1038961038961039,0.008888888888888889,0.19480519480519481,0.016666666666666666,0.19480519480519481,0.016666666666666666,0.18181818181818182,0.015555555555555555,0.18181818181818182,0.015555555555555555,0.19480519480519481,0.016666666666666666,0.16883116883116883,0.014444444444444444,0.2077922077922078,0.017777777777777778,0.16883116883116883,0.014444444444444444,0.2077922077922078,0.017777777777777778,0.19480519480519481,0.016666666666666666,0.11688311688311688,0.01,0.11688311688311688,0.01,0.1038961038961039,0.008888888888888889,0.1038961038961039,0.008888888888888889,0.14285714285714285,0.012222222222222223,0.1038961038961039,0.008888888888888889,0.06493506493506493,0.005555555555555556,0.15584415584415584,0.013333333333333334,0.18181818181818182,0.015555555555555555,0.11688311688311688,0.01,0.1038961038961039,0.008888888888888889,0.1038961038961039,0.008888888888888889,0.1038961038961039,0.008888888888888889,0.14285714285714285,0.012222222222222223,0.14285714285714285,0.012222222222222223,0.14285714285714285,0.012222222222222223,0.19480519480519481,0.016666666666666666,0.19480519480519481,0.016666666666666666,0.1038961038961039,0.008888888888888889,0.12987012987012986,0.011111111111111112,0.19480519480519481,0.016666666666666666,0.1038961038961039,0.008888888888888889,0.22077922077922077,0.01888888888888889,0.12987012987012986,0.011111111111111112,0.11688311688311688,0.01,0.16883116883116883,0.014444444444444444,0.05194805194805195,0.0044444444444444444,0.07792207792207792,0.006666666666666667,0.15584415584415584,0.013333333333333334,0.15584415584415584,0.013333333333333334,0.025974025974025976,0.0022222222222222222,0.14285714285714285,0.012222222222222223,0.18181818181818182,0.015555555555555555,0.19480519480519481,0.016666666666666666,0.23376623376623376,0.02,0.16883116883116883,0.014444444444444444,0.16883116883116883,0.014444444444444444,0.12987012987012986,0.011111111111111112,0.05194805194805195,0.0044444444444444444,0.07792207792207792,0.006666666666666667,0.23376623376623376,0.02,0.2077922077922078,0.017777777777777778,0.025974025974025976,0.0022222222222222222,0.14285714285714285,0.012222222222222223,0.15584415584415584,0.013333333333333334,0.22077922077922077,0.01888888888888889,0.24675324675324675,0.021111111111111112,0.19480519480519481,0.016666666666666666,0.16883116883116883,0.014444444444444444,0.11688311688311688,0.01
2,0.1038961038961039,0.017777777777777778,0.11038961038961038,0.01888888888888889,0.11038961038961038,0.01888888888888889,0.08441558441558442,0.014444444444444444,0.1038961038961039,0.017777777777777778,0.14285714285714285,0.024444444444444446,0.14285714285714285,0.024444444444444446,0.21428571428571427,0.03666666666666667,0.17532467532467533,0.03,0.11038961038961038,0.01888888888888889,0.17532467532467533,0.03,0.16233766233766234,0.027777777777777776,0.12987012987012986,0.022222222222222223,0.12987012987012986,0.022222222222222223,0.12337662337662338,0.021111111111111112,0.18181818181818182,0.03111111111111111,0.14935064935064934,0.025555555555555557,0.12987012987012986,0.022222222222222223,0.18831168831168832,0.03222222222222222,0.2012987012987013,0.034444444444444444,0.18831168831168832,0.03222222222222222,0.13636363636363635,0.023333333333333334,0.15584415584415584,0.02666666666666667,0.14935064935064934,0.025555555555555557,0.15584415584415584,0.02666666666666667,0.15584415584415584,0.02666666666666667,0.15584415584415584,0.02666666666666667,0.16233766233766234,0.027777777777777776,0.09090909090909091,0.015555555555555555,0.14285714285714285,0.024444444444444446,0.14935064935064934,0.025555555555555557,0.15584415584415584,0.02666666666666667,0.07792207792207792,0.013333333333333334,0.15584415584415584,0.02666666666666667,0.12987012987012986,0.022222222222222223,0.11688311688311688,0.02,0.16233766233766234,0.027777777777777776,0.16233766233766234,0.027777777777777776,0.18831168831168832,0.03222222222222222,0.19480519480519481,0.03333333333333333,0.12987012987012986,0.022222222222222223,0.14935064935064934,0.025555555555555557,0.18181818181818182,0.03111111111111111,0.14285714285714285,0.024444444444444446,0.17532467532467533,0.03,0.16233766233766234,0.027777777777777776,0.16233766233766234,0.027777777777777776,0.16233766233766234,0.027777777777777776,0.12337662337662338,0.021111111111111112,0.12337662337662338,0.021111111111111112,0.14935064935064934,0.025555555555555557,0.11688311688311688,0.02,0.08441558441558442,0.014444444444444444,0.12987012987012986,0.022222222222222223,0.14935064935064934,0.025555555555555557,0.11688311688311688,0.02,0.15584415584415584,0.02666666666666667,0.12337662337662338,0.021111111111111112,0.13636363636363635,0.023333333333333334,0.16233766233766234,0.027777777777777776,0.12987012987012986,0.022222222222222223,0.12987012987012986,0.022222222222222223,0.18181818181818182,0.03111111111111111,0.18831168831168832,0.03222222222222222,0.11038961038961038,0.01888888888888889,0.15584415584415584,0.02666666666666667,0.2077922077922078,0.035555555555555556,0.09090909090909091,0.015555555555555555,0.22077922077922077,0.03777777777777778,0.12987012987012986,0.022222222222222223,0.18181818181818182,0.03111111111111111,0.16233766233766234,0.027777777777777776,0.07792207792207792,0.013333333333333334,0.14935064935064934,0.025555555555555557,0.16883116883116883,0.028888888888888888,0.18831168831168832,0.03222222222222222,0.045454545454545456,0.0077777777777777776,0.15584415584415584,0.02666666666666667,0.17532467532467533,0.03,0.14285714285714285,0.024444444444444446,0.18831168831168832,0.03222222222222222,0.16233766233766234,0.027777777777777776,0.16233766233766234,0.027777777777777776,0.18181818181818182,0.03111111111111111,0.09090909090909091,0.015555555555555555,0.14935064935064934,0.025555555555555557,0.2012987012987013,0.034444444444444444,0.2012987012987013,0.034444444444444444,0.09090909090909091,0.015555555555555555,0.15584415584415584,0.02666666666666667,0.19480519480519481,0.03333333333333333,0.16233766233766234,0.027777777777777776,0.19480519480519481,0.03333333333333333,0.16233766233766234,0.027777777777777776,0.16233766233766234,0.027777777777777776,0.2012987012987013,0.034444444444444444
3,0.09956709956709957,0.025555555555555557,0.09956709956709957,0.025555555555555557,0.11255411255411256,0.028888888888888888,0.12121212121212122,0.03111111111111111,0.10822510822510822,0.027777777777777776,0.14285714285714285,0.03666666666666667,0.12554112554112554,0.03222222222222222,0.22510822510822512,0.057777777777777775,0.16017316017316016,0.04111111111111111,0.09956709956709957,0.025555555555555557,0.16017316017316016,0.04111111111111111,0.15151515151515152,0.03888888888888889,0.14285714285714285,0.03666666666666667,0.1341991341991342,0.034444444444444444,0.1471861471861472,0.03777777777777778,0.19047619047619047,0.04888888888888889,0.12554112554112554,0.03222222222222222,0.14285714285714285,0.03666666666666667,0.2077922077922078,0.05333333333333334,0.1774891774891775,0.04555555555555556,0.15584415584415584,0.04,0.13852813852813853,0.035555555555555556,0.18614718614718614,0.04777777777777778,0.1645021645021645,0.042222222222222223,0.1471861471861472,0.03777777777777778,0.1471861471861472,0.03777777777777778,0.15151515151515152,0.03888888888888889,0.15151515151515152,0.03888888888888889,0.09956709956709957,0.025555555555555557,0.11688311688311688,0.03,0.10822510822510822,0.027777777777777776,0.16017316017316016,0.04111111111111111,0.1038961038961039,0.02666666666666667,0.1471861471861472,0.03777777777777778,0.1471861471861472,0.03777777777777778,0.12987012987012986,0.03333333333333333,0.16883116883116883,0.043333333333333335,0.16883116883116883,0.043333333333333335,0.1774891774891775,0.04555555555555556,0.1774891774891775,0.04555555555555556,0.12987012987012986,0.03333333333333333,0.17316017316017315,0.044444444444444446,0.18181818181818182,0.04666666666666667,0.1341991341991342,0.034444444444444444,0.1645021645021645,0.042222222222222223,0.16883116883116883,0.043333333333333335,0.19913419913419914,0.051111111111111114,0.18181818181818182,0.04666666666666667,0.11255411255411256,0.028888888888888888,0.11255411255411256,0.028888888888888888,0.1341991341991342,0.034444444444444444,0.11688311688311688,0.03,0.09090909090909091,0.023333333333333334,0.1341991341991342,0.034444444444444444,0.1341991341991342,0.034444444444444444,0.1341991341991342,0.034444444444444444,0.16017316017316016,0.04111111111111111,0.11688311688311688,0.03,0.15151515151515152,0.03888888888888889,0.14285714285714285,0.03666666666666667,0.1341991341991342,0.034444444444444444,0.1341991341991342,0.034444444444444444,0.21645021645021645,0.05555555555555555,0.22077922077922077,0.056666666666666664,0.11688311688311688,0.03,0.15584415584415584,0.04,0.18181818181818182,0.04666666666666667,0.06493506493506493,0.016666666666666666,0.2077922077922078,0.05333333333333334,0.1341991341991342,0.034444444444444444,0.20346320346320346,0.052222222222222225,0.15584415584415584,0.04,0.10822510822510822,0.027777777777777776,0.1341991341991342,0.034444444444444444,0.16017316017316016,0.04111111111111111,0.16883116883116883,0.043333333333333335,0.05627705627705628,0.014444444444444444,0.16017316017316016,0.04111111111111111,0.1774891774891775,0.04555555555555556,0.15151515151515152,0.03888888888888889,0.19047619047619047,0.04888888888888889,0.15151515151515152,0.03888888888888889,0.16883116883116883,0.043333333333333335,0.1774891774891775,0.04555555555555556,0.09523809523809523,0.024444444444444446,0.12987012987012986,0.03333333333333333,0.1774891774891775,0.04555555555555556,0.18614718614718614,0.04777777777777778,0.07792207792207792,0.02,0.16883116883116883,0.043333333333333335,0.19047619047619047,0.04888888888888889,0.16017316017316016,0.04111111111111111,0.19047619047619047,0.04888888888888889,0.15584415584415584,0.04,0.1645021645021645,0.042222222222222223,0.2077922077922078,0.05333333333333334
4,0.09415584415584416,0.03222222222222222,0.10064935064935066,0.034444444444444444,0.12012987012987013,0.04111111111111111,0.1396103896103896,0.04777777777777778,0.09740259740259741,0.03333333333333333,0.1331168831168831,0.04555555555555556,0.11688311688311688,0.04,0.21753246753246752,0.07444444444444444,0.1525974025974026,0.052222222222222225,0.1038961038961039,0.035555555555555556,0.14935064935064934,0.051111111111111114,0.14285714285714285,0.04888888888888889,0.14285714285714285,0.04888888888888889,0.1396103896103896,0.04777777777777778,0.15584415584415584,0.05333333333333334,0.2012987012987013,0.06888888888888889,0.11688311688311688,0.04,0.1590909090909091,0.05444444444444444,0.18506493506493507,0.06333333333333334,0.18831168831168832,0.06444444444444444,0.1590909090909091,0.05444444444444444,0.1461038961038961,0.05,0.18181818181818182,0.06222222222222222,0.16558441558441558,0.056666666666666664,0.16233766233766234,0.05555555555555555,0.16233766233766234,0.05555555555555555,0.12337662337662338,0.042222222222222223,0.12987012987012986,0.044444444444444446,0.09740259740259741,0.03333333333333333,0.13636363636363635,0.04666666666666667,0.10714285714285714,0.03666666666666667,0.15584415584415584,0.05333333333333334,0.09740259740259741,0.03333333333333333,0.16233766233766234,0.05555555555555555,0.1331168831168831,0.04555555555555556,0.1331168831168831,0.04555555555555556,0.18506493506493507,0.06333333333333334,0.18506493506493507,0.06333333333333334,0.2077922077922078,0.07111111111111111,0.20454545454545456,0.07,0.12337662337662338,0.042222222222222223,0.15584415584415584,0.05333333333333334,0.18506493506493507,0.06333333333333334,0.12337662337662338,0.042222222222222223,0.16883116883116883,0.057777777777777775,0.18506493506493507,0.06333333333333334,0.21753246753246752,0.07444444444444444,0.17207792207792208,0.058888888888888886,0.11688311688311688,0.04,0.11688311688311688,0.04,0.12337662337662338,0.042222222222222223,0.12337662337662338,0.042222222222222223,0.09415584415584416,0.03222222222222222,0.14285714285714285,0.04888888888888889,0.13636363636363635,0.04666666666666667,0.14935064935064934,0.051111111111111114,0.13636363636363635,0.04666666666666667,0.11688311688311688,0.04,0.1396103896103896,0.04777777777777778,0.14935064935064934,0.051111111111111114,0.1331168831168831,0.04555555555555556,0.1331168831168831,0.04555555555555556,0.22727272727272727,0.07777777777777778,0.22727272727272727,0.07777777777777778,0.09740259740259741,0.03333333333333333,0.16233766233766234,0.05555555555555555,0.18831168831168832,0.06444444444444444,0.048701298701298704,0.016666666666666666,0.18506493506493507,0.06333333333333334,0.1331168831168831,0.04555555555555556,0.2077922077922078,0.07111111111111111,0.14935064935064934,0.051111111111111114,0.11038961038961038,0.03777777777777778,0.12987012987012986,0.044444444444444446,0.1590909090909091,0.05444444444444444,0.15584415584415584,0.05333333333333334,0.05519480519480519,0.01888888888888889,0.17532467532467533,0.06,0.19480519480519481,0.06666666666666667,0.15584415584415584,0.05333333333333334,0.18831168831168832,0.06444444444444444,0.14935064935064934,0.051111111111111114,0.1590909090909091,0.05444444444444444,0.19805194805194806,0.06777777777777778,0.11038961038961038,0.03777777777777778,0.12987012987012986,0.044444444444444446,0.17207792207792208,0.058888888888888886,0.18831168831168832,0.06444444444444444,0.06168831168831169,0.021111111111111112,0.17532467532467533,0.06,0.19155844155844157,0.06555555555555556,0.15584415584415584,0.05333333333333334,0.19155844155844157,0.06555555555555556,0.15584415584415584,0.05333333333333334,0.1590909090909091,0.05444444444444444,0.19805194805194806,0.06777777777777778
5,0.11428571428571428,0.04888888888888889,0.11168831168831168,0.04777777777777778,0.12467532467532468,0.05333333333333334,0.12727272727272726,0.05444444444444444,0.0987012987012987,0.042222222222222223,0.14285714285714285,0.06111111111111111,0.11688311688311688,0.05,0.21038961038961038,0.09,0.14805194805194805,0.06333333333333334,0.11428571428571428,0.04888888888888889,0.15844155844155844,0.06777777777777778,0.14025974025974025,0.06,0.14805194805194805,0.06333333333333334,0.14545454545454545,0.06222222222222222,0.17922077922077922,0.07666666666666666,0.1974025974025974,0.08444444444444445,0.12467532467532468,0.05333333333333334,0.14805194805194805,0.06333333333333334,0.17402597402597403,0.07444444444444444,0.1974025974025974,0.08444444444444445,0.14805194805194805,0.06333333333333334,0.13506493506493505,0.057777777777777775,0.1974025974025974,0.08444444444444445,0.17142857142857143,0.07333333333333333,0.14805194805194805,0.06333333333333334,0.14805194805194805,0.06333333333333334,0.12727272727272726,0.05444444444444444,0.13246753246753246,0.056666666666666664,0.09610389610389611,0.04111111111111111,0.12727272727272726,0.05444444444444444,0.12207792207792208,0.052222222222222225,0.13766233766233765,0.058888888888888886,0.10909090909090909,0.04666666666666667,0.14805194805194805,0.06333333333333334,0.12727272727272726,0.05444444444444444,0.13766233766233765,0.058888888888888886,0.2077922077922078,0.08888888888888889,0.2077922077922078,0.08888888888888889,0.2077922077922078,0.08888888888888889,0.2077922077922078,0.08888888888888889,0.13506493506493505,0.057777777777777775,0.16103896103896104,0.06888888888888889,0.18181818181818182,0.07777777777777778,0.11948051948051948,0.051111111111111114,0.16623376623376623,0.07111111111111111,0.2077922077922078,0.08888888888888889,0.2,0.08555555555555555,0.18441558441558442,0.07888888888888888,0.11948051948051948,0.051111111111111114,0.11948051948051948,0.051111111111111114,0.12467532467532468,0.05333333333333334,0.12727272727272726,0.05444444444444444,0.1012987012987013,0.043333333333333335,0.14805194805194805,0.06333333333333334,0.14545454545454545,0.06222222222222222,0.17142857142857143,0.07333333333333333,0.12727272727272726,0.05444444444444444,0.11948051948051948,0.051111111111111114,0.11948051948051948,0.051111111111111114,0.14545454545454545,0.06222222222222222,0.14285714285714285,0.06111111111111111,0.14285714285714285,0.06111111111111111,0.21818181818181817,0.09333333333333334,0.21038961038961038,0.09,0.09610389610389611,0.04111111111111111,0.16623376623376623,0.07111111111111111,0.18961038961038962,0.0811111111111111,0.03896103896103896,0.016666666666666666,0.2,0.08555555555555555,0.14545454545454545,0.06222222222222222,0.2,0.08555555555555555,0.16103896103896104,0.06888888888888889,0.12467532467532468,0.05333333333333334,0.13246753246753246,0.056666666666666664,0.14545454545454545,0.06222222222222222,0.14805194805194805,0.06333333333333334,0.06233766233766234,0.02666666666666667,0.16623376623376623,0.07111111111111111,0.18961038961038962,0.0811111111111111,0.15064935064935064,0.06444444444444444,0.18961038961038962,0.0811111111111111,0.14805194805194805,0.06333333333333334,0.16623376623376623,0.07111111111111111,0.18961038961038962,0.0811111111111111,0.12207792207792208,0.052222222222222225,0.13766233766233765,0.058888888888888886,0.17922077922077922,0.07666666666666666,0.17402597402597403,0.07444444444444444,0.06753246753246753,0.028888888888888888,0.17922077922077922,0.07666666666666666,0.2,0.08555555555555555,0.15064935064935064,0.06444444444444444,0.2,0.08555555555555555,0.15324675324675324,0.06555555555555556,0.16363636363636364,0.07,0.2,0.08555555555555555
6,0.10822510822510822,0.05555555555555555,0.10822510822510822,0.05555555555555555,0.12337662337662338,0.06333333333333334,0.13203463203463203,0.06777777777777778,0.10606060606060606,0.05444444444444444,0.1406926406926407,0.07222222222222222,0.12987012987012986,0.06666666666666667,0.22727272727272727,0.11666666666666667,0.15800865800865802,0.0811111111111111,0.10822510822510822,0.05555555555555555,0.16666666666666666,0.08555555555555555,0.1471861471861472,0.07555555555555556,0.16017316017316016,0.08222222222222222,0.15800865800865802,0.0811111111111111,0.2012987012987013,0.10333333333333333,0.2012987012987013,0.10333333333333333,0.1277056277056277,0.06555555555555556,0.14935064935064934,0.07666666666666666,0.18181818181818182,0.09333333333333334,0.19913419913419914,0.10222222222222223,0.16017316017316016,0.08222222222222222,0.15151515151515152,0.07777777777777778,0.19047619047619047,0.09777777777777778,0.17316017316017315,0.08888888888888889,0.1471861471861472,0.07555555555555556,0.1471861471861472,0.07555555555555556,0.12987012987012986,0.06666666666666667,0.1471861471861472,0.07555555555555556,0.08225108225108226,0.042222222222222223,0.1277056277056277,0.06555555555555556,0.13203463203463203,0.06777777777777778,0.1406926406926407,0.07222222222222222,0.11688311688311688,0.06,0.1471861471861472,0.07555555555555556,0.1341991341991342,0.06888888888888889,0.12121212121212122,0.06222222222222222,0.19480519480519481,0.1,0.19480519480519481,0.1,0.2012987012987013,0.10333333333333333,0.20346320346320346,0.10444444444444445,0.1341991341991342,0.06888888888888889,0.16233766233766234,0.08333333333333333,0.16883116883116883,0.08666666666666667,0.12554112554112554,0.06444444444444444,0.16233766233766234,0.08333333333333333,0.19480519480519481,0.1,0.19047619047619047,0.09777777777777778,0.18398268398268397,0.09444444444444444,0.1277056277056277,0.06555555555555556,0.1277056277056277,0.06555555555555556,0.1277056277056277,0.06555555555555556,0.13203463203463203,0.06777777777777778,0.10173160173160173,0.052222222222222225,0.1341991341991342,0.06888888888888889,0.12987012987012986,0.06666666666666667,0.18398268398268397,0.09444444444444444,0.12121212121212122,0.06222222222222222,0.1277056277056277,0.06555555555555556,0.12121212121212122,0.06222222222222222,0.13636363636363635,0.07,0.16666666666666666,0.08555555555555555,0.16666666666666666,0.08555555555555555,0.21212121212121213,0.10888888888888888,0.21212121212121213,0.10888888888888888,0.09740259740259741,0.05,0.1645021645021645,0.08444444444444445,0.18398268398268397,0.09444444444444444,0.032467532467532464,0.016666666666666666,0.2012987012987013,0.10333333333333333,0.16017316017316016,0.08222222222222222,0.19264069264069264,0.09888888888888889,0.17316017316017315,0.08888888888888889,0.12987012987012986,0.06666666666666667,0.12987012987012986,0.06666666666666667,0.15151515151515152,0.07777777777777778,0.14502164502164502,0.07444444444444444,0.06493506493506493,0.03333333333333333,0.16666666666666666,0.08555555555555555,0.19913419913419914,0.10222222222222223,0.14935064935064934,0.07666666666666666,0.19480519480519481,0.1,0.15367965367965367,0.07888888888888888,0.17965367965367965,0.09222222222222222,0.18398268398268397,0.09444444444444444,0.12337662337662338,0.06333333333333334,0.13852813852813853,0.07111111111111111,0.1774891774891775,0.09111111111111111,0.18181818181818182,0.09333333333333334,0.07142857142857142,0.03666666666666667,0.18614718614718614,0.09555555555555556,0.20346320346320346,0.10444444444444445,0.15367965367965367,0.07888888888888888,0.20562770562770563,0.10555555555555556,0.16883116883116883,0.08666666666666667,0.18614718614718614,0.09555555555555556,0.18614718614718614,0.09555555555555556
7,0.12059369202226346,0.07222222222222222,0.10946196660482375,0.06555555555555556,0.11317254174397032,0.06777777777777778,0.1391465677179963,0.08333333333333333,0.1038961038961039,0.06222222222222222,0.13358070500927643,0.08,0.12430426716141002,0.07444444444444444,0.20037105751391465,0.12,0.16883116883116883,0.10111111111111111,0.10575139146567718,0.06333333333333334,0.1725417439703154,0.10333333333333333,0.14285714285714285,0.08555555555555555,0.16697588126159554,0.1,0.16697588126159554,0.1,0.20037105751391465,0.12,0.20408163265306123,0.12222222222222222,0.12987012987012986,0.07777777777777778,0.1614100185528757,0.09666666666666666,0.18923933209647495,0.11333333333333333,0.19851576994434136,0.11888888888888889,0.17068645640074212,0.10222222222222223,0.16883116883116883,0.10111111111111111,0.18738404452690166,0.11222222222222222,0.17439703153988867,0.10444444444444445,0.14656771799628943,0.08777777777777777,0.14656771799628943,0.08777777777777777,0.14100185528756956,0.08444444444444445,0.14842300556586271,0.08888888888888889,0.09276437847866419,0.05555555555555555,0.11873840445269017,0.07111111111111111,0.1261595547309833,0.07555555555555556,0.13543599257884972,0.0811111111111111,0.12430426716141002,0.07444444444444444,0.14656771799628943,0.08777777777777777,0.14842300556586271,0.08888888888888889,0.1150278293135436,0.06888888888888889,0.19109461966604824,0.11444444444444445,0.19109461966604824,0.11444444444444445,0.20408163265306123,0.12222222222222222,0.20408163265306123,0.12222222222222222,0.12244897959183673,0.07333333333333333,0.16512059369202226,0.09888888888888889,0.17625231910946196,0.10555555555555556,0.12987012987012986,0.07777777777777778,0.14842300556586271,0.08888888888888889,0.19109461966604824,0.11444444444444445,0.19851576994434136,0.11888888888888889,0.1836734693877551,0.11,0.12987012987012986,0.07777777777777778,0.13358070500927643,0.08,0.13543599257884972,0.0811111111111111,0.150278293135436,0.09,0.09833024118738404,0.058888888888888886,0.137291280148423,0.08222222222222222,0.1280148423005566,0.07666666666666666,0.19294990723562153,0.11555555555555555,0.12059369202226346,0.07222222222222222,0.1261595547309833,0.07555555555555556,0.11688311688311688,0.07,0.12987012987012986,0.07777777777777778,0.17439703153988867,0.10444444444444445,0.17439703153988867,0.10444444444444445,0.20593692022263452,0.12333333333333334,0.20222634508348794,0.12111111111111111,0.11317254174397032,0.06777777777777778,0.16512059369202226,0.09888888888888889,0.17810760667903525,0.10666666666666667,0.029684601113172542,0.017777777777777778,0.20408163265306123,0.12222222222222222,0.17439703153988867,0.10444444444444445,0.20222634508348794,0.12111111111111111,0.17068645640074212,0.10222222222222223,0.1261595547309833,0.07555555555555556,0.14100185528756956,0.08444444444444445,0.15955473098330242,0.09555555555555556,0.15584415584415584,0.09333333333333334,0.06679035250463822,0.04,0.16326530612244897,0.09777777777777778,0.20222634508348794,0.12111111111111111,0.150278293135436,0.09,0.19480519480519481,0.11666666666666667,0.16697588126159554,0.1,0.1836734693877551,0.11,0.1836734693877551,0.11,0.11873840445269017,0.07111111111111111,0.14100185528756956,0.08444444444444445,0.17996289424860853,0.10777777777777778,0.18738404452690166,0.11222222222222222,0.07792207792207792,0.04666666666666667,0.19851576994434136,0.11888888888888889,0.20593692022263452,0.12333333333333334,0.15398886827458255,0.09222222222222222,0.19480519480519481,0.11666666666666667,0.17996289424860853,0.10777777777777778,0.17996289424860853,0.10777777777777778,0.18738404452690166,0.11222222222222222
8,0.12824675324675325,0.08777777777777777,0.12175324675324675,0.08333333333333333,0.12012987012987013,0.08222222222222222,0.14772727272727273,0.10111111111111111,0.1038961038961039,0.07111111111111111,0.12824675324675325,0.08777777777777777,0.1185064935064935,0.0811111111111111,0.18506493506493507,0.12666666666666668,0.16071428571428573,0.11,0.11038961038961038,0.07555555555555556,0.16233766233766234,0.1111111111111111,0.12987012987012986,0.08888888888888889,0.1737012987012987,0.11888888888888889,0.17532467532467533,0.12,0.2012987012987013,0.13777777777777778,0.19805194805194806,0.13555555555555557,0.12987012987012986,0.08888888888888889,0.1672077922077922,0.11444444444444445,0.18668831168831168,0.12777777777777777,0.19155844155844157,0.13111111111111112,0.1672077922077922,0.11444444444444445,0.17857142857142858,0.12222222222222222,0.18668831168831168,0.12777777777777777,0.18668831168831168,0.12777777777777777,0.1672077922077922,0.11444444444444445,0.1672077922077922,0.11444444444444445,0.1396103896103896,0.09555555555555556,0.14772727272727273,0.10111111111111111,0.09740259740259741,0.06666666666666667,0.11525974025974026,0.07888888888888888,0.12175324675324675,0.08333333333333333,0.1266233766233766,0.08666666666666667,0.12012987012987013,0.08222222222222222,0.1672077922077922,0.11444444444444445,0.14772727272727273,0.10111111111111111,0.1266233766233766,0.08666666666666667,0.18831168831168832,0.1288888888888889,0.18831168831168832,0.1288888888888889,0.19967532467532467,0.13666666666666666,0.20292207792207792,0.1388888888888889,0.1185064935064935,0.0811111111111111,0.1672077922077922,0.11444444444444445,0.1737012987012987,0.11888888888888889,0.14285714285714285,0.09777777777777778,0.13474025974025974,0.09222222222222222,0.18831168831168832,0.1288888888888889,0.19480519480519481,0.13333333333333333,0.19318181818181818,0.1322222222222222,0.1396103896103896,0.09555555555555556,0.15097402597402598,0.10333333333333333,0.14123376623376624,0.09666666666666666,0.16396103896103897,0.11222222222222222,0.09415584415584416,0.06444444444444444,0.12824675324675325,0.08777777777777777,0.12337662337662338,0.08444444444444445,0.17857142857142858,0.12222222222222222,0.1185064935064935,0.0811111111111111,0.1461038961038961,0.1,0.11688311688311688,0.08,0.1266233766233766,0.08666666666666667,0.17694805194805194,0.12111111111111111,0.17694805194805194,0.12111111111111111,0.20292207792207792,0.1388888888888889,0.20454545454545456,0.14,0.11038961038961038,0.07555555555555556,0.16558441558441558,0.11333333333333333,0.18668831168831168,0.12777777777777777,0.04383116883116883,0.03,0.19805194805194806,0.13555555555555557,0.17532467532467533,0.12,0.19155844155844157,0.13111111111111112,0.17694805194805194,0.12111111111111111,0.1266233766233766,0.08666666666666667,0.14935064935064934,0.10222222222222223,0.1525974025974026,0.10444444444444445,0.1525974025974026,0.10444444444444445,0.06493506493506493,0.044444444444444446,0.16071428571428573,0.11,0.20941558441558442,0.14333333333333334,0.1525974025974026,0.10444444444444445,0.18831168831168832,0.1288888888888889,0.17532467532467533,0.12,0.18181818181818182,0.12444444444444444,0.18181818181818182,0.12444444444444444,0.125,0.08555555555555555,0.15097402597402598,0.10333333333333333,0.18506493506493507,0.12666666666666668,0.18993506493506493,0.13,0.08279220779220779,0.056666666666666664,0.19318181818181818,0.1322222222222222,0.20292207792207792,0.1388888888888889,0.15422077922077923,0.10555555555555556,0.19318181818181818,0.1322222222222222,0.18019480519480519,0.12333333333333334,0.18181818181818182,0.12444444444444444,0.19967532467532467,0.13666666666666666
9,0.13852813852813853,0.10666666666666667,0.13852813852813853,0.10666666666666667,0.12554112554112554,0.09666666666666666,0.15873015873015872,0.12222222222222222,0.10101010101010101,0.07777777777777778,0.12121212121212122,0.09333333333333334,0.10822510822510822,0.08333333333333333,0.1746031746031746,0.13444444444444445,0.15728715728715728,0.12111111111111111,0.12698412698412698,0.09777777777777778,0.15728715728715728,0.12111111111111111,0.11976911976911978,0.09222222222222222,0.1717171717171717,0.1322222222222222,0.17316017316017315,0.13333333333333333,0.20346320346320346,0.15666666666666668,0.19624819624819625,0.1511111111111111,0.12842712842712842,0.09888888888888889,0.1645021645021645,0.12666666666666668,0.1847041847041847,0.14222222222222222,0.19336219336219337,0.14888888888888888,0.15873015873015872,0.12222222222222222,0.1774891774891775,0.13666666666666666,0.18759018759018758,0.14444444444444443,0.18326118326118326,0.1411111111111111,0.17893217893217894,0.13777777777777778,0.17893217893217894,0.13777777777777778,0.13852813852813853,0.10666666666666667,0.16017316017316016,0.12333333333333334,0.09668109668109669,0.07444444444444444,0.12842712842712842,0.09888888888888889,0.1111111111111111,0.08555555555555555,0.12987012987012986,0.1,0.11255411255411256,0.08666666666666667,0.17893217893217894,0.13777777777777778,0.15151515151515152,0.11666666666666667,0.11544011544011544,0.08888888888888889,0.1919191919191919,0.14777777777777779,0.1919191919191919,0.14777777777777779,0.19624819624819625,0.1511111111111111,0.19336219336219337,0.14888888888888888,0.1111111111111111,0.08555555555555555,0.17027417027417027,0.13111111111111112,0.17893217893217894,0.13777777777777778,0.14862914862914864,0.11444444444444445,0.12698412698412698,0.09777777777777778,0.1919191919191919,0.14777777777777779,0.19480519480519481,0.15,0.18759018759018758,0.14444444444444443,0.1443001443001443,0.1111111111111111,0.15873015873015872,0.12222222222222222,0.1443001443001443,0.1111111111111111,0.15873015873015872,0.12222222222222222,0.09668109668109669,0.07444444444444444,0.12121212121212122,0.09333333333333334,0.1111111111111111,0.08555555555555555,0.16594516594516595,0.12777777777777777,0.12121212121212122,0.09333333333333334,0.15728715728715728,0.12111111111111111,0.11976911976911978,0.09222222222222222,0.12121212121212122,0.09333333333333334,0.17893217893217894,0.13777777777777778,0.17893217893217894,0.13777777777777778,0.1976911976911977,0.15222222222222223,0.19624819624819625,0.1511111111111111,0.10966810966810966,0.08444444444444445,0.1673881673881674,0.1288888888888889,0.18903318903318903,0.14555555555555555,0.047619047619047616,0.03666666666666667,0.19480519480519481,0.15,0.17604617604617603,0.13555555555555557,0.1919191919191919,0.14777777777777779,0.1774891774891775,0.13666666666666666,0.12842712842712842,0.09888888888888889,0.14285714285714285,0.11,0.1544011544011544,0.11888888888888889,0.15728715728715728,0.12111111111111111,0.06926406926406926,0.05333333333333334,0.15728715728715728,0.12111111111111111,0.2049062049062049,0.15777777777777777,0.1443001443001443,0.1111111111111111,0.18037518037518038,0.1388888888888889,0.18326118326118326,0.1411111111111111,0.1774891774891775,0.13666666666666666,0.17316017316017315,0.13333333333333333,0.13275613275613277,0.10222222222222223,0.15295815295815296,0.11777777777777777,0.19480519480519481,0.15,0.19336219336219337,0.14888888888888888,0.08802308802308802,0.06777777777777778,0.19336219336219337,0.14888888888888888,0.2106782106782107,0.1622222222222222,0.1471861471861472,0.11333333333333333,0.1847041847041847,0.14222222222222222,0.17893217893217894,0.13777777777777778,0.1774891774891775,0.13666666666666666,0.19913419913419914,0.15333333333333332
10,0.14415584415584415,0.12333333333333334,0.15064935064935064,0.1288888888888889,0.13116883116883116,0.11222222222222222,0.15194805194805194,0.13,0.1,0.08555555555555555,0.13246753246753246,0.11333333333333333,0.1,0.08555555555555555,0.17012987012987013,0.14555555555555555,0.15454545454545454,0.1322222222222222,0.13636363636363635,0.11666666666666667,0.15194805194805194,0.13,0.12467532467532468,0.10666666666666667,0.16883116883116883,0.14444444444444443,0.17012987012987013,0.14555555555555555,0.19480519480519481,0.16666666666666666,0.19350649350649352,0.16555555555555557,0.13246753246753246,0.11333333333333333,0.16753246753246753,0.14333333333333334,0.1974025974025974,0.1688888888888889,0.1987012987012987,0.17,0.15454545454545454,0.1322222222222222,0.17142857142857143,0.14666666666666667,0.18831168831168832,0.16111111111111112,0.18311688311688312,0.15666666666666668,0.17532467532467533,0.15,0.17532467532467533,0.15,0.13116883116883116,0.11222222222222222,0.15584415584415584,0.13333333333333333,0.09350649350649351,0.08,0.13376623376623376,0.11444444444444445,0.10649350649350649,0.09111111111111111,0.13376623376623376,0.11444444444444445,0.10649350649350649,0.09111111111111111,0.17532467532467533,0.15,0.15974025974025974,0.13666666666666666,0.11558441558441558,0.09888888888888889,0.19350649350649352,0.16555555555555557,0.19350649350649352,0.16555555555555557,0.1974025974025974,0.1688888888888889,0.1961038961038961,0.16777777777777778,0.11298701298701298,0.09666666666666666,0.17012987012987013,0.14555555555555555,0.19350649350649352,0.16555555555555557,0.15974025974025974,0.13666666666666666,0.11818181818181818,0.10111111111111111,0.19350649350649352,0.16555555555555557,0.1961038961038961,0.16777777777777778,0.18961038961038962,0.1622222222222222,0.14935064935064934,0.12777777777777777,0.16103896103896104,0.13777777777777778,0.14805194805194805,0.12666666666666668,0.15194805194805194,0.13,0.09610389610389611,0.08222222222222222,0.13116883116883116,0.11222222222222222,0.1025974025974026,0.08777777777777777,0.15584415584415584,0.13333333333333333,0.12467532467532468,0.10666666666666667,0.15324675324675324,0.13111111111111112,0.12207792207792208,0.10444444444444445,0.12597402597402596,0.10777777777777778,0.17922077922077922,0.15333333333333332,0.17922077922077922,0.15333333333333332,0.1987012987012987,0.17,0.1961038961038961,0.16777777777777778,0.11038961038961038,0.09444444444444444,0.17272727272727273,0.14777777777777779,0.18571428571428572,0.15888888888888889,0.053246753246753244,0.04555555555555556,0.19480519480519481,0.16666666666666666,0.17792207792207793,0.15222222222222223,0.1974025974025974,0.1688888888888889,0.17402597402597403,0.14888888888888888,0.12727272727272726,0.10888888888888888,0.14675324675324675,0.12555555555555556,0.15844155844155844,0.13555555555555557,0.16233766233766234,0.1388888888888889,0.07142857142857142,0.06111111111111111,0.16233766233766234,0.1388888888888889,0.2038961038961039,0.17444444444444446,0.13896103896103895,0.11888888888888889,0.17402597402597403,0.14888888888888888,0.17792207792207793,0.15222222222222223,0.17532467532467533,0.15,0.16493506493506493,0.1411111111111111,0.12987012987012986,0.1111111111111111,0.14675324675324675,0.12555555555555556,0.1974025974025974,0.1688888888888889,0.1987012987012987,0.17,0.08831168831168831,0.07555555555555556,0.1961038961038961,0.16777777777777778,0.2051948051948052,0.17555555555555555,0.14155844155844155,0.12111111111111111,0.17532467532467533,0.15,0.18571428571428572,0.15888888888888889,0.17922077922077922,0.15333333333333332,0.19480519480519481,0.16666666666666666
11,0.14521841794569068,0.13666666666666666,0.14167650531286896,0.13333333333333333,0.1334120425029516,0.12555555555555556,0.14521841794569068,0.13666666666666666,0.10035419126328217,0.09444444444444444,0.12514757969303425,0.11777777777777777,0.09327036599763873,0.08777777777777777,0.1617473435655254,0.15222222222222223,0.15230224321133412,0.14333333333333334,0.12868949232585597,0.12111111111111111,0.15466351829988192,0.14555555555555555,0.12278630460448642,0.11555555555555555,0.1782762691853601,0.16777777777777778,0.17591499409681227,0.16555555555555557,0.18890200708382526,0.17777777777777778,0.1959858323494687,0.18444444444444444,0.13695395513577333,0.1288888888888889,0.16883116883116883,0.15888888888888889,0.1936245572609209,0.18222222222222223,0.20543093270365997,0.19333333333333333,0.15584415584415584,0.14666666666666667,0.1770956316410862,0.16666666666666666,0.18772136953955135,0.17666666666666667,0.18417945690672963,0.17333333333333334,0.16646989374262103,0.15666666666666668,0.16646989374262103,0.15666666666666668,0.12396694214876033,0.11666666666666667,0.14403778040141677,0.13555555555555557,0.09445100354191263,0.08888888888888889,0.1381345926800472,0.13,0.10625737898465171,0.1,0.1357733175914994,0.12777777777777777,0.11452184179456906,0.10777777777777778,0.16646989374262103,0.15666666666666668,0.16646989374262103,0.15666666666666668,0.11452184179456906,0.10777777777777778,0.19244391971664698,0.1811111111111111,0.19244391971664698,0.1811111111111111,0.19952774498229045,0.18777777777777777,0.19952774498229045,0.18777777777777777,0.10861865407319952,0.10222222222222223,0.16765053128689492,0.15777777777777777,0.19008264462809918,0.17888888888888888,0.1641086186540732,0.15444444444444444,0.11097992916174734,0.10444444444444445,0.19244391971664698,0.1811111111111111,0.19834710743801653,0.18666666666666668,0.18772136953955135,0.17666666666666667,0.14521841794569068,0.13666666666666666,0.15584415584415584,0.14666666666666667,0.14639905548996457,0.13777777777777778,0.13931523022432113,0.13111111111111112,0.09799291617473435,0.09222222222222222,0.12632821723730814,0.11888888888888889,0.09681227863046045,0.09111111111111111,0.15348288075560804,0.14444444444444443,0.12160566706021252,0.11444444444444445,0.1511216056670602,0.14222222222222222,0.1180637544273908,0.1111111111111111,0.12278630460448642,0.11555555555555555,0.18417945690672963,0.17333333333333334,0.18417945690672963,0.17333333333333334,0.1936245572609209,0.18222222222222223,0.19244391971664698,0.1811111111111111,0.11688311688311688,0.11,0.17355371900826447,0.16333333333333333,0.18890200708382526,0.17777777777777778,0.06375442739079103,0.06,0.19480519480519481,0.18333333333333332,0.18181818181818182,0.1711111111111111,0.20188902007083825,0.19,0.179456906729634,0.1688888888888889,0.12868949232585597,0.12111111111111111,0.14639905548996457,0.13777777777777778,0.16292798110979928,0.15333333333333332,0.1652892561983471,0.15555555555555556,0.07319952774498228,0.06888888888888889,0.16646989374262103,0.15666666666666668,0.20188902007083825,0.19,0.1381345926800472,0.13,0.17355371900826447,0.16333333333333333,0.179456906729634,0.1688888888888889,0.1770956316410862,0.16666666666666666,0.16292798110979928,0.15333333333333332,0.1322314049586777,0.12444444444444444,0.14403778040141677,0.13555555555555557,0.19716646989374262,0.18555555555555556,0.19952774498229045,0.18777777777777777,0.0885478158205431,0.08333333333333333,0.18536009445100354,0.17444444444444446,0.21133412042502953,0.1988888888888889,0.13931523022432113,0.13111111111111112,0.17237308146399055,0.1622222222222222,0.1806375442739079,0.17,0.179456906729634,0.1688888888888889,0.1936245572609209,0.18222222222222223
12,0.1396103896103896,0.14333333333333334,0.13528138528138528,0.1388888888888889,0.12878787878787878,0.1322222222222222,0.14285714285714285,0.14666666666666667,0.10281385281385282,0.10555555555555556,0.11904761904761904,0.12222222222222222,0.09632034632034632,0.09888888888888889,0.1525974025974026,0.15666666666666668,0.14826839826839827,0.15222222222222223,0.12229437229437229,0.12555555555555556,0.15043290043290045,0.15444444444444444,0.11796536796536797,0.12111111111111111,0.1764069264069264,0.1811111111111111,0.1764069264069264,0.1811111111111111,0.1958874458874459,0.2011111111111111,0.19264069264069264,0.19777777777777777,0.14285714285714285,0.14666666666666667,0.16883116883116883,0.17333333333333334,0.1958874458874459,0.2011111111111111,0.20238095238095238,0.20777777777777778,0.15476190476190477,0.15888888888888889,0.1764069264069264,0.1811111111111111,0.18614718614718614,0.19111111111111112,0.18722943722943722,0.1922222222222222,0.1590909090909091,0.16333333333333333,0.1590909090909091,0.16333333333333333,0.12121212121212122,0.12444444444444444,0.13744588744588745,0.1411111111111111,0.09199134199134198,0.09444444444444444,0.12878787878787878,0.1322222222222222,0.09956709956709957,0.10222222222222223,0.1266233766233766,0.13,0.11255411255411256,0.11555555555555555,0.1590909090909091,0.16333333333333333,0.1645021645021645,0.1688888888888889,0.10930735930735931,0.11222222222222222,0.19696969696969696,0.20222222222222222,0.19696969696969696,0.20222222222222222,0.1958874458874459,0.2011111111111111,0.1958874458874459,0.2011111111111111,0.10930735930735931,0.11222222222222222,0.17532467532467533,0.18,0.19696969696969696,0.20222222222222222,0.16017316017316016,0.16444444444444445,0.11363636363636363,0.11666666666666667,0.19696969696969696,0.20222222222222222,0.19696969696969696,0.20222222222222222,0.18831168831168832,0.19333333333333333,0.1396103896103896,0.14333333333333334,0.1471861471861472,0.1511111111111111,0.1396103896103896,0.14333333333333334,0.13636363636363635,0.14,0.09307359307359307,0.09555555555555556,0.12012987012987013,0.12333333333333334,0.09740259740259741,0.1,0.1471861471861472,0.1511111111111111,0.11904761904761904,0.12222222222222222,0.1406926406926407,0.14444444444444443,0.11688311688311688,0.12,0.12445887445887446,0.12777777777777777,0.17857142857142858,0.18333333333333332,0.17857142857142858,0.18333333333333332,0.1893939393939394,0.19444444444444445,0.18831168831168832,0.19333333333333333,0.11471861471861472,0.11777777777777777,0.170995670995671,0.17555555555555555,0.1937229437229437,0.1988888888888889,0.06926406926406926,0.07111111111111111,0.19696969696969696,0.20222222222222222,0.17965367965367965,0.18444444444444444,0.20238095238095238,0.20777777777777778,0.18073593073593072,0.18555555555555556,0.12987012987012986,0.13333333333333333,0.14393939393939395,0.14777777777777779,0.1634199134199134,0.16777777777777778,0.16666666666666666,0.1711111111111111,0.07251082251082251,0.07444444444444444,0.16666666666666666,0.1711111111111111,0.19480519480519481,0.2,0.14285714285714285,0.14666666666666667,0.1699134199134199,0.17444444444444446,0.17424242424242425,0.17888888888888888,0.17532467532467533,0.18,0.16666666666666666,0.1711111111111111,0.12878787878787878,0.1322222222222222,0.1461038961038961,0.15,0.19155844155844157,0.19666666666666666,0.1958874458874459,0.2011111111111111,0.08658008658008658,0.08888888888888889,0.1893939393939394,0.19444444444444445,0.20887445887445888,0.21444444444444444,0.14177489177489178,0.14555555555555555,0.17207792207792208,0.17666666666666667,0.1829004329004329,0.18777777777777777,0.1774891774891775,0.18222222222222223,0.19913419913419914,0.20444444444444446
13,0.13686313686313686,0.15222222222222223,0.13286713286713286,0.14777777777777779,0.12687312687312688,0.1411111111111111,0.13686313686313686,0.15222222222222223,0.10989010989010989,0.12222222222222222,0.11788211788211789,0.13111111111111112,0.09090909090909091,0.10111111111111111,0.15184815184815184,0.1688888888888889,0.14585414585414586,0.1622222222222222,0.12287712287712288,0.13666666666666666,0.14785214785214784,0.16444444444444445,0.11388611388611389,0.12666666666666668,0.17582417582417584,0.19555555555555557,0.17582417582417584,0.19555555555555557,0.1918081918081918,0.21333333333333335,0.18981018981018982,0.2111111111111111,0.13986013986013987,0.15555555555555556,0.17682317682317683,0.19666666666666666,0.1938061938061938,0.21555555555555556,0.2007992007992008,0.22333333333333333,0.15184815184815184,0.1688888888888889,0.17682317682317683,0.19666666666666666,0.18581418581418582,0.20666666666666667,0.1878121878121878,0.2088888888888889,0.15884115884115885,0.17666666666666667,0.15884115884115885,0.17666666666666667,0.11588411588411589,0.1288888888888889,0.13186813186813187,0.14666666666666667,0.0979020979020979,0.10888888888888888,0.12387612387612387,0.13777777777777778,0.0979020979020979,0.10888888888888888,0.11688311688311688,0.13,0.10989010989010989,0.12222222222222222,0.15884115884115885,0.17666666666666667,0.15884115884115885,0.17666666666666667,0.1048951048951049,0.11666666666666667,0.1958041958041958,0.21777777777777776,0.1958041958041958,0.21777777777777776,0.19080919080919082,0.21222222222222223,0.1918081918081918,0.21333333333333335,0.10789210789210789,0.12,0.1838161838161838,0.20444444444444446,0.19880119880119881,0.22111111111111112,0.16183816183816183,0.18,0.11688311688311688,0.13,0.1958041958041958,0.21777777777777776,0.1978021978021978,0.22,0.1888111888111888,0.21,0.14185814185814186,0.15777777777777777,0.14185814185814186,0.15777777777777777,0.14285714285714285,0.15888888888888889,0.13186813186813187,0.14666666666666667,0.0969030969030969,0.10777777777777778,0.11888111888111888,0.1322222222222222,0.0939060939060939,0.10444444444444445,0.14285714285714285,0.15888888888888889,0.12287712287712288,0.13666666666666666,0.13886113886113885,0.15444444444444444,0.12087912087912088,0.13444444444444445,0.11788211788211789,0.13111111111111112,0.1798201798201798,0.2,0.1798201798201798,0.2,0.1928071928071928,0.21444444444444444,0.1938061938061938,0.21555555555555556,0.11388611388611389,0.12666666666666668,0.17182817182817184,0.19111111111111112,0.1998001998001998,0.2222222222222222,0.07092907092907093,0.07888888888888888,0.2017982017982018,0.22444444444444445,0.18281718281718282,0.20333333333333334,0.1978021978021978,0.22,0.18581418581418582,0.20666666666666667,0.13086913086913088,0.14555555555555555,0.14785214785214784,0.16444444444444445,0.16383616383616384,0.18222222222222223,0.16883116883116883,0.18777777777777777,0.07592407592407592,0.08444444444444445,0.16783216783216784,0.18666666666666668,0.19480519480519481,0.21666666666666667,0.14585414585414586,0.1622222222222222,0.16583416583416583,0.18444444444444444,0.16983016983016982,0.18888888888888888,0.17482517482517482,0.19444444444444445,0.16483516483516483,0.18333333333333332,0.12787212787212787,0.14222222222222222,0.15184815184815184,0.1688888888888889,0.18981018981018982,0.2111111111111111,0.1958041958041958,0.21777777777777776,0.08591408591408592,0.09555555555555556,0.20279720279720279,0.22555555555555556,0.2057942057942058,0.2288888888888889,0.14485514485514486,0.16111111111111112,0.16983016983016982,0.18888888888888888,0.17782217782217782,0.19777777777777777,0.17582417582417584,0.19555555555555557,0.19880119880119881,0.22111111111111112
14,0.14100185528756956,0.1688888888888889,0.1280148423005566,0.15333333333333332,0.1345083487940631,0.16111111111111112,0.1326530612244898,0.15888888888888889,0.11038961038961038,0.1322222222222222,0.11410018552875696,0.13666666666666666,0.09090909090909091,0.10888888888888888,0.14842300556586271,0.17777777777777778,0.15213358070500926,0.18222222222222223,0.12430426716141002,0.14888888888888888,0.15306122448979592,0.18333333333333332,0.10760667903525047,0.1288888888888889,0.1790352504638219,0.21444444444444444,0.17996289424860853,0.21555555555555556,0.19294990723562153,0.2311111111111111,0.1901669758812616,0.22777777777777777,0.1437847866419295,0.17222222222222222,0.18181818181818182,0.21777777777777776,0.2012987012987013,0.2411111111111111,0.19480519480519481,0.23333333333333334,0.15306122448979592,0.18333333333333332,0.18089053803339517,0.21666666666666667,0.18552875695732837,0.2222222222222222,0.18831168831168832,0.22555555555555556,0.15584415584415584,0.18666666666666668,0.15584415584415584,0.18666666666666668,0.11038961038961038,0.1322222222222222,0.1326530612244898,0.15888888888888889,0.10111317254174397,0.12111111111111111,0.12152133580705009,0.14555555555555555,0.10018552875695733,0.12,0.11873840445269017,0.14222222222222222,0.1038961038961039,0.12444444444444444,0.15584415584415584,0.18666666666666668,0.15120593692022263,0.1811111111111111,0.09925788497217068,0.11888888888888889,0.19387755102040816,0.23222222222222222,0.19387755102040816,0.23222222222222222,0.19758812615955473,0.23666666666666666,0.19480519480519481,0.23333333333333334,0.10575139146567718,0.12666666666666668,0.1836734693877551,0.22,0.20222634508348794,0.24222222222222223,0.16419294990723562,0.19666666666666666,0.12337662337662338,0.14777777777777779,0.19387755102040816,0.23222222222222222,0.19480519480519481,0.23333333333333334,0.18645640074211503,0.22333333333333333,0.13821892393320964,0.16555555555555557,0.1391465677179963,0.16666666666666666,0.137291280148423,0.16444444444444445,0.13079777365491652,0.15666666666666668,0.09647495361781076,0.11555555555555555,0.1150278293135436,0.13777777777777778,0.09461966604823747,0.11333333333333333,0.14192949907235622,0.17,0.12430426716141002,0.14888888888888888,0.1345083487940631,0.16111111111111112,0.12059369202226346,0.14444444444444443,0.11317254174397032,0.13555555555555557,0.18831168831168832,0.22555555555555556,0.18831168831168832,0.22555555555555556,0.19387755102040816,0.23222222222222222,0.19573283858998144,0.23444444444444446,0.11410018552875696,0.13666666666666666,0.18181818181818182,0.21777777777777776,0.2012987012987013,0.2411111111111111,0.06771799628942486,0.0811111111111111,0.20500927643784786,0.24555555555555555,0.18831168831168832,0.22555555555555556,0.19666048237476808,0.23555555555555555,0.1901669758812616,0.22777777777777777,0.13079777365491652,0.15666666666666668,0.14656771799628943,0.17555555555555555,0.16326530612244897,0.19555555555555557,0.1679035250463822,0.2011111111111111,0.07884972170686456,0.09444444444444444,0.17068645640074212,0.20444444444444446,0.19573283858998144,0.23444444444444446,0.15306122448979592,0.18333333333333332,0.1660482374768089,0.1988888888888889,0.17161410018552875,0.20555555555555555,0.17717996289424862,0.21222222222222223,0.16512059369202226,0.19777777777777777,0.12708719851576994,0.15222222222222223,0.14842300556586271,0.17777777777777778,0.19480519480519481,0.23333333333333334,0.19480519480519481,0.23333333333333334,0.08905380333951762,0.10666666666666667,0.19944341372912802,0.2388888888888889,0.2077922077922078,0.24888888888888888,0.14842300556586271,0.17777777777777778,0.16975881261595546,0.20333333333333334,0.17532467532467533,0.21,0.17810760667903525,0.21333333333333335,0.19109461966604824,0.2288888888888889
15,0.13766233766233765,0.17666666666666667,0.12467532467532468,0.16,0.13073593073593073,0.16777777777777778,0.12987012987012986,0.16666666666666666,0.10909090909090909,0.14,0.11082251082251082,0.14222222222222222,0.09090909090909091,0.11666666666666667,0.1471861471861472,0.18888888888888888,0.1471861471861472,0.18888888888888888,0.11948051948051948,0.15333333333333332,0.15064935064935064,0.19333333333333333,0.10562770562770563,0.13555555555555557,0.18354978354978355,0.23555555555555555,0.18181818181818182,0.23333333333333334,0.19220779220779222,0.24666666666666667,0.18787878787878787,0.2411111111111111,0.14632034632034632,0.18777777777777777,0.18701298701298702,0.24,0.20432900432900433,0.26222222222222225,0.18787878787878787,0.2411111111111111,0.1497835497835498,0.1922222222222222,0.18268398268398267,0.23444444444444446,0.18181818181818182,0.23333333333333334,0.18874458874458874,0.24222222222222223,0.1523809523809524,0.19555555555555557,0.1523809523809524,0.19555555555555557,0.11168831168831168,0.14333333333333334,0.13073593073593073,0.16777777777777778,0.10216450216450217,0.13111111111111112,0.11688311688311688,0.15,0.09783549783549783,0.12555555555555556,0.11774891774891776,0.1511111111111111,0.09956709956709957,0.12777777777777777,0.1523809523809524,0.19555555555555557,0.14632034632034632,0.18777777777777777,0.09437229437229437,0.12111111111111111,0.19480519480519481,0.25,0.19480519480519481,0.25,0.19567099567099566,0.2511111111111111,0.19307359307359306,0.2477777777777778,0.10735930735930736,0.13777777777777778,0.18961038961038962,0.24333333333333335,0.19913419913419914,0.25555555555555554,0.16796536796536796,0.21555555555555556,0.12207792207792208,0.15666666666666668,0.19480519480519481,0.25,0.19393939393939394,0.24888888888888888,0.18701298701298702,0.24,0.14285714285714285,0.18333333333333332,0.13852813852813853,0.17777777777777778,0.13506493506493505,0.17333333333333334,0.12727272727272726,0.16333333333333333,0.09610389610389611,0.12333333333333334,0.11082251082251082,0.14222222222222222,0.09350649350649351,0.12,0.14025974025974025,0.18,0.12121212121212122,0.15555555555555556,0.13333333333333333,0.1711111111111111,0.12034632034632034,0.15444444444444444,0.10995670995670996,0.1411111111111111,0.18701298701298702,0.24,0.18701298701298702,0.24,0.19480519480519481,0.25,0.19393939393939394,0.24888888888888888,0.11255411255411256,0.14444444444444443,0.18787878787878787,0.2411111111111111,0.20606060606060606,0.2644444444444444,0.07186147186147186,0.09222222222222222,0.19913419913419914,0.25555555555555554,0.18874458874458874,0.24222222222222223,0.1974025974025974,0.25333333333333335,0.18961038961038962,0.24333333333333335,0.12813852813852813,0.16444444444444445,0.14891774891774892,0.19111111111111112,0.16277056277056276,0.2088888888888889,0.16536796536796536,0.21222222222222223,0.07965367965367966,0.10222222222222223,0.17056277056277055,0.21888888888888888,0.18874458874458874,0.24222222222222223,0.1471861471861472,0.18888888888888888,0.16536796536796536,0.21222222222222223,0.17142857142857143,0.22,0.17662337662337663,0.22666666666666666,0.16363636363636364,0.21,0.129004329004329,0.16555555555555557,0.14805194805194805,0.19,0.19653679653679654,0.25222222222222224,0.19134199134199134,0.24555555555555555,0.09004329004329005,0.11555555555555555,0.2025974025974026,0.26,0.2051948051948052,0.2633333333333333,0.1471861471861472,0.18888888888888888,0.1696969696969697,0.21777777777777776,0.1774891774891775,0.22777777777777777,0.17922077922077922,0.23,0.18787878787878787,0.2411111111111111
16,0.13392857142857142,0.18333333333333332,0.12581168831168832,0.17222222222222222,0.1331168831168831,0.18222222222222223,0.1266233766233766,0.17333333333333334,0.11282467532467533,0.15444444444444444,0.10957792207792208,0.15,0.09415584415584416,0.1288888888888889,0.14204545454545456,0.19444444444444445,0.14935064935064934,0.20444444444444446,0.1176948051948052,0.16111111111111112,0.15097402597402598,0.20666666666666667,0.10470779220779221,0.14333333333333334,0.1858766233766234,0.2544444444444444,0.18506493506493507,0.25333333333333335,0.19074675324675325,0.2611111111111111,0.1891233766233766,0.2588888888888889,0.14772727272727273,0.20222222222222222,0.19155844155844157,0.26222222222222225,0.2021103896103896,0.27666666666666667,0.18262987012987014,0.25,0.15178571428571427,0.20777777777777778,0.18262987012987014,0.25,0.1810064935064935,0.2477777777777778,0.18506493506493507,0.25333333333333335,0.1534090909090909,0.21,0.1534090909090909,0.21,0.10876623376623376,0.14888888888888888,0.12987012987012986,0.17777777777777778,0.10470779220779221,0.14333333333333334,0.11363636363636363,0.15555555555555556,0.09740259740259741,0.13333333333333333,0.11688311688311688,0.16,0.09577922077922078,0.13111111111111112,0.1534090909090909,0.21,0.1396103896103896,0.19111111111111112,0.09415584415584416,0.1288888888888889,0.19074675324675325,0.2611111111111111,0.19074675324675325,0.2611111111111111,0.19805194805194806,0.27111111111111114,0.19480519480519481,0.26666666666666666,0.10551948051948051,0.14444444444444443,0.19318181818181818,0.2644444444444444,0.19805194805194806,0.27111111111111114,0.17694805194805194,0.24222222222222223,0.1314935064935065,0.18,0.19074675324675325,0.2611111111111111,0.19642857142857142,0.2688888888888889,0.19074675324675325,0.2611111111111111,0.14285714285714285,0.19555555555555557,0.1396103896103896,0.19111111111111112,0.13230519480519481,0.1811111111111111,0.125,0.1711111111111111,0.10064935064935066,0.13777777777777778,0.10957792207792208,0.15,0.09577922077922078,0.13111111111111112,0.137987012987013,0.18888888888888888,0.12256493506493507,0.16777777777777778,0.13392857142857142,0.18333333333333332,0.12012987012987013,0.16444444444444445,0.10795454545454546,0.14777777777777779,0.1875,0.25666666666666665,0.1875,0.25666666666666665,0.19886363636363635,0.2722222222222222,0.19805194805194806,0.27111111111111114,0.11038961038961038,0.1511111111111111,0.18993506493506493,0.26,0.20292207792207792,0.2777777777777778,0.07386363636363637,0.10111111111111111,0.19480519480519481,0.26666666666666666,0.18831168831168832,0.2577777777777778,0.1956168831168831,0.2677777777777778,0.18993506493506493,0.26,0.1331168831168831,0.18222222222222223,0.14935064935064934,0.20444444444444446,0.1590909090909091,0.21777777777777776,0.16477272727272727,0.22555555555555556,0.08522727272727272,0.11666666666666667,0.17126623376623376,0.23444444444444446,0.18668831168831168,0.25555555555555554,0.15097402597402598,0.20666666666666667,0.16883116883116883,0.2311111111111111,0.17532467532467533,0.24,0.1793831168831169,0.24555555555555555,0.1680194805194805,0.23,0.1266233766233766,0.17333333333333334,0.14935064935064934,0.20444444444444446,0.19155844155844157,0.26222222222222225,0.1875,0.25666666666666665,0.09009740259740259,0.12333333333333334,0.20373376623376624,0.2788888888888889,0.2077922077922078,0.28444444444444444,0.14772727272727273,0.20222222222222222,0.16964285714285715,0.23222222222222222,0.17775974025974026,0.24333333333333335,0.18181818181818182,0.24888888888888888,0.18831168831168832,0.2577777777777778
17,0.13292589763177998,0.19333333333333333,0.12299465240641712,0.17888888888888888,0.13368983957219252,0.19444444444444445,0.12757830404889228,0.18555555555555556,0.11382734912146678,0.16555555555555557,0.10695187165775401,0.15555555555555556,0.09702062643239114,0.1411111111111111,0.1382734912146677,0.2011111111111111,0.14744079449961803,0.21444444444444444,0.11611917494270435,0.1688888888888889,0.1489686783804431,0.21666666666666667,0.09931245225362872,0.14444444444444443,0.186401833460657,0.27111111111111114,0.18563789152024446,0.27,0.1925133689839572,0.28,0.19633307868601987,0.28555555555555556,0.1520244461420932,0.22111111111111112,0.1917494270435447,0.2788888888888889,0.19938884644766997,0.29,0.17494270435446907,0.2544444444444444,0.15049656226126815,0.21888888888888888,0.18563789152024446,0.27,0.18105423987776928,0.2633333333333333,0.19480519480519481,0.2833333333333333,0.15049656226126815,0.21888888888888888,0.15049656226126815,0.21888888888888888,0.10695187165775401,0.15555555555555556,0.12681436210847977,0.18444444444444444,0.10542398777692895,0.15333333333333332,0.11306340718105425,0.16444444444444445,0.10084033613445378,0.14666666666666667,0.11535523300229182,0.16777777777777778,0.09549274255156608,0.1388888888888889,0.15049656226126815,0.21888888888888888,0.13445378151260504,0.19555555555555557,0.09472880061115355,0.13777777777777778,0.1970970206264324,0.2866666666666667,0.1970970206264324,0.2866666666666667,0.19480519480519481,0.2833333333333333,0.1925133689839572,0.28,0.10695187165775401,0.15555555555555556,0.19786096256684493,0.2877777777777778,0.20091673032849502,0.2922222222222222,0.18105423987776928,0.2633333333333333,0.1382734912146677,0.2011111111111111,0.1970970206264324,0.2866666666666667,0.19404125286478227,0.2822222222222222,0.19404125286478227,0.2822222222222222,0.14056531703590527,0.20444444444444446,0.13903743315508021,0.20222222222222222,0.1306340718105424,0.19,0.12146676852559206,0.17666666666666667,0.10236822001527884,0.14888888888888888,0.10695187165775401,0.15555555555555556,0.0985485103132162,0.14333333333333334,0.13674560733384264,0.1988888888888889,0.12223071046600459,0.17777777777777778,0.13216195569136746,0.1922222222222222,0.119938884644767,0.17444444444444446,0.10313216195569137,0.15,0.18792971734148206,0.2733333333333333,0.18792971734148206,0.2733333333333333,0.20244461420932008,0.29444444444444445,0.2001527883880825,0.2911111111111111,0.11306340718105425,0.16444444444444445,0.19098548510313215,0.2777777777777778,0.19938884644766997,0.29,0.07333842627960276,0.10666666666666667,0.19404125286478227,0.2822222222222222,0.18716577540106952,0.2722222222222222,0.19786096256684493,0.2877777777777778,0.1917494270435447,0.2788888888888889,0.13139801375095492,0.19111111111111112,0.1489686783804431,0.21666666666666667,0.16195569136745608,0.23555555555555555,0.16424751718869365,0.2388888888888889,0.0855614973262032,0.12444444444444444,0.1711229946524064,0.24888888888888888,0.186401833460657,0.27111111111111114,0.1497326203208556,0.21777777777777776,0.16883116883116883,0.24555555555555555,0.17647058823529413,0.25666666666666665,0.1787624140565317,0.26,0.1711229946524064,0.24888888888888888,0.12987012987012986,0.18888888888888888,0.15126050420168066,0.22,0.186401833460657,0.27111111111111114,0.18716577540106952,0.2722222222222222,0.09167303284950344,0.13333333333333333,0.20397249809014514,0.2966666666666667,0.20932009167303284,0.30444444444444446,0.14744079449961803,0.21444444444444444,0.1711229946524064,0.24888888888888888,0.17952635599694422,0.2611111111111111,0.18029029793735676,0.26222222222222225,0.19022154316271964,0.27666666666666667
18,0.12987012987012986,0.2,0.12121212121212122,0.18666666666666668,0.12987012987012986,0.2,0.1240981240981241,0.19111111111111112,0.11688311688311688,0.18,0.10822510822510822,0.16666666666666666,0.09956709956709957,0.15333333333333332,0.1341991341991342,0.20666666666666667,0.14574314574314573,0.22444444444444445,0.1176046176046176,0.1811111111111111,0.14646464646464646,0.22555555555555556,0.10028860028860029,0.15444444444444444,0.18542568542568544,0.28555555555555556,0.18398268398268397,0.2833333333333333,0.19552669552669552,0.3011111111111111,0.19408369408369408,0.29888888888888887,0.15295815295815296,0.23555555555555555,0.19696969696969696,0.30333333333333334,0.19696969696969696,0.30333333333333334,0.1681096681096681,0.2588888888888889,0.1479076479076479,0.22777777777777777,0.18398268398268397,0.2833333333333333,0.1782106782106782,0.27444444444444444,0.19696969696969696,0.30333333333333334,0.14862914862914864,0.2288888888888889,0.14862914862914864,0.2288888888888889,0.1075036075036075,0.16555555555555557,0.12698412698412698,0.19555555555555557,0.10606060606060606,0.16333333333333333,0.1111111111111111,0.1711111111111111,0.10101010101010101,0.15555555555555556,0.11255411255411256,0.17333333333333334,0.09163059163059163,0.1411111111111111,0.14862914862914864,0.2288888888888889,0.1341991341991342,0.20666666666666667,0.09307359307359307,0.14333333333333334,0.1984126984126984,0.3055555555555556,0.1984126984126984,0.3055555555555556,0.1976911976911977,0.30444444444444446,0.19336219336219337,0.29777777777777775,0.10606060606060606,0.16333333333333333,0.19408369408369408,0.29888888888888887,0.19336219336219337,0.29777777777777775,0.18831168831168832,0.29,0.14357864357864358,0.22111111111111112,0.1984126984126984,0.3055555555555556,0.19480519480519481,0.3,0.1911976911976912,0.29444444444444445,0.1378066378066378,0.21222222222222223,0.13564213564213565,0.2088888888888889,0.12698412698412698,0.19555555555555557,0.11976911976911978,0.18444444444444444,0.10461760461760462,0.16111111111111112,0.10822510822510822,0.16666666666666666,0.10101010101010101,0.15555555555555556,0.13347763347763347,0.20555555555555555,0.11976911976911978,0.18444444444444444,0.12987012987012986,0.2,0.11976911976911978,0.18444444444444444,0.1038961038961039,0.16,0.18614718614718614,0.2866666666666667,0.18614718614718614,0.2866666666666667,0.19985569985569984,0.30777777777777776,0.1976911976911977,0.30444444444444446,0.11471861471861472,0.17666666666666667,0.19480519480519481,0.3,0.1984126984126984,0.3055555555555556,0.0735930735930736,0.11333333333333333,0.19264069264069264,0.2966666666666667,0.18542568542568544,0.28555555555555556,0.19264069264069264,0.2966666666666667,0.19552669552669552,0.3011111111111111,0.12842712842712842,0.19777777777777777,0.15007215007215008,0.2311111111111111,0.16378066378066378,0.25222222222222224,0.16305916305916307,0.2511111111111111,0.08441558441558442,0.13,0.170995670995671,0.2633333333333333,0.18614718614718614,0.2866666666666667,0.14862914862914864,0.2288888888888889,0.16955266955266957,0.2611111111111111,0.1782106782106782,0.27444444444444444,0.1774891774891775,0.2733333333333333,0.16883116883116883,0.26,0.1277056277056277,0.19666666666666666,0.15007215007215008,0.2311111111111111,0.18614718614718614,0.2866666666666667,0.18831168831168832,0.29,0.09523809523809523,0.14666666666666667,0.20202020202020202,0.3111111111111111,0.2077922077922078,0.32,0.1471861471861472,0.22666666666666666,0.17027417027417027,0.26222222222222225,0.18037518037518038,0.2777777777777778,0.17965367965367965,0.27666666666666667,0.19047619047619047,0.29333333333333333
19,0.12781954887218044,0.20777777777777778,0.12030075187969924,0.19555555555555557,0.1291866028708134,0.21,0.12440191387559808,0.20222222222222222,0.12030075187969924,0.19555555555555557,0.10731373889268626,0.17444444444444446,0.10184552289815448,0.16555555555555557,0.1346548188653452,0.21888888888888888,0.14559125085440874,0.23666666666666666,0.11551606288448393,0.18777777777777777,0.14764183185235816,0.24,0.09842788790157211,0.16,0.18455228981544772,0.3,0.18455228981544772,0.3,0.19548872180451127,0.31777777777777777,0.19480519480519481,0.31666666666666665,0.151742993848257,0.24666666666666667,0.19275461380724537,0.31333333333333335,0.19343814080656185,0.31444444444444447,0.16267942583732056,0.2644444444444444,0.14900888585099112,0.24222222222222223,0.18455228981544772,0.3,0.17771701982228297,0.28888888888888886,0.20027341079972658,0.32555555555555554,0.14285714285714285,0.23222222222222222,0.14285714285714285,0.23222222222222222,0.10868079289131921,0.17666666666666667,0.12371838687628162,0.2011111111111111,0.10594668489405332,0.17222222222222222,0.11278195488721804,0.18333333333333332,0.10457963089542037,0.17,0.1114149008885851,0.1811111111111111,0.08817498291182502,0.14333333333333334,0.14285714285714285,0.23222222222222222,0.1367053998632946,0.2222222222222222,0.09637730690362269,0.15666666666666668,0.19617224880382775,0.3188888888888889,0.19617224880382775,0.3188888888888889,0.1975393028024607,0.3211111111111111,0.19548872180451127,0.31777777777777777,0.10252904989747096,0.16666666666666666,0.19480519480519481,0.31666666666666665,0.19548872180451127,0.31777777777777777,0.18933697881066303,0.30777777777777776,0.14354066985645933,0.23333333333333334,0.19617224880382775,0.3188888888888889,0.1900205058099795,0.3088888888888889,0.19548872180451127,0.31777777777777777,0.13602187286397813,0.22111111111111112,0.1339712918660287,0.21777777777777776,0.12371838687628162,0.2011111111111111,0.12098427887901572,0.19666666666666666,0.10594668489405332,0.17222222222222222,0.10731373889268626,0.17444444444444446,0.10321257689678742,0.16777777777777778,0.13260423786739575,0.21555555555555556,0.12166780587833219,0.19777777777777777,0.12850307587149692,0.2088888888888889,0.12166780587833219,0.19777777777777777,0.10252904989747096,0.16666666666666666,0.18523581681476417,0.3011111111111111,0.18523581681476417,0.3011111111111111,0.1975393028024607,0.3211111111111111,0.1975393028024607,0.3211111111111111,0.11893369788106631,0.19333333333333333,0.1975393028024607,0.3211111111111111,0.19548872180451127,0.31777777777777777,0.08065618591934381,0.13111111111111112,0.19207108680792892,0.31222222222222223,0.18660287081339713,0.30333333333333334,0.1900205058099795,0.3088888888888889,0.19822282980177716,0.32222222222222224,0.12781954887218044,0.20777777777777778,0.1496924128503076,0.24333333333333335,0.16404647983595352,0.26666666666666666,0.16267942583732056,0.2644444444444444,0.08407382091592618,0.13666666666666666,0.17429938482570062,0.2833333333333333,0.18455228981544772,0.3,0.15105946684894053,0.24555555555555555,0.1674641148325359,0.2722222222222222,0.18045112781954886,0.29333333333333333,0.17566643882433355,0.28555555555555556,0.16541353383458646,0.2688888888888889,0.12987012987012986,0.2111111111111111,0.14832535885167464,0.2411111111111111,0.18523581681476417,0.3011111111111111,0.1872863978127136,0.30444444444444446,0.09842788790157211,0.16,0.2050580997949419,0.3333333333333333,0.2050580997949419,0.3333333333333333,0.1496924128503076,0.24333333333333335,0.16814764183185235,0.2733333333333333,0.18181818181818182,0.29555555555555557,0.17703349282296652,0.2877777777777778,0.19207108680792892,0.31222222222222223
20,0.12857142857142856,0.22,0.12337662337662338,0.2111111111111111,0.12727272727272726,0.21777777777777776,0.12272727272727273,0.21,0.12012987012987013,0.20555555555555555,0.11038961038961038,0.18888888888888888,0.11103896103896103,0.19,0.13246753246753246,0.22666666666666666,0.14935064935064934,0.25555555555555554,0.11883116883116883,0.20333333333333334,0.14935064935064934,0.25555555555555554,0.1,0.1711111111111111,0.18311688311688312,0.31333333333333335,0.18376623376623377,0.31444444444444447,0.19285714285714287,0.33,0.1961038961038961,0.33555555555555555,0.1512987012987013,0.2588888888888889,0.19480519480519481,0.3333333333333333,0.19480519480519481,0.3333333333333333,0.15584415584415584,0.26666666666666666,0.15064935064935064,0.2577777777777778,0.18376623376623377,0.31444444444444447,0.17597402597402598,0.3011111111111111,0.1987012987012987,0.34,0.14285714285714285,0.24444444444444444,0.14285714285714285,0.24444444444444444,0.11038961038961038,0.18888888888888888,0.12272727272727273,0.21,0.10779220779220779,0.18444444444444444,0.11363636363636363,0.19444444444444445,0.11493506493506493,0.19666666666666666,0.11298701298701298,0.19333333333333333,0.08571428571428572,0.14666666666666667,0.14285714285714285,0.24444444444444444,0.137012987012987,0.23444444444444446,0.09545454545454546,0.16333333333333333,0.19480519480519481,0.3333333333333333,0.19480519480519481,0.3333333333333333,0.19935064935064936,0.3411111111111111,0.1974025974025974,0.3377777777777778,0.1,0.1711111111111111,0.19805194805194806,0.3388888888888889,0.19480519480519481,0.3333333333333333,0.19285714285714287,0.33,0.14545454545454545,0.24888888888888888,0.19480519480519481,0.3333333333333333,0.19025974025974027,0.32555555555555554,0.19805194805194806,0.3388888888888889,0.1344155844155844,0.23,0.1318181818181818,0.22555555555555556,0.12402597402597403,0.21222222222222223,0.11818181818181818,0.20222222222222222,0.10909090909090909,0.18666666666666668,0.11038961038961038,0.18888888888888888,0.11103896103896103,0.19,0.12987012987012986,0.2222222222222222,0.12207792207792208,0.2088888888888889,0.1292207792207792,0.22111111111111112,0.12077922077922078,0.20666666666666667,0.10454545454545454,0.17888888888888888,0.18441558441558442,0.31555555555555553,0.18441558441558442,0.31555555555555553,0.1961038961038961,0.33555555555555555,0.1961038961038961,0.33555555555555555,0.11948051948051948,0.20444444444444446,0.1961038961038961,0.33555555555555555,0.1974025974025974,0.3377777777777778,0.08116883116883117,0.1388888888888889,0.18961038961038962,0.3244444444444444,0.18376623376623377,0.31444444444444447,0.19220779220779222,0.3288888888888889,0.19805194805194806,0.3388888888888889,0.12727272727272726,0.21777777777777776,0.1512987012987013,0.2588888888888889,0.16428571428571428,0.2811111111111111,0.16428571428571428,0.2811111111111111,0.08311688311688312,0.14222222222222222,0.17272727272727273,0.29555555555555557,0.17922077922077922,0.30666666666666664,0.15064935064935064,0.2577777777777778,0.16818181818181818,0.2877777777777778,0.18116883116883117,0.31,0.17207792207792208,0.29444444444444445,0.16753246753246753,0.2866666666666667,0.12857142857142856,0.22,0.15,0.25666666666666665,0.18571428571428572,0.31777777777777777,0.18896103896103897,0.3233333333333333,0.10064935064935066,0.17222222222222222,0.20324675324675326,0.3477777777777778,0.20454545454545456,0.35,0.14935064935064934,0.25555555555555554,0.17142857142857143,0.29333333333333333,0.18311688311688312,0.31333333333333335,0.17337662337662338,0.2966666666666667,0.19090909090909092,0.32666666666666666
21,0.1292517006802721,0.23222222222222222,0.12183055040197897,0.21888888888888888,0.12739641311069883,0.2288888888888889,0.12244897959183673,0.22,0.12183055040197897,0.21888888888888888,0.10884353741496598,0.19555555555555557,0.11873840445269017,0.21333333333333335,0.1311069882498454,0.23555555555555555,0.14594928880643165,0.26222222222222225,0.11811997526283241,0.21222222222222223,0.14656771799628943,0.2633333333333333,0.10018552875695733,0.18,0.1836734693877551,0.33,0.18243661100803957,0.3277777777777778,0.19418676561533704,0.3488888888888889,0.19727891156462585,0.35444444444444445,0.1533704390847248,0.27555555555555555,0.19542362399505256,0.3511111111111111,0.19356833642547927,0.3477777777777778,0.15275200989486704,0.27444444444444444,0.1471861471861472,0.2644444444444444,0.18243661100803957,0.3277777777777778,0.17687074829931973,0.31777777777777777,0.1997526283240569,0.35888888888888887,0.1422387136672851,0.25555555555555554,0.1422387136672851,0.25555555555555554,0.11379097093382808,0.20444444444444446,0.12430426716141002,0.22333333333333333,0.10822510822510822,0.19444444444444445,0.11379097093382808,0.20444444444444446,0.11811997526283241,0.21222222222222223,0.11069882498453927,0.1988888888888889,0.08658008658008658,0.15555555555555556,0.1422387136672851,0.25555555555555554,0.13543599257884972,0.24333333333333335,0.09461966604823747,0.17,0.19233147804576375,0.34555555555555556,0.19233147804576375,0.34555555555555556,0.20037105751391465,0.36,0.19851576994434136,0.3566666666666667,0.09956709956709957,0.17888888888888888,0.20098948670377242,0.3611111111111111,0.19047619047619047,0.3422222222222222,0.19294990723562153,0.3466666666666667,0.1471861471861472,0.2644444444444444,0.19233147804576375,0.34555555555555556,0.19109461966604824,0.3433333333333333,0.2028447742733457,0.36444444444444446,0.13481756338899195,0.24222222222222223,0.12863327149041434,0.2311111111111111,0.12121212121212122,0.21777777777777776,0.11750154607297464,0.2111111111111111,0.11008039579468151,0.19777777777777777,0.10884353741496598,0.19555555555555557,0.12121212121212122,0.21777777777777776,0.1292517006802721,0.23222222222222222,0.12244897959183673,0.22,0.12430426716141002,0.22333333333333333,0.12121212121212122,0.21777777777777776,0.10451453308596166,0.18777777777777777,0.18552875695732837,0.3333333333333333,0.18552875695732837,0.3333333333333333,0.19727891156462585,0.35444444444444445,0.19789734075448362,0.35555555555555557,0.11935683364254793,0.21444444444444444,0.19480519480519481,0.35,0.19542362399505256,0.3511111111111111,0.08534322820037106,0.15333333333333332,0.18985776128633272,0.3411111111111111,0.18552875695732837,0.3333333333333333,0.19233147804576375,0.34555555555555556,0.20098948670377242,0.3611111111111111,0.12739641311069883,0.2288888888888889,0.14965986394557823,0.2688888888888889,0.16388373531230674,0.29444444444444445,0.16326530612244897,0.29333333333333333,0.08163265306122448,0.14666666666666667,0.17377860235003093,0.31222222222222223,0.17687074829931973,0.31777777777777777,0.150278293135436,0.27,0.16759431045145332,0.3011111111111111,0.18305504019789734,0.3288888888888889,0.1694495980210266,0.30444444444444446,0.17006802721088435,0.3055555555555556,0.12677798392084105,0.22777777777777777,0.14904143475572046,0.2677777777777778,0.18243661100803957,0.3277777777777778,0.18738404452690166,0.33666666666666667,0.10080395794681508,0.1811111111111111,0.20470006184291897,0.36777777777777776,0.20531849103277675,0.3688888888888889,0.15151515151515152,0.2722222222222222,0.17192331478045764,0.3088888888888889,0.1886209029066172,0.3388888888888889,0.17068645640074212,0.30666666666666664,0.1886209029066172,0.3388888888888889
22,0.1257378984651712,0.23666666666666666,0.12219598583234947,0.23,0.1257378984651712,0.23666666666666666,0.128099173553719,0.2411111111111111,0.12514757969303425,0.23555555555555555,0.11393152302243212,0.21444444444444444,0.12455726092089728,0.23444444444444446,0.13105076741440377,0.24666666666666667,0.1422668240850059,0.2677777777777778,0.11865407319952774,0.22333333333333333,0.14344746162927982,0.27,0.10094451003541913,0.19,0.18299881936245574,0.34444444444444444,0.18417945690672963,0.3466666666666667,0.19539551357733176,0.36777777777777776,0.19775678866587956,0.37222222222222223,0.15466351829988192,0.2911111111111111,0.19716646989374262,0.3711111111111111,0.19244391971664698,0.3622222222222222,0.14935064935064934,0.2811111111111111,0.14344746162927982,0.27,0.18299881936245574,0.34444444444444444,0.1782762691853601,0.33555555555555555,0.19952774498229045,0.37555555555555553,0.1422668240850059,0.2677777777777778,0.1422668240850059,0.2677777777777778,0.1204250295159386,0.22666666666666666,0.12632821723730814,0.23777777777777778,0.10979929161747344,0.20666666666666667,0.11570247933884298,0.21777777777777776,0.12160566706021252,0.2288888888888889,0.11393152302243212,0.21444444444444444,0.09268004722550177,0.17444444444444446,0.1422668240850059,0.2677777777777778,0.13695395513577333,0.2577777777777778,0.09681227863046045,0.18222222222222223,0.19244391971664698,0.3622222222222222,0.19244391971664698,0.3622222222222222,0.19893742621015348,0.37444444444444447,0.19716646989374262,0.3711111111111111,0.10153482880755609,0.19111111111111112,0.2012987012987013,0.3788888888888889,0.19185360094451004,0.3611111111111111,0.1894923258559622,0.3566666666666667,0.14817001180637543,0.2788888888888889,0.19244391971664698,0.3622222222222222,0.19303423848878395,0.36333333333333334,0.2066115702479339,0.3888888888888889,0.1334120425029516,0.2511111111111111,0.1292798110979929,0.24333333333333335,0.12514757969303425,0.23555555555555555,0.12455726092089728,0.23444444444444446,0.11038961038961038,0.20777777777777778,0.11393152302243212,0.21444444444444444,0.1269185360094451,0.2388888888888889,0.12750885478158205,0.24,0.12160566706021252,0.2288888888888889,0.12514757969303425,0.23555555555555555,0.12101534828807556,0.22777777777777777,0.10330578512396695,0.19444444444444445,0.18536009445100354,0.3488888888888889,0.18536009445100354,0.3488888888888889,0.2001180637544274,0.37666666666666665,0.19893742621015348,0.37444444444444447,0.12160566706021252,0.2288888888888889,0.19716646989374262,0.3711111111111111,0.19480519480519481,0.36666666666666664,0.089728453364817,0.1688888888888889,0.1912632821723731,0.36,0.1859504132231405,0.35,0.1936245572609209,0.36444444444444446,0.19834710743801653,0.37333333333333335,0.12396694214876033,0.23333333333333334,0.14757969303423848,0.2777777777777778,0.1641086186540732,0.3088888888888889,0.1641086186540732,0.3088888888888889,0.0808736717827627,0.15222222222222223,0.1717827626918536,0.3233333333333333,0.17768595041322313,0.33444444444444443,0.15407319952774498,0.29,0.16706021251475797,0.31444444444444447,0.1859504132231405,0.35,0.16765053128689492,0.31555555555555553,0.17237308146399055,0.3244444444444444,0.12632821723730814,0.23777777777777778,0.14817001180637543,0.2788888888888889,0.18240850059031877,0.3433333333333333,0.1871310507674144,0.3522222222222222,0.10153482880755609,0.19111111111111112,0.20188902007083825,0.38,0.20188902007083825,0.38,0.15230224321133412,0.2866666666666667,0.17237308146399055,0.3244444444444444,0.18772136953955135,0.35333333333333333,0.16942148760330578,0.3188888888888889,0.18831168831168832,0.35444444444444445
23,0.13156408808582723,0.2588888888888889,0.12704686617730096,0.25,0.13043478260869565,0.25666666666666665,0.13099943534726144,0.2577777777777778,0.12196499153020893,0.24,0.12196499153020893,0.24,0.12309429700734048,0.24222222222222223,0.13099943534726144,0.2577777777777778,0.13890457368718237,0.2733333333333333,0.12648221343873517,0.24888888888888888,0.14059853190287974,0.27666666666666667,0.10333145115753811,0.20333333333333334,0.18238283455674761,0.35888888888888887,0.18181818181818182,0.35777777777777775,0.19593450028232637,0.38555555555555554,0.1981931112365895,0.39,0.15527950310559005,0.3055555555555556,0.19649915302089216,0.38666666666666666,0.19480519480519481,0.38333333333333336,0.14850367024280067,0.2922222222222222,0.14285714285714285,0.2811111111111111,0.18181818181818182,0.35777777777777775,0.17447769621682666,0.3433333333333333,0.20045172219085264,0.39444444444444443,0.14003387916431395,0.27555555555555555,0.14003387916431395,0.27555555555555555,0.12648221343873517,0.24888888888888888,0.13325804630152457,0.26222222222222225,0.10954263128176171,0.21555555555555556,0.12309429700734048,0.24222222222222223,0.1225296442687747,0.2411111111111111,0.12140033879164314,0.2388888888888889,0.09599096555618294,0.18888888888888888,0.14003387916431395,0.27555555555555555,0.13664596273291926,0.2688888888888889,0.10446075663466968,0.20555555555555555,0.19085262563523434,0.37555555555555553,0.19085262563523434,0.37555555555555553,0.2010163749294184,0.39555555555555555,0.1976284584980237,0.3888888888888889,0.10107284020327499,0.1988888888888889,0.20553359683794467,0.40444444444444444,0.1919819311123659,0.37777777777777777,0.1885940146809712,0.3711111111111111,0.1513269339356296,0.29777777777777775,0.19085262563523434,0.37555555555555553,0.19311123658949747,0.38,0.20609824957651043,0.40555555555555556,0.13551665725578768,0.26666666666666666,0.13325804630152457,0.26222222222222225,0.12761151891586675,0.2511111111111111,0.12648221343873517,0.24888888888888888,0.11123658949745906,0.21888888888888888,0.12196499153020893,0.24,0.12309429700734048,0.24222222222222223,0.12648221343873517,0.24888888888888888,0.12365894974590627,0.24333333333333335,0.132128740824393,0.26,0.12422360248447205,0.24444444444444444,0.10559006211180125,0.20777777777777778,0.18351214003387917,0.3611111111111111,0.18351214003387917,0.3611111111111111,0.20045172219085264,0.39444444444444443,0.2015810276679842,0.39666666666666667,0.12535290796160362,0.24666666666666667,0.19932241671372106,0.39222222222222225,0.19311123658949747,0.38,0.09486166007905138,0.18666666666666668,0.19311123658949747,0.38,0.18351214003387917,0.3611111111111111,0.19424054206662902,0.38222222222222224,0.19875776397515527,0.39111111111111113,0.12196499153020893,0.24,0.14963297571993225,0.29444444444444445,0.16261998870694522,0.32,0.16092603049124787,0.31666666666666665,0.0818746470920384,0.16111111111111112,0.17391304347826086,0.3422222222222222,0.17730095990965555,0.3488888888888889,0.15189158667419536,0.29888888888888887,0.16826651609260304,0.33111111111111113,0.1885940146809712,0.3711111111111111,0.16600790513833993,0.32666666666666666,0.17221908526256352,0.3388888888888889,0.12648221343873517,0.24888888888888888,0.14963297571993225,0.29444444444444445,0.18294748729531338,0.36,0.1857707509881423,0.3655555555555556,0.10615471485036702,0.2088888888888889,0.2010163749294184,0.39555555555555555,0.19932241671372106,0.39222222222222225,0.15302089215132694,0.3011111111111111,0.17108977978543197,0.33666666666666667,0.189158667419537,0.37222222222222223,0.16826651609260304,0.33111111111111113,0.1880293619424054,0.37
24,0.13203463203463203,0.27111111111111114,0.12716450216450217,0.2611111111111111,0.13095238095238096,0.2688888888888889,0.12824675324675325,0.2633333333333333,0.125,0.25666666666666665,0.12608225108225107,0.2588888888888889,0.125,0.25666666666666665,0.13095238095238096,0.2688888888888889,0.137987012987013,0.2833333333333333,0.1266233766233766,0.26,0.13906926406926406,0.28555555555555556,0.10822510822510822,0.2222222222222222,0.1812770562770563,0.37222222222222223,0.18019480519480519,0.37,0.19642857142857142,0.4033333333333333,0.19913419913419914,0.4088888888888889,0.15476190476190477,0.31777777777777777,0.1975108225108225,0.40555555555555556,0.19534632034632035,0.4011111111111111,0.14664502164502163,0.3011111111111111,0.14015151515151514,0.2877777777777778,0.17965367965367965,0.3688888888888889,0.17153679653679654,0.3522222222222222,0.20183982683982685,0.41444444444444445,0.14015151515151514,0.2877777777777778,0.14015151515151514,0.2877777777777778,0.1277056277056277,0.26222222222222225,0.1331168831168831,0.2733333333333333,0.10984848484848485,0.22555555555555556,0.12608225108225107,0.2588888888888889,0.12391774891774891,0.2544444444444444,0.12608225108225107,0.2588888888888889,0.09523809523809523,0.19555555555555557,0.14015151515151514,0.2877777777777778,0.1341991341991342,0.27555555555555555,0.10281385281385282,0.2111111111111111,0.19047619047619047,0.39111111111111113,0.19101731601731603,0.39222222222222225,0.20075757575757575,0.4122222222222222,0.1985930735930736,0.4077777777777778,0.1001082251082251,0.20555555555555555,0.20292207792207792,0.4166666666666667,0.19318181818181818,0.39666666666666667,0.1856060606060606,0.3811111111111111,0.15422077922077923,0.31666666666666665,0.19047619047619047,0.39111111111111113,0.1920995670995671,0.39444444444444443,0.204004329004329,0.41888888888888887,0.1341991341991342,0.27555555555555555,0.1331168831168831,0.2733333333333333,0.1277056277056277,0.26222222222222225,0.12608225108225107,0.2588888888888889,0.11038961038961038,0.22666666666666666,0.12608225108225107,0.2588888888888889,0.12554112554112554,0.2577777777777778,0.12554112554112554,0.2577777777777778,0.12445887445887446,0.25555555555555554,0.13041125541125542,0.2677777777777778,0.12337662337662338,0.25333333333333335,0.11201298701298701,0.23,0.18398268398268397,0.37777777777777777,0.18398268398268397,0.37777777777777777,0.2002164502164502,0.4111111111111111,0.20183982683982685,0.41444444444444445,0.12554112554112554,0.2577777777777778,0.2012987012987013,0.41333333333333333,0.19155844155844157,0.3933333333333333,0.09794372294372294,0.2011111111111111,0.1920995670995671,0.39444444444444443,0.18344155844155843,0.37666666666666665,0.19534632034632035,0.4011111111111111,0.20238095238095238,0.41555555555555557,0.12391774891774891,0.2544444444444444,0.15313852813852813,0.31444444444444447,0.16125541125541126,0.33111111111111113,0.1634199134199134,0.33555555555555555,0.08062770562770563,0.16555555555555557,0.17045454545454544,0.35,0.1747835497835498,0.35888888888888887,0.15205627705627706,0.31222222222222223,0.16612554112554112,0.3411111111111111,0.1893939393939394,0.3888888888888889,0.1682900432900433,0.34555555555555556,0.17424242424242425,0.35777777777777775,0.12716450216450217,0.2611111111111111,0.15422077922077923,0.31666666666666665,0.18181818181818182,0.37333333333333335,0.18344155844155843,0.37666666666666665,0.10822510822510822,0.2222222222222222,0.20075757575757575,0.4122222222222222,0.1985930735930736,0.4077777777777778,0.15097402597402598,0.31,0.16774891774891776,0.34444444444444444,0.1893939393939394,0.3888888888888889,0.1682900432900433,0.34555555555555556,0.18831168831168832,0.38666666666666666
25,0.13239875389408098,0.2833333333333333,0.12824506749740394,0.27444444444444444,0.12980269989615784,0.2777777777777778,0.1277258566978193,0.2733333333333333,0.1240913811007269,0.26555555555555554,0.12461059190031153,0.26666666666666666,0.1256490134994808,0.2688888888888889,0.13655244029075805,0.2922222222222222,0.1360332294911734,0.2911111111111111,0.12512980269989615,0.2677777777777778,0.13707165109034267,0.29333333333333333,0.11059190031152648,0.23666666666666666,0.1806853582554517,0.38666666666666666,0.18120456905503635,0.3877777777777778,0.1952232606438214,0.4177777777777778,0.20093457943925233,0.43,0.15680166147455868,0.33555555555555555,0.19730010384215993,0.4222222222222222,0.19314641744548286,0.41333333333333333,0.14434060228452752,0.3088888888888889,0.13811007268951195,0.29555555555555557,0.1801661474558671,0.38555555555555554,0.17237798546209762,0.3688888888888889,0.20093457943925233,0.43,0.13655244029075805,0.2922222222222222,0.13655244029075805,0.2922222222222222,0.12512980269989615,0.2677777777777778,0.13136033229491173,0.2811111111111111,0.11059190031152648,0.23666666666666666,0.1256490134994808,0.2688888888888889,0.1256490134994808,0.2688888888888889,0.1292834890965732,0.27666666666666667,0.09813084112149532,0.21,0.13655244029075805,0.2922222222222222,0.13136033229491173,0.2811111111111111,0.10747663551401869,0.23,0.19262720664589825,0.4122222222222222,0.19262720664589825,0.4122222222222222,0.19937694704049844,0.4266666666666667,0.19781931464174454,0.42333333333333334,0.0976116303219107,0.2088888888888889,0.20249221183800623,0.43333333333333335,0.19262720664589825,0.4122222222222222,0.18431983385254413,0.39444444444444443,0.15680166147455868,0.33555555555555555,0.19262720664589825,0.4122222222222222,0.19262720664589825,0.4122222222222222,0.20249221183800623,0.43333333333333335,0.13447559709241952,0.2877777777777778,0.13395638629283488,0.2866666666666667,0.12668743509865005,0.27111111111111114,0.12357217030114226,0.2644444444444444,0.11059190031152648,0.23666666666666666,0.12461059190031153,0.26666666666666666,0.1261682242990654,0.27,0.12824506749740394,0.27444444444444444,0.12668743509865005,0.27111111111111114,0.12980269989615784,0.2777777777777778,0.12461059190031153,0.26666666666666666,0.11214953271028037,0.24,0.1838006230529595,0.3933333333333333,0.1838006230529595,0.3933333333333333,0.20145379023883697,0.4311111111111111,0.19989615784008308,0.42777777777777776,0.12461059190031153,0.26666666666666666,0.20145379023883697,0.4311111111111111,0.1921079958463136,0.4111111111111111,0.10176531671858775,0.21777777777777776,0.19003115264797507,0.4066666666666667,0.1838006230529595,0.3933333333333333,0.19158878504672897,0.41,0.20612668743509865,0.4411111111111111,0.12512980269989615,0.2677777777777778,0.1542056074766355,0.33,0.16303219106957426,0.3488888888888889,0.16251298026998962,0.3477777777777778,0.08255451713395638,0.17666666666666667,0.1687435098650052,0.3611111111111111,0.1770508826583593,0.3788888888888889,0.15316718587746625,0.3277777777777778,0.16614745586708204,0.35555555555555557,0.18795430944963656,0.4022222222222222,0.16926272066458983,0.3622222222222222,0.17497403946002077,0.37444444444444447,0.1277258566978193,0.2733333333333333,0.15472481827622014,0.33111111111111113,0.181723779854621,0.3888888888888889,0.18328141225337488,0.39222222222222225,0.10955347871235721,0.23444444444444446,0.20093457943925233,0.43,0.19574247144340604,0.41888888888888887,0.15109034267912771,0.3233333333333333,0.16822429906542055,0.36,0.1905503634475597,0.4077777777777778,0.16926272066458983,0.3622222222222222,0.18899273104880582,0.40444444444444444
26,0.13030454318522217,0.29,0.12581128307538691,0.28,0.12880678981527707,0.2866666666666667,0.12980529206190713,0.28888888888888886,0.12281577633549676,0.2733333333333333,0.12481278082875687,0.2777777777777778,0.12780828756864704,0.28444444444444444,0.1397903145282077,0.3111111111111111,0.13379930104842735,0.29777777777777775,0.12581128307538691,0.28,0.13479780329505742,0.3,0.11283075386919621,0.2511111111111111,0.1832251622566151,0.4077777777777778,0.1832251622566151,0.4077777777777778,0.19620569146280578,0.43666666666666665,0.2016974538192711,0.4488888888888889,0.16075886170743883,0.35777777777777775,0.1982026959560659,0.4411111111111111,0.19321018472291562,0.43,0.13879181228157764,0.3088888888888889,0.1367948077883175,0.30444444444444446,0.18172740888667,0.40444444444444444,0.17423864203694459,0.3877777777777778,0.20119820269595606,0.4477777777777778,0.1397903145282077,0.3111111111111111,0.1397903145282077,0.3111111111111111,0.12581128307538691,0.28,0.1328007988017973,0.29555555555555557,0.11183225162256615,0.24888888888888888,0.12581128307538691,0.28,0.12631053419870195,0.2811111111111111,0.12780828756864704,0.28444444444444444,0.09935097353969047,0.22111111111111112,0.1397903145282077,0.3111111111111111,0.1293060409385921,0.2877777777777778,0.11033449825262107,0.24555555555555555,0.19570644033949075,0.43555555555555553,0.19570644033949075,0.43555555555555553,0.20219670494258613,0.45,0.200199700449326,0.44555555555555554,0.0963554667998003,0.21444444444444444,0.2036944583125312,0.4533333333333333,0.19321018472291562,0.43,0.18222666000998503,0.40555555555555556,0.1567648527209186,0.3488888888888889,0.19570644033949075,0.43555555555555553,0.19171243135297053,0.4266666666666667,0.20219670494258613,0.45,0.13529705441837245,0.3011111111111111,0.13130304543185223,0.2922222222222222,0.1293060409385921,0.2877777777777778,0.12680978532201698,0.2822222222222222,0.1108337493759361,0.24666666666666667,0.12481278082875687,0.2777777777777778,0.12830753869196207,0.28555555555555556,0.12830753869196207,0.28555555555555556,0.12581128307538691,0.28,0.1308037943085372,0.2911111111111111,0.12531203195207188,0.2788888888888889,0.11432850723914129,0.2544444444444444,0.18622066899650525,0.41444444444444445,0.18622066899650525,0.41444444444444445,0.2016974538192711,0.4488888888888889,0.20219670494258613,0.45,0.12231652521218173,0.2722222222222222,0.2031952071892162,0.45222222222222225,0.19171243135297053,0.4266666666666667,0.10883674488267599,0.24222222222222223,0.18871692461308037,0.42,0.18572141787319021,0.41333333333333333,0.19370943584623065,0.4311111111111111,0.20519221168247628,0.45666666666666667,0.12531203195207188,0.2788888888888889,0.15426859710434349,0.3433333333333333,0.16275586620069896,0.3622222222222222,0.16425361957064402,0.3655555555555556,0.08337493759360959,0.18555555555555556,0.1707438841737394,0.38,0.1797304043934099,0.4,0.15376934598102845,0.3422222222222222,0.16774837743384924,0.37333333333333335,0.18821767348976534,0.41888888888888887,0.16674987518721918,0.3711111111111111,0.17324013979031452,0.38555555555555554,0.12830753869196207,0.28555555555555556,0.15476784822765852,0.34444444444444444,0.18222666000998503,0.40555555555555556,0.18272591113330006,0.4066666666666667,0.11183225162256615,0.24888888888888888,0.19970044932601097,0.4444444444444444,0.19620569146280578,0.43666666666666665,0.15327009485771342,0.3411111111111111,0.1672491263105342,0.37222222222222223,0.19021467798302547,0.42333333333333334,0.16874687968047927,0.37555555555555553,0.19121318022965553,0.4255555555555556
27,0.13173076923076923,0.30444444444444446,0.12884615384615383,0.29777777777777775,0.13221153846153846,0.3055555555555556,0.13076923076923078,0.3022222222222222,0.12259615384615384,0.2833333333333333,0.12548076923076923,0.29,0.13076923076923078,0.3022222222222222,0.13846153846153847,0.32,0.1326923076923077,0.30666666666666664,0.1283653846153846,0.2966666666666667,0.13365384615384615,0.3088888888888889,0.11298076923076923,0.2611111111111111,0.18365384615384617,0.42444444444444446,0.1831730769230769,0.42333333333333334,0.19567307692307692,0.45222222222222225,0.20240384615384616,0.4677777777777778,0.15913461538461537,0.36777777777777776,0.20192307692307693,0.4666666666666667,0.19326923076923078,0.44666666666666666,0.13798076923076924,0.3188888888888889,0.13653846153846153,0.31555555555555553,0.18365384615384617,0.42444444444444446,0.17307692307692307,0.4,0.20096153846153847,0.46444444444444444,0.14326923076923076,0.33111111111111113,0.14326923076923076,0.33111111111111113,0.12596153846153846,0.2911111111111111,0.13365384615384615,0.3088888888888889,0.11057692307692307,0.25555555555555554,0.12740384615384615,0.29444444444444445,0.13173076923076923,0.30444444444444446,0.12692307692307692,0.29333333333333333,0.09807692307692308,0.22666666666666666,0.14326923076923076,0.33111111111111113,0.12548076923076923,0.29,0.11538461538461539,0.26666666666666666,0.1971153846153846,0.45555555555555555,0.1971153846153846,0.45555555555555555,0.20288461538461539,0.4688888888888889,0.2014423076923077,0.46555555555555556,0.09663461538461539,0.22333333333333333,0.20240384615384616,0.4677777777777778,0.19567307692307692,0.45222222222222225,0.18076923076923077,0.4177777777777778,0.1548076923076923,0.35777777777777775,0.1971153846153846,0.45555555555555555,0.19134615384615383,0.44222222222222224,0.20288461538461539,0.4688888888888889,0.13798076923076924,0.3188888888888889,0.13701923076923078,0.31666666666666665,0.13173076923076923,0.30444444444444446,0.1293269230769231,0.29888888888888887,0.1076923076923077,0.24888888888888888,0.12548076923076923,0.29,0.13125,0.30333333333333334,0.13028846153846155,0.3011111111111111,0.12548076923076923,0.29,0.13509615384615384,0.31222222222222223,0.125,0.28888888888888886,0.11538461538461539,0.26666666666666666,0.18653846153846154,0.4311111111111111,0.18653846153846154,0.4311111111111111,0.20240384615384616,0.4677777777777778,0.20192307692307693,0.4666666666666667,0.12451923076923077,0.2877777777777778,0.2014423076923077,0.46555555555555556,0.19326923076923078,0.44666666666666666,0.11201923076923077,0.2588888888888889,0.19230769230769232,0.4444444444444444,0.1860576923076923,0.43,0.19471153846153846,0.45,0.20576923076923076,0.47555555555555556,0.1264423076923077,0.2922222222222222,0.1548076923076923,0.35777777777777775,0.16105769230769232,0.37222222222222223,0.16346153846153846,0.37777777777777777,0.08653846153846154,0.2,0.16971153846153847,0.39222222222222225,0.18173076923076922,0.42,0.15432692307692308,0.3566666666666667,0.16826923076923078,0.3888888888888889,0.18990384615384615,0.4388888888888889,0.16778846153846153,0.3877777777777778,0.17403846153846153,0.4022222222222222,0.12740384615384615,0.29444444444444445,0.15576923076923077,0.36,0.18461538461538463,0.4266666666666667,0.18125,0.41888888888888887,0.11201923076923077,0.2588888888888889,0.1985576923076923,0.4588888888888889,0.19423076923076923,0.4488888888888889,0.15384615384615385,0.35555555555555557,0.16923076923076924,0.39111111111111113,0.19230769230769232,0.4444444444444444,0.16826923076923078,0.3888888888888889,0.19278846153846155,0.44555555555555554
28,0.1349095966620306,0.3233333333333333,0.12980992118683357,0.3111111111111111,0.13351877607788595,0.32,0.13212795549374132,0.31666666666666665,0.12285581826611033,0.29444444444444445,0.12749188687992583,0.3055555555555556,0.13537320352341214,0.3244444444444444,0.13954566527584608,0.33444444444444443,0.13351877607788595,0.32,0.12888270746407046,0.3088888888888889,0.1339823829392675,0.3211111111111111,0.11961057023643949,0.2866666666666667,0.18590635141400091,0.44555555555555554,0.18590635141400091,0.44555555555555554,0.19749652294853964,0.47333333333333333,0.20166898470097358,0.48333333333333334,0.16133518776077885,0.38666666666666666,0.20074177097821047,0.4811111111111111,0.1942512749188688,0.46555555555555556,0.13444598980064906,0.32222222222222224,0.1339823829392675,0.3211111111111111,0.18497913769123783,0.44333333333333336,0.17199814557255447,0.4122222222222222,0.20074177097821047,0.4811111111111111,0.14371812702828002,0.34444444444444444,0.14371812702828002,0.34444444444444444,0.12563745943439963,0.3011111111111111,0.13630041724617525,0.32666666666666666,0.11219286045433473,0.2688888888888889,0.12980992118683357,0.3111111111111111,0.1358368103847937,0.32555555555555554,0.12980992118683357,0.3111111111111111,0.09735744089012517,0.23333333333333334,0.14371812702828002,0.34444444444444444,0.12517385257301808,0.3,0.1186833565136764,0.28444444444444444,0.1951784886416319,0.4677777777777778,0.1951784886416319,0.4677777777777778,0.20166898470097358,0.48333333333333334,0.19935095039406583,0.4777777777777778,0.09643022716736208,0.2311111111111111,0.20213259156235514,0.48444444444444446,0.1951784886416319,0.4677777777777778,0.1789522484932777,0.4288888888888889,0.15669911914696338,0.37555555555555553,0.19471488178025034,0.4666666666666667,0.19656930922577653,0.4711111111111111,0.20398701900788133,0.4888888888888889,0.14000927213722764,0.33555555555555555,0.13815484469170144,0.33111111111111113,0.13212795549374132,0.31666666666666665,0.13166434863235976,0.31555555555555553,0.10662957811775614,0.25555555555555554,0.12749188687992583,0.3055555555555556,0.1358368103847937,0.32555555555555554,0.12934631432545202,0.31,0.1261010662957812,0.3022222222222222,0.13676402410755678,0.3277777777777778,0.1261010662957812,0.3022222222222222,0.1205377839592026,0.28888888888888886,0.18636995827538247,0.44666666666666666,0.18636995827538247,0.44666666666666666,0.20213259156235514,0.48444444444444446,0.20120537783959203,0.4822222222222222,0.12563745943439963,0.3011111111111111,0.20213259156235514,0.48444444444444446,0.19378766805748726,0.46444444444444444,0.11404728789986092,0.2733333333333333,0.1905424200278164,0.45666666666666667,0.18636995827538247,0.44666666666666666,0.19564209550301345,0.4688888888888889,0.20723226703755215,0.49666666666666665,0.12702828001854427,0.30444444444444446,0.15345387111729253,0.36777777777777776,0.1599443671766342,0.38333333333333336,0.16226240148354196,0.3888888888888889,0.08762169680111266,0.21,0.17014371812702828,0.4077777777777778,0.18127028280018545,0.43444444444444447,0.15159944367176634,0.36333333333333334,0.16828929068150209,0.4033333333333333,0.18683356513676402,0.4477777777777778,0.16689847009735745,0.4,0.17663421418636996,0.42333333333333334,0.12702828001854427,0.30444444444444446,0.15438108484005564,0.37,0.18497913769123783,0.44333333333333336,0.1826611033843301,0.43777777777777777,0.11312007417709782,0.27111111111111114,0.20027816411682892,0.48,0.19100602688919796,0.4577777777777778,0.15159944367176634,0.36333333333333334,0.17107093184979139,0.41,0.18961520630505332,0.45444444444444443,0.16736207695873898,0.4011111111111111,0.1942512749188688,0.46555555555555556
29,0.13652641002685764,0.3388888888888889,0.13205013428827217,0.3277777777777778,0.13473589973142344,0.33444444444444443,0.13384064458370637,0.3322222222222222,0.12399283795881827,0.30777777777777776,0.12667860340196957,0.31444444444444447,0.13831692032229184,0.3433333333333333,0.1405550581915846,0.3488888888888889,0.13160250671441362,0.32666666666666666,0.12981199641897942,0.32222222222222224,0.13205013428827217,0.3277777777777778,0.12264995523724262,0.30444444444444446,0.18576544315129812,0.46111111111111114,0.18487018800358102,0.4588888888888889,0.19829901521933752,0.4922222222222222,0.20367054610564012,0.5055555555555555,0.16159355416293644,0.4011111111111111,0.20232766338406447,0.5022222222222222,0.19382273948075202,0.4811111111111111,0.12981199641897942,0.32222222222222224,0.13384064458370637,0.3322222222222222,0.18442256042972247,0.4577777777777778,0.17144136078782454,0.4255555555555556,0.19919427036705462,0.49444444444444446,0.1423455684870188,0.35333333333333333,0.1423455684870188,0.35333333333333333,0.12891674127126232,0.32,0.1369740376007162,0.34,0.11369740376007162,0.2822222222222222,0.13025962399283797,0.3233333333333333,0.1378692927484333,0.3422222222222222,0.13160250671441362,0.32666666666666666,0.09982094897045658,0.2477777777777778,0.1423455684870188,0.35333333333333333,0.12802148612354522,0.31777777777777777,0.11862130707251567,0.29444444444444445,0.19337511190689347,0.48,0.19337511190689347,0.48,0.20277529095792302,0.5033333333333333,0.20188003581020592,0.5011111111111111,0.09623992837958818,0.2388888888888889,0.20188003581020592,0.5011111111111111,0.19382273948075202,0.4811111111111111,0.17681289167412712,0.4388888888888889,0.15622202327663384,0.3877777777777778,0.19337511190689347,0.48,0.19606087735004477,0.4866666666666667,0.20456580125335722,0.5077777777777778,0.13921217547000894,0.34555555555555556,0.1387645478961504,0.34444444444444444,0.13070725156669652,0.3244444444444444,0.13160250671441362,0.32666666666666666,0.10608773500447627,0.2633333333333333,0.12667860340196957,0.31444444444444447,0.13831692032229184,0.3433333333333333,0.13339301700984782,0.33111111111111113,0.12488809310653537,0.31,0.13742166517457474,0.3411111111111111,0.12399283795881827,0.30777777777777776,0.12354521038495972,0.30666666666666664,0.18710832587287377,0.46444444444444444,0.18710832587287377,0.46444444444444444,0.20143240823634737,0.5,0.20053715308863027,0.49777777777777776,0.12757385854968667,0.31666666666666665,0.20322291853178157,0.5044444444444445,0.19203222918531782,0.4766666666666667,0.11459265890778872,0.28444444444444444,0.19292748433303492,0.47888888888888886,0.18710832587287377,0.46444444444444444,0.19650850492390332,0.48777777777777775,0.20635631154879142,0.5122222222222222,0.12846911369740377,0.3188888888888889,0.15174574753804834,0.37666666666666665,0.162041181736795,0.4022222222222222,0.1629364368845121,0.40444444444444444,0.08997314234556848,0.22333333333333333,0.170993733213966,0.42444444444444446,0.17860340196956132,0.44333333333333336,0.15085049239033124,0.37444444444444447,0.16786034019695614,0.4166666666666667,0.18666069829901522,0.4633333333333333,0.16696508504923904,0.41444444444444445,0.17547000895255147,0.43555555555555553,0.12623097582811102,0.31333333333333335,0.15264100268576544,0.3788888888888889,0.18487018800358102,0.4588888888888889,0.18218442256042972,0.45222222222222225,0.11145926589077887,0.27666666666666667,0.20008952551477172,0.49666666666666665,0.18934646374216652,0.47,0.15085049239033124,0.37444444444444447,0.1692032229185318,0.42,0.18845120859444942,0.4677777777777778,0.1665174574753805,0.41333333333333333,0.19292748433303492,0.47888888888888886
30,0.13500649069666812,0.3466666666666667,0.13154478580700996,0.3377777777777778,0.13414106447425356,0.34444444444444444,0.13457377758546085,0.34555555555555556,0.12289052358286456,0.31555555555555553,0.12721765469493726,0.32666666666666666,0.14019904803115535,0.36,0.14063176114236262,0.3611111111111111,0.13197749891821722,0.3388888888888889,0.13067935958459542,0.33555555555555555,0.13457377758546085,0.34555555555555556,0.12289052358286456,0.31555555555555553,0.18390307226308958,0.4722222222222222,0.18390307226308958,0.4722222222222222,0.2003461704889658,0.5144444444444445,0.20424058848983123,0.5244444444444445,0.15967113803548247,0.41,0.20121159671138036,0.5166666666666667,0.19428818693206404,0.4988888888888889,0.12894850713976633,0.33111111111111113,0.13500649069666812,0.3466666666666667,0.1834703591518823,0.4711111111111111,0.17178710514928602,0.4411111111111111,0.199048031155344,0.5111111111111111,0.14236261358719168,0.3655555555555556,0.14236261358719168,0.3655555555555556,0.13154478580700996,0.3377777777777778,0.13846819558632625,0.35555555555555557,0.11293812202509736,0.29,0.1293812202509736,0.3322222222222222,0.13760276936391172,0.35333333333333333,0.13197749891821722,0.3388888888888889,0.10688013846819559,0.27444444444444444,0.14236261358719168,0.3655555555555556,0.13284292514063176,0.3411111111111111,0.1224578104716573,0.31444444444444447,0.19558632626568584,0.5022222222222222,0.19558632626568584,0.5022222222222222,0.20294244915620943,0.5211111111111111,0.2007788836001731,0.5155555555555555,0.09606231068801385,0.24666666666666667,0.2007788836001731,0.5155555555555555,0.1960190393768931,0.5033333333333333,0.17568152315015145,0.45111111111111113,0.15707485936823887,0.4033333333333333,0.19558632626568584,0.5022222222222222,0.1964517524881004,0.5044444444444445,0.2051060147122458,0.5266666666666666,0.138035482475119,0.35444444444444445,0.13717005625270445,0.3522222222222222,0.13587191691908265,0.3488888888888889,0.13457377758546085,0.34555555555555556,0.10558199913457378,0.27111111111111114,0.12721765469493726,0.32666666666666666,0.14063176114236262,0.3611111111111111,0.13630463003028992,0.35,0.1250540891389009,0.3211111111111111,0.13500649069666812,0.3466666666666667,0.12548680225010816,0.32222222222222224,0.12418866291648636,0.3188888888888889,0.18520121159671138,0.47555555555555556,0.18520121159671138,0.47555555555555556,0.20250973604500216,0.52,0.20164430982258763,0.5177777777777778,0.1280830809173518,0.3288888888888889,0.20164430982258763,0.5177777777777778,0.19299004759844224,0.4955555555555556,0.11553440069234097,0.2966666666666667,0.19385547382085677,0.49777777777777776,0.18433578537429685,0.47333333333333333,0.19731717871051493,0.5066666666666667,0.20597144093466033,0.5288888888888889,0.1311120726958027,0.33666666666666667,0.1518823020337516,0.39,0.16399826914755516,0.4211111111111111,0.16270012981393336,0.4177777777777778,0.09086975335352661,0.23333333333333334,0.1709216789268715,0.4388888888888889,0.1778450887061878,0.45666666666666667,0.149286023366508,0.38333333333333336,0.1665945478147988,0.42777777777777776,0.1847684984855041,0.47444444444444445,0.1648636953699697,0.42333333333333334,0.17395067070532236,0.44666666666666666,0.12765036780614453,0.3277777777777778,0.1536131544785807,0.39444444444444443,0.18217221981826048,0.4677777777777778,0.18217221981826048,0.4677777777777778,0.11596711380354825,0.29777777777777775,0.19688446559930767,0.5055555555555555,0.1890956295975768,0.4855555555555556,0.14842059714409347,0.3811111111111111,0.1678926871484206,0.4311111111111111,0.18866291648636954,0.48444444444444446,0.16443098225876243,0.4222222222222222,0.19255733448723497,0.49444444444444446
31,0.1360971524288107,0.3611111111111111,0.13316582914572864,0.35333333333333333,0.1373534338358459,0.36444444444444446,0.1373534338358459,0.36444444444444446,0.12311557788944724,0.32666666666666666,0.13149078726968175,0.3488888888888889,0.13944723618090452,0.37,0.14321608040201006,0.38,0.13358458961474037,0.35444444444444445,0.13274706867671693,0.3522222222222222,0.13525963149078726,0.35888888888888887,0.12437185929648241,0.33,0.18509212730318259,0.4911111111111111,0.18467336683417085,0.49,0.19932998324958123,0.5288888888888889,0.20309882747068678,0.5388888888888889,0.15829145728643215,0.42,0.20100502512562815,0.5333333333333333,0.19304857621440535,0.5122222222222222,0.12646566164154105,0.33555555555555555,0.13525963149078726,0.35888888888888887,0.1838358458961474,0.48777777777777775,0.1708542713567839,0.4533333333333333,0.1972361809045226,0.5233333333333333,0.14321608040201006,0.38,0.14321608040201006,0.38,0.13484087102177555,0.35777777777777775,0.14195979899497488,0.37666666666666665,0.11222780569514237,0.29777777777777775,0.13107202680067,0.3477777777777778,0.13777219430485763,0.3655555555555556,0.1360971524288107,0.3611111111111111,0.10845896147403684,0.2877777777777778,0.14321608040201006,0.38,0.13358458961474037,0.35444444444444445,0.12437185929648241,0.33,0.19765494137353434,0.5244444444444445,0.19765494137353434,0.5244444444444445,0.20393634840871022,0.5411111111111111,0.2018425460636516,0.5355555555555556,0.09631490787269682,0.25555555555555554,0.19932998324958123,0.5288888888888889,0.19597989949748743,0.52,0.17294807370184254,0.4588888888888889,0.157035175879397,0.4166666666666667,0.19765494137353434,0.5244444444444445,0.19556113902847572,0.5188888888888888,0.20435510887772193,0.5422222222222223,0.13944723618090452,0.37,0.1373534338358459,0.36444444444444446,0.13944723618090452,0.37,0.1390284757118928,0.3688888888888889,0.10552763819095477,0.28,0.13149078726968175,0.3488888888888889,0.13986599664991625,0.3711111111111111,0.13944723618090452,0.37,0.1277219430485762,0.3388888888888889,0.13860971524288107,0.36777777777777776,0.12646566164154105,0.33555555555555555,0.12520938023450587,0.3322222222222222,0.18760469011725292,0.49777777777777776,0.18760469011725292,0.49777777777777776,0.2022613065326633,0.5366666666666666,0.20309882747068678,0.5388888888888889,0.12688442211055276,0.33666666666666667,0.20058626465661641,0.5322222222222223,0.19514237855946398,0.5177777777777778,0.12018425460636516,0.3188888888888889,0.1922110552763819,0.51,0.18676716917922948,0.4955555555555556,0.1972361809045226,0.5233333333333333,0.20644891122278056,0.5477777777777778,0.12939698492462312,0.3433333333333333,0.15326633165829145,0.4066666666666667,0.16415410385259632,0.43555555555555553,0.1654103852596315,0.4388888888888889,0.09380234505862646,0.24888888888888888,0.17294807370184254,0.4588888888888889,0.17629815745393634,0.4677777777777778,0.14782244556113902,0.39222222222222225,0.16624790619765495,0.4411111111111111,0.18425460636515914,0.4888888888888889,0.16415410385259632,0.43555555555555553,0.173785594639866,0.46111111111111114,0.1273031825795645,0.3377777777777778,0.152428810720268,0.40444444444444444,0.18299832495812396,0.4855555555555556,0.1838358458961474,0.48777777777777775,0.11809045226130653,0.31333333333333335,0.19765494137353434,0.5244444444444445,0.1884422110552764,0.5,0.1474036850921273,0.39111111111111113,0.16666666666666666,0.44222222222222224,0.18802345058626466,0.4988888888888889,0.1658291457286432,0.44,0.1922110552763819,0.51
32,0.13630831643002028,0.37333333333333335,0.1359026369168357,0.37222222222222223,0.13955375253549696,0.38222222222222224,0.14077079107505072,0.38555555555555554,0.12413793103448276,0.34,0.1330628803245436,0.36444444444444446,0.14077079107505072,0.38555555555555554,0.15010141987829614,0.4111111111111111,0.1330628803245436,0.36444444444444446,0.13427991886409738,0.36777777777777776,0.13387423935091278,0.36666666666666664,0.12778904665314403,0.35,0.18620689655172415,0.51,0.18539553752535498,0.5077777777777778,0.2,0.5477777777777778,0.2028397565922921,0.5555555555555556,0.1569979716024341,0.43,0.19918864097363084,0.5455555555555556,0.19107505070993916,0.5233333333333333,0.12738336713995943,0.3488888888888889,0.13468559837728195,0.3688888888888889,0.18417849898580121,0.5044444444444445,0.16957403651115618,0.46444444444444444,0.19837728194726167,0.5433333333333333,0.1464503042596349,0.4011111111111111,0.1464503042596349,0.4011111111111111,0.13711967545638945,0.37555555555555553,0.14320486815415823,0.39222222222222225,0.1103448275862069,0.3022222222222222,0.1354969574036511,0.3711111111111111,0.13793103448275862,0.37777777777777777,0.13793103448275862,0.37777777777777777,0.11318458417849898,0.31,0.1464503042596349,0.4011111111111111,0.13427991886409738,0.36777777777777776,0.12535496957403652,0.3433333333333333,0.19918864097363084,0.5455555555555556,0.19918864097363084,0.5455555555555556,0.20202839756592292,0.5533333333333333,0.20121703853955375,0.5511111111111111,0.09898580121703854,0.27111111111111114,0.1975659229208925,0.5411111111111111,0.19675456389452334,0.5388888888888889,0.1724137931034483,0.4722222222222222,0.15821501014198783,0.43333333333333335,0.19918864097363084,0.5455555555555556,0.195131845841785,0.5344444444444445,0.20446247464503042,0.56,0.13995943204868155,0.38333333333333336,0.14077079107505072,0.38555555555555554,0.14320486815415823,0.39222222222222225,0.14077079107505072,0.38555555555555554,0.10466531440162272,0.2866666666666667,0.1330628803245436,0.36444444444444446,0.1411764705882353,0.38666666666666666,0.14279918864097363,0.39111111111111113,0.12657200811359026,0.3466666666666667,0.13995943204868155,0.38333333333333336,0.12657200811359026,0.3466666666666667,0.1281947261663286,0.3511111111111111,0.18823529411764706,0.5155555555555555,0.18823529411764706,0.5155555555555555,0.20121703853955375,0.5511111111111111,0.20162271805273835,0.5522222222222222,0.12657200811359026,0.3466666666666667,0.20243407707910752,0.5544444444444444,0.19432048681541583,0.5322222222222223,0.122920892494929,0.33666666666666667,0.19107505070993916,0.5233333333333333,0.18782961460446249,0.5144444444444445,0.19797160243407708,0.5422222222222223,0.20405679513184585,0.5588888888888889,0.12697768762677486,0.3477777777777778,0.15253549695740365,0.4177777777777778,0.16470588235294117,0.45111111111111113,0.16348884381338744,0.4477777777777778,0.09290060851926978,0.2544444444444444,0.17281947261663286,0.47333333333333333,0.1744421906693712,0.4777777777777778,0.14969574036511157,0.41,0.16470588235294117,0.45111111111111113,0.18417849898580121,0.5044444444444445,0.16308316430020284,0.44666666666666666,0.17322515212981746,0.47444444444444445,0.12697768762677486,0.3477777777777778,0.15050709939148074,0.4122222222222222,0.18133874239350914,0.49666666666666665,0.18580121703853955,0.5088888888888888,0.12089249492900608,0.33111111111111113,0.19594320486815417,0.5366666666666666,0.18782961460446249,0.5144444444444445,0.14969574036511157,0.41,0.1663286004056795,0.45555555555555555,0.18580121703853955,0.5088888888888888,0.163894523326572,0.4488888888888889,0.1922920892494929,0.5266666666666666
33,0.13847364280094415,0.39111111111111113,0.13729346970889064,0.3877777777777778,0.14240755310778913,0.4022222222222222,0.14319433516915814,0.40444444444444444,0.12470495672698663,0.3522222222222222,0.13453973249409915,0.38,0.14083398898505115,0.3977777777777778,0.15106215578284815,0.4266666666666667,0.13375295043273014,0.37777777777777777,0.13729346970889064,0.3877777777777778,0.13493312352478362,0.3811111111111111,0.12824547600314712,0.3622222222222222,0.18922108575924468,0.5344444444444445,0.1888276947285602,0.5333333333333333,0.1974822974036192,0.5577777777777778,0.2049567269866247,0.5788888888888889,0.15696302124311565,0.44333333333333336,0.1994492525570417,0.5633333333333334,0.19315499606608968,0.5455555555555556,0.12667191188040913,0.35777777777777775,0.13532651455546812,0.38222222222222224,0.1880409126671912,0.5311111111111111,0.16679779701022818,0.4711111111111111,0.1994492525570417,0.5633333333333334,0.15027537372147914,0.42444444444444446,0.15027537372147914,0.42444444444444446,0.13768686073957515,0.3888888888888889,0.14634146341463414,0.41333333333333333,0.1109362706530291,0.31333333333333335,0.13650668764752164,0.38555555555555554,0.14044059795436664,0.39666666666666667,0.13886703383162863,0.39222222222222225,0.11487018095987411,0.3244444444444444,0.15027537372147914,0.42444444444444446,0.13453973249409915,0.38,0.12667191188040913,0.35777777777777775,0.1978756884343037,0.5588888888888889,0.1978756884343037,0.5588888888888889,0.2018095987411487,0.57,0.2006294256490952,0.5666666666666667,0.0987411487018096,0.2788888888888889,0.1994492525570417,0.5633333333333334,0.1955153422501967,0.5522222222222222,0.17151848937844216,0.48444444444444446,0.15735641227380015,0.4444444444444444,0.1978756884343037,0.5588888888888889,0.19630212431156568,0.5544444444444444,0.2049567269866247,0.5788888888888889,0.14201416207710466,0.4011111111111111,0.14240755310778913,0.4022222222222222,0.14673485444531864,0.41444444444444445,0.14673485444531864,0.41444444444444445,0.1054287962234461,0.29777777777777775,0.13453973249409915,0.38,0.14122738001573565,0.3988888888888889,0.14476789929189615,0.4088888888888889,0.12549173878835562,0.35444444444444445,0.14122738001573565,0.3988888888888889,0.12470495672698663,0.3522222222222222,0.12942564909520063,0.3655555555555556,0.1904012588512982,0.5377777777777778,0.1904012588512982,0.5377777777777778,0.2014162077104642,0.5688888888888889,0.2010228166797797,0.5677777777777778,0.12667191188040913,0.35777777777777775,0.2018095987411487,0.57,0.1935483870967742,0.5466666666666666,0.12745869394177814,0.36,0.1943351691581432,0.5488888888888889,0.18961447678992918,0.5355555555555556,0.1990558615263572,0.5622222222222222,0.2018095987411487,0.57,0.12627852084972463,0.3566666666666667,0.15145554681353265,0.42777777777777776,0.16561762391817467,0.4677777777777778,0.16325727773406767,0.46111111111111114,0.09480723839496459,0.2677777777777778,0.17151848937844216,0.48444444444444446,0.17545239968528717,0.4955555555555556,0.15027537372147914,0.42444444444444446,0.16561762391817467,0.4677777777777778,0.1841070023603462,0.52,0.16247049567269867,0.4588888888888889,0.1742722265932337,0.4922222222222222,0.12745869394177814,0.36,0.15145554681353265,0.42777777777777776,0.18017309205350118,0.5088888888888888,0.1841070023603462,0.52,0.12116443745082613,0.3422222222222222,0.1955153422501967,0.5522222222222222,0.1876475216365067,0.53,0.14948859166011014,0.4222222222222222,0.16522423288749016,0.4666666666666667,0.18528717545239967,0.5233333333333333,0.16207710464201416,0.4577777777777778,0.19315499606608968,0.5455555555555556
34,0.14242077128675068,0.41444444444444445,0.14471172203130966,0.4211111111111111,0.1466208476517755,0.4266666666666667,0.14814814814814814,0.4311111111111111,0.1256204658266514,0.3655555555555556,0.13516609392898052,0.3933333333333333,0.14394807178312333,0.41888888888888887,0.14967544864452081,0.43555555555555553,0.13402061855670103,0.39,0.14165712103856434,0.4122222222222222,0.13478426880488736,0.39222222222222225,0.1298205421916762,0.37777777777777777,0.1905307369224895,0.5544444444444444,0.18938526155021002,0.5511111111111111,0.19663993890798015,0.5722222222222222,0.20313096601756395,0.5911111111111111,0.15807560137457044,0.46,0.19854906452844598,0.5777777777777777,0.1928216876670485,0.5611111111111111,0.1244749904543719,0.3622222222222222,0.13478426880488736,0.39222222222222225,0.1882397861779305,0.5477777777777778,0.16571210385643376,0.4822222222222222,0.20007636502481863,0.5822222222222222,0.15273004963726614,0.4444444444444444,0.15273004963726614,0.4444444444444444,0.14012982054219167,0.4077777777777778,0.14967544864452081,0.43555555555555553,0.11072928598701795,0.32222222222222224,0.13707521954944635,0.3988888888888889,0.14432989690721648,0.42,0.145475372279496,0.42333333333333334,0.11760213822069492,0.3422222222222222,0.15273004963726614,0.4444444444444444,0.1321114929362352,0.3844444444444444,0.12867506681939672,0.37444444444444447,0.19549446353570066,0.5688888888888889,0.19549446353570066,0.5688888888888889,0.20313096601756395,0.5911111111111111,0.20198549064528445,0.5877777777777777,0.09774723176785033,0.28444444444444444,0.20007636502481863,0.5822222222222222,0.1928216876670485,0.5611111111111111,0.16876670484917908,0.4911111111111111,0.15845742649866362,0.46111111111111114,0.19549446353570066,0.5688888888888889,0.19663993890798015,0.5722222222222222,0.20427644138984344,0.5944444444444444,0.145475372279496,0.42333333333333334,0.14967544864452081,0.43555555555555553,0.1466208476517755,0.4266666666666667,0.14700267277586865,0.42777777777777776,0.1046200840015273,0.30444444444444446,0.13516609392898052,0.3933333333333333,0.14509354715540282,0.4222222222222222,0.145475372279496,0.42333333333333334,0.12752959144711723,0.3711111111111111,0.14585719740358916,0.42444444444444446,0.12714776632302405,0.37,0.13058419243986255,0.38,0.19129438717067582,0.5566666666666666,0.19129438717067582,0.5566666666666666,0.20122184039709812,0.5855555555555556,0.20084001527300496,0.5844444444444444,0.1267659411989309,0.3688888888888889,0.20236731576937764,0.5888888888888889,0.19243986254295534,0.56,0.13020236731576937,0.3788888888888889,0.19434898816342117,0.5655555555555556,0.19091256204658266,0.5555555555555556,0.19893088965253913,0.5788888888888889,0.19931271477663232,0.58,0.12600229095074456,0.36666666666666664,0.14929362352042763,0.43444444444444447,0.1660939289805269,0.48333333333333334,0.16685757922871325,0.4855555555555556,0.09507445589919816,0.27666666666666667,0.1718213058419244,0.5,0.17449408171057657,0.5077777777777778,0.1519663993890798,0.44222222222222224,0.16571210385643376,0.4822222222222222,0.18251240931653304,0.5311111111111111,0.1618938526155021,0.4711111111111111,0.17449408171057657,0.5077777777777778,0.1267659411989309,0.3688888888888889,0.14967544864452081,0.43555555555555553,0.18098510882016036,0.5266666666666666,0.18518518518518517,0.5388888888888889,0.12294768995799923,0.35777777777777775,0.19549446353570066,0.5688888888888889,0.18976708667430317,0.5522222222222222,0.15158457426498664,0.4411111111111111,0.16685757922871325,0.4855555555555556,0.18327605956471935,0.5333333333333333,0.16113020236731576,0.4688888888888889,0.19129438717067582,0.5566666666666666
35,0.14540059347181009,0.43555555555555553,0.14577151335311572,0.43666666666666665,0.146513353115727,0.4388888888888889,0.14725519287833827,0.4411111111111111,0.125,0.37444444444444447,0.14132047477744808,0.42333333333333334,0.14577151335311572,0.43666666666666665,0.14873887240356082,0.44555555555555554,0.13204747774480713,0.39555555555555555,0.142433234421365,0.4266666666666667,0.13316023738872404,0.3988888888888889,0.13056379821958458,0.39111111111111113,0.1902818991097923,0.57,0.18954005934718102,0.5677777777777778,0.19695845697329376,0.59,0.20289317507418397,0.6077777777777778,0.1591246290801187,0.4766666666666667,0.19881305637982197,0.5955555555555555,0.19287833827893175,0.5777777777777777,0.12314540059347182,0.3688888888888889,0.13427299703264095,0.4022222222222222,0.18916913946587538,0.5666666666666667,0.16728486646884272,0.5011111111111111,0.19992581602373888,0.5988888888888889,0.15356083086053413,0.46,0.15356083086053413,0.46,0.14206231454005935,0.4255555555555556,0.14836795252225518,0.4444444444444444,0.11090504451038576,0.3322222222222222,0.14206231454005935,0.4255555555555556,0.14799703264094954,0.44333333333333336,0.14614243323442136,0.43777777777777777,0.11795252225519288,0.35333333333333333,0.15356083086053413,0.46,0.12945103857566764,0.3877777777777778,0.1298219584569733,0.3888888888888889,0.19621661721068248,0.5877777777777777,0.19621661721068248,0.5877777777777777,0.20178041543026706,0.6044444444444445,0.20178041543026706,0.6044444444444445,0.09792284866468842,0.29333333333333333,0.19955489614243324,0.5977777777777777,0.19176557863501484,0.5744444444444444,0.16765578635014836,0.5022222222222222,0.1609792284866469,0.4822222222222222,0.19621661721068248,0.5877777777777777,0.19695845697329376,0.59,0.20252225519287834,0.6066666666666667,0.146513353115727,0.4388888888888889,0.1513353115727003,0.4533333333333333,0.14725519287833827,0.4411111111111111,0.146513353115727,0.4388888888888889,0.10571216617210683,0.31666666666666665,0.14132047477744808,0.42333333333333334,0.14688427299703263,0.44,0.14688427299703263,0.44,0.1261127596439169,0.37777777777777777,0.14836795252225518,0.4444444444444444,0.1261127596439169,0.37777777777777777,0.1316765578635015,0.39444444444444443,0.19065281899109793,0.5711111111111111,0.19065281899109793,0.5711111111111111,0.20066765578635015,0.6011111111111112,0.19992581602373888,0.5988888888888889,0.12759643916913946,0.38222222222222224,0.20178041543026706,0.6044444444444445,0.19399109792284866,0.5811111111111111,0.13130563798219586,0.3933333333333333,0.19399109792284866,0.5811111111111111,0.19176557863501484,0.5744444444444444,0.19695845697329376,0.59,0.19955489614243324,0.5977777777777777,0.12537091988130564,0.37555555555555553,0.14836795252225518,0.4444444444444444,0.1687685459940653,0.5055555555555555,0.16654302670623145,0.4988888888888889,0.09495548961424333,0.28444444444444444,0.17099406528189912,0.5122222222222222,0.17433234421364985,0.5222222222222223,0.15059347181008903,0.45111111111111113,0.1661721068249258,0.49777777777777776,0.18137982195845698,0.5433333333333333,0.16060830860534125,0.4811111111111111,0.17433234421364985,0.5222222222222223,0.125,0.37444444444444447,0.14836795252225518,0.4444444444444444,0.18212166172106825,0.5455555555555556,0.1836053412462908,0.55,0.12425816023738873,0.37222222222222223,0.19362017804154302,0.58,0.18916913946587538,0.5666666666666667,0.14985163204747776,0.4488888888888889,0.16431750741839762,0.4922222222222222,0.1847181008902077,0.5533333333333333,0.16283382789317508,0.48777777777777775,0.18954005934718102,0.5677777777777778
36,0.14496934727731697,0.44666666666666666,0.14641182834475297,0.45111111111111113,0.14821492967904795,0.45666666666666667,0.14785430941218897,0.45555555555555555,0.12477461233321313,0.3844444444444444,0.142805625676163,0.44,0.14749368914532995,0.45444444444444443,0.14641182834475297,0.45111111111111113,0.1312657771366751,0.40444444444444444,0.143526866209881,0.44222222222222224,0.13234763793725207,0.4077777777777778,0.1312657771366751,0.40444444444444444,0.19004688063469166,0.5855555555555556,0.18968626036783268,0.5844444444444444,0.19437432383699965,0.5988888888888889,0.2012261089073206,0.62,0.15939415795167688,0.4911111111111111,0.19798052650558962,0.61,0.19401370357014064,0.5977777777777777,0.12297151099891813,0.3788888888888889,0.13270825820411108,0.4088888888888889,0.18824377930039668,0.58,0.16804904435629284,0.5177777777777778,0.19617742517129463,0.6044444444444445,0.15290299314821493,0.4711111111111111,0.15290299314821493,0.4711111111111111,0.144248106743599,0.4444444444444444,0.14929679047962496,0.46,0.10962856112513523,0.3377777777777778,0.143166245943022,0.4411111111111111,0.14821492967904795,0.45666666666666667,0.145329967544176,0.4477777777777778,0.12044716913090515,0.3711111111111111,0.15290299314821493,0.4711111111111111,0.1283808150018031,0.39555555555555555,0.13379011900468807,0.4122222222222222,0.19725928597187162,0.6077777777777778,0.19725928597187162,0.6077777777777778,0.2005048683736026,0.6177777777777778,0.20086548864046158,0.6188888888888889,0.0991705733862243,0.3055555555555556,0.19870176703930761,0.6122222222222222,0.19221060223584566,0.5922222222222222,0.16660656328885684,0.5133333333333333,0.15975477821853587,0.4922222222222222,0.19725928597187162,0.6077777777777778,0.19545618463757664,0.6022222222222222,0.2001442481067436,0.6166666666666667,0.14641182834475297,0.45111111111111113,0.15073927154706093,0.46444444444444444,0.14677244861161198,0.45222222222222225,0.14677244861161198,0.45222222222222225,0.10457987738910927,0.32222222222222224,0.142805625676163,0.44,0.14857554994590697,0.4577777777777778,0.145329967544176,0.4477777777777778,0.1265777136675081,0.39,0.14749368914532995,0.45444444444444443,0.1265777136675081,0.39,0.13306887847097007,0.41,0.19112874143526867,0.5888888888888889,0.19112874143526867,0.5888888888888889,0.2005048683736026,0.6177777777777778,0.1997836278398846,0.6155555555555555,0.12621709340064913,0.3888888888888889,0.20086548864046158,0.6188888888888889,0.19509556437071762,0.6011111111111112,0.13306887847097007,0.41,0.19437432383699965,0.5988888888888889,0.19076812116840966,0.5877777777777777,0.19545618463757664,0.6022222222222222,0.1994230075730256,0.6144444444444445,0.12477461233321313,0.3844444444444444,0.14677244861161198,0.45222222222222225,0.1687702848900108,0.52,0.16804904435629284,0.5177777777777778,0.09448250991705734,0.2911111111111111,0.17345834835917778,0.5344444444444445,0.1730977280923188,0.5333333333333333,0.14965741074648395,0.46111111111111114,0.16372160115398485,0.5044444444444445,0.18139199423007574,0.5588888888888889,0.16047601875225387,0.49444444444444446,0.17345834835917778,0.5344444444444445,0.12477461233321313,0.3844444444444444,0.14857554994590697,0.4577777777777778,0.18175261449693472,0.56,0.18535881716552471,0.5711111111111111,0.1265777136675081,0.39,0.19365308330328165,0.5966666666666667,0.18968626036783268,0.5844444444444444,0.15109989181391995,0.46555555555555556,0.16516408222142084,0.5088888888888888,0.18139199423007574,0.5588888888888889,0.16083663901911288,0.4955555555555556,0.19004688063469166,0.5855555555555556
37,0.14421052631578948,0.45666666666666667,0.14596491228070174,0.4622222222222222,0.14666666666666667,0.46444444444444444,0.14842105263157895,0.47,0.12491228070175439,0.39555555555555555,0.1431578947368421,0.4533333333333333,0.14912280701754385,0.4722222222222222,0.1456140350877193,0.46111111111111114,0.12982456140350876,0.4111111111111111,0.14421052631578948,0.45666666666666667,0.13157894736842105,0.4166666666666667,0.13649122807017544,0.43222222222222223,0.18982456140350878,0.6011111111111112,0.18912280701754386,0.5988888888888889,0.1936842105263158,0.6133333333333333,0.2031578947368421,0.6433333333333333,0.15859649122807018,0.5022222222222222,0.1975438596491228,0.6255555555555555,0.19333333333333333,0.6122222222222222,0.12350877192982457,0.39111111111111113,0.13298245614035087,0.4211111111111111,0.18736842105263157,0.5933333333333334,0.16771929824561405,0.5311111111111111,0.19719298245614036,0.6244444444444445,0.1512280701754386,0.47888888888888886,0.1512280701754386,0.47888888888888886,0.1463157894736842,0.4633333333333333,0.15017543859649124,0.47555555555555556,0.11017543859649123,0.3488888888888889,0.14491228070175438,0.4588888888888889,0.14842105263157895,0.47,0.14701754385964913,0.46555555555555556,0.12140350877192982,0.3844444444444444,0.1512280701754386,0.47888888888888886,0.12771929824561404,0.40444444444444444,0.1343859649122807,0.4255555555555556,0.1975438596491228,0.6255555555555555,0.1975438596491228,0.6255555555555555,0.20035087719298245,0.6344444444444445,0.20035087719298245,0.6344444444444445,0.0992982456140351,0.31444444444444447,0.2,0.6333333333333333,0.19228070175438597,0.6088888888888889,0.1656140350877193,0.5244444444444445,0.1624561403508772,0.5144444444444445,0.1975438596491228,0.6255555555555555,0.19333333333333333,0.6122222222222222,0.2007017543859649,0.6355555555555555,0.1456140350877193,0.46111111111111114,0.14947368421052631,0.47333333333333333,0.1456140350877193,0.46111111111111114,0.14701754385964913,0.46555555555555556,0.10456140350877192,0.33111111111111113,0.1431578947368421,0.4533333333333333,0.15017543859649124,0.47555555555555556,0.1424561403508772,0.45111111111111113,0.12491228070175439,0.39555555555555555,0.1463157894736842,0.4633333333333333,0.12421052631578948,0.3933333333333333,0.13578947368421052,0.43,0.19052631578947368,0.6033333333333334,0.19052631578947368,0.6033333333333334,0.19824561403508772,0.6277777777777778,0.1985964912280702,0.6288888888888889,0.12596491228070175,0.3988888888888889,0.1985964912280702,0.6288888888888889,0.19508771929824562,0.6177777777777778,0.13403508771929826,0.42444444444444446,0.19403508771929825,0.6144444444444445,0.19087719298245615,0.6044444444444445,0.19543859649122808,0.6188888888888889,0.19894736842105262,0.63,0.12771929824561404,0.40444444444444444,0.1463157894736842,0.4633333333333333,0.1687719298245614,0.5344444444444445,0.1687719298245614,0.5344444444444445,0.09614035087719298,0.30444444444444446,0.1736842105263158,0.55,0.17192982456140352,0.5444444444444444,0.15087719298245614,0.4777777777777778,0.16421052631578947,0.52,0.18070175438596492,0.5722222222222222,0.15964912280701754,0.5055555555555555,0.17403508771929824,0.5511111111111111,0.1270175438596491,0.4022222222222222,0.14771929824561403,0.4677777777777778,0.18385964912280703,0.5822222222222222,0.18666666666666668,0.5911111111111111,0.12631578947368421,0.4,0.1919298245614035,0.6077777777777778,0.18982456140350878,0.6011111111111112,0.15087719298245614,0.4777777777777778,0.1649122807017544,0.5222222222222223,0.1824561403508772,0.5777777777777777,0.16105263157894736,0.51,0.18947368421052632,0.6
38,0.1434916296549368,0.4666666666666667,0.1428083361803895,0.46444444444444444,0.14314998291766315,0.46555555555555556,0.14622480355312606,0.47555555555555556,0.12401776563033823,0.4033333333333333,0.14485821660403142,0.4711111111111111,0.1475913905022207,0.48,0.1441749231294841,0.4688888888888889,0.12914246668944313,0.42,0.1417833959685685,0.46111111111111114,0.13085070037581142,0.4255555555555556,0.13905022207037923,0.45222222222222225,0.19063887939870175,0.62,0.18995558592415443,0.6177777777777778,0.19337205329689103,0.6288888888888889,0.20088828151691152,0.6533333333333333,0.15852408609497778,0.5155555555555555,0.19713016740690126,0.6411111111111111,0.1937137000341647,0.63,0.1209429449948753,0.3933333333333333,0.1325589340621797,0.4311111111111111,0.18961393918688077,0.6166666666666667,0.16740690126409294,0.5444444444444444,0.19747181414417492,0.6422222222222222,0.14895797745131534,0.48444444444444446,0.14895797745131534,0.48444444444444446,0.14554151007857874,0.47333333333333333,0.14793303723949436,0.4811111111111111,0.11137683635121284,0.3622222222222222,0.1458831568158524,0.47444444444444445,0.14656645029039972,0.4766666666666667,0.14622480355312606,0.47555555555555556,0.12299282541851725,0.4,0.14895797745131534,0.48444444444444446,0.12743423300307483,0.41444444444444445,0.13870857533310557,0.45111111111111113,0.1967885206696276,0.64,0.1967885206696276,0.64,0.19986334130509054,0.65,0.19883840109326956,0.6466666666666666,0.1001024940211821,0.32555555555555554,0.19918004783054322,0.6477777777777778,0.19337205329689103,0.6288888888888889,0.16535702084045098,0.5377777777777778,0.1626238469422617,0.5288888888888889,0.1967885206696276,0.64,0.19337205329689103,0.6288888888888889,0.19883840109326956,0.6466666666666666,0.1434916296549368,0.4666666666666667,0.1475913905022207,0.48,0.1428083361803895,0.46444444444444444,0.14485821660403142,0.4711111111111111,0.10454390160573966,0.34,0.14485821660403142,0.4711111111111111,0.14827468397676802,0.4822222222222222,0.14075845575674753,0.4577777777777778,0.12572599931670653,0.4088888888888889,0.14383327639221044,0.4677777777777778,0.12538435257943287,0.4077777777777778,0.1383669285958319,0.45,0.19234711308507005,0.6255555555555555,0.19234711308507005,0.6255555555555555,0.19883840109326956,0.6466666666666666,0.19815510761872224,0.6444444444444445,0.12709258626580117,0.41333333333333333,0.2002049880423642,0.6511111111111111,0.19439699350871198,0.6322222222222222,0.13221728732490604,0.43,0.1920054663477964,0.6244444444444445,0.1920054663477964,0.6244444444444445,0.1950802869832593,0.6344444444444445,0.19815510761872224,0.6444444444444445,0.12811752647762215,0.4166666666666667,0.1458831568158524,0.47444444444444445,0.1677485480013666,0.5455555555555556,0.16843184147591392,0.5477777777777778,0.09736932012299282,0.31666666666666665,0.17458148274683977,0.5677777777777778,0.1718483088486505,0.5588888888888889,0.15305773829859926,0.49777777777777776,0.16364878715408268,0.5322222222222223,0.17868124359412368,0.5811111111111111,0.15954902630679876,0.5188888888888888,0.17321489579774513,0.5633333333333334,0.12572599931670653,0.4088888888888889,0.14690809702767338,0.4777777777777778,0.18312265117868123,0.5955555555555555,0.18551417833959685,0.6033333333333334,0.1260676460539802,0.41,0.1909805261359754,0.6211111111111111,0.18995558592415443,0.6177777777777778,0.15237444482405194,0.4955555555555556,0.1660403143149983,0.54,0.1817560642295866,0.5911111111111111,0.1592073795695251,0.5177777777777778,0.1892722924496071,0.6155555555555555
39,0.1408122503328895,0.47,0.14014647137150466,0.4677777777777778,0.14014647137150466,0.4677777777777778,0.14547270306258323,0.4855555555555556,0.12350199733688415,0.4122222222222222,0.14547270306258323,0.4855555555555556,0.14414114513981358,0.4811111111111111,0.1414780292942743,0.4722222222222222,0.13082556591211716,0.43666666666666665,0.1384820239680426,0.4622222222222222,0.1318242343541944,0.44,0.1414780292942743,0.4722222222222222,0.190745672436751,0.6366666666666667,0.1904127829560586,0.6355555555555555,0.19274300932090546,0.6433333333333333,0.19940079893475365,0.6655555555555556,0.15978695073235685,0.5333333333333333,0.1974034620505992,0.6588888888888889,0.19241011984021306,0.6422222222222222,0.11917443408788282,0.3977777777777778,0.13249001331557922,0.44222222222222224,0.18874833555259654,0.63,0.1681091877496671,0.5611111111111111,0.19673768308921438,0.6566666666666666,0.14647137150466044,0.4888888888888889,0.14647137150466044,0.4888888888888889,0.14280958721704395,0.4766666666666667,0.14613848202396804,0.48777777777777775,0.11151797603195739,0.37222222222222223,0.14713715046604528,0.4911111111111111,0.14347536617842876,0.47888888888888886,0.14347536617842876,0.47888888888888886,0.12982689747003995,0.43333333333333335,0.14647137150466044,0.4888888888888889,0.12516644474034622,0.4177777777777778,0.13914780292942744,0.46444444444444444,0.19573901464713714,0.6533333333333333,0.19573901464713714,0.6533333333333333,0.19973368841544606,0.6666666666666666,0.19906790945406125,0.6644444444444444,0.10053262316910785,0.33555555555555555,0.2003994673768309,0.6688888888888889,0.1940745672436751,0.6477777777777778,0.16278295605858856,0.5433333333333333,0.16344873501997337,0.5455555555555556,0.19573901464713714,0.6533333333333333,0.19374167776298268,0.6466666666666666,0.1970705725699068,0.6577777777777778,0.14214380825565912,0.47444444444444445,0.14680426098535287,0.49,0.1411451398135819,0.4711111111111111,0.14247669773635152,0.47555555555555556,0.10386151797603196,0.3466666666666667,0.14513981358189082,0.48444444444444446,0.14480692410119841,0.48333333333333334,0.1378162450066578,0.46,0.12583222370173103,0.42,0.1418109187749667,0.47333333333333333,0.12616511318242343,0.4211111111111111,0.1408122503328895,0.47,0.19174434087882822,0.64,0.19174434087882822,0.64,0.1977363515312916,0.66,0.19673768308921438,0.6566666666666666,0.12549933422103862,0.41888888888888887,0.19840213049267644,0.6622222222222223,0.1940745672436751,0.6477777777777778,0.1311584553928096,0.43777777777777777,0.19174434087882822,0.64,0.19174434087882822,0.64,0.19340878828229027,0.6455555555555555,0.19673768308921438,0.6566666666666666,0.1278295605858855,0.4266666666666667,0.14480692410119841,0.48333333333333334,0.16910785619174434,0.5644444444444444,0.1677762982689747,0.56,0.09820239680426099,0.3277777777777778,0.1744340878828229,0.5822222222222222,0.17276964047936086,0.5766666666666667,0.151797603195739,0.5066666666666667,0.16544607190412783,0.5522222222222222,0.1780958721704394,0.5944444444444444,0.15945406125166445,0.5322222222222223,0.17276964047936086,0.5766666666666667,0.12649800266311584,0.4222222222222222,0.14680426098535287,0.49,0.18442077230359522,0.6155555555555555,0.18442077230359522,0.6155555555555555,0.12716378162450068,0.42444444444444446,0.18908122503328895,0.6311111111111111,0.18974700399467376,0.6333333333333333,0.15279627163781626,0.51,0.16611185086551264,0.5544444444444444,0.17942743009320905,0.5988888888888889,0.1604527296937417,0.5355555555555556,0.18874833555259654,0.63
40,0.1389159363842908,0.47555555555555556,0.13729308666017526,0.47,0.1385913664394677,0.47444444444444445,0.14281077572216813,0.4888888888888889,0.12333657903278157,0.4222222222222222,0.14248620577734503,0.48777777777777775,0.14378448555663745,0.4922222222222222,0.13988964621876016,0.47888888888888886,0.13047711781888996,0.44666666666666666,0.13599480688088283,0.46555555555555556,0.13274910743265173,0.45444444444444443,0.14216163583252192,0.4866666666666667,0.1901979876663421,0.6511111111111111,0.189873417721519,0.65,0.19149626744563453,0.6555555555555556,0.1976630963972736,0.6766666666666666,0.1596884128529698,0.5466666666666666,0.1970139565076274,0.6744444444444444,0.19149626744563453,0.6555555555555556,0.11814345991561181,0.40444444444444444,0.13274910743265173,0.45444444444444443,0.18889970788704966,0.6466666666666666,0.1668289516390782,0.5711111111111111,0.1973385264524505,0.6755555555555556,0.14378448555663745,0.4922222222222222,0.14378448555663745,0.4922222222222222,0.14086335605322947,0.4822222222222222,0.14378448555663745,0.4922222222222222,0.11197663096397274,0.38333333333333336,0.14378448555663745,0.4922222222222222,0.14151249594287568,0.48444444444444446,0.14118792599805258,0.48333333333333334,0.13209996754300551,0.45222222222222225,0.14378448555663745,0.4922222222222222,0.12301200908795845,0.4211111111111111,0.13696851671535215,0.4688888888888889,0.19604024667315806,0.6711111111111111,0.19604024667315806,0.6711111111111111,0.1976630963972736,0.6766666666666666,0.1976630963972736,0.6766666666666666,0.10353781239857189,0.35444444444444445,0.19896137617656606,0.6811111111111111,0.1940928270042194,0.6644444444444444,0.1596884128529698,0.5466666666666666,0.1658552418046089,0.5677777777777778,0.19604024667315806,0.6711111111111111,0.19279454722492698,0.66,0.19506653683868874,0.6677777777777778,0.14021421616358326,0.48,0.14313534566699124,0.49,0.13956507627393702,0.4777777777777778,0.13924050632911392,0.4766666666666667,0.10580980201233366,0.3622222222222222,0.14216163583252192,0.4866666666666667,0.14410905550146055,0.49333333333333335,0.13567023693605973,0.46444444444444444,0.12690684842583577,0.43444444444444447,0.1389159363842908,0.47555555555555556,0.12625770853618956,0.43222222222222223,0.14118792599805258,0.48333333333333334,0.19149626744563453,0.6555555555555556,0.19149626744563453,0.6555555555555556,0.1973385264524505,0.6755555555555556,0.1976630963972736,0.6766666666666666,0.12593313859136643,0.4311111111111111,0.1970139565076274,0.6744444444444444,0.19474196689386564,0.6666666666666666,0.12950340798442064,0.44333333333333336,0.19117169750081142,0.6544444444444445,0.19084712755598832,0.6533333333333333,0.19182083739045763,0.6566666666666666,0.1966893865628043,0.6733333333333333,0.1282051282051282,0.4388888888888889,0.1450827653359299,0.49666666666666665,0.16812723141837066,0.5755555555555556,0.16877637130801687,0.5777777777777777,0.09802012333657903,0.33555555555555555,0.1736449204803635,0.5944444444444444,0.1726712106458942,0.5911111111111111,0.15124959428756898,0.5177777777777778,0.16423239208049334,0.5622222222222222,0.1762414800389484,0.6033333333333334,0.1596884128529698,0.5466666666666666,0.17202207075624798,0.5888888888888889,0.12755598831548198,0.43666666666666665,0.14670561506004545,0.5022222222222222,0.18208373904576436,0.6233333333333333,0.18435572865952612,0.6311111111111111,0.12755598831548198,0.43666666666666665,0.18825056799740345,0.6444444444444445,0.18760142810775723,0.6422222222222222,0.1518987341772152,0.52,0.1658552418046089,0.5677777777777778,0.1794871794871795,0.6144444444444445,0.16066212268743915,0.55,0.18889970788704966,0.6466666666666666
41,0.13679544015199493,0.48,0.13552881570614314,0.47555555555555556,0.136478784040532,0.47888888888888886,0.1396453451551615,0.49,0.12349588347055099,0.43333333333333335,0.1402786573780874,0.4922222222222222,0.1409119696010133,0.49444444444444446,0.13837872070930968,0.4855555555555556,0.13141228625712476,0.46111111111111114,0.13394553514882837,0.47,0.13236225459151363,0.46444444444444444,0.1390120329322356,0.48777777777777775,0.18904369854338188,0.6633333333333333,0.18904369854338188,0.6633333333333333,0.1903103229892337,0.6677777777777778,0.19727675744141862,0.6922222222222222,0.15896136795440152,0.5577777777777778,0.19696010132995567,0.6911111111111111,0.19252691576947434,0.6755555555555556,0.11589613679544016,0.4066666666666667,0.13299556681443953,0.4666666666666667,0.18809373020899303,0.66,0.1656111462951235,0.5811111111111111,0.1953768207726409,0.6855555555555556,0.14059531348955034,0.49333333333333335,0.14059531348955034,0.49333333333333335,0.13869537682077265,0.4866666666666667,0.14122862571247624,0.4955555555555556,0.11114629512349589,0.39,0.14312856238125396,0.5022222222222222,0.13869537682077265,0.4866666666666667,0.13932868904369855,0.4888888888888889,0.13457884737175427,0.4722222222222222,0.14059531348955034,0.49333333333333335,0.12349588347055099,0.43333333333333335,0.1358454718176061,0.4766666666666667,0.194743508549715,0.6833333333333333,0.194743508549715,0.6833333333333333,0.19569347688410385,0.6866666666666666,0.19601013299556683,0.6877777777777778,0.10607979734008867,0.37222222222222223,0.19822672577580747,0.6955555555555556,0.19379354021532616,0.68,0.15769474350854973,0.5533333333333333,0.16592780240658644,0.5822222222222222,0.194743508549715,0.6833333333333333,0.19126029132362254,0.6711111111111111,0.19506016466117795,0.6844444444444444,0.13837872070930968,0.4855555555555556,0.14059531348955034,0.49333333333333335,0.13711209626345788,0.4811111111111111,0.13679544015199493,0.48,0.10544648511716276,0.37,0.1402786573780874,0.4922222222222222,0.1415452818239392,0.49666666666666665,0.13426219126029132,0.4711111111111111,0.1266624445851805,0.4444444444444444,0.13679544015199493,0.48,0.1260291323622546,0.44222222222222224,0.13806206459784673,0.48444444444444446,0.18999366687777075,0.6666666666666666,0.18999366687777075,0.6666666666666666,0.19696010132995567,0.6911111111111111,0.19759341355288157,0.6933333333333334,0.12634578847371755,0.44333333333333336,0.19727675744141862,0.6922222222222222,0.19442685243825206,0.6822222222222222,0.12761241291956935,0.4477777777777778,0.1903103229892337,0.6677777777777778,0.19062697910069665,0.6688888888888889,0.18999366687777075,0.6666666666666666,0.19506016466117795,0.6844444444444444,0.12824572514249524,0.45,0.14534515516149463,0.51,0.16782773907536416,0.5888888888888889,0.16782773907536416,0.5888888888888889,0.09816339455351489,0.34444444444444444,0.17447751741608614,0.6122222222222222,0.17162761241291957,0.6022222222222222,0.1526282457251425,0.5355555555555556,0.16402786573780875,0.5755555555555556,0.17479417352754908,0.6133333333333333,0.15896136795440152,0.5577777777777778,0.17067764407853073,0.5988888888888889,0.1285623812539582,0.45111111111111113,0.14597846738442052,0.5122222222222222,0.18366054464851173,0.6444444444444445,0.18397720075997467,0.6455555555555555,0.12634578847371755,0.44333333333333336,0.1871437618746042,0.6566666666666666,0.1865104496516783,0.6544444444444445,0.1519949335022166,0.5333333333333333,0.16656111462951234,0.5844444444444444,0.17827739075364155,0.6255555555555555,0.15927802406586447,0.5588888888888889,0.18777707409753008,0.6588888888888889
42,0.13446676970633695,0.48333333333333334,0.1347758887171561,0.48444444444444446,0.13508500772797527,0.4855555555555556,0.13693972179289027,0.4922222222222222,0.12364760432766615,0.4444444444444444,0.1384853168469861,0.49777777777777776,0.13972179289026276,0.5022222222222222,0.1357032457496136,0.48777777777777775,0.13013910355486863,0.4677777777777778,0.13323029366306027,0.47888888888888886,0.13106646058732613,0.4711111111111111,0.1357032457496136,0.48777777777777775,0.18794435857805256,0.6755555555555556,0.18763523956723338,0.6744444444444444,0.1891808346213292,0.68,0.19505409582689334,0.7011111111111111,0.15950540958268933,0.5733333333333334,0.1956723338485317,0.7033333333333334,0.1919629057187017,0.69,0.11406491499227202,0.41,0.13261205564142195,0.4766666666666667,0.18763523956723338,0.6744444444444444,0.16630602782071097,0.5977777777777777,0.19505409582689334,0.7011111111111111,0.1384853168469861,0.49777777777777776,0.1384853168469861,0.49777777777777776,0.1366306027820711,0.4911111111111111,0.13817619783616691,0.49666666666666665,0.11128284389489954,0.4,0.14219474497681608,0.5111111111111111,0.13693972179289027,0.4922222222222222,0.1366306027820711,0.4911111111111111,0.13446676970633695,0.48333333333333334,0.1384853168469861,0.49777777777777776,0.121483771251932,0.43666666666666665,0.13292117465224113,0.4777777777777778,0.1928902627511592,0.6933333333333334,0.1928902627511592,0.6933333333333334,0.19443585780525502,0.6988888888888889,0.19443585780525502,0.6988888888888889,0.10757341576506955,0.38666666666666666,0.198145285935085,0.7122222222222222,0.19072642967542505,0.6855555555555556,0.157032457496136,0.5644444444444444,0.16661514683153014,0.5988888888888889,0.19319938176197837,0.6944444444444444,0.19041731066460588,0.6844444444444444,0.19412673879443587,0.6977777777777778,0.13601236476043277,0.4888888888888889,0.1384853168469861,0.49777777777777776,0.1357032457496136,0.48777777777777775,0.13539412673879445,0.4866666666666667,0.10602782071097372,0.3811111111111111,0.1384853168469861,0.49777777777777776,0.1403400309119011,0.5044444444444445,0.13415765069551777,0.4822222222222222,0.1267387944358578,0.45555555555555555,0.13508500772797527,0.4855555555555556,0.1267387944358578,0.45555555555555555,0.13508500772797527,0.4855555555555556,0.1901081916537867,0.6833333333333333,0.1901081916537867,0.6833333333333333,0.19598145285935084,0.7044444444444444,0.1956723338485317,0.7033333333333334,0.12704791344667696,0.45666666666666667,0.1965996908809892,0.7066666666666667,0.19319938176197837,0.6944444444444444,0.12704791344667696,0.45666666666666667,0.18856259659969088,0.6777777777777778,0.18948995363214838,0.6811111111111111,0.18887171561051005,0.6788888888888889,0.19258114374034002,0.6922222222222222,0.12890262751159196,0.4633333333333333,0.14621329211746523,0.5255555555555556,0.16599690880989182,0.5966666666666667,0.16599690880989182,0.5966666666666667,0.09922720247295208,0.3566666666666667,0.17527047913446678,0.63,0.17094281298299846,0.6144444444444445,0.15239567233384854,0.5477777777777778,0.16414219474497682,0.59,0.1740340030911901,0.6255555555555555,0.15857805255023183,0.57,0.17032457496136014,0.6122222222222222,0.13013910355486863,0.4677777777777778,0.1465224111282844,0.5266666666666666,0.18238021638330756,0.6555555555555556,0.18330757341576506,0.6588888888888889,0.12550231839258114,0.45111111111111113,0.18887171561051005,0.6788888888888889,0.18670788253477588,0.6711111111111111,0.1517774343122102,0.5455555555555556,0.16568778979907264,0.5955555555555555,0.1768160741885626,0.6355555555555555,0.15950540958268933,0.5733333333333334,0.18763523956723338,0.6744444444444444
43,0.1322463768115942,0.4866666666666667,0.1331521739130435,0.49,0.13345410628019325,0.4911111111111111,0.1358695652173913,0.5,0.12258454106280194,0.45111111111111113,0.13617149758454106,0.5011111111111111,0.13677536231884058,0.5033333333333333,0.13526570048309178,0.49777777777777776,0.12952898550724637,0.4766666666666667,0.13134057971014493,0.48333333333333334,0.13134057971014493,0.48333333333333334,0.13285024154589373,0.4888888888888889,0.18931159420289856,0.6966666666666667,0.18810386473429952,0.6922222222222222,0.1905193236714976,0.7011111111111111,0.19384057971014493,0.7133333333333334,0.15821256038647344,0.5822222222222222,0.1956521739130435,0.72,0.19082125603864733,0.7022222222222222,0.11292270531400966,0.41555555555555557,0.13285024154589373,0.4888888888888889,0.18810386473429952,0.6922222222222222,0.1651570048309179,0.6077777777777778,0.1932367149758454,0.7111111111111111,0.1373792270531401,0.5055555555555555,0.1373792270531401,0.5055555555555555,0.13435990338164253,0.49444444444444446,0.13647342995169082,0.5022222222222222,0.1105072463768116,0.4066666666666667,0.13979468599033817,0.5144444444444445,0.13466183574879226,0.4955555555555556,0.13466183574879226,0.4955555555555556,0.13405797101449277,0.49333333333333335,0.1373792270531401,0.5055555555555555,0.11956521739130435,0.44,0.1301328502415459,0.47888888888888886,0.1926328502415459,0.7088888888888889,0.1926328502415459,0.7088888888888889,0.19293478260869565,0.71,0.1926328502415459,0.7088888888888889,0.1068840579710145,0.3933333333333333,0.196256038647343,0.7222222222222222,0.1911231884057971,0.7033333333333334,0.15579710144927536,0.5733333333333334,0.16878019323671498,0.6211111111111111,0.1926328502415459,0.7088888888888889,0.18961352657004832,0.6977777777777778,0.19384057971014493,0.7133333333333334,0.133756038647343,0.4922222222222222,0.13707729468599034,0.5044444444444445,0.13617149758454106,0.5011111111111111,0.13345410628019325,0.4911111111111111,0.10718599033816426,0.39444444444444443,0.13617149758454106,0.5011111111111111,0.1373792270531401,0.5055555555555555,0.13254830917874397,0.48777777777777775,0.12560386473429952,0.4622222222222222,0.13285024154589373,0.4888888888888889,0.12560386473429952,0.4622222222222222,0.13194444444444445,0.4855555555555556,0.1905193236714976,0.7011111111111111,0.1905193236714976,0.7011111111111111,0.19504830917874397,0.7177777777777777,0.19595410628019325,0.7211111111111111,0.12771739130434784,0.47,0.19595410628019325,0.7211111111111111,0.19233091787439613,0.7077777777777777,0.125,0.46,0.18719806763285024,0.6888888888888889,0.18961352657004832,0.6977777777777778,0.1875,0.69,0.1926328502415459,0.7088888888888889,0.1292270531400966,0.47555555555555556,0.14673913043478262,0.54,0.16455314009661837,0.6055555555555555,0.16666666666666666,0.6133333333333333,0.09903381642512077,0.36444444444444446,0.1766304347826087,0.65,0.17059178743961353,0.6277777777777778,0.15006038647342995,0.5522222222222222,0.1642512077294686,0.6044444444444445,0.17451690821256038,0.6422222222222222,0.15881642512077296,0.5844444444444444,0.17149758454106281,0.6311111111111111,0.12983091787439613,0.4777777777777778,0.14673913043478262,0.54,0.18206521739130435,0.67,0.1823671497584541,0.6711111111111111,0.12590579710144928,0.4633333333333333,0.1890096618357488,0.6955555555555556,0.18538647342995168,0.6822222222222222,0.15006038647342995,0.5522222222222222,0.16545893719806765,0.6088888888888889,0.17602657004830918,0.6477777777777778,0.15911835748792272,0.5855555555555556,0.1875,0.69
44,0.13012688108586604,0.49,0.13219238713484804,0.49777777777777776,0.13248745942755974,0.4988888888888889,0.1357332546473886,0.5111111111111111,0.12186485688993803,0.4588888888888889,0.13396282089111833,0.5044444444444445,0.13602832694010034,0.5122222222222222,0.13425789318383005,0.5055555555555555,0.13071702567128946,0.4922222222222222,0.13101209796400118,0.49333333333333335,0.13189731484213632,0.49666666666666665,0.13219238713484804,0.49777777777777776,0.18796105045736206,0.7077777777777777,0.18825612275007378,0.7088888888888889,0.18943641192092062,0.7133333333333334,0.1932723517261729,0.7277777777777777,0.1581587488934789,0.5955555555555555,0.19356742401888463,0.7288888888888889,0.18973148421363234,0.7144444444444444,0.11242254352316318,0.42333333333333334,0.13248745942755974,0.4988888888888889,0.18796105045736206,0.7077777777777777,0.1640601947477132,0.6177777777777778,0.1912068456771909,0.72,0.13455296547654175,0.5066666666666667,0.13455296547654175,0.5066666666666667,0.13219238713484804,0.49777777777777776,0.13632339923281203,0.5133333333333333,0.1109471820596046,0.4177777777777778,0.13720861611094717,0.5166666666666667,0.13396282089111833,0.5044444444444445,0.13425789318383005,0.5055555555555555,0.1316022425494246,0.4955555555555556,0.13455296547654175,0.5066666666666667,0.11832398937739746,0.44555555555555554,0.12776630274417233,0.4811111111111111,0.1932723517261729,0.7277777777777777,0.1932723517261729,0.7277777777777777,0.19179699026261435,0.7222222222222222,0.19150191796990262,0.7211111111111111,0.10711124225435231,0.4033333333333333,0.19622307465329006,0.7388888888888889,0.18943641192092062,0.7133333333333334,0.1540277367955149,0.58,0.1681912068456772,0.6333333333333333,0.1932723517261729,0.7277777777777777,0.18737090587193864,0.7055555555555556,0.19209206255532604,0.7233333333333334,0.13278253172027146,0.5,0.13425789318383005,0.5055555555555555,0.1351431100619652,0.5088888888888888,0.13396282089111833,0.5044444444444445,0.10829153142519918,0.4077777777777778,0.13396282089111833,0.5044444444444445,0.13632339923281203,0.5133333333333333,0.13219238713484804,0.49777777777777776,0.12658601357332547,0.4766666666666667,0.13101209796400118,0.49333333333333335,0.12629094128061374,0.47555555555555556,0.1313071702567129,0.49444444444444446,0.19002655650634406,0.7155555555555555,0.19002655650634406,0.7155555555555555,0.1932723517261729,0.7277777777777777,0.19386249631159633,0.73,0.1274712304514606,0.48,0.19445264089701977,0.7322222222222222,0.19179699026261435,0.7222222222222222,0.1251106521097669,0.4711111111111111,0.18560047211566835,0.6988888888888889,0.19002655650634406,0.7155555555555555,0.1870758335792269,0.7044444444444444,0.19179699026261435,0.7222222222222222,0.1298318087931543,0.4888888888888889,0.14753614635585718,0.5555555555555556,0.16524048391856005,0.6222222222222222,0.16701091767483034,0.6288888888888889,0.10002950722927118,0.37666666666666665,0.1746827972853349,0.6577777777777778,0.1705517851873709,0.6422222222222222,0.14930658011212747,0.5622222222222222,0.16258483328415463,0.6122222222222222,0.1723222189436412,0.6488888888888888,0.1578636766007672,0.5944444444444444,0.17114192977279433,0.6444444444444445,0.1292416642077309,0.4866666666666667,0.14665092947772204,0.5522222222222222,0.18146946001770434,0.6833333333333333,0.18176453231041606,0.6844444444444444,0.12599586898790205,0.47444444444444445,0.1888462673354972,0.7111111111111111,0.1844201829448215,0.6944444444444444,0.1478312186485689,0.5566666666666666,0.16524048391856005,0.6222222222222222,0.1743877249926232,0.6566666666666666,0.1602242549424609,0.6033333333333334,0.18766597816465033,0.7066666666666667
45,0.1309867282169648,0.5044444444444445,0.13069821119446048,0.5033333333333333,0.1309867282169648,0.5044444444444445,0.1341604154645124,0.5166666666666667,0.12204270051933064,0.47,0.13242931332948643,0.51,0.13733410271206,0.5288888888888889,0.13242931332948643,0.51,0.13040969417195614,0.5022222222222222,0.12925562608193883,0.49777777777777776,0.1309867282169648,0.5044444444444445,0.13012117714945182,0.5011111111111111,0.1869590305828044,0.72,0.1869590305828044,0.72,0.1881130986728217,0.7244444444444444,0.1933064050778996,0.7444444444444445,0.15839584535487594,0.61,0.19301788805539527,0.7433333333333333,0.18984420080784767,0.7311111111111112,0.11136757068667051,0.4288888888888889,0.1318522792844778,0.5077777777777778,0.18667051356030007,0.7188888888888889,0.1641661858049625,0.6322222222222222,0.18984420080784767,0.7311111111111112,0.13589151759953838,0.5233333333333333,0.13589151759953838,0.5233333333333333,0.1321407963069821,0.5088888888888888,0.1353144835545297,0.5211111111111111,0.11107905366416619,0.42777777777777776,0.1350259665320254,0.52,0.1361800346220427,0.5244444444444445,0.1341604154645124,0.5166666666666667,0.13127524523946912,0.5055555555555555,0.13589151759953838,0.5233333333333333,0.12031159838430468,0.4633333333333333,0.1257934218118869,0.48444444444444446,0.1912867859203693,0.7366666666666667,0.1912867859203693,0.7366666666666667,0.1924408540103866,0.7411111111111112,0.19186381996537796,0.7388888888888889,0.10646278130409695,0.41,0.19417195614541258,0.7477777777777778,0.18955568378534335,0.73,0.15464512406231967,0.5955555555555555,0.1673398730525101,0.6444444444444445,0.1912867859203693,0.7366666666666667,0.18782458165031737,0.7233333333333334,0.1924408540103866,0.7411111111111112,0.13156376226197344,0.5066666666666667,0.13358338141950374,0.5144444444444445,0.13387189844200809,0.5155555555555555,0.1330063473744951,0.5122222222222222,0.1102135025966532,0.42444444444444446,0.13242931332948643,0.51,0.13791113675706868,0.5311111111111111,0.12954414310444315,0.4988888888888889,0.12608193883439123,0.4855555555555556,0.1321407963069821,0.5088888888888888,0.1257934218118869,0.48444444444444446,0.12925562608193883,0.49777777777777776,0.18869013271783036,0.7266666666666667,0.18869013271783036,0.7266666666666667,0.1935949221004039,0.7455555555555555,0.19301788805539527,0.7433333333333333,0.12723600692440853,0.49,0.1933064050778996,0.7444444444444445,0.190132717830352,0.7322222222222222,0.12348528563185228,0.47555555555555556,0.18378534333525678,0.7077777777777777,0.18897864974033468,0.7277777777777777,0.18378534333525678,0.7077777777777777,0.19099826889786498,0.7355555555555555,0.12954414310444315,0.4988888888888889,0.14714368147720716,0.5666666666666667,0.16589728793998845,0.6388888888888888,0.1673398730525101,0.6444444444444445,0.10155799192152337,0.39111111111111113,0.1745527986151183,0.6722222222222223,0.17282169648009232,0.6655555555555556,0.1497403346797461,0.5766666666666667,0.16185804962492786,0.6233333333333333,0.1713791113675707,0.66,0.15897287939988458,0.6122222222222222,0.1702250432775534,0.6555555555555556,0.1309867282169648,0.5044444444444445,0.1488747836122331,0.5733333333333334,0.18032313906520483,0.6944444444444444,0.1809001731102135,0.6966666666666667,0.12723600692440853,0.49,0.18869013271783036,0.7266666666666667,0.18465089440276977,0.7111111111111111,0.14800923254472015,0.57,0.1641661858049625,0.6322222222222222,0.17195614541257934,0.6622222222222223,0.15897287939988458,0.6122222222222222,0.18551644547028276,0.7144444444444444
46,0.13068021450747955,0.5144444444444445,0.1292689810894722,0.5088888888888888,0.12983347445667515,0.5111111111111111,0.13293818797629128,0.5233333333333333,0.12136607394863111,0.4777777777777778,0.13265594129268982,0.5222222222222223,0.1388653683319221,0.5466666666666666,0.12983347445667515,0.5111111111111111,0.12983347445667515,0.5111111111111111,0.12870448772226925,0.5066666666666667,0.13039796782387808,0.5133333333333333,0.13068021450747955,0.5144444444444445,0.18487157775896132,0.7277777777777777,0.18458933107535985,0.7266666666666667,0.18684730454417162,0.7355555555555555,0.1922099915325995,0.7566666666666667,0.1589048828676263,0.6255555555555555,0.19192774484899802,0.7555555555555555,0.18854078464578042,0.7422222222222222,0.11148744002257974,0.4388888888888889,0.13152695455828395,0.5177777777777778,0.18374259102455545,0.7233333333333334,0.16370307648885127,0.6444444444444445,0.1905165114309907,0.75,0.13378492802709568,0.5266666666666666,0.13378492802709568,0.5266666666666666,0.13265594129268982,0.5222222222222223,0.13293818797629128,0.5233333333333333,0.11064069997177534,0.43555555555555553,0.13463166807790009,0.53,0.13745413491391476,0.5411111111111111,0.13350268134349422,0.5255555555555556,0.12955122777307368,0.51,0.13378492802709568,0.5266666666666666,0.11826136042901496,0.46555555555555556,0.12616426756985605,0.49666666666666665,0.18910527801298335,0.7444444444444445,0.18910527801298335,0.7444444444444445,0.19108100479819362,0.7522222222222222,0.1905165114309907,0.75,0.10781823313576065,0.42444444444444446,0.19277448489980242,0.7588888888888888,0.18938752469658482,0.7455555555555555,0.1555179226644087,0.6122222222222222,0.16878351679367767,0.6644444444444444,0.18910527801298335,0.7444444444444445,0.18458933107535985,0.7266666666666667,0.1922099915325995,0.7566666666666667,0.13124470787468248,0.5166666666666667,0.13237369460908835,0.5211111111111111,0.13180920124188542,0.5188888888888888,0.13039796782387808,0.5133333333333333,0.1100762066045724,0.43333333333333335,0.13265594129268982,0.5222222222222223,0.1397121083827265,0.55,0.12870448772226925,0.5066666666666667,0.12588202088625458,0.4955555555555556,0.13039796782387808,0.5133333333333333,0.1255997742026531,0.49444444444444446,0.12955122777307368,0.51,0.18628281117696868,0.7333333333333333,0.18628281117696868,0.7333333333333333,0.1922099915325995,0.7566666666666667,0.1913632514817951,0.7533333333333333,0.12729325430426192,0.5011111111111111,0.19192774484899802,0.7555555555555555,0.18825853796217895,0.7411111111111112,0.12390629410104431,0.48777777777777775,0.18204911092294665,0.7166666666666667,0.18628281117696868,0.7333333333333333,0.18233135760654812,0.7177777777777777,0.19079875811459215,0.7511111111111111,0.13124470787468248,0.5166666666666667,0.1476150155235676,0.5811111111111111,0.1676545300592718,0.66,0.16793677674287327,0.6611111111111111,0.1013265594129269,0.3988888888888889,0.17499294383290998,0.6888888888888889,0.1710414902624894,0.6733333333333333,0.1493084956251764,0.5877777777777777,0.1605983629692351,0.6322222222222222,0.17047699689528648,0.6711111111111111,0.1563646627152131,0.6155555555555555,0.16991250352808354,0.6688888888888889,0.13124470787468248,0.5166666666666667,0.1501552356759808,0.5911111111111111,0.17922664408693198,0.7055555555555556,0.18035563082133785,0.71,0.12757550098786338,0.5022222222222222,0.18797629127857748,0.74,0.18346034434095398,0.7222222222222222,0.14817950889077053,0.5833333333333334,0.16313858312164833,0.6422222222222222,0.17160598362969234,0.6755555555555556,0.15749364944961897,0.62,0.18458933107535985,0.7266666666666667
47,0.1287292817679558,0.5177777777777778,0.12845303867403315,0.5166666666666667,0.12900552486187844,0.5188888888888888,0.13038674033149172,0.5244444444444445,0.12071823204419889,0.4855555555555556,0.13314917127071824,0.5355555555555556,0.13922651933701657,0.56,0.1281767955801105,0.5155555555555555,0.12955801104972375,0.5211111111111111,0.1281767955801105,0.5155555555555555,0.13066298342541435,0.5255555555555556,0.13066298342541435,0.5255555555555556,0.18453038674033148,0.7422222222222222,0.18453038674033148,0.7422222222222222,0.18591160220994477,0.7477777777777778,0.19060773480662985,0.7666666666666667,0.15994475138121547,0.6433333333333333,0.19005524861878453,0.7644444444444445,0.1878453038674033,0.7555555555555555,0.10994475138121547,0.44222222222222224,0.13149171270718232,0.5288888888888889,0.1839779005524862,0.74,0.1621546961325967,0.6522222222222223,0.1914364640883978,0.77,0.13149171270718232,0.5288888888888889,0.13149171270718232,0.5288888888888889,0.1298342541436464,0.5222222222222223,0.13066298342541435,0.5255555555555556,0.11215469613259668,0.45111111111111113,0.1361878453038674,0.5477777777777778,0.13867403314917126,0.5577777777777778,0.13066298342541435,0.5255555555555556,0.12762430939226518,0.5133333333333333,0.13149171270718232,0.5288888888888889,0.11933701657458563,0.48,0.1292817679558011,0.52,0.18867403314917128,0.7588888888888888,0.18867403314917128,0.7588888888888888,0.19060773480662985,0.7666666666666667,0.1903314917127072,0.7655555555555555,0.11104972375690608,0.44666666666666666,0.1914364640883978,0.77,0.18812154696132596,0.7566666666666667,0.156353591160221,0.6288888888888889,0.1707182320441989,0.6866666666666666,0.18867403314917128,0.7588888888888888,0.1850828729281768,0.7444444444444445,0.18950276243093922,0.7622222222222222,0.12900552486187844,0.5188888888888888,0.13066298342541435,0.5255555555555556,0.12900552486187844,0.5188888888888888,0.12790055248618784,0.5144444444444445,0.11049723756906077,0.4444444444444444,0.13314917127071824,0.5355555555555556,0.1397790055248619,0.5622222222222222,0.12734806629834255,0.5122222222222222,0.1270718232044199,0.5111111111111111,0.1292817679558011,0.52,0.12651933701657458,0.5088888888888888,0.13038674033149172,0.5244444444444445,0.18646408839779005,0.75,0.18646408839779005,0.75,0.1914364640883978,0.77,0.19088397790055248,0.7677777777777778,0.12734806629834255,0.5122222222222222,0.18922651933701656,0.7611111111111111,0.1867403314917127,0.7511111111111111,0.1212707182320442,0.48777777777777775,0.18066298342541437,0.7266666666666667,0.1861878453038674,0.7488888888888889,0.18011049723756906,0.7244444444444444,0.19088397790055248,0.7677777777777778,0.130939226519337,0.5266666666666666,0.14972375690607734,0.6022222222222222,0.1671270718232044,0.6722222222222223,0.16795580110497238,0.6755555555555556,0.10165745856353592,0.4088888888888889,0.17320441988950278,0.6966666666666667,0.17154696132596686,0.69,0.1516574585635359,0.61,0.16104972375690607,0.6477777777777778,0.16933701657458564,0.6811111111111111,0.15607734806629833,0.6277777777777778,0.16906077348066298,0.68,0.13259668508287292,0.5333333333333333,0.14972375690607734,0.6022222222222222,0.1776243093922652,0.7144444444444444,0.18011049723756906,0.7244444444444444,0.1287292817679558,0.5177777777777778,0.1878453038674033,0.7555555555555555,0.18342541436464088,0.7377777777777778,0.15082872928176796,0.6066666666666667,0.1632596685082873,0.6566666666666666,0.1723756906077348,0.6933333333333334,0.15718232044198896,0.6322222222222222,0.18370165745856354,0.7388888888888889
48,0.12658912631863672,0.52,0.12685961590478767,0.5211111111111111,0.12658912631863672,0.52,0.12821206383554234,0.5266666666666666,0.1206383554233162,0.4955555555555556,0.13064647011090072,0.5366666666666666,0.13740870976467406,0.5644444444444444,0.1279415742493914,0.5255555555555556,0.12902353259399513,0.53,0.125507167974033,0.5155555555555555,0.13010549093859886,0.5344444444444445,0.1328103868001082,0.5455555555555556,0.18285096023803082,0.7511111111111111,0.18285096023803082,0.7511111111111111,0.18528536651338923,0.7611111111111111,0.19096564782255884,0.7844444444444445,0.15985934541520153,0.6566666666666666,0.18771977278874763,0.7711111111111111,0.18717879361644577,0.7688888888888888,0.10954828239112795,0.45,0.13253989721395726,0.5444444444444444,0.1825804706518799,0.75,0.15958885582905058,0.6555555555555556,0.18961319989180417,0.7788888888888889,0.13091695969705167,0.5377777777777778,0.13091695969705167,0.5377777777777778,0.12821206383554234,0.5266666666666666,0.12983500135244794,0.5333333333333333,0.1117121990803354,0.4588888888888889,0.13335136597241007,0.5477777777777778,0.13822017852312685,0.5677777777777778,0.12929402218014607,0.5311111111111111,0.12523667838788208,0.5144444444444445,0.13091695969705167,0.5377777777777778,0.11982688666486341,0.4922222222222222,0.13091695969705167,0.5377777777777778,0.18717879361644577,0.7688888888888888,0.18717879361644577,0.7688888888888888,0.18961319989180417,0.7788888888888889,0.18880173113335136,0.7755555555555556,0.11008926156342981,0.45222222222222225,0.18853124154720044,0.7744444444444445,0.18690830403029485,0.7677777777777778,0.1563429807952394,0.6422222222222222,0.17013794968893697,0.6988888888888889,0.18717879361644577,0.7688888888888888,0.18203949147957804,0.7477777777777778,0.1882607519610495,0.7733333333333333,0.12685961590478767,0.5211111111111111,0.1287530430078442,0.5288888888888889,0.12740059507708953,0.5233333333333333,0.1271301054909386,0.5222222222222223,0.11144170949418447,0.4577777777777778,0.13064647011090072,0.5366666666666666,0.13794968893697593,0.5666666666666667,0.12604814714633486,0.5177777777777778,0.12658912631863672,0.52,0.12767108466324045,0.5244444444444445,0.1263186367324858,0.5188888888888888,0.1319989180416554,0.5422222222222223,0.18474438734108736,0.7588888888888888,0.18474438734108736,0.7588888888888888,0.19096564782255884,0.7844444444444445,0.1906951582364079,0.7833333333333333,0.12767108466324045,0.5244444444444445,0.18934271030565322,0.7777777777777778,0.18609683527184204,0.7644444444444445,0.121449824181769,0.4988888888888889,0.17987557479037056,0.7388888888888889,0.18447389775493644,0.7577777777777778,0.17879361644576683,0.7344444444444445,0.1890722207195023,0.7766666666666666,0.13308087638625912,0.5466666666666666,0.14795780362456046,0.6077777777777778,0.1668920746551258,0.6855555555555556,0.1671625642412767,0.6866666666666666,0.10143359480659994,0.4166666666666667,0.1733838247227482,0.7122222222222222,0.17176088720584257,0.7055555555555556,0.15120367865837164,0.6211111111111111,0.16337571003516366,0.6711111111111111,0.17094941844738978,0.7022222222222222,0.15580200162293753,0.64,0.16932648093048416,0.6955555555555556,0.1319989180416554,0.5422222222222223,0.1490397619691642,0.6122222222222222,0.17690018934271032,0.7266666666666667,0.18041655396267245,0.7411111111111112,0.12821206383554234,0.5266666666666666,0.1850148769272383,0.76,0.1825804706518799,0.75,0.15039220989991886,0.6177777777777778,0.1631052204490127,0.67,0.17149039761969165,0.7044444444444444,0.1563429807952394,0.6422222222222222,0.18230998106572896,0.7488888888888889
49,0.12639109697933226,0.53,0.12506624271330152,0.5244444444444445,0.12559618441971382,0.5266666666666666,0.12639109697933226,0.53,0.12135665076841548,0.5088888888888888,0.13036565977742448,0.5466666666666666,0.1383147853736089,0.58,0.12639109697933226,0.53,0.1282458929517753,0.5377777777777778,0.1242713301536831,0.5211111111111111,0.12957074721780604,0.5433333333333333,0.1332803391626921,0.5588888888888889,0.1830948595654478,0.7677777777777778,0.18282988871224165,0.7666666666666667,0.18547959724430313,0.7777777777777778,0.1902490726020138,0.7977777777777778,0.16057233704292528,0.6733333333333333,0.18653948065712772,0.7822222222222223,0.18653948065712772,0.7822222222222223,0.10890302066772654,0.45666666666666667,0.13116057233704292,0.55,0.1825649178590355,0.7655555555555555,0.15818759936406995,0.6633333333333333,0.1875993640699523,0.7866666666666666,0.1287758346581876,0.54,0.1287758346581876,0.54,0.12798092209856915,0.5366666666666666,0.12745098039215685,0.5344444444444445,0.11261261261261261,0.4722222222222222,0.13222045574986752,0.5544444444444444,0.13725490196078433,0.5755555555555556,0.1282458929517753,0.5377777777777778,0.12559618441971382,0.5266666666666666,0.1287758346581876,0.54,0.12056173820879704,0.5055555555555555,0.13010068892421833,0.5455555555555556,0.18627450980392157,0.7811111111111111,0.18627450980392157,0.7811111111111111,0.18892421833598305,0.7922222222222223,0.18892421833598305,0.7922222222222223,0.11128775834658187,0.4666666666666667,0.1875993640699523,0.7866666666666666,0.18600953895071543,0.78,0.15580286168521462,0.6533333333333333,0.17064122946475888,0.7155555555555555,0.18627450980392157,0.7811111111111111,0.18097509273979862,0.7588888888888888,0.18706942236354002,0.7844444444444445,0.12586115527291997,0.5277777777777778,0.1282458929517753,0.5377777777777778,0.12559618441971382,0.5266666666666666,0.12533121356650767,0.5255555555555556,0.11102278749337573,0.46555555555555556,0.13036565977742448,0.5466666666666666,0.13937466878643348,0.5844444444444444,0.12559618441971382,0.5266666666666666,0.12559618441971382,0.5266666666666666,0.12612612612612611,0.5288888888888889,0.12533121356650767,0.5255555555555556,0.13248542660307366,0.5555555555555556,0.1841547429782724,0.7722222222222223,0.1841547429782724,0.7722222222222223,0.18998410174880764,0.7966666666666666,0.1902490726020138,0.7977777777777778,0.12745098039215685,0.5344444444444445,0.18733439321674616,0.7855555555555556,0.18521462639109698,0.7766666666666666,0.12029676735559089,0.5044444444444445,0.17938526762056173,0.7522222222222222,0.1841547429782724,0.7722222222222223,0.178060413354531,0.7466666666666667,0.18786433492315846,0.7877777777777778,0.13222045574986752,0.5544444444444444,0.14917859035506095,0.6255555555555555,0.16534181240063592,0.6933333333333334,0.16560678325384207,0.6944444444444444,0.10148383677795443,0.4255555555555556,0.17488076311605724,0.7333333333333333,0.17223105458399576,0.7222222222222222,0.15368309485956544,0.6444444444444445,0.16242713301536832,0.6811111111111111,0.17011128775834658,0.7133333333333334,0.15421303656597773,0.6466666666666666,0.16958134605193428,0.7111111111111111,0.13195548489666137,0.5533333333333333,0.1483836777954425,0.6222222222222222,0.17700052994170642,0.7422222222222222,0.17965023847376788,0.7533333333333333,0.1293057763645999,0.5422222222222223,0.18574456809750928,0.7788888888888889,0.18229994700582935,0.7644444444444445,0.15315315315315314,0.6422222222222222,0.16375198728139906,0.6866666666666666,0.17037625861155273,0.7144444444444444,0.15500794912559618,0.65,0.18388977212506624,0.7711111111111111
50,0.1243509865005192,0.5322222222222223,0.12331256490134995,0.5277777777777778,0.12383177570093458,0.53,0.12512980269989615,0.5355555555555556,0.12019730010384216,0.5144444444444445,0.1290238836967809,0.5522222222222222,0.13681204569055036,0.5855555555555556,0.12512980269989615,0.5355555555555556,0.12850467289719625,0.55,0.12331256490134995,0.5277777777777778,0.12876427829698858,0.5511111111111111,0.13136033229491173,0.5622222222222222,0.1804257528556594,0.7722222222222223,0.1804257528556594,0.7722222222222223,0.18509865005192108,0.7922222222222223,0.18743509865005192,0.8022222222222222,0.15991692627206647,0.6844444444444444,0.18665628245067498,0.7988888888888889,0.18406022845275183,0.7877777777777778,0.10825545171339564,0.4633333333333333,0.12850467289719625,0.55,0.17964693665628245,0.7688888888888888,0.15835929387331257,0.6777777777777778,0.18587746625129803,0.7955555555555556,0.127466251298027,0.5455555555555556,0.127466251298027,0.5455555555555556,0.1261682242990654,0.54,0.12642782969885774,0.5411111111111111,0.11214953271028037,0.48,0.13058151609553478,0.5588888888888889,0.13473520249221183,0.5766666666666667,0.12694704049844235,0.5433333333333333,0.1272066458982347,0.5444444444444444,0.127466251298027,0.5455555555555556,0.1191588785046729,0.51,0.12954309449636553,0.5544444444444444,0.18431983385254413,0.7888888888888889,0.18431983385254413,0.7888888888888889,0.18717549325025962,0.8011111111111111,0.18717549325025962,0.8011111111111111,0.11188992731048805,0.47888888888888886,0.18665628245067498,0.7988888888888889,0.18561786085150572,0.7944444444444444,0.1557632398753894,0.6666666666666666,0.17107995846313603,0.7322222222222222,0.18431983385254413,0.7888888888888889,0.1801661474558671,0.7711111111111111,0.18613707165109034,0.7966666666666666,0.1240913811007269,0.5311111111111111,0.12642782969885774,0.5411111111111111,0.12331256490134995,0.5277777777777778,0.12357217030114226,0.5288888888888889,0.10981308411214953,0.47,0.1290238836967809,0.5522222222222222,0.1375908618899273,0.5888888888888889,0.1243509865005192,0.5322222222222223,0.1243509865005192,0.5322222222222223,0.12512980269989615,0.5355555555555556,0.1243509865005192,0.5322222222222223,0.13058151609553478,0.5588888888888889,0.1819833852544133,0.7788888888888889,0.1819833852544133,0.7788888888888889,0.18899273104880582,0.8088888888888889,0.1887331256490135,0.8077777777777778,0.1277258566978193,0.5466666666666666,0.18587746625129803,0.7955555555555556,0.18457943925233644,0.79,0.11889927310488058,0.5088888888888888,0.1770508826583593,0.7577777777777778,0.181723779854621,0.7777777777777778,0.1770508826583593,0.7577777777777778,0.18561786085150572,0.7944444444444444,0.13265835929387332,0.5677777777777778,0.14797507788161993,0.6333333333333333,0.16510903426791276,0.7066666666666667,0.1656282450674974,0.7088888888888889,0.10228452751817238,0.43777777777777777,0.17497403946002077,0.7488888888888889,0.17237798546209762,0.7377777777777778,0.15316718587746625,0.6555555555555556,0.16329179646936656,0.6988888888888889,0.16926272066458983,0.7244444444444444,0.15342679127725856,0.6566666666666666,0.16978193146417445,0.7266666666666667,0.1308411214953271,0.56,0.14875389408099687,0.6366666666666667,0.17653167185877466,0.7555555555555555,0.1791277258566978,0.7666666666666667,0.12876427829698858,0.5511111111111111,0.1838006230529595,0.7866666666666666,0.18146417445482865,0.7766666666666666,0.15186915887850466,0.65,0.1638110072689512,0.7011111111111111,0.1705607476635514,0.73,0.1555036344755971,0.6655555555555556,0.1835410176531672,0.7855555555555556
51,0.12318656146602189,0.5377777777777778,0.12242300839908374,0.5344444444444445,0.12318656146602189,0.5377777777777778,0.12496818528887757,0.5455555555555556,0.12038686688724866,0.5255555555555556,0.12751336217867143,0.5566666666666666,0.13540341053703234,0.5911111111111111,0.1262407737337745,0.5511111111111111,0.12725884448969205,0.5555555555555556,0.12165945533214559,0.5311111111111111,0.1280223975566302,0.5588888888888889,0.13031305675744465,0.5688888888888889,0.178925935352507,0.7811111111111111,0.178925935352507,0.7811111111111111,0.18223466530923899,0.7955555555555556,0.18605243064392976,0.8122222222222222,0.1600916263680326,0.6988888888888889,0.18503435988801223,0.8077777777777778,0.18477984219903285,0.8066666666666666,0.1084245355052176,0.47333333333333333,0.1277678798676508,0.5577777777777778,0.17867141766352762,0.78,0.15678289641130058,0.6844444444444444,0.1852888775769916,0.8088888888888889,0.12725884448969205,0.5555555555555556,0.12725884448969205,0.5555555555555556,0.1244591499109188,0.5433333333333333,0.1244591499109188,0.5433333333333333,0.11249681852888775,0.4911111111111111,0.12853143293458896,0.5611111111111111,0.13311275133621786,0.5811111111111111,0.12522270297785695,0.5466666666666666,0.1277678798676508,0.5577777777777778,0.12725884448969205,0.5555555555555556,0.11809620768643421,0.5155555555555555,0.12904046831254773,0.5633333333333334,0.18299821837617714,0.7988888888888889,0.18299821837617714,0.7988888888888889,0.185543395265971,0.81,0.18605243064392976,0.8122222222222222,0.1135148892848053,0.4955555555555556,0.18452532451005346,0.8055555555555556,0.18401628913209467,0.8033333333333333,0.15601934334436243,0.6811111111111111,0.17052685161618733,0.7444444444444445,0.18299821837617714,0.7988888888888889,0.17943497073046577,0.7833333333333333,0.18427080682107405,0.8044444444444444,0.12471366759989819,0.5444444444444444,0.12573173835581572,0.5488888888888889,0.12344107915500127,0.5388888888888889,0.12216849071010435,0.5333333333333333,0.10944260626113515,0.4777777777777778,0.12751336217867143,0.5566666666666666,0.1359124459149911,0.5933333333333334,0.12420463222193942,0.5422222222222223,0.12395011453296004,0.5411111111111111,0.12395011453296004,0.5411111111111111,0.12395011453296004,0.5411111111111111,0.1295495036905065,0.5655555555555556,0.18019852379740392,0.7866666666666666,0.18019852379740392,0.7866666666666666,0.18732501908882668,0.8177777777777778,0.1870705013998473,0.8166666666666667,0.12674980911173325,0.5533333333333333,0.18503435988801223,0.8077777777777778,0.18427080682107405,0.8044444444444444,0.11758717230847544,0.5133333333333333,0.17587172308475438,0.7677777777777778,0.18096207686434207,0.79,0.17587172308475438,0.7677777777777778,0.18503435988801223,0.8077777777777778,0.1323491982692797,0.5777777777777777,0.1483838126749809,0.6477777777777778,0.1644184270806821,0.7177777777777777,0.16492746245864087,0.72,0.10180707559175363,0.4444444444444444,0.17434461695087808,0.7611111111111111,0.17281751081700178,0.7544444444444445,0.15296513107660983,0.6677777777777778,0.16263680325782642,0.71,0.16823619241537288,0.7344444444444445,0.15372868414354798,0.6711111111111111,0.16925426317129041,0.7388888888888889,0.13133112751336218,0.5733333333333334,0.14889284805293967,0.65,0.17638075846271317,0.77,0.17968948841944515,0.7844444444444445,0.12853143293458896,0.5611111111111111,0.18223466530923899,0.7955555555555556,0.18019852379740392,0.7866666666666666,0.1519470603206923,0.6633333333333333,0.1644184270806821,0.7177777777777777,0.16925426317129041,0.7388888888888889,0.15525579027742428,0.6777777777777778,0.1835072537541359,0.8011111111111111
52,0.12356465302046929,0.55,0.12281577633549676,0.5466666666666666,0.12531203195207188,0.5577777777777778,0.12631053419870195,0.5622222222222222,0.1200698951572641,0.5344444444444445,0.12606090863704444,0.5611111111111111,0.13354967548676985,0.5944444444444444,0.12606090863704444,0.5611111111111111,0.12680978532201698,0.5644444444444444,0.12331502745881179,0.5488888888888889,0.12780828756864704,0.5688888888888889,0.12955566650024963,0.5766666666666667,0.17623564653020468,0.7844444444444445,0.17623564653020468,0.7844444444444445,0.18172740888667,0.8088888888888889,0.18422366450324512,0.82,0.15926110833749377,0.7088888888888889,0.1834747878182726,0.8166666666666667,0.18447329006490265,0.8211111111111111,0.10833749375936096,0.4822222222222222,0.12705941088367448,0.5655555555555556,0.17623564653020468,0.7844444444444445,0.15776335496754867,0.7022222222222222,0.18372441337993012,0.8177777777777778,0.127309036445332,0.5666666666666667,0.127309036445332,0.5666666666666667,0.1238142785821268,0.5511111111111111,0.12606090863704444,0.5611111111111111,0.11283075386919621,0.5022222222222222,0.12705941088367448,0.5655555555555556,0.13155267099350973,0.5855555555555556,0.12456315526709935,0.5544444444444444,0.12855716425361957,0.5722222222222222,0.127309036445332,0.5666666666666667,0.11607588617074388,0.5166666666666667,0.12805791313030454,0.57,0.18097853220169746,0.8055555555555556,0.18097853220169746,0.8055555555555556,0.18447329006490265,0.8211111111111111,0.18472291562656015,0.8222222222222222,0.11382925611582626,0.5066666666666667,0.18397403894158762,0.8188888888888889,0.18297553669495756,0.8144444444444444,0.1585122316525212,0.7055555555555556,0.16974538192710933,0.7555555555555555,0.18097853220169746,0.8055555555555556,0.17923115327009487,0.7977777777777778,0.1832251622566151,0.8155555555555556,0.1238142785821268,0.5511111111111111,0.1255616575137294,0.5588888888888889,0.12281577633549676,0.5466666666666666,0.12306540189715427,0.5477777777777778,0.10983524712930604,0.4888888888888889,0.12606090863704444,0.5611111111111111,0.13429855217174239,0.5977777777777777,0.1238142785821268,0.5511111111111111,0.1238142785821268,0.5511111111111111,0.12456315526709935,0.5544444444444444,0.12331502745881179,0.5488888888888889,0.12880678981527707,0.5733333333333334,0.1782326510234648,0.7933333333333333,0.1782326510234648,0.7933333333333333,0.18622066899650525,0.8288888888888889,0.18671992011982028,0.8311111111111111,0.12805791313030454,0.57,0.18372441337993012,0.8177777777777778,0.18447329006490265,0.8211111111111111,0.11857214178731902,0.5277777777777778,0.17498751872191712,0.7788888888888889,0.1782326510234648,0.7933333333333333,0.1744882675986021,0.7766666666666666,0.18297553669495756,0.8144444444444444,0.1325511732401398,0.59,0.14952571143285073,0.6655555555555556,0.16225661507738393,0.7222222222222222,0.16300549176235646,0.7255555555555555,0.10234648027958063,0.45555555555555555,0.1744882675986021,0.7766666666666666,0.17224163754368446,0.7666666666666667,0.15177234148776836,0.6755555555555556,0.16250624063904143,0.7233333333333334,0.16625062406390415,0.74,0.15401897154268598,0.6855555555555556,0.16874687968047927,0.7511111111111111,0.1308037943085372,0.5822222222222222,0.1492760858711932,0.6644444444444444,0.17773339990014977,0.7911111111111111,0.17873190214677984,0.7955555555555556,0.12830753869196207,0.5711111111111111,0.1814777833250125,0.8077777777777778,0.17923115327009487,0.7977777777777778,0.1507738392411383,0.6711111111111111,0.16450324513230155,0.7322222222222222,0.16824762855716424,0.7488888888888889,0.15426859710434349,0.6866666666666666,0.18297553669495756,0.8144444444444444
53,0.12294881214793045,0.5577777777777778,0.12270389419544453,0.5566666666666666,0.12490815576781777,0.5666666666666667,0.1268674993877051,0.5755555555555556,0.12025471467058535,0.5455555555555556,0.12539799167278962,0.5688888888888889,0.13201077638990938,0.5988888888888889,0.12490815576781777,0.5666666666666667,0.12637766348273327,0.5733333333333334,0.12343864805290228,0.56,0.1278471711976488,0.58,0.1280920891501347,0.5811111111111111,0.17536125397991673,0.7955555555555556,0.17536125397991673,0.7955555555555556,0.18123928483957874,0.8222222222222222,0.18270879255449424,0.8288888888888889,0.15968650502081802,0.7244444444444444,0.18295371050698017,0.83,0.18319862845946608,0.8311111111111111,0.10751898114131767,0.48777777777777775,0.1280920891501347,0.5811111111111111,0.17511633602743082,0.7944444444444444,0.15625765368601519,0.7088888888888889,0.18221895664952242,0.8266666666666667,0.12760225324516286,0.5788888888888889,0.12760225324516286,0.5788888888888889,0.12539799167278962,0.5688888888888889,0.12588782757776146,0.5711111111111111,0.11290717609600784,0.5122222222222222,0.12637766348273327,0.5733333333333334,0.13054126867499388,0.5922222222222222,0.12441831986284595,0.5644444444444444,0.1283370071026206,0.5822222222222222,0.12760225324516286,0.5788888888888889,0.11609110947832477,0.5266666666666666,0.1266225814352192,0.5744444444444444,0.18001469507714915,0.8166666666666667,0.18001469507714915,0.8166666666666667,0.18270879255449424,0.8288888888888889,0.18344354641195199,0.8322222222222222,0.11413176585843743,0.5177777777777778,0.18270879255449424,0.8288888888888889,0.18099436688709283,0.8211111111111111,0.16042125887827577,0.7277777777777777,0.1694832231202547,0.7688888888888888,0.18001469507714915,0.8166666666666667,0.18001469507714915,0.8166666666666667,0.18246387460200833,0.8277777777777777,0.1236835660053882,0.5611111111111111,0.12613274553024736,0.5722222222222222,0.1239284839578741,0.5622222222222222,0.12270389419544453,0.5566666666666666,0.10996816066617683,0.4988888888888889,0.12539799167278962,0.5688888888888889,0.13250061229488122,0.6011111111111112,0.12343864805290228,0.56,0.12490815576781777,0.5666666666666667,0.12417340191036003,0.5633333333333334,0.1239284839578741,0.5622222222222222,0.1278471711976488,0.58,0.17658584374234632,0.8011111111111111,0.17658584374234632,0.8011111111111111,0.18564780798432526,0.8422222222222222,0.18564780798432526,0.8422222222222222,0.12907176096007839,0.5855555555555556,0.18221895664952242,0.8266666666666667,0.18221895664952242,0.8266666666666667,0.11903012490815577,0.54,0.1734019103600294,0.7866666666666666,0.17683076169483222,0.8022222222222222,0.1734019103600294,0.7866666666666666,0.18123928483957874,0.8222222222222222,0.13127602253245163,0.5955555555555555,0.14866519715895174,0.6744444444444444,0.16140093068821945,0.7322222222222222,0.1618907665931913,0.7344444444444445,0.10188586823414156,0.4622222222222222,0.17438158216997307,0.7911111111111111,0.17168748469262796,0.7788888888888889,0.15111437668381092,0.6855555555555556,0.16287043840313495,0.7388888888888889,0.1650746999755082,0.7488888888888889,0.15429831006612785,0.7,0.16801371540533921,0.7622222222222222,0.13103110457996572,0.5944444444444444,0.14939995101640952,0.6777777777777778,0.17683076169483222,0.8022222222222222,0.17707567964731816,0.8033333333333333,0.1293166789125643,0.5866666666666667,0.17976977712466324,0.8155555555555556,0.1790350232672055,0.8122222222222222,0.150869458731325,0.6844444444444444,0.1633602743081068,0.7411111111111112,0.16703404359539553,0.7577777777777778,0.1547881459710997,0.7022222222222222,0.18148420279206465,0.8233333333333334
54,0.12211538461538461,0.5644444444444444,0.12379807692307693,0.5722222222222222,0.125,0.5777777777777777,0.12620192307692307,0.5833333333333334,0.12043269230769231,0.5566666666666666,0.1266826923076923,0.5855555555555556,0.13197115384615385,0.61,0.125,0.5777777777777777,0.12692307692307692,0.5866666666666667,0.12259615384615384,0.5666666666666667,0.128125,0.5922222222222222,0.12692307692307692,0.5866666666666667,0.17403846153846153,0.8044444444444444,0.17427884615384615,0.8055555555555556,0.17908653846153846,0.8277777777777777,0.18197115384615384,0.8411111111111111,0.159375,0.7366666666666667,0.1814903846153846,0.8388888888888889,0.18100961538461538,0.8366666666666667,0.10793269230769231,0.4988888888888889,0.12788461538461537,0.5911111111111111,0.17403846153846153,0.8044444444444444,0.15600961538461539,0.7211111111111111,0.1814903846153846,0.8388888888888889,0.12692307692307692,0.5866666666666667,0.12692307692307692,0.5866666666666667,0.12475961538461539,0.5766666666666667,0.12620192307692307,0.5833333333333334,0.11298076923076923,0.5222222222222223,0.12788461538461537,0.5911111111111111,0.13125,0.6066666666666667,0.12451923076923077,0.5755555555555556,0.12980769230769232,0.6,0.12692307692307692,0.5866666666666667,0.115625,0.5344444444444445,0.12548076923076923,0.58,0.1798076923076923,0.8311111111111111,0.1798076923076923,0.8311111111111111,0.18221153846153845,0.8422222222222222,0.18245192307692307,0.8433333333333334,0.11442307692307692,0.5288888888888889,0.18173076923076922,0.84,0.1798076923076923,0.8311111111111111,0.1608173076923077,0.7433333333333333,0.16899038461538463,0.7811111111111111,0.1798076923076923,0.8311111111111111,0.17908653846153846,0.8277777777777777,0.18245192307692307,0.8433333333333334,0.12355769230769231,0.5711111111111111,0.12620192307692307,0.5833333333333334,0.1233173076923077,0.57,0.12307692307692308,0.5688888888888889,0.11129807692307692,0.5144444444444445,0.1266826923076923,0.5855555555555556,0.13197115384615385,0.61,0.12259615384615384,0.5666666666666667,0.125,0.5777777777777777,0.12427884615384616,0.5744444444444444,0.12451923076923077,0.5755555555555556,0.1264423076923077,0.5844444444444444,0.17572115384615383,0.8122222222222222,0.17572115384615383,0.8122222222222222,0.18389423076923078,0.85,0.1841346153846154,0.8511111111111112,0.13052884615384616,0.6033333333333334,0.1814903846153846,0.8388888888888889,0.18004807692307692,0.8322222222222222,0.11947115384615385,0.5522222222222222,0.171875,0.7944444444444444,0.17596153846153847,0.8133333333333334,0.17163461538461539,0.7933333333333333,0.18052884615384615,0.8344444444444444,0.1310096153846154,0.6055555555555555,0.14735576923076923,0.6811111111111111,0.16201923076923078,0.7488888888888889,0.16298076923076923,0.7533333333333333,0.10432692307692308,0.4822222222222222,0.1752403846153846,0.81,0.17091346153846154,0.79,0.15072115384615384,0.6966666666666667,0.1622596153846154,0.75,0.1641826923076923,0.7588888888888888,0.15360576923076924,0.71,0.1685096153846154,0.7788888888888889,0.1310096153846154,0.6055555555555555,0.14783653846153846,0.6833333333333333,0.17572115384615383,0.8122222222222222,0.1762019230769231,0.8144444444444444,0.1295673076923077,0.5988888888888889,0.17932692307692308,0.8288888888888889,0.17836538461538462,0.8244444444444444,0.15144230769230768,0.7,0.16298076923076923,0.7533333333333333,0.16610576923076922,0.7677777777777778,0.15408653846153847,0.7122222222222222,0.18004807692307692,0.8322222222222222
55,0.12178428133113052,0.5733333333333334,0.12320037762567855,0.58,0.1241444418220439,0.5844444444444444,0.1265046023129573,0.5955555555555555,0.11966013688930847,0.5633333333333334,0.1267406183620486,0.5966666666666667,0.1309889072456927,0.6166666666666667,0.12461647392022658,0.5866666666666667,0.12626858626386595,0.5944444444444444,0.12225631342931319,0.5755555555555556,0.12744866650932263,0.6,0.12792069860750532,0.6022222222222222,0.17276374793485957,0.8133333333333334,0.17299976398395092,0.8144444444444444,0.17819211706396035,0.8388888888888889,0.18078829360396506,0.8511111111111112,0.1581307528911966,0.7444444444444445,0.17960821335850838,0.8455555555555555,0.17866414916214302,0.8411111111111111,0.10762331838565023,0.5066666666666667,0.1272126504602313,0.5988888888888889,0.17323578003304224,0.8155555555555556,0.15647864054755722,0.7366666666666667,0.18126032570214776,0.8533333333333334,0.12579655416568328,0.5922222222222222,0.12579655416568328,0.5922222222222222,0.12485248996931791,0.5877777777777777,0.12579655416568328,0.5922222222222222,0.113051687514751,0.5322222222222223,0.1272126504602313,0.5988888888888889,0.13051687514751004,0.6144444444444445,0.1241444418220439,0.5844444444444444,0.128392730705688,0.6044444444444445,0.12579655416568328,0.5922222222222222,0.11682794430021241,0.55,0.1260325702147746,0.5933333333333334,0.1784281331130517,0.84,0.1784281331130517,0.84,0.18055227755487374,0.85,0.18055227755487374,0.85,0.11635591220202973,0.5477777777777778,0.18008024545669105,0.8477777777777777,0.1784281331130517,0.84,0.16190700967665803,0.7622222222222222,0.16898749114939815,0.7955555555555556,0.1784281331130517,0.84,0.177956101014869,0.8377777777777777,0.1810243096530564,0.8522222222222222,0.12202029738022185,0.5744444444444444,0.12485248996931791,0.5877777777777777,0.12249232947840454,0.5766666666666667,0.12225631342931319,0.5755555555555556,0.11163559122020297,0.5255555555555556,0.1267406183620486,0.5966666666666667,0.1309889072456927,0.6166666666666667,0.12225631342931319,0.5755555555555556,0.12438045787113523,0.5855555555555556,0.12343639367476988,0.5811111111111111,0.12390842577295257,0.5833333333333334,0.12768468255841398,0.6011111111111112,0.17488789237668162,0.8233333333333334,0.17488789237668162,0.8233333333333334,0.1822043898985131,0.8577777777777778,0.1822043898985131,0.8577777777777778,0.13193297144205807,0.6211111111111111,0.17984422940759973,0.8466666666666667,0.177956101014869,0.8377777777777777,0.12013216898749116,0.5655555555555556,0.17016757139485486,0.8011111111111111,0.17512390842577294,0.8244444444444444,0.17134765164031154,0.8066666666666666,0.17890016521123436,0.8422222222222222,0.13004484304932734,0.6122222222222222,0.14774604673117772,0.6955555555555556,0.16261505782393204,0.7655555555555555,0.1623790417748407,0.7644444444444445,0.10431909369837149,0.4911111111111111,0.17394382818031626,0.8188888888888889,0.17040358744394618,0.8022222222222222,0.15152230351663915,0.7133333333333334,0.16285107387302336,0.7666666666666667,0.16285107387302336,0.7666666666666667,0.15246636771300448,0.7177777777777777,0.16804342695303282,0.7911111111111111,0.1309889072456927,0.6166666666666667,0.1482180788293604,0.6977777777777778,0.1741798442294076,0.82,0.17441586027849892,0.8211111111111111,0.13051687514751004,0.6144444444444445,0.17866414916214302,0.8411111111111111,0.17630398867122965,0.83,0.1519943356148218,0.7155555555555555,0.16332310597120603,0.7688888888888888,0.1642671701675714,0.7733333333333333,0.15293839981118715,0.72,0.18008024545669105,0.8477777777777777
56,0.12192860454334724,0.5844444444444444,0.12239221140472879,0.5866666666666667,0.12285581826611033,0.5888888888888889,0.12517385257301808,0.6,0.1205377839592026,0.5777777777777777,0.1277236903106166,0.6122222222222222,0.13027352804821513,0.6244444444444445,0.12355122855818267,0.5922222222222222,0.12633286972647195,0.6055555555555555,0.1214649976819657,0.5822222222222222,0.1277236903106166,0.6122222222222222,0.1277236903106166,0.6122222222222222,0.17246175243393602,0.8266666666666667,0.17246175243393602,0.8266666666666667,0.1764024107556792,0.8455555555555555,0.1787204450625869,0.8566666666666667,0.15901715345387113,0.7622222222222222,0.17848864163189615,0.8555555555555555,0.1770978210477515,0.8488888888888889,0.10778859527121001,0.5166666666666667,0.12818729717199814,0.6144444444444445,0.17246175243393602,0.8266666666666667,0.15669911914696338,0.7511111111111111,0.18011126564673158,0.8633333333333333,0.1258692628650904,0.6033333333333334,0.1258692628650904,0.6033333333333334,0.12517385257301808,0.6,0.1249420491423273,0.5988888888888889,0.11312007417709782,0.5422222222222223,0.1286509040333797,0.6166666666666667,0.13004172461752433,0.6233333333333333,0.12471024571163654,0.5977777777777777,0.12702828001854427,0.6088888888888889,0.1258692628650904,0.6033333333333334,0.11984237366713027,0.5744444444444444,0.12563745943439963,0.6022222222222222,0.17756142790913307,0.8511111111111112,0.17756142790913307,0.8511111111111112,0.1782568382012054,0.8544444444444445,0.17941585535465926,0.86,0.11729253592953176,0.5622222222222222,0.17779323133982383,0.8522222222222222,0.1770978210477515,0.8488888888888889,0.16249420491423272,0.7788888888888889,0.16736207695873898,0.8022222222222222,0.17756142790913307,0.8511111111111112,0.17686601761706072,0.8477777777777777,0.1789522484932777,0.8577777777777778,0.12192860454334724,0.5844444444444444,0.12378303198887343,0.5933333333333334,0.1214649976819657,0.5822222222222222,0.12076958738989337,0.5788888888888889,0.11242466388502549,0.5388888888888889,0.1277236903106166,0.6122222222222222,0.13073713490959665,0.6266666666666667,0.12216040797403802,0.5855555555555556,0.12471024571163654,0.5977777777777777,0.12308762169680111,0.59,0.12471024571163654,0.5977777777777777,0.12726008344923506,0.61,0.17408437644877145,0.8344444444444444,0.17408437644877145,0.8344444444444444,0.18057487250811313,0.8655555555555555,0.18057487250811313,0.8655555555555555,0.13212795549374132,0.6333333333333333,0.1780250347705146,0.8533333333333334,0.17663421418636996,0.8466666666666667,0.11914696337505795,0.5711111111111111,0.1689847009735744,0.81,0.1743161798794622,0.8355555555555556,0.1692165044042652,0.8111111111111111,0.1780250347705146,0.8533333333333334,0.1312007417709782,0.6288888888888889,0.14789058878071396,0.7088888888888889,0.1620305980528512,0.7766666666666666,0.16226240148354196,0.7777777777777778,0.1043115438108484,0.5,0.17246175243393602,0.8266666666666667,0.16828929068150209,0.8066666666666666,0.15113583681038478,0.7244444444444444,0.16249420491423272,0.7788888888888889,0.16133518776077885,0.7733333333333333,0.1520630505331479,0.7288888888888889,0.16828929068150209,0.8066666666666666,0.13096893834028744,0.6277777777777778,0.14858599907278627,0.7122222222222222,0.17385257301808066,0.8333333333333334,0.17501159017153453,0.8388888888888889,0.13166434863235976,0.6311111111111111,0.1770978210477515,0.8488888888888889,0.17454798331015298,0.8366666666666667,0.15067222994900326,0.7222222222222222,0.16295781177561428,0.7811111111111111,0.16342141863699583,0.7833333333333333,0.15252665739452945,0.7311111111111112,0.17848864163189615,0.8555555555555555
57,0.12047369619676611,0.5877777777777777,0.12138465042131633,0.5922222222222222,0.1229788203142792,0.6,0.1250284673195172,0.61,0.12070143475290367,0.5888888888888889,0.1263948986563425,0.6166666666666667,0.1304941926668185,0.6366666666666667,0.12184012753359144,0.5944444444444444,0.12457299020724208,0.6077777777777778,0.12070143475290367,0.5888888888888889,0.1279890685493054,0.6244444444444445,0.1275335914370303,0.6222222222222222,0.17125939421544067,0.8355555555555556,0.17125939421544067,0.8355555555555556,0.17467547255750399,0.8522222222222222,0.1771805966750171,0.8644444444444445,0.1582782965156001,0.7722222222222223,0.1760419038943293,0.8588888888888889,0.17444773400136643,0.8511111111111112,0.1081758141653382,0.5277777777777778,0.1275335914370303,0.6222222222222222,0.17125939421544067,0.8355555555555556,0.1548622181735368,0.7555555555555555,0.17831928945570485,0.87,0.12525620587565475,0.6111111111111112,0.12525620587565475,0.6111111111111112,0.12366203598269188,0.6033333333333334,0.12434525165110454,0.6066666666666667,0.11227510817581417,0.5477777777777778,0.1275335914370303,0.6222222222222222,0.13026645411068094,0.6355555555555555,0.12366203598269188,0.6033333333333334,0.1250284673195172,0.61,0.12525620587565475,0.6111111111111112,0.12229560464586654,0.5966666666666667,0.1254839444317923,0.6122222222222222,0.17740833523115462,0.8655555555555555,0.17740833523115462,0.8655555555555555,0.1790025051241175,0.8733333333333333,0.17877476656797997,0.8722222222222222,0.11751309496697791,0.5733333333333334,0.17672511956274198,0.8622222222222222,0.17535868822591666,0.8555555555555555,0.1621498519699385,0.7911111111111111,0.16602140742427693,0.81,0.17740833523115462,0.8655555555555555,0.17626964245046686,0.86,0.17672511956274198,0.8622222222222222,0.12115691186517877,0.5911111111111111,0.12366203598269188,0.6033333333333334,0.12161238897745388,0.5933333333333334,0.12161238897745388,0.5933333333333334,0.11295832384422683,0.5511111111111111,0.1263948986563425,0.6166666666666667,0.13117740833523114,0.64,0.120018219084491,0.5855555555555556,0.12366203598269188,0.6033333333333334,0.12275108175814166,0.5988888888888889,0.12343429742655432,0.6022222222222222,0.1275335914370303,0.6222222222222222,0.17285356410840355,0.8433333333333334,0.17285356410840355,0.8433333333333334,0.1785470280118424,0.8711111111111111,0.17831928945570485,0.87,0.1325438396720565,0.6466666666666666,0.17649738100660442,0.8611111111111112,0.1751309496697791,0.8544444444444445,0.11865178774766567,0.5788888888888889,0.1667046230926896,0.8133333333333334,0.17285356410840355,0.8433333333333334,0.16807105442951492,0.82,0.17786381234342974,0.8677777777777778,0.1314051468913687,0.6411111111111111,0.14757458437713505,0.72,0.16192211341380094,0.79,0.16192211341380094,0.79,0.10407652015486221,0.5077777777777778,0.17103165565930312,0.8344444444444444,0.16852653154179004,0.8222222222222222,0.15053518560692325,0.7344444444444445,0.16169437485766341,0.7888888888888889,0.16101115918925074,0.7855555555555556,0.15212935549988613,0.7422222222222222,0.16852653154179004,0.8222222222222222,0.13072193122295606,0.6377777777777778,0.1482578000455477,0.7233333333333334,0.17285356410840355,0.8433333333333334,0.17330904122067867,0.8455555555555555,0.1309496697790936,0.6388888888888888,0.17626964245046686,0.86,0.17376451833295378,0.8477777777777777,0.15190161694374857,0.7411111111111112,0.16283306763835118,0.7944444444444444,0.16306080619448873,0.7955555555555556,0.15258483261216124,0.7444444444444445,0.1771805966750171,0.8644444444444445
58,0.11951656222023277,0.5933333333333334,0.1210832587287377,0.6011111111111112,0.12153088630259624,0.6033333333333334,0.123769024171889,0.6144444444444445,0.12085944494180842,0.6,0.12444046553267682,0.6177777777777778,0.12958818263205013,0.6433333333333333,0.12130707251566697,0.6022222222222222,0.123769024171889,0.6144444444444445,0.11951656222023277,0.5933333333333334,0.12891674127126232,0.64,0.12667860340196957,0.6288888888888889,0.17032229185317815,0.8455555555555555,0.1700984780662489,0.8444444444444444,0.17390331244404655,0.8633333333333333,0.1752461951656222,0.87,0.1582363473589973,0.7855555555555556,0.17479856759176365,0.8677777777777778,0.1725604297224709,0.8566666666666667,0.10743061772605192,0.5333333333333333,0.12779767233661593,0.6344444444444445,0.1707699194270367,0.8477777777777777,0.1548791405550582,0.7688888888888888,0.17636526410026857,0.8755555555555555,0.1246642793196061,0.6188888888888889,0.1246642793196061,0.6188888888888889,0.12332139659803044,0.6122222222222222,0.12354521038495972,0.6133333333333333,0.1130259623992838,0.5611111111111111,0.12645478961504028,0.6277777777777778,0.12914055505819158,0.6411111111111111,0.1228737690241719,0.61,0.12444046553267682,0.6177777777777778,0.1246642793196061,0.6188888888888889,0.12488809310653537,0.62,0.12578334825425247,0.6244444444444445,0.1761414503133393,0.8744444444444445,0.1761414503133393,0.8744444444444445,0.1779319606087735,0.8833333333333333,0.17748433303491495,0.8811111111111111,0.11794986571172784,0.5855555555555556,0.17457475380483437,0.8666666666666667,0.17300805729632945,0.8588888888888889,0.1627126230975828,0.8077777777777778,0.16517457475380484,0.82,0.1761414503133393,0.8744444444444445,0.17502238137869292,0.8688888888888889,0.1752461951656222,0.87,0.12041181736794987,0.5977777777777777,0.12220232766338407,0.6066666666666667,0.11996418979409132,0.5955555555555555,0.1201880035810206,0.5966666666666667,0.11190689346463742,0.5555555555555556,0.12444046553267682,0.6177777777777778,0.13003581020590868,0.6455555555555555,0.1192927484333035,0.5922222222222222,0.12220232766338407,0.6066666666666667,0.12130707251566697,0.6022222222222222,0.1219785138764548,0.6055555555555555,0.12712623097582812,0.6311111111111111,0.17211280214861235,0.8544444444444445,0.17211280214861235,0.8544444444444445,0.1770367054610564,0.8788888888888889,0.17681289167412712,0.8777777777777778,0.13182632050134288,0.6544444444444445,0.17457475380483437,0.8666666666666667,0.17300805729632945,0.8588888888888889,0.11772605192479857,0.5844444444444444,0.1656222023276634,0.8222222222222222,0.17211280214861235,0.8544444444444445,0.16606982990152194,0.8244444444444444,0.17569382273948075,0.8722222222222222,0.13160250671441362,0.6533333333333333,0.1468218442256043,0.7288888888888889,0.16047448522829005,0.7966666666666666,0.16069829901521934,0.7977777777777778,0.10429722470904208,0.5177777777777778,0.16942703670546105,0.8411111111111111,0.16786034019695614,0.8333333333333334,0.1512981199641898,0.7511111111111111,0.1611459265890779,0.8,0.1602506714413608,0.7955555555555556,0.15174574753804834,0.7533333333333333,0.1683079677708147,0.8355555555555556,0.13137869292748433,0.6522222222222223,0.14838854073410923,0.7366666666666667,0.17121754700089525,0.85,0.1718889883616831,0.8533333333333334,0.13115487914055507,0.6511111111111111,0.1752461951656222,0.87,0.17323187108325871,0.86,0.1512981199641898,0.7511111111111111,0.16248880931065354,0.8066666666666666,0.162041181736795,0.8044444444444444,0.15241718889883618,0.7566666666666667,0.17591763652641002,0.8733333333333333
59,0.1185918591859186,0.5988888888888889,0.11925192519251925,0.6022222222222222,0.12057205720572058,0.6088888888888889,0.12189218921892189,0.6155555555555555,0.12013201320132014,0.6066666666666667,0.12255225522552256,0.6188888888888889,0.12827282728272826,0.6477777777777778,0.12365236523652365,0.6244444444444445,0.12233223322332233,0.6177777777777778,0.11793179317931793,0.5955555555555555,0.12915291529152914,0.6522222222222223,0.1251925192519252,0.6322222222222222,0.1694169416941694,0.8555555555555555,0.1691969196919692,0.8544444444444445,0.1724972497249725,0.8711111111111111,0.1746974697469747,0.8822222222222222,0.15665566556655666,0.7911111111111111,0.17227722772277226,0.87,0.17095709570957096,0.8633333333333333,0.10869086908690868,0.5488888888888889,0.12827282728272826,0.6477777777777778,0.1691969196919692,0.8544444444444445,0.15445544554455445,0.78,0.17403740374037405,0.8788888888888889,0.12343234323432344,0.6233333333333333,0.12343234323432344,0.6233333333333333,0.122992299229923,0.6211111111111111,0.12255225522552256,0.6188888888888889,0.11331133113311331,0.5722222222222222,0.12453245324532453,0.6288888888888889,0.12827282728272826,0.6477777777777778,0.12145214521452145,0.6133333333333333,0.12497249724972498,0.6311111111111111,0.12343234323432344,0.6233333333333333,0.12607260726072608,0.6366666666666667,0.12409240924092409,0.6266666666666667,0.17403740374037405,0.8788888888888889,0.17403740374037405,0.8788888888888889,0.1757975797579758,0.8877777777777778,0.17535753575357535,0.8855555555555555,0.1185918591859186,0.5988888888888889,0.1724972497249725,0.8711111111111111,0.1711771177117712,0.8644444444444445,0.16303630363036303,0.8233333333333334,0.16369636963696368,0.8266666666666667,0.17403740374037405,0.8788888888888889,0.17315731573157317,0.8744444444444445,0.17381738173817382,0.8777777777777778,0.1188118811881188,0.6,0.12035203520352035,0.6077777777777778,0.11837183718371837,0.5977777777777777,0.1188118811881188,0.6,0.11177117711771177,0.5644444444444444,0.12255225522552256,0.6188888888888889,0.12871287128712872,0.65,0.11925192519251925,0.6022222222222222,0.12277227722772277,0.62,0.11947194719471947,0.6033333333333334,0.12211221122112212,0.6166666666666667,0.1251925192519252,0.6322222222222222,0.1705170517051705,0.8611111111111112,0.1705170517051705,0.8611111111111112,0.17491749174917492,0.8833333333333333,0.1746974697469747,0.8822222222222222,0.13113311331133112,0.6622222222222223,0.17293729372937294,0.8733333333333333,0.17073707370737073,0.8622222222222222,0.11639163916391639,0.5877777777777777,0.16413641364136414,0.8288888888888889,0.1705170517051705,0.8611111111111112,0.16369636963696368,0.8266666666666667,0.17447744774477447,0.8811111111111111,0.1306930693069307,0.66,0.14697469746974698,0.7422222222222222,0.15973597359735975,0.8066666666666666,0.15907590759075907,0.8033333333333333,0.10451045104510451,0.5277777777777778,0.16875687568756875,0.8522222222222222,0.16765676567656765,0.8466666666666667,0.15093509350935094,0.7622222222222222,0.1603960396039604,0.81,0.15907590759075907,0.8033333333333333,0.15225522552255225,0.7688888888888888,0.16743674367436745,0.8455555555555555,0.13091309130913092,0.6611111111111111,0.14785478547854786,0.7466666666666667,0.17007700770077008,0.8588888888888889,0.17073707370737073,0.8622222222222222,0.1317931793179318,0.6655555555555556,0.17425742574257425,0.88,0.17183718371837184,0.8677777777777778,0.15027502750275026,0.7588888888888888,0.16105610561056105,0.8133333333333334,0.16083608360836082,0.8122222222222222,0.15291529152915292,0.7722222222222223,0.17513751375137515,0.8844444444444445
60,0.12137602769363912,0.6233333333333333,0.12072695802682822,0.62,0.12180874080484638,0.6255555555555555,0.12137602769363912,0.6233333333333333,0.11986153180441367,0.6155555555555555,0.12159238424924275,0.6244444444444445,0.12678494158373,0.6511111111111111,0.12548680225010816,0.6444444444444445,0.12180874080484638,0.6255555555555555,0.11921246213760277,0.6122222222222222,0.12851579402855906,0.66,0.12332323669407183,0.6333333333333333,0.16810904370402424,0.8633333333333333,0.1678926871484206,0.8622222222222222,0.17178710514928602,0.8822222222222222,0.17330160103851147,0.89,0.15642578970142795,0.8033333333333333,0.17135439203807876,0.88,0.16875811337083513,0.8666666666666667,0.10926006057983557,0.5611111111111111,0.12786672436174817,0.6566666666666666,0.16810904370402424,0.8633333333333333,0.1529640848117698,0.7855555555555556,0.17243617481609694,0.8855555555555555,0.1257031588057118,0.6455555555555555,0.1257031588057118,0.6455555555555555,0.12137602769363912,0.6233333333333333,0.12137602769363912,0.6233333333333333,0.11466897446992644,0.5888888888888889,0.12332323669407183,0.6333333333333333,0.12635222847252273,0.6488888888888888,0.1194288186932064,0.6133333333333333,0.12353959324967546,0.6344444444444445,0.1257031588057118,0.6455555555555555,0.12765036780614453,0.6555555555555556,0.12267416702726093,0.63,0.17308524448290782,0.8888888888888888,0.17308524448290782,0.8888888888888888,0.17330160103851147,0.89,0.1728688879273042,0.8877777777777778,0.11921246213760277,0.6122222222222222,0.1709216789268715,0.8777777777777778,0.16897446992643878,0.8677777777777778,0.16248377325832972,0.8344444444444444,0.16313284292514063,0.8377777777777777,0.17308524448290782,0.8888888888888888,0.17243617481609694,0.8855555555555555,0.17157074859368238,0.8811111111111111,0.12115967113803548,0.6222222222222222,0.12202509736045002,0.6266666666666667,0.12029424491562095,0.6177777777777778,0.1187797490263955,0.61,0.11207269580268282,0.5755555555555556,0.12159238424924275,0.6244444444444445,0.12721765469493726,0.6533333333333333,0.12202509736045002,0.6266666666666667,0.12224145391605365,0.6277777777777778,0.12094331458243185,0.6211111111111111,0.12202509736045002,0.6266666666666667,0.12397230636088273,0.6366666666666667,0.1691908264820424,0.8688888888888889,0.1691908264820424,0.8688888888888889,0.17265253137170056,0.8866666666666667,0.17243617481609694,0.8855555555555555,0.13219385547382087,0.6788888888888889,0.17157074859368238,0.8811111111111111,0.1691908264820424,0.8688888888888889,0.11596711380354825,0.5955555555555555,0.16183470359151883,0.8311111111111111,0.1691908264820424,0.8688888888888889,0.16270012981393336,0.8355555555555556,0.17265253137170056,0.8866666666666667,0.13089571614019904,0.6722222222222223,0.14712245781047165,0.7555555555555555,0.15772392903504975,0.81,0.15772392903504975,0.81,0.10471657291215924,0.5377777777777778,0.16767633059281697,0.8611111111111112,0.1665945478147988,0.8555555555555555,0.15209865858935526,0.7811111111111111,0.15902206836867158,0.8166666666666667,0.1592384249242752,0.8177777777777778,0.15253137170056252,0.7833333333333333,0.1668109043704024,0.8566666666666667,0.13046300302899178,0.67,0.14820424058848983,0.7611111111111111,0.1691908264820424,0.8688888888888889,0.1696235395932497,0.8711111111111111,0.13176114236261358,0.6766666666666666,0.17243617481609694,0.8855555555555555,0.17048896581566422,0.8755555555555555,0.1529640848117698,0.7855555555555556,0.15967113803548247,0.82,0.16075292081350065,0.8255555555555556,0.15318044136737344,0.7866666666666666,0.17373431414971874,0.8922222222222222
61,0.12534581825920407,0.6544444444444445,0.12215364971270483,0.6377777777777778,0.12300489465843796,0.6422222222222222,0.12428176207703767,0.6488888888888888,0.12066397105767185,0.63,0.12066397105767185,0.63,0.1251330070227708,0.6533333333333333,0.12811236433283676,0.6688888888888889,0.1213024047669717,0.6333333333333333,0.12023834858480528,0.6277777777777778,0.1276867418599702,0.6666666666666666,0.12194083847627155,0.6366666666666667,0.16790806554586082,0.8766666666666667,0.16769525430942753,0.8755555555555555,0.17067461161949352,0.8911111111111111,0.17110023409236008,0.8933333333333333,0.1551393913598638,0.81,0.17003617791019365,0.8877777777777778,0.16769525430942753,0.8755555555555555,0.11236433283677379,0.5866666666666667,0.12726111938710363,0.6644444444444444,0.16769525430942753,0.8755555555555555,0.1525856565226644,0.7966666666666666,0.17067461161949352,0.8911111111111111,0.12853798680570333,0.6711111111111111,0.12853798680570333,0.6711111111111111,0.12087678229410513,0.6311111111111111,0.12300489465843796,0.6422222222222222,0.11449244520110662,0.5977777777777777,0.12236646094913811,0.6388888888888888,0.12470738454990424,0.6511111111111111,0.12151521600340498,0.6344444444444445,0.12215364971270483,0.6377777777777778,0.12853798680570333,0.6711111111111111,0.12704830815067036,0.6633333333333333,0.1213024047669717,0.6333333333333333,0.17173866780165992,0.8966666666666666,0.17173866780165992,0.8966666666666666,0.17152585656522665,0.8955555555555555,0.17110023409236008,0.8933333333333333,0.11896148116620557,0.6211111111111111,0.16982336667376038,0.8866666666666667,0.1670568206001277,0.8722222222222222,0.16237497339859544,0.8477777777777777,0.16216216216216217,0.8466666666666667,0.17173866780165992,0.8966666666666666,0.17110023409236008,0.8933333333333333,0.17110023409236008,0.8933333333333333,0.12534581825920407,0.6544444444444445,0.12449457331347095,0.65,0.12194083847627155,0.6366666666666667,0.12108959353053841,0.6322222222222222,0.11172589912747392,0.5833333333333334,0.12066397105767185,0.63,0.12534581825920407,0.6544444444444445,0.12364332836773782,0.6455555555555555,0.12300489465843796,0.6422222222222222,0.12364332836773782,0.6455555555555555,0.12236646094913811,0.6388888888888888,0.1225792721855714,0.64,0.1683336880187274,0.8788888888888889,0.1683336880187274,0.8788888888888889,0.17152585656522665,0.8955555555555555,0.17173866780165992,0.8966666666666666,0.13385826771653545,0.6988888888888889,0.17003617791019365,0.8877777777777778,0.16769525430942753,0.8755555555555555,0.118535858693339,0.6188888888888889,0.15982123856139605,0.8344444444444444,0.1683336880187274,0.8788888888888889,0.16088529474356247,0.84,0.17131304532879335,0.8944444444444445,0.1306660991700362,0.6822222222222222,0.14769099808469888,0.7711111111111111,0.15726750372419665,0.8211111111111111,0.15769312619706322,0.8233333333333334,0.10534156203447542,0.55,0.16599276441796126,0.8666666666666667,0.16641838689082783,0.8688888888888889,0.15322409023196426,0.8,0.15833155990636305,0.8266666666666667,0.15918280485209618,0.8311111111111111,0.15152160034049797,0.7911111111111111,0.165779953181528,0.8655555555555555,0.13109172164290275,0.6844444444444444,0.14769099808469888,0.7711111111111111,0.16769525430942753,0.8755555555555555,0.16939774420089382,0.8844444444444445,0.13258140029793572,0.6922222222222222,0.17088742285592678,0.8922222222222222,0.16897212172802725,0.8822222222222222,0.15279846775909767,0.7977777777777778,0.15875718237922962,0.8288888888888889,0.15982123856139605,0.8344444444444444,0.15194722281336454,0.7933333333333333,0.17258991274739308,0.9011111111111111
62,0.12751256281407036,0.6766666666666666,0.125,0.6633333333333333,0.1273031825795645,0.6755555555555556,0.12793132328308207,0.6788888888888889,0.11976549413735343,0.6355555555555555,0.12185929648241206,0.6466666666666666,0.12311557788944724,0.6533333333333333,0.13107202680067,0.6955555555555556,0.12039363484087102,0.6388888888888888,0.12437185929648241,0.66,0.12646566164154105,0.6711111111111111,0.12123115577889447,0.6433333333333333,0.16624790619765495,0.8822222222222222,0.16603852596314908,0.8811111111111111,0.16855108877721944,0.8944444444444445,0.16896984924623115,0.8966666666666666,0.1547319932998325,0.8211111111111111,0.16855108877721944,0.8944444444444445,0.16666666666666666,0.8844444444444445,0.11474036850921274,0.6088888888888889,0.12541876046901174,0.6655555555555556,0.16624790619765495,0.8822222222222222,0.15201005025125627,0.8066666666666666,0.16876046901172528,0.8955555555555555,0.1306532663316583,0.6933333333333334,0.1306532663316583,0.6933333333333334,0.1233249581239531,0.6544444444444445,0.12562814070351758,0.6666666666666666,0.11515912897822446,0.6111111111111112,0.12311557788944724,0.6533333333333333,0.12395309882747069,0.6577777777777778,0.12458123953098828,0.6611111111111111,0.12123115577889447,0.6433333333333333,0.1306532663316583,0.6933333333333334,0.12793132328308207,0.6788888888888889,0.12018425460636516,0.6377777777777778,0.1708542713567839,0.9066666666666666,0.1708542713567839,0.9066666666666666,0.17001675041876047,0.9022222222222223,0.16959798994974876,0.9,0.11955611390284757,0.6344444444444445,0.16876046901172528,0.8955555555555555,0.16561976549413734,0.8788888888888889,0.1637353433835846,0.8688888888888889,0.16164154103852596,0.8577777777777778,0.17064489112227807,0.9055555555555556,0.16917922948073702,0.8977777777777778,0.1693886097152429,0.8988888888888888,0.1277219430485762,0.6777777777777778,0.12709380234505863,0.6744444444444444,0.12541876046901174,0.6655555555555556,0.12541876046901174,0.6655555555555556,0.11139028475711893,0.5911111111111111,0.12185929648241206,0.6466666666666666,0.12353433835845896,0.6555555555555556,0.1266750418760469,0.6722222222222223,0.1226968174204355,0.6511111111111111,0.1260469011725293,0.6688888888888889,0.12290619765494137,0.6522222222222223,0.12102177554438862,0.6422222222222222,0.16750418760469013,0.8888888888888888,0.16750418760469013,0.8888888888888888,0.17169179229480738,0.9111111111111111,0.17127303182579565,0.9088888888888889,0.13421273031825795,0.7122222222222222,0.16876046901172528,0.8955555555555555,0.16645728643216082,0.8833333333333333,0.12081239530988275,0.6411111111111111,0.15829145728643215,0.84,0.16750418760469013,0.8888888888888888,0.15829145728643215,0.84,0.16959798994974876,0.9,0.1306532663316583,0.6933333333333334,0.14719430485762144,0.7811111111111111,0.1564070351758794,0.83,0.1574539363484087,0.8355555555555556,0.1053182579564489,0.5588888888888889,0.16520100502512564,0.8766666666666667,0.1647822445561139,0.8744444444444445,0.15263819095477388,0.81,0.1574539363484087,0.8355555555555556,0.15891959798994976,0.8433333333333334,0.15096314907872696,0.8011111111111111,0.1647822445561139,0.8744444444444445,0.13107202680067,0.6955555555555556,0.1474036850921273,0.7822222222222223,0.16750418760469013,0.8888888888888888,0.16834170854271358,0.8933333333333333,0.13190954773869346,0.7,0.17022613065326633,0.9033333333333333,0.16750418760469013,0.8888888888888888,0.1530569514237856,0.8122222222222222,0.1580820770519263,0.8388888888888889,0.15933835845896147,0.8455555555555555,0.15096314907872696,0.8011111111111111,0.17106365159128978,0.9077777777777778
63,0.1306408407170822,0.7044444444444444,0.12796208530805686,0.69,0.12961055017514939,0.6988888888888889,0.13002266639192253,0.7011111111111111,0.11971976097259428,0.6455555555555555,0.12569544611580466,0.6777777777777778,0.12507727179064496,0.6744444444444444,0.1312590150422419,0.7077777777777777,0.1195137028642077,0.6444444444444445,0.12631362044096436,0.6811111111111111,0.12651967854935092,0.6822222222222222,0.12157428394807336,0.6555555555555556,0.1654646610344117,0.8922222222222222,0.16567071914279827,0.8933333333333333,0.16711312590150423,0.9011111111111111,0.1673191840098908,0.9022222222222223,0.15454358128992376,0.8333333333333334,0.16690706779311765,0.9,0.1660828353595714,0.8955555555555555,0.11580465691324954,0.6244444444444445,0.12384092314032558,0.6677777777777778,0.16505254481763856,0.89,0.15042241912219245,0.8111111111111111,0.16752524211827735,0.9033333333333333,0.13270142180094788,0.7155555555555555,0.13270142180094788,0.7155555555555555,0.12837420152483,0.6922222222222222,0.12858025963321656,0.6933333333333334,0.11456830826293014,0.6177777777777778,0.12507727179064496,0.6744444444444444,0.12590150422419122,0.6788888888888889,0.12754996909128374,0.6877777777777778,0.11930764475582115,0.6433333333333333,0.13270142180094788,0.7155555555555555,0.1312590150422419,0.7077777777777777,0.12054399340614053,0.65,0.16876159076859673,0.91,0.16876159076859673,0.91,0.16896764887698332,0.9111111111111111,0.1683494745518236,0.9077777777777778,0.11930764475582115,0.6433333333333333,0.1679373583350505,0.9055555555555556,0.1642283123840923,0.8855555555555555,0.1644343704924789,0.8866666666666667,0.16093138264990728,0.8677777777777778,0.16876159076859673,0.91,0.1683494745518236,0.9077777777777778,0.1679373583350505,0.9055555555555556,0.13146507315062847,0.7088888888888889,0.12858025963321656,0.6933333333333334,0.12734391098289718,0.6866666666666666,0.12734391098289718,0.6866666666666666,0.11106532042035853,0.5988888888888889,0.12569544611580466,0.6777777777777778,0.12507727179064496,0.6744444444444444,0.1289923758499897,0.6955555555555556,0.12219245827323305,0.6588888888888889,0.12837420152483,0.6922222222222222,0.12178034205645992,0.6566666666666666,0.12095610962291366,0.6522222222222223,0.16628889346795797,0.8966666666666666,0.16628889346795797,0.8966666666666666,0.16937976509375643,0.9133333333333333,0.16917370698536988,0.9122222222222223,0.13434988666804037,0.7244444444444444,0.1673191840098908,0.9022222222222223,0.164846486709252,0.8888888888888888,0.12301669070677931,0.6633333333333333,0.15681022048217597,0.8455555555555555,0.16628889346795797,0.8966666666666666,0.1566041623737894,0.8444444444444444,0.1677313002266639,0.9044444444444445,0.1306408407170822,0.7044444444444444,0.14650731506284773,0.79,0.15681022048217597,0.8455555555555555,0.15763445291572223,0.85,0.10550175149392128,0.5688888888888889,0.1642283123840923,0.8855555555555555,0.16319802184215948,0.88,0.15227694209767154,0.8211111111111111,0.15701627859056255,0.8466666666666667,0.15804656913249537,0.8522222222222222,0.15042241912219245,0.8111111111111111,0.16381619616731918,0.8833333333333333,0.13105295693385535,0.7066666666666667,0.14753760560478055,0.7955555555555556,0.1660828353595714,0.8955555555555555,0.16690706779311765,0.9,0.1324953636925613,0.7144444444444444,0.16876159076859673,0.91,0.16587677725118483,0.8944444444444445,0.15330723263960436,0.8266666666666667,0.15742839480733567,0.8488888888888889,0.15866474345765505,0.8555555555555555,0.150628477230579,0.8122222222222222,0.16855553266021017,0.9088888888888889
64,0.13265720081135904,0.7266666666666667,0.12900608519269777,0.7066666666666667,0.1308316430020284,0.7166666666666667,0.13164300202839757,0.7211111111111111,0.11906693711967546,0.6522222222222223,0.1279918864097363,0.7011111111111111,0.12697768762677486,0.6955555555555556,0.1328600405679513,0.7277777777777777,0.11987829614604463,0.6566666666666666,0.1281947261663286,0.7022222222222222,0.1261663286004057,0.6911111111111111,0.12332657200811359,0.6755555555555556,0.16348884381338744,0.8955555555555555,0.16348884381338744,0.8955555555555555,0.16511156186612577,0.9044444444444445,0.16551724137931034,0.9066666666666666,0.15334685598377282,0.84,0.16572008113590264,0.9077777777777778,0.1640973630831643,0.8988888888888888,0.11602434077079107,0.6355555555555555,0.12271805273833672,0.6722222222222223,0.16308316430020284,0.8933333333333333,0.14908722109533468,0.8166666666666667,0.16531440162271804,0.9055555555555556,0.13387423935091278,0.7333333333333333,0.13387423935091278,0.7333333333333333,0.12981744421906694,0.7111111111111111,0.1310344827586207,0.7177777777777777,0.1154158215010142,0.6322222222222222,0.1281947261663286,0.7022222222222222,0.12920892494929007,0.7077777777777777,0.12981744421906694,0.7111111111111111,0.11845841784989858,0.6488888888888888,0.13387423935091278,0.7333333333333333,0.13367139959432048,0.7322222222222222,0.12231237322515214,0.67,0.16734279918864098,0.9166666666666666,0.16734279918864098,0.9166666666666666,0.1667342799188641,0.9133333333333333,0.1665314401622718,0.9122222222222223,0.1204868154158215,0.66,0.16592292089249494,0.9088888888888889,0.16288032454361054,0.8922222222222222,0.1643002028397566,0.9,0.1592292089249493,0.8722222222222222,0.16734279918864098,0.9166666666666666,0.16693711967545638,0.9144444444444444,0.16572008113590264,0.9077777777777778,0.13265720081135904,0.7266666666666667,0.12941176470588237,0.7088888888888889,0.1283975659229209,0.7033333333333334,0.13002028397565923,0.7122222222222222,0.1105476673427992,0.6055555555555555,0.1279918864097363,0.7011111111111111,0.12718052738336713,0.6966666666666667,0.1304259634888438,0.7144444444444444,0.122920892494929,0.6733333333333333,0.12941176470588237,0.7088888888888889,0.12271805273833672,0.6722222222222223,0.12373225152129817,0.6777777777777778,0.1643002028397566,0.9,0.1643002028397566,0.9,0.16774847870182555,0.9188888888888889,0.16734279918864098,0.9166666666666666,0.13488843813387424,0.7388888888888889,0.16531440162271804,0.9055555555555556,0.16348884381338744,0.8955555555555555,0.1257606490872211,0.6888888888888889,0.15496957403651115,0.8488888888888889,0.1643002028397566,0.9,0.15557809330628802,0.8522222222222222,0.16592292089249494,0.9088888888888889,0.1308316430020284,0.7166666666666667,0.1462474645030426,0.8011111111111111,0.15740365111561866,0.8622222222222222,0.15720081135902636,0.8611111111111112,0.10588235294117647,0.58,0.1636916835699797,0.8966666666666666,0.16206896551724137,0.8877777777777778,0.15273833671399595,0.8366666666666667,0.15557809330628802,0.8522222222222222,0.15720081135902636,0.8611111111111112,0.14929006085192698,0.8177777777777778,0.16247464503042597,0.89,0.13184584178498987,0.7222222222222222,0.14726166328600407,0.8066666666666666,0.1640973630831643,0.8988888888888888,0.16490872210953347,0.9033333333333333,0.1332657200811359,0.73,0.16693711967545638,0.9144444444444444,0.1643002028397566,0.9,0.15334685598377282,0.84,0.15578093306288032,0.8533333333333334,0.15841784989858013,0.8677777777777778,0.14929006085192698,0.8177777777777778,0.16713995943204868,0.9155555555555556
65,0.13261433992410626,0.7377777777777778,0.13081685640103854,0.7277777777777777,0.13281406031555823,0.7388888888888889,0.13281406031555823,0.7388888888888889,0.11823447173956461,0.6577777777777778,0.13001797483523067,0.7233333333333334,0.13001797483523067,0.7233333333333334,0.1324146195326543,0.7366666666666667,0.12162971839424805,0.6766666666666666,0.13001797483523067,0.7233333333333334,0.1262232873976433,0.7022222222222222,0.12662272818054723,0.7044444444444444,0.1615737966846415,0.8988888888888888,0.1615737966846415,0.8988888888888888,0.16297183942480528,0.9066666666666666,0.16377072099061313,0.9111111111111111,0.1517874975034951,0.8444444444444444,0.164569602556421,0.9155555555555556,0.16257239864190134,0.9044444444444445,0.11663670860794888,0.6488888888888888,0.12282804074295986,0.6833333333333333,0.16137407629318953,0.8977777777777778,0.1475933692830038,0.8211111111111111,0.16337128020770922,0.9088888888888889,0.13561014579588576,0.7544444444444445,0.13561014579588576,0.7544444444444445,0.1324146195326543,0.7366666666666667,0.13221489914120232,0.7355555555555555,0.11543838625923707,0.6422222222222222,0.1304174156181346,0.7255555555555555,0.1318154583582984,0.7333333333333333,0.1304174156181346,0.7255555555555555,0.11903335330537247,0.6622222222222223,0.13561014579588576,0.7544444444444445,0.13401238266427,0.7455555555555555,0.1244258038745756,0.6922222222222222,0.16536848412222888,0.92,0.16536848412222888,0.92,0.16436988216496903,0.9144444444444444,0.164569602556421,0.9155555555555556,0.12103055721989216,0.6733333333333333,0.1639704413820651,0.9122222222222223,0.1627721190333533,0.9055555555555556,0.16377072099061313,0.9111111111111111,0.15777910924705413,0.8777777777777778,0.16536848412222888,0.92,0.16616736568803675,0.9244444444444444,0.16377072099061313,0.9111111111111111,0.13421210305572198,0.7466666666666667,0.13161573796684642,0.7322222222222222,0.1298182544437787,0.7222222222222222,0.13121629718394248,0.73,0.11124425803874576,0.6188888888888889,0.13001797483523067,0.7233333333333334,0.13021769522668264,0.7244444444444444,0.1324146195326543,0.7366666666666667,0.1232274815258638,0.6855555555555556,0.13221489914120232,0.7355555555555555,0.12262832035150789,0.6822222222222222,0.12782105052925904,0.7111111111111111,0.16237267825044938,0.9033333333333333,0.16237267825044938,0.9033333333333333,0.16616736568803675,0.9244444444444444,0.16616736568803675,0.9244444444444444,0.13421210305572198,0.7466666666666667,0.1639704413820651,0.9122222222222223,0.1621729578589974,0.9022222222222223,0.12662272818054723,0.7044444444444444,0.15278609946075494,0.85,0.16237267825044938,0.9033333333333333,0.15338526063511085,0.8533333333333334,0.164569602556421,0.9155555555555556,0.13201517874975036,0.7344444444444445,0.14559616536848413,0.81,0.15578190533253444,0.8666666666666667,0.15618134611543838,0.8688888888888889,0.10665068903535051,0.5933333333333334,0.16237267825044938,0.9033333333333333,0.16117435590173756,0.8966666666666666,0.15158777711204313,0.8433333333333334,0.15458358298382266,0.86,0.15717994807269822,0.8744444444444445,0.14919113241461954,0.83,0.16137407629318953,0.8977777777777778,0.13161573796684642,0.7322222222222222,0.14599560615138807,0.8122222222222222,0.16237267825044938,0.9033333333333333,0.16377072099061313,0.9111111111111111,0.13221489914120232,0.7355555555555555,0.1651687637307769,0.9188888888888889,0.16257239864190134,0.9044444444444445,0.152386658677851,0.8477777777777777,0.15518274415817854,0.8633333333333333,0.15777910924705413,0.8777777777777778,0.14899141202316757,0.8288888888888889,0.1657679249051328,0.9222222222222223
66,0.13335955940204564,0.7533333333333333,0.13217938630999213,0.7466666666666667,0.13335955940204564,0.7533333333333333,0.13335955940204564,0.7533333333333333,0.11762391817466562,0.6644444444444444,0.13060582218725414,0.7377777777777778,0.1323760818253344,0.7477777777777778,0.13316286388670337,0.7522222222222222,0.12313139260424863,0.6955555555555556,0.13099921321793864,0.74,0.12549173878835562,0.7088888888888889,0.12863886703383162,0.7266666666666667,0.1603068450039339,0.9055555555555556,0.1603068450039339,0.9055555555555556,0.16148701809598742,0.9122222222222223,0.16207710464201416,0.9155555555555556,0.15027537372147914,0.8488888888888889,0.16286388670338317,0.92,0.16070023603461842,0.9077777777777778,0.11585365853658537,0.6544444444444445,0.12254130605822187,0.6922222222222222,0.1603068450039339,0.9055555555555556,0.1465381589299764,0.8277777777777777,0.16207710464201416,0.9155555555555556,0.13493312352478362,0.7622222222222222,0.13493312352478362,0.7622222222222222,0.13335955940204564,0.7533333333333333,0.13375295043273014,0.7555555555555555,0.11447678992918961,0.6466666666666666,0.13158929976396538,0.7433333333333333,0.13394964594807238,0.7566666666666667,0.13257277734067663,0.7488888888888889,0.11900078678206137,0.6722222222222223,0.13493312352478362,0.7622222222222222,0.13414634146341464,0.7577777777777778,0.12647521636506687,0.7144444444444444,0.16384736428009442,0.9255555555555556,0.16384736428009442,0.9255555555555556,0.1630605822187254,0.9211111111111111,0.16365066876475218,0.9244444444444444,0.12234461054287962,0.6911111111111111,0.16207710464201416,0.9155555555555556,0.16129032258064516,0.9111111111111111,0.16207710464201416,0.9155555555555556,0.15696302124311565,0.8866666666666667,0.16384736428009442,0.9255555555555556,0.16463414634146342,0.93,0.16247049567269867,0.9177777777777778,0.13355625491738787,0.7544444444444445,0.13217938630999213,0.7466666666666667,0.13119590873328088,0.7411111111111112,0.1323760818253344,0.7477777777777778,0.11132966168371361,0.6288888888888889,0.13060582218725414,0.7377777777777778,0.13257277734067663,0.7488888888888889,0.13217938630999213,0.7466666666666667,0.12450826121164438,0.7033333333333334,0.1327694728560189,0.75,0.12332808811959087,0.6966666666666667,0.1288355625491739,0.7277777777777777,0.16089693154996065,0.9088888888888889,0.16089693154996065,0.9088888888888889,0.16443745082612116,0.9288888888888889,0.16424075531077892,0.9277777777777778,0.13473642800944138,0.7611111111111111,0.1626671911880409,0.9188888888888889,0.16129032258064516,0.9111111111111111,0.12726199842643587,0.7188888888888889,0.1508654602675059,0.8522222222222222,0.16089693154996065,0.9088888888888889,0.1516522423288749,0.8566666666666667,0.16247049567269867,0.9177777777777778,0.13217938630999213,0.7466666666666667,0.1449645948072384,0.8188888888888889,0.15440597954366642,0.8722222222222222,0.1547993705743509,0.8744444444444445,0.10680566483084186,0.6033333333333334,0.16089693154996065,0.9088888888888889,0.15971675845790717,0.9022222222222223,0.1508654602675059,0.8522222222222222,0.15440597954366642,0.8722222222222222,0.15617623918174667,0.8822222222222222,0.14948859166011014,0.8444444444444444,0.16011014948859165,0.9044444444444445,0.13217938630999213,0.7466666666666667,0.1449645948072384,0.8188888888888889,0.16207710464201416,0.9155555555555556,0.16247049567269867,0.9177777777777778,0.13316286388670337,0.7522222222222222,0.16443745082612116,0.9288888888888889,0.16129032258064516,0.9111111111111111,0.1520456333595594,0.8588888888888889,0.1540125885129819,0.87,0.15735641227380015,0.8888888888888888,0.1496852871754524,0.8455555555555555,0.16384736428009442,0.9255555555555556
67,0.13350125944584382,0.7655555555555555,0.13214493315248982,0.7577777777777778,0.13330749854679325,0.7644444444444445,0.1336950203448944,0.7666666666666667,0.11877543111800039,0.6811111111111111,0.1336950203448944,0.7666666666666667,0.13408254214299553,0.7688888888888888,0.13485758573919782,0.7733333333333333,0.12633210618097268,0.7244444444444444,0.13195117225343925,0.7566666666666667,0.12497577988761868,0.7166666666666667,0.1302073241619841,0.7466666666666667,0.15849641542336756,0.9088888888888889,0.15849641542336756,0.9088888888888889,0.159658980817671,0.9155555555555556,0.16062778531292385,0.9211111111111111,0.14919589226894012,0.8555555555555555,0.1615965898081767,0.9266666666666666,0.15907769812051928,0.9122222222222223,0.1152877349350901,0.6611111111111111,0.12245688819996124,0.7022222222222222,0.15810889362526642,0.9066666666666666,0.14609571788413098,0.8377777777777777,0.16004650261577213,0.9177777777777778,0.13621391203255184,0.7811111111111111,0.13621391203255184,0.7811111111111111,0.13466382484014724,0.7722222222222223,0.13311373764774267,0.7633333333333333,0.11431893043983724,0.6555555555555556,0.13330749854679325,0.7644444444444445,0.1342763030420461,0.77,0.13272621584964153,0.7611111111111111,0.1207130401085061,0.6922222222222222,0.13621391203255184,0.7811111111111111,0.13272621584964153,0.7611111111111111,0.12923851966673125,0.7411111111111112,0.16256539430342956,0.9322222222222222,0.16256539430342956,0.9322222222222222,0.16198411160627785,0.9288888888888889,0.16179035070722728,0.9277777777777778,0.12284440999806238,0.7044444444444444,0.161015307111025,0.9233333333333333,0.159658980817671,0.9155555555555556,0.161015307111025,0.9233333333333333,0.155590001937609,0.8922222222222222,0.16256539430342956,0.9322222222222222,0.16334043789963185,0.9366666666666666,0.16120906801007556,0.9244444444444444,0.13408254214299553,0.7688888888888888,0.13272621584964153,0.7611111111111111,0.13175741135438868,0.7555555555555555,0.1315636504553381,0.7544444444444445,0.11238132144933152,0.6444444444444445,0.1336950203448944,0.7666666666666667,0.13408254214299553,0.7688888888888888,0.1336950203448944,0.7666666666666667,0.12361945359426468,0.7088888888888889,0.13272621584964153,0.7611111111111111,0.12400697539236583,0.7111111111111111,0.13175741135438868,0.7555555555555555,0.15907769812051928,0.9122222222222223,0.15907769812051928,0.9122222222222223,0.162371633404379,0.9311111111111111,0.16217787250532842,0.93,0.13485758573919782,0.7733333333333333,0.161015307111025,0.9233333333333333,0.16004650261577213,0.9177777777777778,0.12768843247432668,0.7322222222222222,0.14919589226894012,0.8555555555555555,0.15907769812051928,0.9122222222222223,0.14977717496609183,0.8588888888888889,0.16140282890912613,0.9255555555555556,0.1329199767486921,0.7622222222222222,0.14415810889362526,0.8266666666666667,0.1548149583414067,0.8877777777777778,0.1548149583414067,0.8877777777777778,0.10869986436737067,0.6233333333333333,0.16004650261577213,0.9177777777777778,0.15869017632241814,0.91,0.1507459794613447,0.8644444444444445,0.15248982755279986,0.8744444444444445,0.1548149583414067,0.8877777777777778,0.14958341406704126,0.8577777777777778,0.15946521991862042,0.9144444444444444,0.13253245495059096,0.76,0.1445456306917264,0.8288888888888889,0.1602402635148227,0.9188888888888889,0.16082154621197442,0.9222222222222223,0.13350125944584382,0.7655555555555555,0.163727959697733,0.9388888888888889,0.15946521991862042,0.9144444444444444,0.151521023057547,0.8688888888888889,0.15307111024995157,0.8777777777777778,0.15655880643286185,0.8977777777777778,0.15016469676419297,0.8611111111111112,0.16256539430342956,0.9322222222222222
68,0.13421153111874762,0.7811111111111111,0.1332569683085147,0.7755555555555556,0.1344024436807942,0.7822222222222223,0.13382970599465444,0.7788888888888889,0.11798396334478808,0.6866666666666666,0.13306605574646813,0.7744444444444445,0.1355479190530737,0.7888888888888889,0.13802978235967928,0.8033333333333333,0.1277205040091638,0.7433333333333333,0.13268423062237494,0.7722222222222223,0.12466590301641849,0.7255555555555555,0.1311569301260023,0.7633333333333333,0.15693012600229095,0.9133333333333333,0.15693012600229095,0.9133333333333333,0.15845742649866362,0.9222222222222223,0.1586483390607102,0.9233333333333333,0.14795723558610158,0.8611111111111112,0.15922107674684993,0.9266666666666666,0.15826651393661703,0.9211111111111111,0.1145475372279496,0.6666666666666666,0.12218403970981291,0.7111111111111111,0.1565483008781978,0.9111111111111111,0.14490263459335626,0.8433333333333334,0.15883925162275678,0.9244444444444444,0.13745704467353953,0.8,0.13745704467353953,0.8,0.13497518136693396,0.7855555555555556,0.13402061855670103,0.78,0.11531118747613593,0.6711111111111111,0.13459335624284077,0.7833333333333333,0.13612065673921345,0.7922222222222223,0.1332569683085147,0.7755555555555556,0.12504772814051165,0.7277777777777777,0.13745704467353953,0.8,0.13192058037418863,0.7677777777777778,0.13020236731576937,0.7577777777777778,0.16055746468117602,0.9344444444444444,0.16055746468117602,0.9344444444444444,0.15979381443298968,0.93,0.15979381443298968,0.93,0.12294768995799923,0.7155555555555555,0.15960290187094311,0.9288888888888889,0.15769377625047729,0.9177777777777778,0.15941198930889652,0.9277777777777778,0.15406643757159222,0.8966666666666666,0.16055746468117602,0.9344444444444444,0.1620847651775487,0.9433333333333334,0.15960290187094311,0.9288888888888889,0.1355479190530737,0.7888888888888889,0.13382970599465444,0.7788888888888889,0.13268423062237494,0.7722222222222223,0.13192058037418863,0.7677777777777778,0.1134020618556701,0.66,0.13306605574646813,0.7744444444444445,0.1353570064910271,0.7877777777777778,0.1353570064910271,0.7877777777777778,0.12371134020618557,0.72,0.13402061855670103,0.78,0.1233295150820924,0.7177777777777777,0.13306605574646813,0.7744444444444445,0.15788468881252388,0.9188888888888889,0.15788468881252388,0.9188888888888889,0.16132111492936235,0.9388888888888889,0.16113020236731576,0.9377777777777778,0.1344024436807942,0.7822222222222223,0.15922107674684993,0.9266666666666666,0.15903016418480337,0.9255555555555556,0.12905689194348988,0.7511111111111111,0.14776632302405499,0.86,0.15769377625047729,0.9177777777777778,0.14776632302405499,0.86,0.15960290187094311,0.9288888888888889,0.13172966781214204,0.7666666666666667,0.14337533409698358,0.8344444444444444,0.15425735013363878,0.8977777777777778,0.15463917525773196,0.9,0.10939289805269187,0.6366666666666667,0.15845742649866362,0.9222222222222223,0.15769377625047729,0.9177777777777778,0.15005727376861397,0.8733333333333333,0.15139366170294005,0.8811111111111111,0.15425735013363878,0.8977777777777778,0.15043909889270715,0.8755555555555555,0.15845742649866362,0.9222222222222223,0.13287514318442153,0.7733333333333333,0.14432989690721648,0.84,0.15883925162275678,0.9244444444444444,0.15903016418480337,0.9255555555555556,0.13287514318442153,0.7733333333333333,0.1618938526155021,0.9422222222222222,0.15788468881252388,0.9188888888888889,0.1517754868270332,0.8833333333333333,0.15139366170294005,0.8811111111111111,0.1552119129438717,0.9033333333333333,0.15043909889270715,0.8755555555555555,0.1607483772432226,0.9355555555555556
69,0.13603010348071495,0.8033333333333333,0.13659454374412042,0.8066666666666666,0.13603010348071495,0.8033333333333333,0.13565380997177798,0.8011111111111111,0.11815616180620885,0.6977777777777778,0.1330197554092192,0.7855555555555556,0.1367826904985889,0.8077777777777778,0.13772342427093132,0.8133333333333334,0.12925682031984947,0.7633333333333333,0.1341486359360301,0.7922222222222223,0.12323612417685795,0.7277777777777777,0.13264346190028223,0.7833333333333333,0.1548447789275635,0.9144444444444444,0.1548447789275635,0.9144444444444444,0.1571025399811853,0.9277777777777778,0.15691439322671685,0.9266666666666666,0.14656632173095013,0.8655555555555555,0.1574788334901223,0.93,0.1571025399811853,0.9277777777777778,0.11401693320790217,0.6733333333333333,0.12323612417685795,0.7277777777777777,0.15446848541862654,0.9122222222222223,0.14393226716839136,0.85,0.15766698024459078,0.9311111111111111,0.1394167450611477,0.8233333333333334,0.1394167450611477,0.8233333333333334,0.13452492944496708,0.7944444444444444,0.13471307619943557,0.7955555555555556,0.11552210724365004,0.6822222222222222,0.13452492944496708,0.7944444444444444,0.13640639698965193,0.8055555555555556,0.13396048918156162,0.7911111111111111,0.1264346190028222,0.7466666666666667,0.1394167450611477,0.8233333333333334,0.1313264346190028,0.7755555555555556,0.13189087488240828,0.7788888888888889,0.1587958607714017,0.9377777777777778,0.1587958607714017,0.9377777777777778,0.15785512699905926,0.9322222222222222,0.15804327375352775,0.9333333333333333,0.12361241768579492,0.73,0.15766698024459078,0.9311111111111111,0.1559736594543744,0.9211111111111111,0.15766698024459078,0.9311111111111111,0.15296331138287864,0.9033333333333333,0.1587958607714017,0.9377777777777778,0.1601128880526811,0.9455555555555556,0.15804327375352775,0.9333333333333333,0.13715898400752588,0.81,0.1367826904985889,0.8077777777777778,0.13603010348071495,0.8033333333333333,0.13396048918156162,0.7911111111111111,0.11232361241768579,0.6633333333333333,0.1330197554092192,0.7855555555555556,0.13715898400752588,0.81,0.1380997177798683,0.8155555555555556,0.12210724365004703,0.7211111111111111,0.13753527751646283,0.8122222222222222,0.12210724365004703,0.7211111111111111,0.13377234242709313,0.79,0.15578551269990593,0.92,0.15578551269990593,0.92,0.15954844778927563,0.9422222222222222,0.15936030103480714,0.9411111111111111,0.13490122295390405,0.7966666666666666,0.15841956726246473,0.9355555555555556,0.1574788334901223,0.93,0.13264346190028223,0.7833333333333333,0.14637817497648165,0.8644444444444445,0.15578551269990593,0.92,0.14619002822201316,0.8633333333333333,0.15804327375352775,0.9333333333333333,0.1315145813734713,0.7766666666666666,0.1431796801505174,0.8455555555555555,0.1537158984007526,0.9077777777777778,0.1537158984007526,0.9077777777777778,0.10931326434619003,0.6455555555555555,0.1571025399811853,0.9277777777777778,0.1563499529633114,0.9233333333333333,0.15032925682031986,0.8877777777777778,0.15032925682031986,0.8877777777777778,0.15409219190968956,0.91,0.14920037629350894,0.8811111111111111,0.15672624647224837,0.9255555555555556,0.13207902163687676,0.78,0.1443085606773283,0.8522222222222222,0.15691439322671685,0.9266666666666666,0.15785512699905926,0.9322222222222222,0.13358419567262464,0.7888888888888889,0.15973659454374411,0.9433333333333334,0.1571025399811853,0.9277777777777778,0.15202257761053622,0.8977777777777778,0.15032925682031986,0.8877777777777778,0.15390404515522108,0.9088888888888889,0.14938852304797742,0.8822222222222222,0.15954844778927563,0.9422222222222222
70,0.13501483679525222,0.8088888888888889,0.1357566765578635,0.8133333333333334,0.1357566765578635,0.8133333333333334,0.13594213649851633,0.8144444444444444,0.11776706231454005,0.7055555555555556,0.13316023738872404,0.7977777777777778,0.1368694362017804,0.82,0.13612759643916914,0.8155555555555556,0.13037833827893175,0.7811111111111111,0.13408753709198812,0.8033333333333333,0.12277448071216618,0.7355555555555555,0.1327893175074184,0.7955555555555556,0.1531899109792285,0.9177777777777778,0.1531899109792285,0.9177777777777778,0.15560089020771514,0.9322222222222222,0.15578635014836795,0.9333333333333333,0.14521513353115728,0.87,0.15615727002967358,0.9355555555555556,0.15615727002967358,0.9355555555555556,0.11331602373887241,0.6788888888888889,0.12518545994065283,0.75,0.1531899109792285,0.9177777777777778,0.14317507418397626,0.8577777777777778,0.15560089020771514,0.9322222222222222,0.1394658753709199,0.8355555555555556,0.1394658753709199,0.8355555555555556,0.13594213649851633,0.8144444444444444,0.13705489614243324,0.8211111111111111,0.1151706231454006,0.69,0.13427299703264095,0.8044444444444444,0.13631305637982197,0.8166666666666667,0.13594213649851633,0.8144444444444444,0.12833827893175073,0.7688888888888888,0.1394658753709199,0.8355555555555556,0.13112017804154302,0.7855555555555556,0.13130563798219586,0.7866666666666666,0.15652818991097922,0.9377777777777778,0.15652818991097922,0.9377777777777778,0.15597181008902078,0.9344444444444444,0.15615727002967358,0.9355555555555556,0.12388724035608309,0.7422222222222222,0.15652818991097922,0.9377777777777778,0.1554154302670623,0.9311111111111111,0.15560089020771514,0.9322222222222222,0.1515207715133531,0.9077777777777778,0.15652818991097922,0.9377777777777778,0.15801186943620177,0.9466666666666667,0.15652818991097922,0.9377777777777778,0.13631305637982197,0.8166666666666667,0.1366839762611276,0.8188888888888889,0.1355712166172107,0.8122222222222222,0.13445845697329376,0.8055555555555556,0.11257418397626112,0.6744444444444444,0.13316023738872404,0.7977777777777778,0.1368694362017804,0.82,0.13724035608308605,0.8222222222222222,0.12166172106824925,0.7288888888888889,0.13649851632047477,0.8177777777777778,0.12166172106824925,0.7288888888888889,0.13427299703264095,0.8044444444444444,0.15448813056379823,0.9255555555555556,0.15448813056379823,0.9255555555555556,0.15764094955489613,0.9444444444444444,0.15745548961424333,0.9433333333333334,0.13501483679525222,0.8088888888888889,0.1570845697329377,0.9411111111111111,0.15671364985163205,0.9388888888888889,0.13427299703264095,0.8044444444444444,0.144473293768546,0.8655555555555555,0.15448813056379823,0.9255555555555556,0.14484421364985164,0.8677777777777778,0.15652818991097922,0.9377777777777778,0.13204747774480713,0.7911111111111111,0.1435459940652819,0.86,0.15300445103857566,0.9166666666666666,0.15300445103857566,0.9166666666666666,0.11053412462908012,0.6622222222222223,0.15652818991097922,0.9377777777777778,0.1554154302670623,0.9311111111111111,0.15077893175074183,0.9033333333333333,0.14910979228486648,0.8933333333333333,0.15300445103857566,0.9166666666666666,0.14818249258160238,0.8877777777777778,0.15560089020771514,0.9322222222222222,0.1316765578635015,0.7888888888888889,0.14428783382789317,0.8644444444444445,0.15615727002967358,0.9355555555555556,0.15671364985163205,0.9388888888888889,0.13316023738872404,0.7977777777777778,0.15875370919881307,0.9511111111111111,0.15634272997032642,0.9366666666666666,0.1515207715133531,0.9077777777777778,0.14985163204747776,0.8977777777777778,0.15356083086053413,0.92,0.148553412462908,0.89,0.15856824925816024,0.95
71,0.13311391479246662,0.8088888888888889,0.13421100749680015,0.8155555555555556,0.13439385628085573,0.8166666666666667,0.13512525141707807,0.8211111111111111,0.11720607057963064,0.7122222222222222,0.13585664655330043,0.8255555555555556,0.13713658804168952,0.8333333333333334,0.13494240263302248,0.82,0.1309197293837996,0.7955555555555556,0.1332967635765222,0.81,0.12177729018102029,0.74,0.13293106600841104,0.8077777777777778,0.1528615834704699,0.9288888888888889,0.15267873468641432,0.9277777777777778,0.15377582739074785,0.9344444444444444,0.15377582739074785,0.9344444444444444,0.14554763210824648,0.8844444444444445,0.15523861766319255,0.9433333333333334,0.1543243737429146,0.9377777777777778,0.11208630462607423,0.6811111111111111,0.12543426586213202,0.7622222222222222,0.15267873468641432,0.9277777777777778,0.141342110074968,0.8588888888888889,0.15395867617480344,0.9355555555555556,0.13768513439385627,0.8366666666666667,0.13768513439385627,0.8366666666666667,0.13658804168952277,0.83,0.13695373925763393,0.8322222222222222,0.11501188517096361,0.6988888888888889,0.13750228560980068,0.8355555555555556,0.13658804168952277,0.83,0.1362223441214116,0.8277777777777777,0.12982263667946609,0.7888888888888889,0.13768513439385627,0.8366666666666667,0.13000548546352167,0.79,0.13146827573596637,0.7988888888888889,0.1559700127994149,0.9477777777777778,0.15615286158347047,0.9488888888888889,0.1543243737429146,0.9377777777777778,0.15469007131102577,0.94,0.12415432437374291,0.7544444444444445,0.15487292009508136,0.9411111111111111,0.15414152495885902,0.9366666666666666,0.15651855915158164,0.9511111111111111,0.15011885170963613,0.9122222222222223,0.15615286158347047,0.9488888888888889,0.15670140793563722,0.9522222222222222,0.15487292009508136,0.9411111111111111,0.13457670506491132,0.8177777777777778,0.13512525141707807,0.8211111111111111,0.13421100749680015,0.8155555555555556,0.13421100749680015,0.8155555555555556,0.1139147924666301,0.6922222222222222,0.13585664655330043,0.8255555555555556,0.1373194368257451,0.8344444444444444,0.13567379776924485,0.8244444444444444,0.12141159261290912,0.7377777777777778,0.13530810020113365,0.8222222222222222,0.12122874382885354,0.7366666666666667,0.1336624611446334,0.8122222222222222,0.15359297860669227,0.9333333333333333,0.15359297860669227,0.9333333333333333,0.1559700127994149,0.9477777777777778,0.1557871640153593,0.9466666666666667,0.13457670506491132,0.8177777777777778,0.15542146644724814,0.9444444444444444,0.15542146644724814,0.9444444444444444,0.13384530992868898,0.8133333333333334,0.1426220515633571,0.8666666666666667,0.15377582739074785,0.9344444444444444,0.14298774913146828,0.8688888888888889,0.15560431523130372,0.9455555555555556,0.13146827573596637,0.7988888888888889,0.14408484183580178,0.8755555555555555,0.1517644907661364,0.9222222222222223,0.1517644907661364,0.9222222222222223,0.10970927043335162,0.6666666666666666,0.15542146644724814,0.9444444444444444,0.15377582739074785,0.9344444444444444,0.15011885170963613,0.9122222222222223,0.14810751508502468,0.9,0.15267873468641432,0.9277777777777778,0.14847321265313584,0.9022222222222223,0.15469007131102577,0.94,0.13146827573596637,0.7988888888888889,0.1442676906198574,0.8766666666666667,0.15469007131102577,0.94,0.15523861766319255,0.9433333333333334,0.13402815871274457,0.8144444444444444,0.15724995428780397,0.9555555555555556,0.15542146644724814,0.9444444444444444,0.15121594441396966,0.9188888888888889,0.14829036386908026,0.9011111111111111,0.15267873468641432,0.9277777777777778,0.14865606143719146,0.9033333333333333,0.15651855915158164,0.9511111111111111
72,0.13180670753696358,0.8122222222222222,0.13270825820411108,0.8177777777777778,0.13288856833754056,0.8188888888888889,0.13360980887125856,0.8233333333333334,0.11666065632888568,0.7188888888888889,0.13559322033898305,0.8355555555555556,0.13757663180670754,0.8477777777777777,0.13360980887125856,0.8233333333333334,0.13162639740353407,0.8111111111111111,0.13162639740353407,0.8111111111111111,0.12116840966462315,0.7466666666666667,0.13505228993869456,0.8322222222222222,0.15091958168049044,0.93,0.15073927154706093,0.9288888888888889,0.15182113234763794,0.9355555555555556,0.15236206274792644,0.9388888888888889,0.14442841687702848,0.89,0.15362423368193293,0.9466666666666667,0.15380454381536243,0.9477777777777778,0.11215290299314822,0.6911111111111111,0.12549585286693113,0.7733333333333333,0.15073927154706093,0.9288888888888889,0.13974035340786153,0.8611111111111112,0.15218175261449693,0.9377777777777778,0.13649477100613056,0.8411111111111111,0.13649477100613056,0.8411111111111111,0.13631446087270105,0.84,0.13505228993869456,0.8322222222222222,0.1148575549945907,0.7077777777777777,0.13775694194013705,0.8488888888888889,0.13829787234042554,0.8522222222222222,0.13505228993869456,0.8322222222222222,0.13018391633609808,0.8022222222222222,0.13649477100613056,0.8411111111111111,0.1294626758023801,0.7977777777777778,0.13451135953840607,0.8288888888888889,0.15506671474936892,0.9555555555555556,0.15506671474936892,0.9555555555555556,0.15326361341507394,0.9444444444444444,0.15344392354850342,0.9455555555555556,0.12477461233321313,0.7688888888888888,0.15326361341507394,0.9444444444444444,0.15254237288135594,0.94,0.15488640461593942,0.9544444444444444,0.14857554994590697,0.9155555555555556,0.15506671474936892,0.9555555555555556,0.1561485755499459,0.9622222222222222,0.15344392354850342,0.9455555555555556,0.13306887847097007,0.82,0.13342949873782906,0.8222222222222222,0.13360980887125856,0.8233333333333334,0.13252794807068158,0.8166666666666667,0.1139560043274432,0.7022222222222222,0.13559322033898305,0.8355555555555556,0.13775694194013705,0.8488888888888889,0.13415073927154705,0.8266666666666667,0.12188965019834115,0.7511111111111111,0.13379011900468807,0.8244444444444444,0.12134871979805265,0.7477777777777778,0.13523260007212407,0.8333333333333334,0.15164082221420844,0.9344444444444444,0.15164082221420844,0.9344444444444444,0.1539848539487919,0.9488888888888889,0.15380454381536243,0.9477777777777778,0.13487197980526505,0.8311111111111111,0.15416516408222142,0.95,0.15434547421565092,0.9511111111111111,0.13234763793725207,0.8155555555555556,0.14100252434186802,0.8688888888888889,0.15182113234763794,0.9355555555555556,0.141363144608727,0.8711111111111111,0.15380454381536243,0.9477777777777778,0.1312657771366751,0.8088888888888889,0.1433465560764515,0.8833333333333333,0.15055896141363145,0.9277777777777778,0.15055896141363145,0.9277777777777778,0.10980887125856473,0.6766666666666666,0.15362423368193293,0.9466666666666667,0.15200144248106742,0.9366666666666666,0.15091958168049044,0.93,0.14677244861161198,0.9044444444444445,0.15128020194734945,0.9322222222222222,0.14821492967904795,0.9133333333333333,0.15326361341507394,0.9444444444444444,0.13252794807068158,0.8166666666666667,0.14370717634331048,0.8855555555555555,0.15380454381536243,0.9477777777777778,0.15416516408222142,0.95,0.13415073927154705,0.8266666666666667,0.1554273350162279,0.9577777777777777,0.15344392354850342,0.9455555555555556,0.15128020194734945,0.9322222222222222,0.14695275874504146,0.9055555555555556,0.15164082221420844,0.9344444444444444,0.14821492967904795,0.9133333333333333,0.15452578434908043,0.9522222222222222
73,0.13071314245064913,0.8166666666666667,0.13142450649119686,0.8211111111111111,0.13178018851147075,0.8233333333333334,0.1324915525520185,0.8277777777777777,0.11630802062955718,0.7266666666666667,0.1344478036635248,0.84,0.13996087497776988,0.8744444444444445,0.13320291659256625,0.8322222222222222,0.13284723457229236,0.83,0.13035746043037524,0.8144444444444444,0.12057620487284368,0.7533333333333333,0.1358705317446203,0.8488888888888889,0.14920860750489062,0.9322222222222222,0.14920860750489062,0.9322222222222222,0.15027565356571226,0.9388888888888889,0.15080917659612306,0.9422222222222222,0.14333985417037168,0.8955555555555555,0.15205406366708163,0.95,0.15312110972790324,0.9566666666666667,0.11150631335585987,0.6966666666666667,0.12520007113640405,0.7822222222222223,0.1490307664947537,0.9311111111111111,0.13836030588653744,0.8644444444444445,0.1504534945758492,0.94,0.13569269073448337,0.8477777777777777,0.13569269073448337,0.8477777777777777,0.13462564467366175,0.8411111111111111,0.133914280633114,0.8366666666666667,0.11559665658900943,0.7222222222222222,0.13658189578516805,0.8533333333333334,0.1390716699270852,0.8688888888888889,0.13373643962297707,0.8355555555555556,0.13089098346078606,0.8177777777777778,0.13569269073448337,0.8477777777777777,0.12840120931886892,0.8022222222222222,0.13658189578516805,0.8533333333333334,0.1532989507380402,0.9577777777777777,0.1532989507380402,0.9577777777777777,0.1515205406366708,0.9466666666666667,0.1518762226569447,0.9488888888888889,0.12608927618708873,0.7877777777777778,0.1524097456873555,0.9522222222222222,0.1515205406366708,0.9466666666666667,0.15347679174817713,0.9588888888888889,0.14689667437311044,0.9177777777777778,0.1532989507380402,0.9577777777777777,0.15436599679886182,0.9644444444444444,0.1515205406366708,0.9466666666666667,0.13160234750133382,0.8222222222222222,0.1321358705317446,0.8255555555555556,0.13195802952160768,0.8244444444444444,0.13142450649119686,0.8211111111111111,0.11381824648764005,0.7111111111111111,0.1344478036635248,0.84,0.1401387159879068,0.8755555555555555,0.13284723457229236,0.83,0.12146540992352836,0.7588888888888888,0.13266939356215543,0.8288888888888889,0.12110972790325449,0.7566666666666667,0.1362262137648942,0.8511111111111112,0.14991997154543837,0.9366666666666666,0.14991997154543837,0.9366666666666666,0.15223190467721856,0.9511111111111111,0.15223190467721856,0.9511111111111111,0.13515916770407255,0.8444444444444444,0.1529432687177663,0.9555555555555556,0.15312110972790324,0.9566666666666667,0.131068824470923,0.8188888888888889,0.13924951093722213,0.87,0.1500978125555753,0.9377777777777778,0.13978303396763295,0.8733333333333333,0.1518762226569447,0.9488888888888889,0.13195802952160768,0.8244444444444444,0.14280633113996088,0.8922222222222222,0.14920860750489062,0.9322222222222222,0.14920860750489062,0.9322222222222222,0.11115063133558599,0.6944444444444444,0.15169838164680777,0.9477777777777778,0.15098701760626002,0.9433333333333334,0.1500978125555753,0.9377777777777778,0.14565178730215186,0.91,0.14991997154543837,0.9366666666666666,0.14707451538324737,0.9188888888888889,0.1515205406366708,0.9466666666666667,0.1324915525520185,0.8277777777777777,0.14351769518050864,0.8966666666666666,0.1524097456873555,0.9522222222222222,0.15276542770762938,0.9544444444444444,0.13373643962297707,0.8355555555555556,0.15347679174817713,0.9588888888888889,0.15205406366708163,0.95,0.1500978125555753,0.9377777777777778,0.14547394629201493,0.9088888888888889,0.1500978125555753,0.9377777777777778,0.14725235639338433,0.92,0.15276542770762938,0.9544444444444444
74,0.12929824561403508,0.8188888888888889,0.12982456140350876,0.8222222222222222,0.13035087719298247,0.8255555555555556,0.13140350877192983,0.8322222222222222,0.11701754385964912,0.7411111111111112,0.1336842105263158,0.8466666666666667,0.1387719298245614,0.8788888888888889,0.1317543859649123,0.8344444444444444,0.13333333333333333,0.8444444444444444,0.12894736842105264,0.8166666666666667,0.12070175438596491,0.7644444444444445,0.13543859649122808,0.8577777777777778,0.1475438596491228,0.9344444444444444,0.14736842105263157,0.9333333333333333,0.14877192982456142,0.9422222222222222,0.1492982456140351,0.9455555555555556,0.14192982456140352,0.8988888888888888,0.15087719298245614,0.9555555555555556,0.1519298245614035,0.9622222222222222,0.11175438596491229,0.7077777777777777,0.12649122807017543,0.8011111111111111,0.1475438596491228,0.9344444444444444,0.1368421052631579,0.8666666666666667,0.1492982456140351,0.9455555555555556,0.13473684210526315,0.8533333333333334,0.13473684210526315,0.8533333333333334,0.13333333333333333,0.8444444444444444,0.1324561403508772,0.8388888888888889,0.11596491228070176,0.7344444444444445,0.13543859649122808,0.8577777777777778,0.13824561403508773,0.8755555555555555,0.13210526315789473,0.8366666666666667,0.13105263157894737,0.83,0.13473684210526315,0.8533333333333334,0.12754385964912282,0.8077777777777778,0.13596491228070176,0.8611111111111112,0.15175438596491228,0.9611111111111111,0.15175438596491228,0.9611111111111111,0.14982456140350878,0.9488888888888889,0.15017543859649124,0.9511111111111111,0.1256140350877193,0.7955555555555556,0.15157894736842106,0.96,0.1512280701754386,0.9577777777777777,0.15210526315789474,0.9633333333333334,0.14526315789473684,0.92,0.15175438596491228,0.9611111111111111,0.15263157894736842,0.9666666666666667,0.15070175438596492,0.9544444444444444,0.1307017543859649,0.8277777777777777,0.13105263157894737,0.83,0.13105263157894737,0.83,0.13,0.8233333333333334,0.11385964912280702,0.7211111111111111,0.1336842105263158,0.8466666666666667,0.13894736842105262,0.88,0.13280701754385965,0.8411111111111111,0.12105263157894737,0.7666666666666667,0.13140350877192983,0.8322222222222222,0.12052631578947369,0.7633333333333333,0.13578947368421052,0.86,0.14842105263157895,0.94,0.14842105263157895,0.94,0.15070175438596492,0.9544444444444444,0.15070175438596492,0.9544444444444444,0.13543859649122808,0.8577777777777778,0.15087719298245614,0.9555555555555556,0.1519298245614035,0.9622222222222222,0.12982456140350876,0.8222222222222222,0.13771929824561405,0.8722222222222222,0.14842105263157895,0.94,0.13789473684210526,0.8733333333333333,0.15052631578947367,0.9533333333333334,0.1319298245614035,0.8355555555555556,0.14228070175438595,0.9011111111111111,0.14859649122807017,0.9411111111111111,0.14842105263157895,0.94,0.11175438596491229,0.7077777777777777,0.15070175438596492,0.9544444444444444,0.14947368421052631,0.9466666666666667,0.14947368421052631,0.9466666666666667,0.14403508771929824,0.9122222222222223,0.14894736842105263,0.9433333333333334,0.1463157894736842,0.9266666666666666,0.15,0.95,0.13263157894736843,0.84,0.14350877192982456,0.9088888888888889,0.15140350877192982,0.9588888888888889,0.15070175438596492,0.9544444444444444,0.13403508771929826,0.8488888888888889,0.15175438596491228,0.9611111111111111,0.15070175438596492,0.9544444444444444,0.1492982456140351,0.9455555555555556,0.1443859649122807,0.9144444444444444,0.14912280701754385,0.9444444444444444,0.146140350877193,0.9255555555555556,0.1512280701754386,0.9577777777777777
75,0.12807199723087573,0.8222222222222222,0.1289373485635168,0.8277777777777777,0.1292834890965732,0.83,0.1310141917618553,0.8411111111111111,0.11630321910695743,0.7466666666666667,0.13205261336102458,0.8477777777777777,0.1375908618899273,0.8833333333333333,0.13118726202838352,0.8422222222222222,0.1337833160263067,0.8588888888888889,0.1277258566978193,0.82,0.12028383523710627,0.7722222222222223,0.1343025268258913,0.8622222222222222,0.14624437521633785,0.9388888888888889,0.14624437521633785,0.9388888888888889,0.1474558670820353,0.9466666666666667,0.14797507788161993,0.95,0.14018691588785046,0.9,0.1490134994807892,0.9566666666666667,0.1505711318795431,0.9666666666666667,0.11128418137763932,0.7144444444444444,0.12789892696434751,0.8211111111111111,0.14607130494980963,0.9377777777777778,0.1353409484250606,0.8688888888888889,0.14866735894773278,0.9544444444444444,0.13361024575977848,0.8577777777777778,0.13361024575977848,0.8577777777777778,0.13187954309449637,0.8466666666666667,0.13153340256143994,0.8444444444444444,0.11647628937348564,0.7477777777777778,0.13395638629283488,0.86,0.13672551055728627,0.8777777777777778,0.1304949809622707,0.8377777777777777,0.13187954309449637,0.8466666666666667,0.13361024575977848,0.8577777777777778,0.12634129456559362,0.8111111111111111,0.13464866735894773,0.8644444444444445,0.15005192107995846,0.9633333333333334,0.15005192107995846,0.9633333333333334,0.14832121841467635,0.9522222222222222,0.14849428868120457,0.9533333333333334,0.12599515403253722,0.8088888888888889,0.1503980616130149,0.9655555555555555,0.14970578054690203,0.9611111111111111,0.15074420214607132,0.9677777777777777,0.14364832121841467,0.9222222222222223,0.15005192107995846,0.9633333333333334,0.15074420214607132,0.9677777777777777,0.14918656974731742,0.9577777777777777,0.12962962962962962,0.8322222222222222,0.13014884042921426,0.8355555555555556,0.1306680512287989,0.8388888888888889,0.1292834890965732,0.83,0.11388023537556248,0.7311111111111112,0.13205261336102458,0.8477777777777777,0.13811007268951195,0.8866666666666667,0.13170647282796816,0.8455555555555555,0.12011076497057806,0.7711111111111111,0.1306680512287989,0.8388888888888889,0.12028383523710627,0.7722222222222223,0.1343025268258913,0.8622222222222222,0.14676358601592246,0.9422222222222222,0.14676358601592246,0.9422222222222222,0.14953271028037382,0.96,0.14935964001384563,0.9588888888888889,0.13464866735894773,0.8644444444444445,0.14970578054690203,0.9611111111111111,0.15022499134648667,0.9644444444444444,0.12859120803046037,0.8255555555555556,0.1360332294911734,0.8733333333333333,0.14659051574939425,0.9411111111111111,0.13637937002422984,0.8755555555555555,0.14935964001384563,0.9588888888888889,0.13118726202838352,0.8422222222222222,0.14157147802007616,0.9088888888888889,0.14780200761509174,0.9488888888888889,0.14814814814814814,0.9511111111111111,0.11145725164416753,0.7155555555555555,0.148840429214261,0.9555555555555556,0.14849428868120457,0.9533333333333334,0.14866735894773278,0.9544444444444444,0.14347525095188646,0.9211111111111111,0.14832121841467635,0.9522222222222222,0.14520595361716856,0.9322222222222222,0.14953271028037382,0.96,0.1325718241606092,0.8511111111111112,0.1424368293527172,0.9144444444444444,0.14987885081343025,0.9622222222222222,0.14970578054690203,0.9611111111111111,0.13361024575977848,0.8577777777777778,0.1503980616130149,0.9655555555555555,0.14953271028037382,0.96,0.14935964001384563,0.9588888888888889,0.14330218068535824,0.92,0.14849428868120457,0.9533333333333334,0.14589823468328142,0.9366666666666666,0.15022499134648667,0.9644444444444444
76,0.1269000853970965,0.8255555555555556,0.12792485055508113,0.8322222222222222,0.12843723313407343,0.8355555555555556,0.12980358667805295,0.8444444444444444,0.11631084543125533,0.7566666666666667,0.13116994022203246,0.8533333333333334,0.13629376601195559,0.8866666666666667,0.13031596925704525,0.8477777777777777,0.13202391118701964,0.8588888888888889,0.12707087959009394,0.8266666666666667,0.11955593509820667,0.7777777777777778,0.13304867634500428,0.8655555555555555,0.1448334756618275,0.9422222222222222,0.1448334756618275,0.9422222222222222,0.14568744662681468,0.9477777777777778,0.1465414175918019,0.9533333333333334,0.13902647309991462,0.9044444444444445,0.14859094790777114,0.9666666666666667,0.14876174210076856,0.9677777777777777,0.11152860802732707,0.7255555555555555,0.12809564474807855,0.8333333333333334,0.14466268146883007,0.9411111111111111,0.133731853116994,0.87,0.1475661827497865,0.96,0.13202391118701964,0.8588888888888889,0.13202391118701964,0.8588888888888889,0.13116994022203246,0.8533333333333334,0.13031596925704525,0.8477777777777777,0.11733561058923997,0.7633333333333333,0.13304867634500428,0.8655555555555555,0.13561058923996583,0.8822222222222222,0.12946199829205807,0.8422222222222222,0.1332194705380017,0.8666666666666667,0.13202391118701964,0.8588888888888889,0.12502134927412467,0.8133333333333334,0.133731853116994,0.87,0.14807856532877883,0.9633333333333334,0.14807856532877883,0.9633333333333334,0.1470538001707942,0.9566666666666667,0.14722459436379162,0.9577777777777777,0.1265584970111016,0.8233333333333334,0.14944491887275832,0.9722222222222222,0.14859094790777114,0.9666666666666667,0.14944491887275832,0.9722222222222222,0.1431255337318531,0.9311111111111111,0.14807856532877883,0.9633333333333334,0.14910333048676344,0.97,0.14807856532877883,0.9633333333333334,0.12809564474807855,0.8333333333333334,0.1287788215200683,0.8377777777777777,0.12946199829205807,0.8422222222222222,0.12894961571306576,0.8388888888888889,0.11409052092228865,0.7422222222222222,0.13116994022203246,0.8533333333333334,0.13680614859094792,0.89,0.1304867634500427,0.8488888888888889,0.11972672929120409,0.7788888888888889,0.12963279248505552,0.8433333333333334,0.11972672929120409,0.7788888888888889,0.133731853116994,0.87,0.14551665243381726,0.9466666666666667,0.14551665243381726,0.9466666666666667,0.14807856532877883,0.9633333333333334,0.14807856532877883,0.9633333333333334,0.13441502988898377,0.8744444444444445,0.1484201537147737,0.9655555555555555,0.14876174210076856,0.9677777777777777,0.1277540563620837,0.8311111111111111,0.13424423569598634,0.8733333333333333,0.14517506404782238,0.9444444444444444,0.13475661827497865,0.8766666666666667,0.14773697694278395,0.9611111111111111,0.13116994022203246,0.8533333333333334,0.14141759180187874,0.92,0.1465414175918019,0.9533333333333334,0.14671221178479932,0.9544444444444444,0.11067463706233988,0.72,0.1475661827497865,0.96,0.1475661827497865,0.96,0.14790777113578138,0.9622222222222222,0.1426131511528608,0.9277777777777778,0.14722459436379162,0.9577777777777777,0.14500426985482492,0.9433333333333334,0.1484201537147737,0.9655555555555555,0.13253629376601195,0.8622222222222222,0.14158838599487616,0.9211111111111111,0.14824935952177626,0.9644444444444444,0.14807856532877883,0.9633333333333334,0.1327070879590094,0.8633333333333333,0.14859094790777114,0.9666666666666667,0.1484201537147737,0.9655555555555555,0.14773697694278395,0.9611111111111111,0.14295473953885568,0.93,0.14722459436379162,0.9577777777777777,0.14551665243381726,0.9466666666666667,0.14893253629376602,0.9688888888888889
77,0.12626432906271073,0.8322222222222222,0.12710721510451786,0.8377777777777777,0.12761294672960216,0.8411111111111111,0.12828725556304788,0.8455555555555555,0.11631827376938637,0.7666666666666667,0.1296358732299393,0.8544444444444445,0.13519892110586648,0.8911111111111111,0.12879298718813217,0.8488888888888889,0.13047875927174646,0.86,0.1260957518543493,0.8311111111111111,0.11968981793661497,0.7888888888888889,0.13199595414699933,0.87,0.14345920431557654,0.9455555555555556,0.14345920431557654,0.9455555555555556,0.14413351314902226,0.95,0.14463924477410653,0.9533333333333334,0.13772757923128792,0.9077777777777778,0.14750505731625085,0.9722222222222222,0.147167902899528,0.97,0.11109238031018207,0.7322222222222222,0.1294672960215779,0.8533333333333334,0.14345920431557654,0.9455555555555556,0.13250168577208363,0.8733333333333333,0.1461564396493594,0.9633333333333334,0.13132164531355361,0.8655555555555555,0.13132164531355361,0.8655555555555555,0.1301416048550236,0.8577777777777778,0.12929871881321645,0.8522222222222222,0.11682400539447067,0.77,0.13165879973027647,0.8677777777777778,0.1341874578556979,0.8844444444444445,0.12862440997977073,0.8477777777777777,0.13199595414699933,0.87,0.13132164531355361,0.8655555555555555,0.12390424814565071,0.8166666666666667,0.13250168577208363,0.8733333333333333,0.14649359406608226,0.9655555555555555,0.14649359406608226,0.9655555555555555,0.14548213081591369,0.9588888888888889,0.14581928523263654,0.9611111111111111,0.12626432906271073,0.8322222222222222,0.14801078894133513,0.9755555555555555,0.14767363452461227,0.9733333333333334,0.14801078894133513,0.9755555555555555,0.14177343223196223,0.9344444444444444,0.14649359406608226,0.9655555555555555,0.14767363452461227,0.9733333333333334,0.14649359406608226,0.9655555555555555,0.12761294672960216,0.8411111111111111,0.12778152393796358,0.8422222222222222,0.12778152393796358,0.8422222222222222,0.12761294672960216,0.8411111111111111,0.11412677006068779,0.7522222222222222,0.1296358732299393,0.8544444444444445,0.13536749831422792,0.8922222222222222,0.1301416048550236,0.8577777777777778,0.11968981793661497,0.7888888888888889,0.1289615643964936,0.85,0.11901550910316926,0.7844444444444445,0.13250168577208363,0.8733333333333333,0.14430209035738367,0.9511111111111111,0.14430209035738367,0.9511111111111111,0.14649359406608226,0.9655555555555555,0.14649359406608226,0.9655555555555555,0.13435603506405933,0.8855555555555555,0.1478422117329737,0.9744444444444444,0.14750505731625085,0.9722222222222222,0.126770060687795,0.8355555555555556,0.13250168577208363,0.8733333333333333,0.14430209035738367,0.9511111111111111,0.1330074173971679,0.8766666666666667,0.14632501685772084,0.9644444444444444,0.13216453135536074,0.8711111111111111,0.1399190829399865,0.9222222222222223,0.1449763991908294,0.9555555555555556,0.14514497639919083,0.9566666666666667,0.11075522589345921,0.73,0.1461564396493594,0.9633333333333334,0.1461564396493594,0.9633333333333334,0.14632501685772084,0.9644444444444444,0.14143627781523938,0.9322222222222222,0.1461564396493594,0.9633333333333334,0.14463924477410653,0.9533333333333334,0.1468307484828051,0.9677777777777777,0.13199595414699933,0.87,0.14025623735670936,0.9244444444444444,0.1466621712744437,0.9666666666666667,0.1468307484828051,0.9677777777777777,0.13283884018880648,0.8755555555555555,0.14750505731625085,0.9722222222222222,0.147167902899528,0.97,0.1461564396493594,0.9633333333333334,0.14160485502360082,0.9333333333333333,0.14632501685772084,0.9644444444444444,0.14463924477410653,0.9533333333333334,0.1473364801078894,0.9711111111111111
78,0.1254784489931769,0.8377777777777777,0.12597770011649193,0.8411111111111111,0.12664336828091197,0.8455555555555555,0.12764187052754203,0.8522222222222222,0.1163255117324014,0.7766666666666666,0.12847395573306705,0.8577777777777778,0.13396571808953237,0.8944444444444445,0.12830753869196207,0.8566666666666667,0.1293060409385921,0.8633333333333333,0.12531203195207188,0.8366666666666667,0.1201531036778166,0.8022222222222222,0.1309702113496422,0.8744444444444445,0.1419537360625728,0.9477777777777778,0.14212015310367782,0.9488888888888889,0.14295223830920287,0.9544444444444444,0.1436179064736229,0.9588888888888889,0.1367948077883175,0.9133333333333333,0.14611416209019804,0.9755555555555555,0.145448493925778,0.9711111111111111,0.10983524712930604,0.7333333333333333,0.1293060409385921,0.8633333333333333,0.1419537360625728,0.9477777777777778,0.1309702113496422,0.8744444444444445,0.14461640872025294,0.9655555555555555,0.1308037943085372,0.8733333333333333,0.1308037943085372,0.8733333333333333,0.12880678981527707,0.86,0.12830753869196207,0.8566666666666667,0.11599267765019138,0.7744444444444445,0.12997170910301215,0.8677777777777778,0.1331336328840073,0.8888888888888888,0.12797470460975205,0.8544444444444445,0.13146946247295724,0.8777777777777778,0.1308037943085372,0.8733333333333333,0.1238142785821268,0.8266666666666667,0.13113662839074722,0.8755555555555555,0.145614910966883,0.9722222222222222,0.145614910966883,0.9722222222222222,0.14395074055583293,0.9611111111111111,0.14444999167914793,0.9644444444444444,0.12597770011649193,0.8411111111111111,0.14628057913130305,0.9766666666666667,0.14594774504909303,0.9744444444444444,0.14628057913130305,0.9766666666666667,0.1399567315693127,0.9344444444444444,0.145614910966883,0.9722222222222222,0.14628057913130305,0.9766666666666667,0.14494924280246296,0.9677777777777777,0.127142619404227,0.8488888888888889,0.127142619404227,0.8488888888888889,0.12780828756864704,0.8533333333333334,0.126976202363122,0.8477777777777777,0.11382925611582626,0.76,0.12847395573306705,0.8577777777777778,0.13396571808953237,0.8944444444444445,0.1293060409385921,0.8633333333333333,0.11882176734897654,0.7933333333333333,0.12797470460975205,0.8544444444444445,0.11882176734897654,0.7933333333333333,0.13113662839074722,0.8755555555555555,0.14278582126809786,0.9533333333333334,0.14278582126809786,0.9533333333333334,0.14494924280246296,0.9677777777777777,0.14478282576135795,0.9666666666666667,0.13363288400732234,0.8922222222222222,0.14628057913130305,0.9766666666666667,0.14611416209019804,0.9755555555555555,0.12581128307538691,0.84,0.1309702113496422,0.8744444444444445,0.14278582126809786,0.9533333333333334,0.13130304543185223,0.8766666666666667,0.145448493925778,0.9711111111111111,0.13180229655516726,0.88,0.13912464636378766,0.9288888888888889,0.1436179064736229,0.9588888888888889,0.14378432351472792,0.96,0.11050091529372608,0.7377777777777778,0.14494924280246296,0.9677777777777777,0.14478282576135795,0.9666666666666667,0.14494924280246296,0.9677777777777777,0.14095523381594274,0.9411111111111111,0.14478282576135795,0.9666666666666667,0.1434514894325179,0.9577777777777777,0.14594774504909303,0.9744444444444444,0.13146946247295724,0.8777777777777778,0.1396238974871027,0.9322222222222222,0.14528207688467298,0.97,0.14528207688467298,0.97,0.13213513063737728,0.8822222222222222,0.14578132800798801,0.9733333333333334,0.14578132800798801,0.9733333333333334,0.14461640872025294,0.9655555555555555,0.14112165085704775,0.9422222222222222,0.14478282576135795,0.9666666666666667,0.1434514894325179,0.9577777777777777,0.145448493925778,0.9711111111111111
79,0.1253697009530069,0.8477777777777777,0.12569832402234637,0.85,0.1263555701610253,0.8544444444444445,0.1273414393690437,0.8611111111111112,0.11649687808084128,0.7877777777777778,0.12767006243838316,0.8633333333333333,0.13259940847847518,0.8966666666666666,0.12717712783437396,0.86,0.12799868550772264,0.8655555555555555,0.12454814327965823,0.8422222222222222,0.12027604337824516,0.8133333333333334,0.12964180085441998,0.8766666666666667,0.14048636214262242,0.95,0.14065067367729214,0.9511111111111111,0.14147223135064083,0.9566666666666667,0.14196516595465003,0.96,0.13522839303319092,0.9144444444444444,0.14442983897469602,0.9766666666666667,0.1442655274400263,0.9755555555555555,0.10893854748603352,0.7366666666666667,0.12849162011173185,0.8688888888888889,0.14065067367729214,0.9511111111111111,0.1298061123890897,0.8777777777777778,0.1432796582320079,0.9688888888888889,0.1298061123890897,0.8777777777777778,0.1298061123890897,0.8777777777777778,0.12783437397305292,0.8644444444444445,0.12767006243838316,0.8633333333333333,0.11567532040749261,0.7822222222222223,0.1293131777850805,0.8744444444444445,0.13144922773578704,0.8888888888888888,0.12750575090371344,0.8622222222222222,0.13046335852776864,0.8822222222222222,0.1298061123890897,0.8777777777777778,0.12421952021031876,0.84,0.12997042392375946,0.8788888888888889,0.1447584620440355,0.9788888888888889,0.1447584620440355,0.9788888888888889,0.14262241209332896,0.9644444444444444,0.14311534669733816,0.9677777777777777,0.12619125862635558,0.8533333333333334,0.14459415050936575,0.9777777777777777,0.1442655274400263,0.9755555555555555,0.14492277357870523,0.98,0.13867893526125535,0.9377777777777778,0.1447584620440355,0.9788888888888889,0.1447584620440355,0.9788888888888889,0.14360828130134737,0.9711111111111111,0.1263555701610253,0.8544444444444445,0.1268485047650345,0.8577777777777778,0.1268485047650345,0.8577777777777778,0.12651988169569503,0.8555555555555555,0.11403220506079527,0.7711111111111111,0.12767006243838316,0.8633333333333333,0.13276372001314493,0.8977777777777778,0.12816299704239237,0.8666666666666667,0.11879723956621754,0.8033333333333333,0.1273414393690437,0.8611111111111112,0.11846861649687808,0.8011111111111111,0.1298061123890897,0.8777777777777778,0.14114360828130135,0.9544444444444444,0.14114360828130135,0.9544444444444444,0.14344396976667761,0.97,0.14344396976667761,0.97,0.13259940847847518,0.8966666666666666,0.14459415050936575,0.9777777777777777,0.1447584620440355,0.9788888888888889,0.12553401248767662,0.8488888888888889,0.12947748931975026,0.8755555555555555,0.14114360828130135,0.9544444444444444,0.1298061123890897,0.8777777777777778,0.1437725928360171,0.9722222222222222,0.13144922773578704,0.8888888888888888,0.13785737758790667,0.9322222222222222,0.14262241209332896,0.9644444444444444,0.14262241209332896,0.9644444444444444,0.1107459743674006,0.7488888888888889,0.1432796582320079,0.9688888888888889,0.1432796582320079,0.9688888888888889,0.14344396976667761,0.97,0.1398291160039435,0.9455555555555556,0.1432796582320079,0.9688888888888889,0.14212947748931976,0.9611111111111111,0.14459415050936575,0.9777777777777777,0.13128491620111732,0.8877777777777778,0.13867893526125535,0.9377777777777778,0.14410121590535654,0.9744444444444444,0.14410121590535654,0.9744444444444444,0.13128491620111732,0.8877777777777778,0.1442655274400263,0.9755555555555555,0.1442655274400263,0.9755555555555555,0.14311534669733816,0.9677777777777777,0.13966480446927373,0.9444444444444444,0.14344396976667761,0.97,0.14196516595465003,0.96,0.14410121590535654,0.9744444444444444
80,0.1246146357293526,0.8533333333333334,0.12477689436962518,0.8544444444444445,0.12510141165017039,0.8566666666666667,0.12656173941262372,0.8666666666666667,0.11698847963654065,0.8011111111111111,0.1272107739737141,0.8711111111111111,0.13126723998052897,0.8988888888888888,0.12623722213207852,0.8644444444444445,0.1276975498945319,0.8744444444444445,0.12347882524744443,0.8455555555555555,0.12055816972253773,0.8255555555555556,0.12850884309589486,0.88,0.1390556547136135,0.9522222222222222,0.1390556547136135,0.9522222222222222,0.14019146519552167,0.96,0.14051598247606686,0.9622222222222222,0.13402563686516308,0.9177777777777778,0.14278760343988317,0.9777777777777777,0.14278760343988317,0.9777777777777777,0.1093623235437287,0.7488888888888889,0.12802206717507708,0.8766666666666667,0.1390556547136135,0.9522222222222222,0.12850884309589486,0.88,0.1423008275190654,0.9744444444444444,0.12867110173616744,0.8811111111111111,0.12867110173616744,0.8811111111111111,0.1276975498945319,0.8744444444444445,0.12672399805289633,0.8677777777777778,0.1156904105143599,0.7922222222222223,0.12932013629725783,0.8855555555555555,0.1302936881388934,0.8922222222222222,0.12656173941262372,0.8666666666666667,0.12948239493753042,0.8866666666666667,0.12867110173616744,0.8811111111111111,0.12347882524744443,0.8455555555555555,0.12850884309589486,0.88,0.14359889664124614,0.9833333333333333,0.14359889664124614,0.9833333333333333,0.14148953431770242,0.9688888888888889,0.141651792957975,0.97,0.12639948077235114,0.8655555555555555,0.14278760343988317,0.9777777777777777,0.14246308615933798,0.9755555555555555,0.14343663800097356,0.9822222222222222,0.13727080967061497,0.94,0.14359889664124614,0.9833333333333333,0.14343663800097356,0.9822222222222222,0.14181405159824761,0.9711111111111111,0.12558818757098816,0.86,0.12575044621126075,0.8611111111111112,0.12607496349180594,0.8633333333333333,0.12639948077235114,0.8655555555555555,0.11487911731299692,0.7866666666666666,0.1272107739737141,0.8711111111111111,0.13126723998052897,0.8988888888888888,0.12688625669316891,0.8688888888888889,0.11861106603926659,0.8122222222222222,0.12607496349180594,0.8633333333333333,0.1182865487587214,0.81,0.12850884309589486,0.88,0.13954243063443128,0.9555555555555556,0.13954243063443128,0.9555555555555556,0.14181405159824761,0.9711111111111111,0.141651792957975,0.97,0.13159175726107417,0.9011111111111111,0.14311212072042837,0.98,0.14294986208015578,0.9788888888888889,0.12445237708908,0.8522222222222222,0.12785980853480447,0.8755555555555555,0.13954243063443128,0.9555555555555556,0.12834658445562228,0.8788888888888889,0.14278760343988317,0.9777777777777777,0.130455946779166,0.8933333333333333,0.13775758559143275,0.9433333333333334,0.1419763102385202,0.9722222222222222,0.141651792957975,0.97,0.11114716858672724,0.7611111111111111,0.14181405159824761,0.9711111111111111,0.14181405159824761,0.9711111111111111,0.1419763102385202,0.9722222222222222,0.1387311374330683,0.95,0.1419763102385202,0.9722222222222222,0.14067824111633945,0.9633333333333334,0.14294986208015578,0.9788888888888889,0.1302936881388934,0.8922222222222222,0.13775758559143275,0.9433333333333334,0.14246308615933798,0.9755555555555555,0.1423008275190654,0.9744444444444444,0.13061820541943858,0.8944444444444445,0.1426253447996106,0.9766666666666667,0.14246308615933798,0.9755555555555555,0.14181405159824761,0.9711111111111111,0.1387311374330683,0.95,0.1423008275190654,0.9744444444444444,0.14051598247606686,0.9622222222222222,0.14246308615933798,0.9755555555555555
81,0.12387820512820513,0.8588888888888889,0.12387820512820513,0.8588888888888889,0.12467948717948718,0.8644444444444445,0.12580128205128205,0.8722222222222222,0.11730769230769231,0.8133333333333334,0.12692307692307692,0.88,0.13012820512820514,0.9022222222222223,0.12548076923076923,0.87,0.12724358974358974,0.8822222222222222,0.1232371794871795,0.8544444444444445,0.12067307692307692,0.8366666666666667,0.128525641025641,0.8911111111111111,0.1375,0.9533333333333334,0.13766025641025642,0.9544444444444444,0.1391025641025641,0.9644444444444444,0.13942307692307693,0.9666666666666667,0.1330128205128205,0.9222222222222223,0.14150641025641025,0.9811111111111112,0.14102564102564102,0.9777777777777777,0.10913461538461539,0.7566666666666667,0.12804487179487178,0.8877777777777778,0.13766025641025642,0.9544444444444444,0.12692307692307692,0.88,0.14086538461538461,0.9766666666666667,0.12804487179487178,0.8877777777777778,0.12804487179487178,0.8877777777777778,0.1267628205128205,0.8788888888888889,0.12564102564102564,0.8711111111111111,0.1155448717948718,0.8011111111111111,0.1283653846153846,0.89,0.1294871794871795,0.8977777777777778,0.12548076923076923,0.87,0.12804487179487178,0.8877777777777778,0.12804487179487178,0.8877777777777778,0.12243589743589743,0.8488888888888889,0.12804487179487178,0.8877777777777778,0.14182692307692307,0.9833333333333333,0.14182692307692307,0.9833333333333333,0.14022435897435898,0.9722222222222222,0.14038461538461539,0.9733333333333334,0.1264423076923077,0.8766666666666667,0.14102564102564102,0.9777777777777777,0.14086538461538461,0.9766666666666667,0.14182692307692307,0.9833333333333333,0.13637820512820512,0.9455555555555556,0.14182692307692307,0.9833333333333333,0.14182692307692307,0.9833333333333333,0.14038461538461539,0.9733333333333334,0.12451923076923077,0.8633333333333333,0.1251602564102564,0.8677777777777778,0.1251602564102564,0.8677777777777778,0.1251602564102564,0.8677777777777778,0.11506410256410256,0.7977777777777778,0.12692307692307692,0.88,0.13028846153846155,0.9033333333333333,0.12564102564102564,0.8711111111111111,0.11810897435897436,0.8188888888888889,0.1251602564102564,0.8677777777777778,0.11794871794871795,0.8177777777777778,0.12868589743589742,0.8922222222222222,0.13814102564102565,0.9577777777777777,0.13814102564102565,0.9577777777777777,0.14038461538461539,0.9733333333333334,0.14022435897435898,0.9722222222222222,0.13076923076923078,0.9066666666666666,0.14150641025641025,0.9811111111111112,0.14150641025641025,0.9811111111111112,0.1233974358974359,0.8555555555555555,0.1264423076923077,0.8766666666666667,0.13814102564102565,0.9577777777777777,0.12692307692307692,0.88,0.14134615384615384,0.98,0.1294871794871795,0.8977777777777778,0.13669871794871793,0.9477777777777778,0.14038461538461539,0.9733333333333334,0.1407051282051282,0.9755555555555555,0.11137820512820513,0.7722222222222223,0.14038461538461539,0.9733333333333334,0.14038461538461539,0.9733333333333334,0.14038461538461539,0.9733333333333334,0.1371794871794872,0.9511111111111111,0.1407051282051282,0.9755555555555555,0.1391025641025641,0.9644444444444444,0.14150641025641025,0.9811111111111112,0.12980769230769232,0.9,0.13669871794871793,0.9477777777777778,0.14102564102564102,0.9777777777777777,0.14134615384615384,0.98,0.13044871794871796,0.9044444444444445,0.14102564102564102,0.9777777777777777,0.14102564102564102,0.9777777777777777,0.14022435897435898,0.9722222222222222,0.13701923076923078,0.95,0.1405448717948718,0.9744444444444444,0.1391025641025641,0.9644444444444444,0.14150641025641025,0.9811111111111112
82,0.12268481874307424,0.8611111111111112,0.12300142472692734,0.8633333333333333,0.12331803071078043,0.8655555555555555,0.12458445464619282,0.8744444444444445,0.11714421402564508,0.8222222222222222,0.12569257558967864,0.8822222222222222,0.1294918473959158,0.9088888888888889,0.12490106063004591,0.8766666666666667,0.12600918157353175,0.8844444444444445,0.12236821275922115,0.8588888888888889,0.12031027386417603,0.8444444444444444,0.12838372645242996,0.9011111111111111,0.13645717904068386,0.9577777777777777,0.13645717904068386,0.9577777777777777,0.1378819059680228,0.9677777777777777,0.13819851195187588,0.97,0.13202469526674054,0.9266666666666666,0.13978154187114136,0.9811111111111112,0.13930663289536172,0.9777777777777777,0.10922906442931772,0.7666666666666667,0.12806712046857685,0.8988888888888888,0.13645717904068386,0.9577777777777777,0.12569257558967864,0.8822222222222222,0.13946493588728828,0.9788888888888889,0.12727560550894412,0.8933333333333333,0.12727560550894412,0.8933333333333333,0.12600918157353175,0.8844444444444445,0.12505936362197245,0.8777777777777778,0.11540288111445306,0.81,0.1279088174766503,0.8977777777777778,0.12901693842013615,0.9055555555555556,0.12505936362197245,0.8777777777777778,0.12711730251701758,0.8922222222222222,0.12727560550894412,0.8933333333333333,0.12173500079151496,0.8544444444444445,0.1279088174766503,0.8977777777777778,0.140256450846921,0.9844444444444445,0.140256450846921,0.9844444444444445,0.13883172391958207,0.9744444444444444,0.13946493588728828,0.9788888888888889,0.1275922114927972,0.8955555555555555,0.13962323887921482,0.98,0.13962323887921482,0.98,0.140256450846921,0.9844444444444445,0.1355073610891246,0.9511111111111111,0.140256450846921,0.9844444444444445,0.14041475383884755,0.9855555555555555,0.13914832990343518,0.9766666666666667,0.12426784866233972,0.8722222222222222,0.12379293968656008,0.8688888888888889,0.12442615165426626,0.8733333333333333,0.12490106063004591,0.8766666666666667,0.11461136615482033,0.8044444444444444,0.12569257558967864,0.8822222222222222,0.1299667563716954,0.9122222222222223,0.12490106063004591,0.8766666666666667,0.11809403197720438,0.8288888888888889,0.12426784866233972,0.8722222222222222,0.11777742599335128,0.8266666666666667,0.12870033243628304,0.9033333333333333,0.13661548203261042,0.9588888888888889,0.13661548203261042,0.9588888888888889,0.13914832990343518,0.9766666666666667,0.13914832990343518,0.9766666666666667,0.1294918473959158,0.9088888888888889,0.13978154187114136,0.9811111111111112,0.1399398448630679,0.9822222222222222,0.12300142472692734,0.8633333333333333,0.12490106063004591,0.8766666666666667,0.13661548203261042,0.9588888888888889,0.1255342725977521,0.8811111111111111,0.1399398448630679,0.9822222222222222,0.12933354440398923,0.9077777777777778,0.13566566408105113,0.9522222222222222,0.13914832990343518,0.9766666666666667,0.13914832990343518,0.9766666666666667,0.11176191230014247,0.7844444444444445,0.13914832990343518,0.9766666666666667,0.13883172391958207,0.9744444444444444,0.13867342092765553,0.9733333333333334,0.13614057305683078,0.9555555555555556,0.13914832990343518,0.9766666666666667,0.13867342092765553,0.9733333333333334,0.13978154187114136,0.9811111111111112,0.12980845337976887,0.9111111111111111,0.13582396707297767,0.9533333333333334,0.13962323887921482,0.98,0.1399398448630679,0.9822222222222222,0.1288586354282096,0.9044444444444445,0.1399398448630679,0.9822222222222222,0.13978154187114136,0.9811111111111112,0.138515117935729,0.9722222222222222,0.13582396707297767,0.9533333333333334,0.13914832990343518,0.9766666666666667,0.13867342092765553,0.9733333333333334,0.1399398448630679,0.9822222222222222
83,0.12167657178604942,0.8644444444444445,0.1218329684078824,0.8655555555555555,0.12261495151704724,0.8711111111111111,0.12339693462621207,0.8766666666666667,0.11714106975289333,0.8322222222222222,0.12480450422270879,0.8866666666666667,0.12918360963403192,0.9177777777777778,0.12402252111354395,0.8811111111111111,0.12480450422270879,0.8866666666666667,0.12120738192055051,0.8611111111111112,0.12042539881138567,0.8555555555555555,0.12777604003753518,0.9077777777777778,0.1351266812636847,0.96,0.1351266812636847,0.96,0.13637785423834844,0.9688888888888889,0.1366906474820144,0.9711111111111111,0.1307475758523616,0.9288888888888889,0.1380982170785111,0.9811111111111112,0.1376290272130122,0.9777777777777777,0.10994682514857679,0.7811111111111111,0.12715045355020332,0.9033333333333333,0.1351266812636847,0.96,0.12417891773537691,0.8822222222222222,0.13794182045667813,0.98,0.12699405692837035,0.9022222222222223,0.12699405692837035,0.9022222222222223,0.12527369408820768,0.89,0.12417891773537691,0.8822222222222222,0.11495151704723178,0.8166666666666667,0.12730685017203627,0.9044444444444445,0.128714419768533,0.9144444444444444,0.12433531435720989,0.8833333333333333,0.12589928057553956,0.8944444444444445,0.12699405692837035,0.9022222222222223,0.12198936502971536,0.8666666666666667,0.12730685017203627,0.9044444444444445,0.13856740694401,0.9844444444444445,0.13856740694401,0.9844444444444445,0.1371598373475133,0.9744444444444444,0.13794182045667813,0.98,0.12808883328120113,0.91,0.13794182045667813,0.98,0.1380982170785111,0.9811111111111112,0.13903659680950892,0.9877777777777778,0.13403190491085393,0.9522222222222222,0.13856740694401,0.9844444444444445,0.138723803565843,0.9855555555555555,0.1376290272130122,0.9777777777777777,0.12339693462621207,0.8766666666666667,0.12308414138254614,0.8744444444444445,0.1232405380043791,0.8755555555555555,0.12370972786987801,0.8788888888888889,0.11542070691273068,0.82,0.12480450422270879,0.8866666666666667,0.12980919612136377,0.9222222222222223,0.12449171097904285,0.8844444444444445,0.11948701908038786,0.8488888888888889,0.12339693462621207,0.8766666666666667,0.11854863934939006,0.8422222222222222,0.12793243665936815,0.9088888888888889,0.13497028464185173,0.9588888888888889,0.13497028464185173,0.9588888888888889,0.13778542383484516,0.9788888888888889,0.13778542383484516,0.9788888888888889,0.12855802314670003,0.9133333333333333,0.13825461370034406,0.9822222222222222,0.13825461370034406,0.9822222222222222,0.12152017516421645,0.8633333333333333,0.12339693462621207,0.8766666666666667,0.13497028464185173,0.9588888888888889,0.12402252111354395,0.8811111111111111,0.13841101032217704,0.9833333333333333,0.12855802314670003,0.9133333333333333,0.13434469815451985,0.9544444444444444,0.1376290272130122,0.9777777777777777,0.13794182045667813,0.98,0.11276196434157022,0.8011111111111111,0.13778542383484516,0.9788888888888889,0.13731623396934625,0.9755555555555555,0.13700344072568033,0.9733333333333334,0.13497028464185173,0.9588888888888889,0.13778542383484516,0.9788888888888889,0.1371598373475133,0.9744444444444444,0.1380982170785111,0.9811111111111112,0.12918360963403192,0.9177777777777778,0.1341883015326869,0.9533333333333334,0.13825461370034406,0.9822222222222222,0.13825461370034406,0.9822222222222222,0.12761964341570223,0.9066666666666666,0.13825461370034406,0.9822222222222222,0.13825461370034406,0.9822222222222222,0.1376290272130122,0.9777777777777777,0.13497028464185173,0.9588888888888889,0.1376290272130122,0.9777777777777777,0.1371598373475133,0.9744444444444444,0.13825461370034406,0.9822222222222222
84,0.12115592644104466,0.8711111111111111,0.12115592644104466,0.8711111111111111,0.12192860454334724,0.8766666666666667,0.12301035388657086,0.8844444444444445,0.11698346468861072,0.8411111111111111,0.12455571009117601,0.8955555555555555,0.12857363622314943,0.9244444444444444,0.1225467470251893,0.8811111111111111,0.12393756760933396,0.8911111111111111,0.12007417709782105,0.8633333333333333,0.11976510585690002,0.8611111111111112,0.1271828156390048,0.9144444444444444,0.13351877607788595,0.96,0.13351877607788595,0.96,0.1347550610415701,0.9688888888888889,0.13552773914387267,0.9744444444444444,0.12934631432545202,0.93,0.1369185597280173,0.9844444444444445,0.13630041724617525,0.98,0.11095657549065059,0.7977777777777778,0.12687374439808377,0.9122222222222223,0.13351877607788595,0.96,0.12285581826611033,0.8833333333333333,0.13645495286663575,0.9811111111111112,0.12563745943439963,0.9033333333333333,0.12563745943439963,0.9033333333333333,0.12424663885025498,0.8933333333333333,0.12378303198887343,0.89,0.11451089476124246,0.8233333333333334,0.12579199505486013,0.9044444444444445,0.12811002936176788,0.9211111111111111,0.12316488950703137,0.8855555555555555,0.1261010662957812,0.9066666666666666,0.12563745943439963,0.9033333333333333,0.12223767578426828,0.8788888888888889,0.12656467315716272,0.91,0.13722763096893834,0.9866666666666667,0.13722763096893834,0.9866666666666667,0.13568227476433317,0.9755555555555555,0.13645495286663575,0.9811111111111112,0.12749188687992583,0.9166666666666666,0.13660948848709628,0.9822222222222222,0.13676402410755678,0.9833333333333333,0.13738216658939886,0.9877777777777778,0.13259156235512284,0.9533333333333334,0.13722763096893834,0.9866666666666667,0.13738216658939886,0.9877777777777778,0.13614588162571473,0.9788888888888889,0.12223767578426828,0.8788888888888889,0.12208314016380775,0.8777777777777778,0.12316488950703137,0.8855555555555555,0.12301035388657086,0.8844444444444445,0.11543810848400557,0.83,0.12455571009117601,0.8955555555555555,0.129037243084531,0.9277777777777778,0.12362849636841292,0.8888888888888888,0.11899242775459744,0.8555555555555555,0.12270128264564982,0.8822222222222222,0.11883789213413692,0.8544444444444445,0.1273373512594653,0.9155555555555556,0.13367331169834648,0.9611111111111111,0.13367331169834648,0.9611111111111111,0.13660948848709628,0.9822222222222222,0.13660948848709628,0.9822222222222222,0.12749188687992583,0.9166666666666666,0.13676402410755678,0.9833333333333333,0.13660948848709628,0.9822222222222222,0.1214649976819657,0.8733333333333333,0.12208314016380775,0.8777777777777778,0.13367331169834648,0.9611111111111111,0.1225467470251893,0.8811111111111111,0.1369185597280173,0.9844444444444445,0.12795549374130738,0.92,0.13351877607788595,0.96,0.13660948848709628,0.9822222222222222,0.13660948848709628,0.9822222222222222,0.11358368103847936,0.8166666666666667,0.13614588162571473,0.9788888888888889,0.13614588162571473,0.9788888888888889,0.1359913460052542,0.9777777777777777,0.13382784731880698,0.9622222222222222,0.13660948848709628,0.9822222222222222,0.1359913460052542,0.9777777777777777,0.13676402410755678,0.9833333333333333,0.12872817184360996,0.9255555555555556,0.13367331169834648,0.9611111111111111,0.13676402410755678,0.9833333333333333,0.1369185597280173,0.9844444444444445,0.12795549374130738,0.92,0.13660948848709628,0.9822222222222222,0.1369185597280173,0.9844444444444445,0.13645495286663575,0.9811111111111112,0.1339823829392675,0.9633333333333334,0.13645495286663575,0.9811111111111112,0.13614588162571473,0.9788888888888889,0.13722763096893834,0.9866666666666667
85,0.11988393402565668,0.8722222222222222,0.12034208918753818,0.8755555555555555,0.12080024434941967,0.8788888888888889,0.12202199144777032,0.8877777777777778,0.11713500305436775,0.8522222222222222,0.12354917532070861,0.8988888888888888,0.12782529016493585,0.93,0.12202199144777032,0.8877777777777778,0.12263286499694563,0.8922222222222222,0.11957849725106903,0.87,0.11912034208918754,0.8666666666666667,0.12660354306658522,0.9211111111111111,0.13194868662186926,0.96,0.13194868662186926,0.96,0.1336285888821014,0.9722222222222222,0.1342394624312767,0.9766666666666667,0.12813072693952351,0.9322222222222222,0.13530849114233354,0.9844444444444445,0.1346976175931582,0.98,0.11240073304825901,0.8177777777777778,0.12782529016493585,0.93,0.13194868662186926,0.96,0.12186927306047649,0.8866666666666667,0.13500305436774587,0.9822222222222222,0.1255345143555284,0.9133333333333333,0.1255345143555284,0.9133333333333333,0.1229383017715333,0.8944444444444445,0.1229383017715333,0.8944444444444445,0.11514966401954796,0.8377777777777777,0.12492364080635308,0.9088888888888889,0.1269089798411729,0.9233333333333333,0.1224801466096518,0.8911111111111111,0.12568723274282223,0.9144444444444444,0.1255345143555284,0.9133333333333333,0.1209529627367135,0.88,0.1259926695174099,0.9166666666666666,0.13576664630421503,0.9877777777777778,0.13576664630421503,0.9877777777777778,0.1342394624312767,0.9766666666666667,0.13485033598045204,0.9811111111111112,0.12706169822846672,0.9244444444444444,0.13546120952962737,0.9855555555555555,0.1351557727550397,0.9833333333333333,0.13591936469150886,0.9888888888888889,0.1310323762981063,0.9533333333333334,0.13576664630421503,0.9877777777777778,0.1360720830788027,0.99,0.13454489920586438,0.9788888888888889,0.12141111789859499,0.8833333333333333,0.12080024434941967,0.8788888888888889,0.12186927306047649,0.8866666666666667,0.12263286499694563,0.8922222222222222,0.11545510079413561,0.84,0.12354917532070861,0.8988888888888888,0.12782529016493585,0.93,0.1224801466096518,0.8911111111111111,0.11912034208918754,0.8666666666666667,0.12186927306047649,0.8866666666666667,0.11881490531459987,0.8644444444444445,0.12675626145387905,0.9222222222222223,0.1321014050091631,0.9611111111111111,0.1321014050091631,0.9611111111111111,0.1351557727550397,0.9833333333333333,0.1351557727550397,0.9833333333333333,0.12614538790470373,0.9177777777777778,0.13530849114233354,0.9844444444444445,0.13500305436774587,0.9822222222222222,0.1209529627367135,0.88,0.12080024434941967,0.8788888888888889,0.1321014050091631,0.9611111111111111,0.12141111789859499,0.8833333333333333,0.13530849114233354,0.9844444444444445,0.1275198533903482,0.9277777777777778,0.13240684178375076,0.9633333333333334,0.13500305436774587,0.9822222222222222,0.13500305436774587,0.9822222222222222,0.11316432498472816,0.8233333333333334,0.1351557727550397,0.9833333333333333,0.1346976175931582,0.98,0.13485033598045204,0.9811111111111112,0.13332315210751375,0.97,0.1351557727550397,0.9833333333333333,0.1346976175931582,0.98,0.13576664630421503,0.9877777777777778,0.12889431887599268,0.9377777777777778,0.13225412339645692,0.9622222222222222,0.1351557727550397,0.9833333333333333,0.13530849114233354,0.9844444444444445,0.12813072693952351,0.9322222222222222,0.13530849114233354,0.9844444444444445,0.13530849114233354,0.9844444444444445,0.13485033598045204,0.9811111111111112,0.13317043372021992,0.9688888888888889,0.1351557727550397,0.9833333333333333,0.1346976175931582,0.98,0.1356139279169212,0.9866666666666667
86,0.11924528301886793,0.8777777777777778,0.12015094339622641,0.8844444444444445,0.12015094339622641,0.8844444444444445,0.12060377358490566,0.8877777777777778,0.11683018867924529,0.86,0.12377358490566037,0.9111111111111111,0.12679245283018867,0.9333333333333333,0.1210566037735849,0.8911111111111111,0.12135849056603773,0.8933333333333333,0.11879245283018867,0.8744444444444445,0.11879245283018867,0.8744444444444445,0.12603773584905661,0.9277777777777778,0.13041509433962264,0.96,0.13041509433962264,0.96,0.1320754716981132,0.9722222222222222,0.1328301886792453,0.9777777777777777,0.12679245283018867,0.9333333333333333,0.1338867924528302,0.9855555555555555,0.13328301886792454,0.9811111111111112,0.11260377358490566,0.8288888888888889,0.12709433962264152,0.9355555555555556,0.13041509433962264,0.96,0.12075471698113208,0.8888888888888888,0.13343396226415094,0.9822222222222222,0.12467924528301887,0.9177777777777778,0.12467924528301887,0.9177777777777778,0.12271698113207548,0.9033333333333333,0.12181132075471698,0.8966666666666666,0.11547169811320755,0.85,0.12467924528301887,0.9177777777777778,0.1258867924528302,0.9266666666666666,0.12166037735849057,0.8955555555555555,0.1249811320754717,0.92,0.12467924528301887,0.9177777777777778,0.12015094339622641,0.8844444444444445,0.12573584905660376,0.9255555555555556,0.13433962264150942,0.9888888888888889,0.13433962264150942,0.9888888888888889,0.1328301886792453,0.9777777777777777,0.13358490566037737,0.9833333333333333,0.12649056603773584,0.9311111111111111,0.1340377358490566,0.9866666666666667,0.13373584905660377,0.9844444444444445,0.13433962264150942,0.9888888888888889,0.129811320754717,0.9555555555555556,0.13433962264150942,0.9888888888888889,0.13479245283018867,0.9922222222222222,0.1331320754716981,0.98,0.12090566037735849,0.89,0.12090566037735849,0.89,0.12075471698113208,0.8888888888888888,0.12135849056603773,0.8933333333333333,0.11562264150943397,0.8511111111111112,0.12377358490566037,0.9111111111111111,0.1269433962264151,0.9344444444444444,0.12181132075471698,0.8966666666666666,0.11954716981132076,0.88,0.12150943396226416,0.8944444444444445,0.11939622641509434,0.8788888888888889,0.12618867924528301,0.9288888888888889,0.13056603773584904,0.9611111111111111,0.13056603773584904,0.9611111111111111,0.13373584905660377,0.9844444444444445,0.13373584905660377,0.9844444444444445,0.12543396226415093,0.9233333333333333,0.1338867924528302,0.9855555555555555,0.13358490566037737,0.9833333333333333,0.11984905660377358,0.8822222222222222,0.11954716981132076,0.88,0.13056603773584904,0.9611111111111111,0.12,0.8833333333333333,0.1338867924528302,0.9855555555555555,0.12739622641509435,0.9377777777777778,0.13192452830188678,0.9711111111111111,0.13358490566037737,0.9833333333333333,0.13358490566037737,0.9833333333333333,0.11335849056603774,0.8344444444444444,0.1340377358490566,0.9866666666666667,0.13373584905660377,0.9844444444444445,0.1338867924528302,0.9855555555555555,0.13192452830188678,0.9711111111111111,0.13373584905660377,0.9844444444444445,0.13328301886792454,0.9811111111111112,0.13433962264150942,0.9888888888888889,0.12830188679245283,0.9444444444444444,0.13192452830188678,0.9711111111111111,0.1338867924528302,0.9855555555555555,0.1338867924528302,0.9855555555555555,0.12830188679245283,0.9444444444444444,0.1340377358490566,0.9866666666666667,0.1340377358490566,0.9866666666666667,0.1338867924528302,0.9855555555555555,0.13192452830188678,0.9711111111111111,0.1338867924528302,0.9855555555555555,0.13328301886792454,0.9811111111111112,0.13418867924528302,0.9877777777777778
87,0.11936735302894658,0.8888888888888888,0.11951656222023277,0.89,0.11996418979409132,0.8933333333333333,0.12026260817666368,0.8955555555555555,0.11712921515965384,0.8722222222222222,0.12354521038495972,0.92,0.12593255744553863,0.9377777777777778,0.11996418979409132,0.8933333333333333,0.12026260817666368,0.8955555555555555,0.1183228886899433,0.8811111111111111,0.11906893464637422,0.8866666666666667,0.12563413906296628,0.9355555555555556,0.12906595046254848,0.9611111111111111,0.12906595046254848,0.9611111111111111,0.13055804237541033,0.9722222222222222,0.13130408833184123,0.9777777777777777,0.12563413906296628,0.9355555555555556,0.13234855267084453,0.9855555555555555,0.13219934347955833,0.9844444444444445,0.1129513578036407,0.8411111111111111,0.12623097582811102,0.94,0.12906595046254848,0.9611111111111111,0.12026260817666368,0.8955555555555555,0.13219934347955833,0.9844444444444445,0.12354521038495972,0.92,0.12354521038495972,0.92,0.12145628170695315,0.9044444444444445,0.12115786332438078,0.9022222222222223,0.11548791405550582,0.86,0.12414204715010445,0.9244444444444444,0.12503730229782153,0.9311111111111111,0.12085944494180842,0.9,0.124589674723963,0.9277777777777778,0.12354521038495972,0.92,0.1201133989853775,0.8944444444444445,0.12473888391524918,0.9288888888888889,0.13279618024470308,0.9888888888888889,0.13279618024470308,0.9888888888888889,0.13160250671441362,0.98,0.13219934347955833,0.9844444444444445,0.12563413906296628,0.9355555555555556,0.13264697105341688,0.9877777777777778,0.13219934347955833,0.9844444444444445,0.13279618024470308,0.9888888888888889,0.12861832288868993,0.9577777777777777,0.13279618024470308,0.9888888888888889,0.13339301700984782,0.9933333333333333,0.13205013428827217,0.9833333333333333,0.12026260817666368,0.8955555555555555,0.12026260817666368,0.8955555555555555,0.12041181736794987,0.8966666666666666,0.12071023575052223,0.8988888888888888,0.11548791405550582,0.86,0.12354521038495972,0.92,0.12638018501939718,0.9411111111111111,0.1210086541330946,0.9011111111111111,0.11877051626380185,0.8844444444444445,0.12115786332438078,0.9022222222222223,0.11906893464637422,0.8866666666666667,0.12548492987168008,0.9344444444444444,0.12921515965383468,0.9622222222222222,0.12921515965383468,0.9622222222222222,0.13249776186213072,0.9866666666666667,0.13249776186213072,0.9866666666666667,0.12414204715010445,0.9244444444444444,0.13264697105341688,0.9877777777777778,0.13205013428827217,0.9833333333333333,0.11981498060280513,0.8922222222222222,0.11877051626380185,0.8844444444444445,0.12921515965383468,0.9622222222222222,0.11936735302894658,0.8888888888888888,0.13249776186213072,0.9866666666666667,0.12667860340196957,0.9433333333333334,0.13040883318412413,0.9711111111111111,0.13219934347955833,0.9844444444444445,0.13234855267084453,0.9855555555555555,0.1138466129513578,0.8477777777777777,0.13249776186213072,0.9866666666666667,0.13234855267084453,0.9855555555555555,0.13264697105341688,0.9877777777777778,0.13055804237541033,0.9722222222222222,0.13279618024470308,0.9888888888888889,0.13190092509698598,0.9822222222222222,0.13309459862727543,0.9911111111111112,0.12757385854968667,0.95,0.13055804237541033,0.9722222222222222,0.13264697105341688,0.9877777777777778,0.13279618024470308,0.9888888888888889,0.12772306774097283,0.9511111111111111,0.13264697105341688,0.9877777777777778,0.13279618024470308,0.9888888888888889,0.13279618024470308,0.9888888888888889,0.13055804237541033,0.9722222222222222,0.13279618024470308,0.9888888888888889,0.13190092509698598,0.9822222222222222,0.13294538943598927,0.99
88,0.11860156365245611,0.8933333333333333,0.11874907803510842,0.8944444444444445,0.11978167871367458,0.9022222222222223,0.11978167871367458,0.9022222222222223,0.11742144859123764,0.8844444444444445,0.12228942321876383,0.9211111111111111,0.12450213895854846,0.9377777777777778,0.11978167871367458,0.9022222222222223,0.11963416433102228,0.9011111111111111,0.11874907803510842,0.8944444444444445,0.11904410680041304,0.8966666666666666,0.12523971087181,0.9433333333333334,0.12789496975955156,0.9633333333333334,0.12789496975955156,0.9633333333333334,0.12922259920342233,0.9733333333333334,0.12981265673403156,0.9777777777777777,0.12435462457589615,0.9366666666666666,0.13114028617790235,0.9877777777777778,0.13084525741259773,0.9855555555555555,0.11299601711166839,0.8511111111111112,0.12523971087181,0.9433333333333334,0.12804248414220387,0.9644444444444444,0.11919162118306535,0.8977777777777778,0.1306977430299454,0.9844444444444445,0.12317450951467768,0.9277777777777778,0.12317450951467768,0.9277777777777778,0.12037173624428382,0.9066666666666666,0.12110930815754536,0.9122222222222223,0.11609381914736687,0.8744444444444445,0.12317450951467768,0.9277777777777778,0.12391208142793922,0.9333333333333333,0.12066676500958844,0.9088888888888889,0.12435462457589615,0.9366666666666666,0.12317450951467768,0.9277777777777778,0.1199291930963269,0.9033333333333333,0.12405959581059153,0.9344444444444444,0.13128780056055464,0.9888888888888889,0.13128780056055464,0.9888888888888889,0.1304027142646408,0.9822222222222222,0.13099277179525004,0.9866666666666667,0.1253872252544623,0.9444444444444444,0.13143531494320695,0.99,0.13099277179525004,0.9866666666666667,0.13173034370851158,0.9922222222222222,0.12774745537689924,0.9622222222222222,0.13128780056055464,0.9888888888888889,0.1318778580911639,0.9933333333333333,0.1305502286472931,0.9833333333333333,0.1199291930963269,0.9033333333333333,0.12066676500958844,0.9088888888888889,0.11978167871367458,0.9022222222222223,0.1199291930963269,0.9033333333333333,0.11550376161675763,0.87,0.12228942321876383,0.9211111111111111,0.12494468210650539,0.9411111111111111,0.12022422186163151,0.9055555555555556,0.1183065348871515,0.8911111111111111,0.12125682254019766,0.9133333333333333,0.11860156365245611,0.8933333333333333,0.12523971087181,0.9433333333333334,0.12774745537689924,0.9622222222222222,0.12774745537689924,0.9622222222222222,0.13099277179525004,0.9866666666666667,0.13114028617790235,0.9877777777777778,0.12273196636672075,0.9244444444444444,0.13114028617790235,0.9877777777777778,0.13099277179525004,0.9866666666666667,0.11948664994836997,0.9,0.11815902050449918,0.89,0.12774745537689924,0.9622222222222222,0.11889659241776074,0.8955555555555555,0.13114028617790235,0.9877777777777778,0.12627231155037616,0.9511111111111111,0.12951762796872696,0.9755555555555555,0.13084525741259773,0.9855555555555555,0.13084525741259773,0.9855555555555555,0.11388110340758224,0.8577777777777778,0.13128780056055464,0.9888888888888889,0.13114028617790235,0.9877777777777778,0.13128780056055464,0.9888888888888889,0.12951762796872696,0.9755555555555555,0.13128780056055464,0.9888888888888889,0.1305502286472931,0.9833333333333333,0.13158282932585927,0.9911111111111112,0.1268623690809854,0.9555555555555556,0.12951762796872696,0.9755555555555555,0.13128780056055464,0.9888888888888889,0.13128780056055464,0.9888888888888889,0.12759994099424693,0.9611111111111111,0.13114028617790235,0.9877777777777778,0.13143531494320695,0.99,0.13143531494320695,0.99,0.12951762796872696,0.9755555555555555,0.13128780056055464,0.9888888888888889,0.1305502286472931,0.9833333333333333,0.13143531494320695,0.99
89,0.11799883313885648,0.8988888888888888,0.11843640606767794,0.9022222222222223,0.11945740956826138,0.91,0.1191656942823804,0.9077777777777778,0.11712368728121353,0.8922222222222222,0.12149941656942824,0.9255555555555556,0.12383313885647608,0.9433333333333334,0.11960326721120186,0.9111111111111111,0.11858226371061843,0.9033333333333333,0.11872812135355892,0.9044444444444445,0.11887397899649942,0.9055555555555556,0.12470828471411902,0.95,0.12675029171528587,0.9655555555555555,0.12675029171528587,0.9655555555555555,0.1277712952158693,0.9733333333333334,0.12835472578763127,0.9777777777777777,0.12310385064177364,0.9377777777777778,0.12981330221703619,0.9888888888888889,0.12966744457409568,0.9877777777777778,0.11231038506417736,0.8555555555555555,0.12441656942823803,0.9477777777777778,0.12689614935822638,0.9666666666666667,0.11960326721120186,0.9111111111111111,0.12966744457409568,0.9877777777777778,0.12281213535589265,0.9355555555555556,0.12281213535589265,0.9355555555555556,0.12004084014002334,0.9144444444444444,0.12077012835472578,0.92,0.11624854142357059,0.8855555555555555,0.12237456242707118,0.9322222222222222,0.1233955659276546,0.94,0.12018669778296383,0.9155555555555556,0.1235414235705951,0.9411111111111111,0.12281213535589265,0.9355555555555556,0.1191656942823804,0.9077777777777778,0.1235414235705951,0.9411111111111111,0.12981330221703619,0.9888888888888889,0.12981330221703619,0.9888888888888889,0.1290840140023337,0.9833333333333333,0.12981330221703619,0.9888888888888889,0.12427071178529756,0.9466666666666667,0.12995915985997666,0.99,0.1295215869311552,0.9866666666666667,0.13025087514585765,0.9922222222222222,0.12689614935822638,0.9666666666666667,0.12981330221703619,0.9888888888888889,0.13039673278879813,0.9933333333333333,0.12922987164527422,0.9844444444444445,0.11974912485414235,0.9122222222222223,0.12033255542590432,0.9166666666666666,0.11901983663943991,0.9066666666666666,0.11931155192532089,0.9088888888888889,0.1161026837806301,0.8844444444444445,0.12149941656942824,0.9255555555555556,0.12397899649941657,0.9444444444444444,0.12004084014002334,0.9144444444444444,0.11858226371061843,0.9033333333333333,0.12047841306884481,0.9177777777777778,0.11858226371061843,0.9033333333333333,0.12485414235705951,0.9511111111111111,0.1266044340723454,0.9644444444444444,0.1266044340723454,0.9644444444444444,0.12981330221703619,0.9888888888888889,0.12981330221703619,0.9888888888888889,0.12135355892648775,0.9244444444444444,0.12981330221703619,0.9888888888888889,0.12995915985997666,0.99,0.11945740956826138,0.91,0.1177071178529755,0.8966666666666666,0.1266044340723454,0.9644444444444444,0.11872812135355892,0.9044444444444445,0.12981330221703619,0.9888888888888889,0.12587514585764295,0.9588888888888889,0.12850058343057177,0.9788888888888889,0.1293757292882147,0.9855555555555555,0.1293757292882147,0.9855555555555555,0.11537339556592766,0.8788888888888889,0.12995915985997666,0.99,0.12966744457409568,0.9877777777777778,0.13010501750291714,0.9911111111111112,0.12850058343057177,0.9788888888888889,0.12995915985997666,0.99,0.12922987164527422,0.9844444444444445,0.13025087514585765,0.9922222222222222,0.12602100350058343,0.96,0.12835472578763127,0.9777777777777777,0.12981330221703619,0.9888888888888889,0.12981330221703619,0.9888888888888889,0.12718786464410736,0.9688888888888889,0.12995915985997666,0.99,0.12995915985997666,0.99,0.12995915985997666,0.99,0.12850058343057177,0.9788888888888889,0.12981330221703619,0.9888888888888889,0.12922987164527422,0.9844444444444445,0.13010501750291714,0.9911111111111112
90,0.11769796624837732,0.9066666666666666,0.11827491706332036,0.9111111111111111,0.11885186787826338,0.9155555555555556,0.11885186787826338,0.9155555555555556,0.11726525313717005,0.9033333333333333,0.12101543343429973,0.9322222222222222,0.12289052358286456,0.9466666666666667,0.11928458098947065,0.9188888888888889,0.11784220395211309,0.9077777777777778,0.11841915476705611,0.9122222222222223,0.11885186787826338,0.9155555555555556,0.1237559498052791,0.9533333333333334,0.12548680225010816,0.9666666666666667,0.12563103995384395,0.9677777777777777,0.12664070387999424,0.9755555555555555,0.12721765469493726,0.98,0.1217366219529785,0.9377777777777778,0.12851579402855906,0.99,0.12851579402855906,0.99,0.11365931054377615,0.8755555555555555,0.12390018750901485,0.9544444444444444,0.12563103995384395,0.9677777777777777,0.11928458098947065,0.9188888888888889,0.1283715563248233,0.9888888888888889,0.12188085965671426,0.9388888888888889,0.12188085965671426,0.9388888888888889,0.12000576950814942,0.9244444444444444,0.12058272032309246,0.9288888888888889,0.11596711380354825,0.8933333333333333,0.12202509736045002,0.94,0.12202509736045002,0.94,0.11986153180441367,0.9233333333333333,0.12289052358286456,0.9466666666666667,0.12188085965671426,0.9388888888888889,0.11957305639694216,0.9211111111111111,0.12289052358286456,0.9466666666666667,0.1283715563248233,0.9888888888888889,0.1283715563248233,0.9888888888888889,0.12779460550988028,0.9844444444444445,0.12866003173229482,0.9911111111111112,0.12317899899033607,0.9488888888888889,0.12851579402855906,0.99,0.12822731862108755,0.9877777777777778,0.12880426943603057,0.9922222222222222,0.12606375306505122,0.9711111111111111,0.1283715563248233,0.9888888888888889,0.12894850713976633,0.9933333333333333,0.1280830809173518,0.9866666666666667,0.11885186787826338,0.9155555555555556,0.12015000721188519,0.9255555555555556,0.11870763017452762,0.9144444444444444,0.11899610558199913,0.9166666666666666,0.11654406461849127,0.8977777777777778,0.12101543343429973,0.9322222222222222,0.12303476128660032,0.9477777777777778,0.11971729410067791,0.9222222222222223,0.11755372854464156,0.9055555555555556,0.12029424491562095,0.9266666666666666,0.11798644165584884,0.9088888888888889,0.12390018750901485,0.9544444444444444,0.1253425645463724,0.9655555555555555,0.1253425645463724,0.9655555555555555,0.1283715563248233,0.9888888888888889,0.1283715563248233,0.9888888888888889,0.12000576950814942,0.9244444444444444,0.12851579402855906,0.99,0.12851579402855906,0.99,0.11928458098947065,0.9188888888888889,0.11740949084090581,0.9044444444444445,0.1253425645463724,0.9655555555555555,0.11827491706332036,0.9111111111111111,0.12851579402855906,0.99,0.12519832684263665,0.9644444444444444,0.1270734169912015,0.9788888888888889,0.12793884321361604,0.9855555555555555,0.1280830809173518,0.9866666666666667,0.1158228760998125,0.8922222222222222,0.12880426943603057,0.9922222222222222,0.12880426943603057,0.9922222222222222,0.12866003173229482,0.9911111111111112,0.12736189239867302,0.9811111111111112,0.12851579402855906,0.99,0.12779460550988028,0.9844444444444445,0.12880426943603057,0.9922222222222222,0.1253425645463724,0.9655555555555555,0.1270734169912015,0.9788888888888889,0.12880426943603057,0.9922222222222222,0.12866003173229482,0.9911111111111112,0.12635222847252273,0.9733333333333334,0.12866003173229482,0.9911111111111112,0.12894850713976633,0.9933333333333333,0.12851579402855906,0.99,0.12736189239867302,0.9811111111111112,0.12851579402855906,0.99,0.12779460550988028,0.9844444444444445,0.12880426943603057,0.9922222222222222
91,0.1181169757489301,0.92,0.1181169757489301,0.92,0.11825962910128388,0.9211111111111111,0.118830242510699,0.9255555555555556,0.1174037089871612,0.9144444444444444,0.12039942938659058,0.9377777777777778,0.12196861626248216,0.95,0.118830242510699,0.9255555555555556,0.11726105563480742,0.9133333333333333,0.118830242510699,0.9255555555555556,0.11897289586305278,0.9266666666666666,0.12268188302425106,0.9555555555555556,0.12425106990014265,0.9677777777777777,0.12425106990014265,0.9677777777777777,0.1253922967189729,0.9766666666666667,0.12582025677603423,0.98,0.12039942938659058,0.9377777777777778,0.12724679029957203,0.9911111111111112,0.12710413694721825,0.99,0.11469329529243938,0.8933333333333333,0.12368045649072754,0.9633333333333334,0.12425106990014265,0.9677777777777777,0.1195435092724679,0.9311111111111111,0.12724679029957203,0.9911111111111112,0.12154065620542083,0.9466666666666667,0.12154065620542083,0.9466666666666667,0.11925820256776035,0.9288888888888889,0.12068473609129815,0.94,0.11640513552068474,0.9066666666666666,0.12168330955777461,0.9477777777777778,0.12111269614835948,0.9433333333333334,0.1195435092724679,0.9311111111111111,0.12253922967189729,0.9544444444444444,0.12154065620542083,0.9466666666666667,0.1202567760342368,0.9366666666666666,0.12182596291012839,0.9488888888888889,0.1273894436519258,0.9922222222222222,0.1273894436519258,0.9922222222222222,0.12639087018544937,0.9844444444444445,0.1273894436519258,0.9922222222222222,0.12196861626248216,0.95,0.12710413694721825,0.99,0.12710413694721825,0.99,0.1276747503566334,0.9944444444444445,0.12496433666191155,0.9733333333333334,0.1273894436519258,0.9922222222222222,0.1276747503566334,0.9944444444444445,0.12696148359486448,0.9888888888888889,0.11854493580599144,0.9233333333333333,0.11968616262482168,0.9322222222222222,0.118830242510699,0.9255555555555556,0.11897289586305278,0.9266666666666666,0.11697574893009986,0.9111111111111111,0.12039942938659058,0.9377777777777778,0.12211126961483595,0.9511111111111111,0.11925820256776035,0.9288888888888889,0.11726105563480742,0.9133333333333333,0.11997146932952925,0.9344444444444444,0.1181169757489301,0.92,0.12268188302425106,0.9555555555555556,0.12396576319543509,0.9655555555555555,0.12396576319543509,0.9655555555555555,0.12710413694721825,0.99,0.12710413694721825,0.99,0.11868758915834522,0.9244444444444444,0.12710413694721825,0.99,0.12724679029957203,0.9911111111111112,0.11940085592011412,0.93,0.118830242510699,0.9255555555555556,0.12396576319543509,0.9655555555555555,0.1181169757489301,0.92,0.12724679029957203,0.9911111111111112,0.12425106990014265,0.9677777777777777,0.12610556348074178,0.9822222222222222,0.1268188302425107,0.9877777777777778,0.12696148359486448,0.9888888888888889,0.11526390870185449,0.8977777777777778,0.1273894436519258,0.9922222222222222,0.1275320970042796,0.9933333333333333,0.12724679029957203,0.9911111111111112,0.12639087018544937,0.9844444444444445,0.12710413694721825,0.99,0.12667617689015692,0.9866666666666667,0.1273894436519258,0.9922222222222222,0.12439372325249644,0.9688888888888889,0.12610556348074178,0.9822222222222222,0.1273894436519258,0.9922222222222222,0.1275320970042796,0.9933333333333333,0.12524964336661912,0.9755555555555555,0.1273894436519258,0.9922222222222222,0.1275320970042796,0.9933333333333333,0.12724679029957203,0.9911111111111112,0.12639087018544937,0.9844444444444445,0.12710413694721825,0.99,0.1268188302425107,0.9877777777777778,0.1276747503566334,0.9944444444444445
92,0.11810356991674897,0.93,0.11796246648793565,0.9288888888888889,0.11880908706081558,0.9355555555555556,0.11866798363200226,0.9344444444444444,0.11739805277268238,0.9244444444444444,0.1203612247777621,0.9477777777777778,0.12092563849301538,0.9522222222222222,0.1189501904896289,0.9366666666666666,0.11669253562861577,0.9188888888888889,0.11810356991674897,0.93,0.11909129391844221,0.9377777777777778,0.12191336249470862,0.96,0.12290108649640186,0.9677777777777777,0.12290108649640186,0.9677777777777777,0.12431212078453506,0.9788888888888889,0.1245943276421617,0.9811111111111112,0.11937350077606886,0.94,0.12586425850148159,0.9911111111111112,0.1260053619302949,0.9922222222222222,0.11739805277268238,0.9244444444444444,0.12261887963877523,0.9655555555555555,0.12290108649640186,0.9677777777777777,0.11951460420488218,0.9411111111111111,0.1260053619302949,0.9922222222222222,0.12149005220826867,0.9566666666666667,0.12149005220826867,0.9566666666666667,0.11937350077606886,0.94,0.12022012134894879,0.9466666666666667,0.11641032877098914,0.9166666666666666,0.1210667419218287,0.9533333333333334,0.12064343163538874,0.95,0.11979681106250882,0.9433333333333334,0.12205446592352194,0.9611111111111111,0.12149005220826867,0.9566666666666667,0.12050232820657542,0.9488888888888889,0.12191336249470862,0.96,0.1260053619302949,0.9922222222222222,0.1260053619302949,0.9922222222222222,0.12515874135741498,0.9855555555555555,0.1260053619302949,0.9922222222222222,0.12092563849301538,0.9522222222222222,0.12586425850148159,0.9911111111111112,0.12572315507266826,0.99,0.12628756878792155,0.9944444444444445,0.12388881049809511,0.9755555555555555,0.1260053619302949,0.9922222222222222,0.12628756878792155,0.9944444444444445,0.1260053619302949,0.9922222222222222,0.1189501904896289,0.9366666666666666,0.1196557076336955,0.9422222222222222,0.1182446733455623,0.9311111111111111,0.1182446733455623,0.9311111111111111,0.11655143219980245,0.9177777777777778,0.1203612247777621,0.9477777777777778,0.12120784535064202,0.9544444444444444,0.11909129391844221,0.9377777777777778,0.11626922534217582,0.9155555555555556,0.11951460420488218,0.9411111111111111,0.1175391562014957,0.9255555555555556,0.12205446592352194,0.9611111111111111,0.12261887963877523,0.9655555555555555,0.12261887963877523,0.9655555555555555,0.12572315507266826,0.99,0.12572315507266826,0.99,0.11796246648793565,0.9288888888888889,0.1260053619302949,0.9922222222222222,0.12586425850148159,0.9911111111111112,0.11866798363200226,0.9344444444444444,0.11923239734725553,0.9388888888888889,0.12261887963877523,0.9655555555555555,0.11810356991674897,0.93,0.12586425850148159,0.9911111111111112,0.12346550021165514,0.9722222222222222,0.12515874135741498,0.9855555555555555,0.12558205164385494,0.9888888888888889,0.12558205164385494,0.9888888888888889,0.11641032877098914,0.9166666666666666,0.12614646535910823,0.9933333333333333,0.12614646535910823,0.9933333333333333,0.1260053619302949,0.9922222222222222,0.1252998447862283,0.9866666666666667,0.1260053619302949,0.9922222222222222,0.12558205164385494,0.9888888888888889,0.1260053619302949,0.9922222222222222,0.12417101735572174,0.9777777777777777,0.1252998447862283,0.9866666666666667,0.12614646535910823,0.9933333333333333,0.12614646535910823,0.9933333333333333,0.1245943276421617,0.9811111111111112,0.12614646535910823,0.9933333333333333,0.12642867221673487,0.9955555555555555,0.1260053619302949,0.9922222222222222,0.1252998447862283,0.9866666666666667,0.1260053619302949,0.9922222222222222,0.12558205164385494,0.9888888888888889,0.1265697756455482,0.9966666666666667
93,0.11836962590731435,0.9422222222222222,0.11823003908431044,0.9411111111111111,0.11878838637632608,0.9455555555555556,0.11850921273031825,0.9433333333333334,0.11725293132328309,0.9333333333333333,0.12046342825237298,0.9588888888888889,0.1208821887213847,0.9622222222222222,0.11906756002233389,0.9477777777777778,0.11613623673925182,0.9244444444444444,0.11836962590731435,0.9422222222222222,0.11864879955332217,0.9444444444444444,0.12144053601340034,0.9666666666666667,0.12171970965940815,0.9688888888888889,0.12171970965940815,0.9688888888888889,0.12325516471245114,0.9811111111111112,0.12367392518146288,0.9844444444444445,0.11850921273031825,0.9433333333333334,0.12479061976549413,0.9933333333333333,0.12465103294249023,0.9922222222222222,0.1192071468453378,0.9488888888888889,0.12199888330541597,0.9711111111111111,0.12171970965940815,0.9688888888888889,0.11878838637632608,0.9455555555555556,0.12479061976549413,0.9933333333333333,0.1208821887213847,0.9622222222222222,0.1208821887213847,0.9622222222222222,0.11906756002233389,0.9477777777777778,0.12018425460636516,0.9566666666666667,0.1159966499162479,0.9233333333333333,0.12158012283640425,0.9677777777777777,0.12018425460636516,0.9566666666666667,0.11976549413735343,0.9533333333333334,0.12213847012841987,0.9722222222222222,0.1208821887213847,0.9622222222222222,0.12004466778336124,0.9555555555555556,0.12116136236739251,0.9644444444444444,0.12493020658849804,0.9944444444444445,0.12493020658849804,0.9944444444444445,0.12395309882747069,0.9866666666666667,0.12493020658849804,0.9944444444444445,0.12032384142936907,0.9577777777777777,0.12506979341150196,0.9955555555555555,0.12451144611948632,0.9911111111111112,0.12493020658849804,0.9944444444444445,0.1226968174204355,0.9766666666666667,0.12493020658849804,0.9944444444444445,0.12506979341150196,0.9955555555555555,0.12465103294249023,0.9922222222222222,0.11976549413735343,0.9533333333333334,0.11976549413735343,0.9533333333333334,0.11836962590731435,0.9422222222222222,0.11795086543830262,0.9388888888888889,0.1159966499162479,0.9233333333333333,0.12046342825237298,0.9588888888888889,0.12130094919039643,0.9655555555555555,0.11878838637632608,0.9455555555555556,0.11669458403126745,0.9288888888888889,0.11976549413735343,0.9533333333333334,0.1175321049692909,0.9355555555555556,0.12171970965940815,0.9688888888888889,0.12158012283640425,0.9677777777777777,0.12158012283640425,0.9677777777777777,0.12437185929648241,0.99,0.12451144611948632,0.9911111111111112,0.11781127861529872,0.9377777777777778,0.12465103294249023,0.9922222222222222,0.12451144611948632,0.9911111111111112,0.11878838637632608,0.9455555555555556,0.11934673366834171,0.95,0.12144053601340034,0.9666666666666667,0.11781127861529872,0.9377777777777778,0.12479061976549413,0.9933333333333333,0.12353433835845896,0.9833333333333333,0.12437185929648241,0.99,0.12437185929648241,0.99,0.12465103294249023,0.9922222222222222,0.11613623673925182,0.9244444444444444,0.12520938023450587,0.9966666666666667,0.12520938023450587,0.9966666666666667,0.12465103294249023,0.9922222222222222,0.12395309882747069,0.9866666666666667,0.12479061976549413,0.9933333333333333,0.12437185929648241,0.99,0.12479061976549413,0.9933333333333333,0.12353433835845896,0.9833333333333333,0.12437185929648241,0.99,0.12493020658849804,0.9944444444444445,0.12493020658849804,0.9944444444444445,0.12339475153545505,0.9822222222222222,0.12493020658849804,0.9944444444444445,0.12534896705750978,0.9977777777777778,0.12465103294249023,0.9922222222222222,0.12395309882747069,0.9866666666666667,0.12479061976549413,0.9933333333333333,0.12437185929648241,0.99,0.12534896705750978,0.9977777777777778
94,0.11821571606131749,0.9511111111111111,0.11821571606131749,0.9511111111111111,0.11890622842148875,0.9566666666666667,0.118491921005386,0.9533333333333334,0.11766330617318049,0.9466666666666667,0.12001104819776275,0.9655555555555555,0.12028725314183124,0.9677777777777777,0.119044330893523,0.9577777777777777,0.116834691340975,0.94,0.117939511117249,0.9488888888888889,0.11876812594945449,0.9555555555555556,0.12056345808589974,0.97,0.12070156055793399,0.9711111111111111,0.12070156055793399,0.9711111111111111,0.12208258527827648,0.9822222222222222,0.12263499516641348,0.9866666666666667,0.11807761358928325,0.95,0.12346360999861898,0.9933333333333333,0.12346360999861898,0.9933333333333333,0.11890622842148875,0.9566666666666667,0.12194448280624223,0.9811111111111112,0.12083966302996824,0.9722222222222222,0.119044330893523,0.9577777777777777,0.12360171247065323,0.9944444444444445,0.12001104819776275,0.9655555555555555,0.12001104819776275,0.9655555555555555,0.11945863830962575,0.9611111111111111,0.11987294572572849,0.9644444444444444,0.11600607650876951,0.9333333333333333,0.12111586797403673,0.9744444444444444,0.12028725314183124,0.9677777777777777,0.12001104819776275,0.9655555555555555,0.12111586797403673,0.9744444444444444,0.12001104819776275,0.9655555555555555,0.11987294572572849,0.9644444444444444,0.12042535561386548,0.9688888888888889,0.12373981494268747,0.9955555555555555,0.12373981494268747,0.9955555555555555,0.12291120011048198,0.9888888888888889,0.12387791741472172,0.9966666666666667,0.11973484325369424,0.9633333333333334,0.12373981494268747,0.9955555555555555,0.12346360999861898,0.9933333333333333,0.12360171247065323,0.9944444444444445,0.12208258527827648,0.9822222222222222,0.12373981494268747,0.9955555555555555,0.12387791741472172,0.9966666666666667,0.12360171247065323,0.9944444444444445,0.119044330893523,0.9577777777777777,0.119044330893523,0.9577777777777777,0.11835381853335175,0.9522222222222222,0.117939511117249,0.9488888888888889,0.11614417898080376,0.9344444444444444,0.12001104819776275,0.9655555555555555,0.12028725314183124,0.9677777777777777,0.11918243336555724,0.9588888888888889,0.11669658886894076,0.9388888888888889,0.119044330893523,0.9577777777777777,0.117387101229112,0.9444444444444444,0.12056345808589974,0.97,0.12042535561386548,0.9688888888888889,0.12042535561386548,0.9688888888888889,0.12373981494268747,0.9955555555555555,0.12373981494268747,0.9955555555555555,0.117387101229112,0.9444444444444444,0.12360171247065323,0.9944444444444445,0.12332550752658472,0.9922222222222222,0.11932053583759149,0.96,0.11863002347742024,0.9544444444444444,0.12056345808589974,0.97,0.11807761358928325,0.95,0.12360171247065323,0.9944444444444445,0.12277309763844772,0.9877777777777778,0.12318740505455048,0.9911111111111112,0.12387791741472172,0.9966666666666667,0.12373981494268747,0.9955555555555555,0.11586797403673525,0.9322222222222222,0.12387791741472172,0.9966666666666667,0.12387791741472172,0.9966666666666667,0.12346360999861898,0.9933333333333333,0.12332550752658472,0.9922222222222222,0.12346360999861898,0.9933333333333333,0.12373981494268747,0.9955555555555555,0.12360171247065323,0.9944444444444445,0.12277309763844772,0.9877777777777778,0.12304930258251623,0.99,0.12373981494268747,0.9955555555555555,0.12360171247065323,0.9944444444444445,0.12263499516641348,0.9866666666666667,0.12387791741472172,0.9966666666666667,0.12401601988675598,0.9977777777777778,0.12346360999861898,0.9933333333333333,0.12332550752658472,0.9922222222222222,0.12360171247065323,0.9944444444444445,0.12373981494268747,0.9955555555555555,0.12401601988675598,0.9977777777777778
95,0.117655097021044,0.9566666666666667,0.117655097021044,0.9566666666666667,0.11847499316753211,0.9633333333333334,0.11820169445203607,0.9611111111111111,0.11697185023230391,0.9511111111111111,0.11956818802951626,0.9722222222222222,0.11956818802951626,0.9722222222222222,0.11902159059852419,0.9677777777777777,0.11751844766329599,0.9555555555555556,0.117655097021044,0.9566666666666667,0.1183383438097841,0.9622222222222222,0.12066138289150041,0.9811111111111112,0.11970483738726428,0.9733333333333334,0.11970483738726428,0.9733333333333334,0.12093468160699644,0.9833333333333333,0.12148127903798853,0.9877777777777778,0.11779174637879201,0.9577777777777777,0.12230117518447663,0.9944444444444445,0.12216452582672861,0.9933333333333333,0.11902159059852419,0.9677777777777777,0.1213446296802405,0.9866666666666667,0.11970483738726428,0.9733333333333334,0.11902159059852419,0.9677777777777777,0.12230117518447663,0.9944444444444445,0.11929488931402023,0.97,0.11929488931402023,0.97,0.11929488931402023,0.97,0.1198414867450123,0.9744444444444444,0.11560535665482372,0.94,0.12038808417600437,0.9788888888888889,0.11997813610276031,0.9755555555555555,0.12011478546050834,0.9766666666666667,0.12025143481825636,0.9777777777777777,0.11929488931402023,0.97,0.11997813610276031,0.9755555555555555,0.11970483738726428,0.9733333333333334,0.12243782454222465,0.9955555555555555,0.12243782454222465,0.9955555555555555,0.12189122711123258,0.9911111111111112,0.12257447389997267,0.9966666666666667,0.11956818802951626,0.9722222222222222,0.12243782454222465,0.9955555555555555,0.12216452582672861,0.9933333333333333,0.12230117518447663,0.9944444444444445,0.12120798032249248,0.9855555555555555,0.12243782454222465,0.9955555555555555,0.12271112325772068,0.9977777777777778,0.12243782454222465,0.9955555555555555,0.11847499316753211,0.9633333333333334,0.11847499316753211,0.9633333333333334,0.11820169445203607,0.9611111111111111,0.11847499316753211,0.9633333333333334,0.11628860344356381,0.9455555555555556,0.11956818802951626,0.9722222222222222,0.11929488931402023,0.97,0.11970483738726428,0.9733333333333334,0.11628860344356381,0.9455555555555556,0.11847499316753211,0.9633333333333334,0.11697185023230391,0.9511111111111111,0.12025143481825636,0.9777777777777777,0.11943153867176824,0.9711111111111111,0.11943153867176824,0.9711111111111111,0.12243782454222465,0.9955555555555555,0.12243782454222465,0.9955555555555555,0.11710849959005193,0.9522222222222222,0.12230117518447663,0.9944444444444445,0.12216452582672861,0.9933333333333333,0.1198414867450123,0.9744444444444444,0.11792839573654004,0.9588888888888889,0.11943153867176824,0.9711111111111111,0.1191582399562722,0.9688888888888889,0.12257447389997267,0.9966666666666667,0.12189122711123258,0.9911111111111112,0.1220278764689806,0.9922222222222222,0.12257447389997267,0.9966666666666667,0.12243782454222465,0.9955555555555555,0.11601530472806777,0.9433333333333334,0.12271112325772068,0.9977777777777778,0.12271112325772068,0.9977777777777778,0.12243782454222465,0.9955555555555555,0.12230117518447663,0.9944444444444445,0.12243782454222465,0.9955555555555555,0.12257447389997267,0.9966666666666667,0.12243782454222465,0.9955555555555555,0.12175457775348456,0.99,0.1220278764689806,0.9922222222222222,0.12243782454222465,0.9955555555555555,0.12230117518447663,0.9944444444444445,0.12161792839573654,0.9888888888888889,0.12271112325772068,0.9977777777777778,0.12271112325772068,0.9977777777777778,0.12243782454222465,0.9955555555555555,0.12230117518447663,0.9944444444444445,0.12243782454222465,0.9955555555555555,0.12257447389997267,0.9966666666666667,0.12298442197321673,1.0
96,0.11791751183231913,0.9688888888888889,0.11791751183231913,0.9688888888888889,0.118052738336714,0.97,0.11751183231913455,0.9655555555555555,0.1169709263015551,0.9611111111111111,0.11981068289384719,0.9844444444444445,0.11926977687626775,0.98,0.11859364435429344,0.9744444444444444,0.11737660581473969,0.9644444444444444,0.11791751183231913,0.9688888888888889,0.11778228532792427,0.9677777777777777,0.12008113590263692,0.9866666666666667,0.1187288708586883,0.9755555555555555,0.1187288708586883,0.9755555555555555,0.11981068289384719,0.9844444444444445,0.12021636240703178,0.9877777777777778,0.118052738336714,0.97,0.12129817444219067,0.9966666666666667,0.12089249492900608,0.9933333333333333,0.11845841784989858,0.9733333333333334,0.12075726842461122,0.9922222222222222,0.1187288708586883,0.9755555555555555,0.11940500338066261,0.9811111111111112,0.12129817444219067,0.9966666666666667,0.12021636240703178,0.9877777777777778,0.12021636240703178,0.9877777777777778,0.11940500338066261,0.9811111111111112,0.11913455037187289,0.9788888888888889,0.11575388776200135,0.9511111111111111,0.11954022988505747,0.9822222222222222,0.11981068289384719,0.9844444444444445,0.12008113590263692,0.9866666666666667,0.11926977687626775,0.98,0.12021636240703178,0.9877777777777778,0.12021636240703178,0.9877777777777778,0.11954022988505747,0.9822222222222222,0.1211629479377958,0.9955555555555555,0.1211629479377958,0.9955555555555555,0.12089249492900608,0.9933333333333333,0.12143340094658553,0.9977777777777778,0.11886409736308316,0.9766666666666667,0.12129817444219067,0.9966666666666667,0.12089249492900608,0.9933333333333333,0.12129817444219067,0.9966666666666667,0.12035158891142664,0.9888888888888889,0.1211629479377958,0.9955555555555555,0.12143340094658553,0.9977777777777778,0.1211629479377958,0.9955555555555555,0.11791751183231913,0.9688888888888889,0.11791751183231913,0.9688888888888889,0.11845841784989858,0.9733333333333334,0.11845841784989858,0.9733333333333334,0.11670047329276538,0.9588888888888889,0.11940500338066261,0.9811111111111112,0.11913455037187289,0.9788888888888889,0.11886409736308316,0.9766666666666667,0.11561866125760649,0.95,0.11791751183231913,0.9688888888888889,0.11683569979716024,0.96,0.12008113590263692,0.9866666666666667,0.11859364435429344,0.9744444444444444,0.11859364435429344,0.9744444444444444,0.1211629479377958,0.9955555555555555,0.1211629479377958,0.9955555555555555,0.11670047329276538,0.9588888888888889,0.12129817444219067,0.9966666666666667,0.12102772143340094,0.9944444444444445,0.11899932386747802,0.9777777777777777,0.11764705882352941,0.9666666666666667,0.11845841784989858,0.9733333333333334,0.11913455037187289,0.9788888888888889,0.12129817444219067,0.9966666666666667,0.12102772143340094,0.9944444444444445,0.12075726842461122,0.9922222222222222,0.12143340094658553,0.9977777777777778,0.12143340094658553,0.9977777777777778,0.11615956727518593,0.9544444444444444,0.12143340094658553,0.9977777777777778,0.12156862745098039,0.9988888888888889,0.12143340094658553,0.9977777777777778,0.12102772143340094,0.9944444444444445,0.1211629479377958,0.9955555555555555,0.12143340094658553,0.9977777777777778,0.1211629479377958,0.9955555555555555,0.12089249492900608,0.9933333333333333,0.12075726842461122,0.9922222222222222,0.1211629479377958,0.9955555555555555,0.1211629479377958,0.9955555555555555,0.12089249492900608,0.9933333333333333,0.12156862745098039,0.9988888888888889,0.12156862745098039,0.9988888888888889,0.12143340094658553,0.9977777777777778,0.12102772143340094,0.9944444444444445,0.1211629479377958,0.9955555555555555,0.12143340094658553,0.9977777777777778,0.12170385395537525,1.0
97,0.1181745182012848,0.9811111111111112,0.1181745182012848,0.9811111111111112,0.11763918629550321,0.9766666666666667,0.11737152034261242,0.9744444444444444,0.11683618843683083,0.97,0.12004817987152035,0.9966666666666667,0.11937901498929336,0.9911111111111112,0.1181745182012848,0.9811111111111112,0.11710385438972162,0.9722222222222222,0.117906852248394,0.9788888888888889,0.1181745182012848,0.9811111111111112,0.11964668094218416,0.9933333333333333,0.11763918629550321,0.9766666666666667,0.11763918629550321,0.9766666666666667,0.11870985010706638,0.9855555555555555,0.11924518201284796,0.99,0.11777301927194861,0.9777777777777777,0.12018201284796574,0.9977777777777778,0.11991434689507495,0.9955555555555555,0.11870985010706638,0.9855555555555555,0.12018201284796574,0.9977777777777778,0.11763918629550321,0.9766666666666667,0.11911134903640257,0.9888888888888889,0.12018201284796574,0.9977777777777778,0.11964668094218416,0.9933333333333333,0.11964668094218416,0.9933333333333333,0.11857601713062098,0.9844444444444445,0.11857601713062098,0.9844444444444445,0.11589935760171306,0.9622222222222222,0.11897751605995717,0.9877777777777778,0.11924518201284796,0.99,0.11964668094218416,0.9933333333333333,0.1181745182012848,0.9811111111111112,0.11964668094218416,0.9933333333333333,0.11978051391862955,0.9944444444444445,0.11911134903640257,0.9888888888888889,0.12031584582441114,0.9988888888888889,0.12031584582441114,0.9988888888888889,0.11964668094218416,0.9933333333333333,0.12018201284796574,0.9977777777777778,0.117906852248394,0.9788888888888889,0.12031584582441114,0.9988888888888889,0.11991434689507495,0.9955555555555555,0.12031584582441114,0.9988888888888889,0.11951284796573876,0.9922222222222222,0.12031584582441114,0.9988888888888889,0.12018201284796574,0.9977777777777778,0.12031584582441114,0.9988888888888889,0.11737152034261242,0.9744444444444444,0.11737152034261242,0.9744444444444444,0.117906852248394,0.9788888888888889,0.117906852248394,0.9788888888888889,0.11643468950749465,0.9666666666666667,0.11991434689507495,0.9955555555555555,0.11911134903640257,0.9888888888888889,0.11897751605995717,0.9877777777777778,0.11563169164882227,0.96,0.11737152034261242,0.9744444444444444,0.11723768736616702,0.9733333333333334,0.11978051391862955,0.9944444444444445,0.11763918629550321,0.9766666666666667,0.11763918629550321,0.9766666666666667,0.12018201284796574,0.9977777777777778,0.12004817987152035,0.9966666666666667,0.11710385438972162,0.9722222222222222,0.12031584582441114,0.9988888888888889,0.11991434689507495,0.9955555555555555,0.11937901498929336,0.9911111111111112,0.11710385438972162,0.9722222222222222,0.11777301927194861,0.9777777777777777,0.1184421841541756,0.9833333333333333,0.12018201284796574,0.9977777777777778,0.11978051391862955,0.9944444444444445,0.11978051391862955,0.9944444444444445,0.12031584582441114,0.9988888888888889,0.12031584582441114,0.9988888888888889,0.11683618843683083,0.97,0.12018201284796574,0.9977777777777778,0.12044967880085652,1.0,0.12018201284796574,0.9977777777777778,0.11991434689507495,0.9955555555555555,0.11991434689507495,0.9955555555555555,0.12031584582441114,0.9988888888888889,0.12004817987152035,0.9966666666666667,0.11978051391862955,0.9944444444444445,0.11964668094218416,0.9933333333333333,0.12018201284796574,0.9977777777777778,0.12018201284796574,0.9977777777777778,0.11978051391862955,0.9944444444444445,0.12031584582441114,0.9988888888888889,0.12031584582441114,0.9988888888888889,0.12018201284796574,0.9977777777777778,0.12004817987152035,0.9966666666666667,0.11991434689507495,0.9955555555555555,0.12018201284796574,0.9977777777777778,0.12044967880085652,1.0
98,0.11749900649092596,0.9855555555555555,0.11749900649092596,0.9855555555555555,0.117366538614386,0.9844444444444445,0.11657173135514638,0.9777777777777777,0.11683666710822625,0.98,0.11922108888594515,1.0,0.11882368525632533,0.9966666666666667,0.11908862100940522,0.9988888888888889,0.11657173135514638,0.9777777777777777,0.117366538614386,0.9844444444444445,0.11776394224400583,0.9877777777777778,0.11895615313286528,0.9977777777777778,0.11710160286130614,0.9822222222222222,0.11723407073784607,0.9833333333333333,0.11776394224400583,0.9877777777777778,0.11802887799708571,0.99,0.11749900649092596,0.9855555555555555,0.11922108888594515,1.0,0.11882368525632533,0.9966666666666667,0.11908862100940522,0.9988888888888889,0.11908862100940522,0.9988888888888889,0.11710160286130614,0.9822222222222222,0.11895615313286528,0.9977777777777778,0.11908862100940522,0.9988888888888889,0.11895615313286528,0.9977777777777778,0.11895615313286528,0.9977777777777778,0.11855874950324546,0.9944444444444445,0.11855874950324546,0.9944444444444445,0.11537952046628693,0.9677777777777777,0.1186912173797854,0.9955555555555555,0.11895615313286528,0.9977777777777778,0.11895615313286528,0.9977777777777778,0.117366538614386,0.9844444444444445,0.11895615313286528,0.9977777777777778,0.11895615313286528,0.9977777777777778,0.1186912173797854,0.9955555555555555,0.11908862100940522,0.9988888888888889,0.11908862100940522,0.9988888888888889,0.11842628162670553,0.9933333333333333,0.11895615313286528,0.9977777777777778,0.11696913498476619,0.9811111111111112,0.11922108888594515,1.0,0.11895615313286528,0.9977777777777778,0.11908862100940522,0.9988888888888889,0.11829381375016558,0.9922222222222222,0.11908862100940522,0.9988888888888889,0.11908862100940522,0.9988888888888889,0.11922108888594515,1.0,0.11683666710822625,0.98,0.11683666710822625,0.98,0.11749900649092596,0.9855555555555555,0.117366538614386,0.9844444444444445,0.11617432772552656,0.9744444444444444,0.11895615313286528,0.9977777777777778,0.1186912173797854,0.9955555555555555,0.1186912173797854,0.9955555555555555,0.11590939197244668,0.9722222222222222,0.11683666710822625,0.98,0.11816134587362565,0.9911111111111112,0.11895615313286528,0.9977777777777778,0.11683666710822625,0.98,0.11683666710822625,0.98,0.11908862100940522,0.9988888888888889,0.11908862100940522,0.9988888888888889,0.11763147436746589,0.9866666666666667,0.11922108888594515,1.0,0.11882368525632533,0.9966666666666667,0.11895615313286528,0.9977777777777778,0.11710160286130614,0.9822222222222222,0.11683666710822625,0.98,0.11816134587362565,0.9911111111111112,0.11908862100940522,0.9988888888888889,0.1186912173797854,0.9955555555555555,0.1186912173797854,0.9955555555555555,0.11908862100940522,0.9988888888888889,0.11908862100940522,0.9988888888888889,0.11683666710822625,0.98,0.11908862100940522,0.9988888888888889,0.11922108888594515,1.0,0.11908862100940522,0.9988888888888889,0.11882368525632533,0.9966666666666667,0.11895615313286528,0.9977777777777778,0.11908862100940522,0.9988888888888889,0.11908862100940522,0.9988888888888889,0.1186912173797854,0.9955555555555555,0.1186912173797854,0.9955555555555555,0.11908862100940522,0.9988888888888889,0.11908862100940522,0.9988888888888889,0.11882368525632533,0.9966666666666667,0.11922108888594515,1.0,0.11922108888594515,1.0,0.11908862100940522,0.9988888888888889,0.11882368525632533,0.9966666666666667,0.11895615313286528,0.9977777777777778,0.11908862100940522,0.9988888888888889,0.11922108888594515,1.0
99,0.11723052714398112,0.9933333333333333,0.11723052714398112,0.9933333333333333,0.11696826645685812,0.9911111111111112,0.11683713611329662,0.99,0.11670600576973511,0.9888888888888889,0.11801730920535011,1.0,0.11801730920535011,1.0,0.11801730920535011,1.0,0.11631261473905062,0.9855555555555555,0.11723052714398112,0.9933333333333333,0.11801730920535011,1.0,0.11801730920535011,1.0,0.11709939680041961,0.9922222222222222,0.11709939680041961,0.9922222222222222,0.11670600576973511,0.9888888888888889,0.11683713611329662,0.99,0.11762391817466562,0.9966666666666667,0.11801730920535011,1.0,0.11801730920535011,1.0,0.11801730920535011,1.0,0.11788617886178862,0.9988888888888889,0.11709939680041961,0.9922222222222222,0.11801730920535011,1.0,0.11788617886178862,0.9988888888888889,0.11801730920535011,1.0,0.11801730920535011,1.0,0.11801730920535011,1.0,0.11801730920535011,1.0,0.11578809336480461,0.9811111111111112,0.11775504851822712,0.9977777777777778,0.11801730920535011,1.0,0.11801730920535011,1.0,0.11709939680041961,0.9922222222222222,0.11801730920535011,1.0,0.11801730920535011,1.0,0.11788617886178862,0.9988888888888889,0.11801730920535011,1.0,0.11801730920535011,1.0,0.11788617886178862,0.9988888888888889,0.11801730920535011,1.0,0.11657487542617362,0.9877777777777778,0.11801730920535011,1.0,0.11788617886178862,0.9988888888888889,0.11801730920535011,1.0,0.11709939680041961,0.9922222222222222,0.11801730920535011,1.0,0.11801730920535011,1.0,0.11801730920535011,1.0,0.11657487542617362,0.9877777777777778,0.11657487542617362,0.9877777777777778,0.11696826645685812,0.9911111111111112,0.11696826645685812,0.9911111111111112,0.11644374508261211,0.9866666666666667,0.11801730920535011,1.0,0.11801730920535011,1.0,0.11775504851822712,0.9977777777777778,0.11631261473905062,0.9855555555555555,0.11657487542617362,0.9877777777777778,0.11775504851822712,0.9977777777777778,0.11801730920535011,1.0,0.11670600576973511,0.9888888888888889,0.11670600576973511,0.9888888888888889,0.11788617886178862,0.9988888888888889,0.11788617886178862,0.9988888888888889,0.11709939680041961,0.9922222222222222,0.11801730920535011,1.0,0.11801730920535011,1.0,0.11788617886178862,0.9988888888888889,0.11683713611329662,0.99,0.11670600576973511,0.9888888888888889,0.11775504851822712,0.9977777777777778,0.11788617886178862,0.9988888888888889,0.11762391817466562,0.9966666666666667,0.11762391817466562,0.9966666666666667,0.11788617886178862,0.9988888888888889,0.11788617886178862,0.9988888888888889,0.11670600576973511,0.9888888888888889,0.11788617886178862,0.9988888888888889,0.11801730920535011,1.0,0.11788617886178862,0.9988888888888889,0.11775504851822712,0.9977777777777778,0.11788617886178862,0.9988888888888889,0.11801730920535011,1.0,0.11801730920535011,1.0,0.11762391817466562,0.9966666666666667,0.11762391817466562,0.9966666666666667,0.11788617886178862,0.9988888888888889,0.11788617886178862,0.9988888888888889,0.11775504851822712,0.9977777777777778,0.11801730920535011,1.0,0.11801730920535011,1.0,0.11788617886178862,0.9988888888888889,0.11788617886178862,0.9988888888888889,0.11788617886178862,0.9988888888888889,0.11801730920535011,1.0,0.11801730920535011,1.0
100,0.11682242990654206,1.0,0.11682242990654206,1.0,0.11682242990654206,1.0,0.11682242990654206,1.0,0.11682242990654206,1.0,0.11682242990654206,1.0,0.11682242990654206,1.0,0.11682242990654206,1.0,0.11682242990654206,1.0,0.11682242990654206,1.0,0.11682242990654206,1.0,0.11682242990654206,1.0,0.11682242990654206,1.0,0.11682242990654206,1.0,0.11682242990654206,1.0,0.11682242990654206,1.0,0.11682242990654206,1.0,0.11682242990654206,1.0,0.11682242990654206,1.0,0.11682242990654206,1.0,0.11682242990654206,1.0,0.11682242990654206,1.0,0.11682242990654206,1.0,0.11682242990654206,1.0,0.11682242990654206,1.0,0.11682242990654206,1.0,0.11682242990654206,1.0,0.11682242990654206,1.0,0.11682242990654206,1.0,0.11682242990654206,1.0,0.11682242990654206,1.0,0.11682242990654206,1.0,0.11682242990654206,1.0,0.11682242990654206,1.0,0.11682242990654206,1.0,0.11682242990654206,1.0,0.11682242990654206,1.0,0.11682242990654206,1.0,0.11682242990654206,1.0,0.11682242990654206,1.0,0.11682242990654206,1.0,0.11682242990654206,1.0,0.11682242990654206,1.0,0.11682242990654206,1.0,0.11682242990654206,1.0,0.11682242990654206,1.0,0.11682242990654206,1.0,0.11682242990654206,1.0,0.11682242990654206,1.0,0.11682242990654206,1.0,0.11682242990654206,1.0,0.11682242990654206,1.0,0.11682242990654206,1.0,0.11682242990654206,1.0,0.11682242990654206,1.0,0.11682242990654206,1.0,0.11682242990654206,1.0,0.11682242990654206,1.0,0.11682242990654206,1.0,0.11682242990654206,1.0,0.11682242990654206,1.0,0.11682242990654206,1.0,0.11682242990654206,1.0,0.11682242990654206,1.0,0.11682242990654206,1.0,0.11682242990654206,1.0,0.11682242990654206,1.0,0.11682242990654206,1.0,0.11682242990654206,1.0,0.11682242990654206,1.0,0.11682242990654206,1.0,0.11682242990654206,1.0,0.11682242990654206,1.0,0.11682242990654206,1.0,0.11682242990654206,1.0,0.11682242990654206,1.0,0.11682242990654206,1.0,0.11682242990654206,1.0,0.11682242990654206,1.0,0.11682242990654206,1.0,0.11682242990654206,1.0,0.11682242990654206,1.0,0.11682242990654206,1.0,0.11682242990654206,1.0,0.11682242990654206,1.0,0.11682242990654206,1.0,0.11682242990654206,1.0,0.11682242990654206,1.0,0.11682242990654206,1.0,0.11682242990654206,1.0,0.11682242990654206,1.0,0.11682242990654206,1.0,0.11682242990654206,1.0,0.11682242990654206,1.0,0.11682242990654206,1.0,0.11682242990654206,1.0
