Top_Percent,aaindex_Linear_HitRate,aaindex_Linear_Recall,aaindex_Ridge_HitRate,aaindex_Ridge_Recall,aaindex_Lasso_HitRate,aaindex_Lasso_Recall,aaindex_ElasticNet_HitRate,aaindex_ElasticNet_Recall,aaindex_NeuralNet_HitRate,aaindex_NeuralNet_Recall,aaindex_RandomForest_HitRate,aaindex_RandomForest_Recall,aaindex_XGBoost_HitRate,aaindex_XGBoost_Recall,aaindex_KNN_HitRate,aaindex_KNN_Recall,aaindex_GaussianProcess_HitRate,aaindex_GaussianProcess_Recall,aaindex_PLSRegression_HitRate,aaindex_PLSRegression_Recall,aaindex_SVR_HitRate,aaindex_SVR_Recall,aaindex_ExtraTrees_HitRate,aaindex_ExtraTrees_Recall,aaindex_with_esm_Linear_HitRate,aaindex_with_esm_Linear_Recall,aaindex_with_esm_Ridge_HitRate,aaindex_with_esm_Ridge_Recall,aaindex_with_esm_Lasso_HitRate,aaindex_with_esm_Lasso_Recall,aaindex_with_esm_ElasticNet_HitRate,aaindex_with_esm_ElasticNet_Recall,aaindex_with_esm_NeuralNet_HitRate,aaindex_with_esm_NeuralNet_Recall,aaindex_with_esm_RandomForest_HitRate,aaindex_with_esm_RandomForest_Recall,aaindex_with_esm_XGBoost_HitRate,aaindex_with_esm_XGBoost_Recall,aaindex_with_esm_KNN_HitRate,aaindex_with_esm_KNN_Recall,aaindex_with_esm_GaussianProcess_HitRate,aaindex_with_esm_GaussianProcess_Recall,aaindex_with_esm_PLSRegression_HitRate,aaindex_with_esm_PLSRegression_Recall,aaindex_with_esm_SVR_HitRate,aaindex_with_esm_SVR_Recall,aaindex_with_esm_ExtraTrees_HitRate,aaindex_with_esm_ExtraTrees_Recall,onehot_Linear_HitRate,onehot_Linear_Recall,onehot_Ridge_HitRate,onehot_Ridge_Recall,onehot_Lasso_HitRate,onehot_Lasso_Recall,onehot_ElasticNet_HitRate,onehot_ElasticNet_Recall,onehot_NeuralNet_HitRate,onehot_NeuralNet_Recall,onehot_RandomForest_HitRate,onehot_RandomForest_Recall,onehot_XGBoost_HitRate,onehot_XGBoost_Recall,onehot_KNN_HitRate,onehot_KNN_Recall,onehot_GaussianProcess_HitRate,onehot_GaussianProcess_Recall,onehot_PLSRegression_HitRate,onehot_PLSRegression_Recall,onehot_SVR_HitRate,onehot_SVR_Recall,onehot_ExtraTrees_HitRate,onehot_ExtraTrees_Recall,onehot_with_esm_Linear_HitRate,onehot_with_esm_Linear_Recall,onehot_with_esm_Ridge_HitRate,onehot_with_esm_Ridge_Recall,onehot_with_esm_Lasso_HitRate,onehot_with_esm_Lasso_Recall,onehot_with_esm_ElasticNet_HitRate,onehot_with_esm_ElasticNet_Recall,onehot_with_esm_NeuralNet_HitRate,onehot_with_esm_NeuralNet_Recall,onehot_with_esm_RandomForest_HitRate,onehot_with_esm_RandomForest_Recall,onehot_with_esm_XGBoost_HitRate,onehot_with_esm_XGBoost_Recall,onehot_with_esm_KNN_HitRate,onehot_with_esm_KNN_Recall,onehot_with_esm_GaussianProcess_HitRate,onehot_with_esm_GaussianProcess_Recall,onehot_with_esm_PLSRegression_HitRate,onehot_with_esm_PLSRegression_Recall,onehot_with_esm_SVR_HitRate,onehot_with_esm_SVR_Recall,onehot_with_esm_ExtraTrees_HitRate,onehot_with_esm_ExtraTrees_Recall,georgiev_Linear_HitRate,georgiev_Linear_Recall,georgiev_Ridge_HitRate,georgiev_Ridge_Recall,georgiev_Lasso_HitRate,georgiev_Lasso_Recall,georgiev_ElasticNet_HitRate,georgiev_ElasticNet_Recall,georgiev_NeuralNet_HitRate,georgiev_NeuralNet_Recall,georgiev_RandomForest_HitRate,georgiev_RandomForest_Recall,georgiev_XGBoost_HitRate,georgiev_XGBoost_Recall,georgiev_KNN_HitRate,georgiev_KNN_Recall,georgiev_GaussianProcess_HitRate,georgiev_GaussianProcess_Recall,georgiev_PLSRegression_HitRate,georgiev_PLSRegression_Recall,georgiev_SVR_HitRate,georgiev_SVR_Recall,georgiev_ExtraTrees_HitRate,georgiev_ExtraTrees_Recall,georgiev_with_esm_Linear_HitRate,georgiev_with_esm_Linear_Recall,georgiev_with_esm_Ridge_HitRate,georgiev_with_esm_Ridge_Recall,georgiev_with_esm_Lasso_HitRate,georgiev_with_esm_Lasso_Recall,georgiev_with_esm_ElasticNet_HitRate,georgiev_with_esm_ElasticNet_Recall,georgiev_with_esm_NeuralNet_HitRate,georgiev_with_esm_NeuralNet_Recall,georgiev_with_esm_RandomForest_HitRate,georgiev_with_esm_RandomForest_Recall,georgiev_with_esm_XGBoost_HitRate,georgiev_with_esm_XGBoost_Recall,georgiev_with_esm_KNN_HitRate,georgiev_with_esm_KNN_Recall,georgiev_with_esm_GaussianProcess_HitRate,georgiev_with_esm_GaussianProcess_Recall,georgiev_with_esm_PLSRegression_HitRate,georgiev_with_esm_PLSRegression_Recall,georgiev_with_esm_SVR_HitRate,georgiev_with_esm_SVR_Recall,georgiev_with_esm_ExtraTrees_HitRate,georgiev_with_esm_ExtraTrees_Recall,prott5_Linear_HitRate,prott5_Linear_Recall,prott5_Ridge_HitRate,prott5_Ridge_Recall,prott5_Lasso_HitRate,prott5_Lasso_Recall,prott5_ElasticNet_HitRate,prott5_ElasticNet_Recall,prott5_NeuralNet_HitRate,prott5_NeuralNet_Recall,prott5_RandomForest_HitRate,prott5_RandomForest_Recall,prott5_XGBoost_HitRate,prott5_XGBoost_Recall,prott5_KNN_HitRate,prott5_KNN_Recall,prott5_GaussianProcess_HitRate,prott5_GaussianProcess_Recall,prott5_PLSRegression_HitRate,prott5_PLSRegression_Recall,prott5_SVR_HitRate,prott5_SVR_Recall,prott5_ExtraTrees_HitRate,prott5_ExtraTrees_Recall,prott5_with_esm_Linear_HitRate,prott5_with_esm_Linear_Recall,prott5_with_esm_Ridge_HitRate,prott5_with_esm_Ridge_Recall,prott5_with_esm_Lasso_HitRate,prott5_with_esm_Lasso_Recall,prott5_with_esm_ElasticNet_HitRate,prott5_with_esm_ElasticNet_Recall,prott5_with_esm_NeuralNet_HitRate,prott5_with_esm_NeuralNet_Recall,prott5_with_esm_RandomForest_HitRate,prott5_with_esm_RandomForest_Recall,prott5_with_esm_XGBoost_HitRate,prott5_with_esm_XGBoost_Recall,prott5_with_esm_KNN_HitRate,prott5_with_esm_KNN_Recall,prott5_with_esm_GaussianProcess_HitRate,prott5_with_esm_GaussianProcess_Recall,prott5_with_esm_PLSRegression_HitRate,prott5_with_esm_PLSRegression_Recall,prott5_with_esm_SVR_HitRate,prott5_with_esm_SVR_Recall,prott5_with_esm_ExtraTrees_HitRate,prott5_with_esm_ExtraTrees_Recall
1,0.16666666666666666,0.007042253521126761,0.16666666666666666,0.007042253521126761,0.08333333333333333,0.0035211267605633804,0.08333333333333333,0.0035211267605633804,0.16666666666666666,0.007042253521126761,0.9166666666666666,0.03873239436619718,0.75,0.03169014084507042,0.8333333333333334,0.035211267605633804,0.5833333333333334,0.02464788732394366,0.16666666666666666,0.007042253521126761,0.5833333333333334,0.02464788732394366,0.5833333333333334,0.02464788732394366,0.16666666666666666,0.007042253521126761,0.16666666666666666,0.007042253521126761,0.16666666666666666,0.007042253521126761,0.0,0.0,0.16666666666666666,0.007042253521126761,0.75,0.03169014084507042,0.5,0.02112676056338028,0.8333333333333334,0.035211267605633804,0.5833333333333334,0.02464788732394366,0.16666666666666666,0.007042253521126761,0.75,0.03169014084507042,0.75,0.03169014084507042,0.9166666666666666,0.03873239436619718,0.9166666666666666,0.03873239436619718,0.6666666666666666,0.028169014084507043,0.5833333333333334,0.02464788732394366,0.0,0.0,0.6666666666666666,0.028169014084507043,0.6666666666666666,0.028169014084507043,1.0,0.04225352112676056,0.5833333333333334,0.02464788732394366,0.8333333333333334,0.035211267605633804,0.9166666666666666,0.03873239436619718,0.75,0.03169014084507042,0.5,0.02112676056338028,0.5,0.02112676056338028,0.3333333333333333,0.014084507042253521,0.25,0.01056338028169014,0.9166666666666666,0.03873239436619718,0.75,0.03169014084507042,0.6666666666666666,0.028169014084507043,0.6666666666666666,0.028169014084507043,0.5833333333333334,0.02464788732394366,0.5,0.02112676056338028,0.3333333333333333,0.014084507042253521,0.75,0.03169014084507042,0.08333333333333333,0.0035211267605633804,0.08333333333333333,0.0035211267605633804,0.08333333333333333,0.0035211267605633804,0.16666666666666666,0.007042253521126761,0.25,0.01056338028169014,0.75,0.03169014084507042,0.6666666666666666,0.028169014084507043,0.8333333333333334,0.035211267605633804,0.6666666666666666,0.028169014084507043,0.08333333333333333,0.0035211267605633804,0.6666666666666666,0.028169014084507043,0.8333333333333334,0.035211267605633804,0.08333333333333333,0.0035211267605633804,0.08333333333333333,0.0035211267605633804,0.25,0.01056338028169014,0.0,0.0,0.4166666666666667,0.017605633802816902,0.8333333333333334,0.035211267605633804,0.3333333333333333,0.014084507042253521,0.8333333333333334,0.035211267605633804,0.75,0.03169014084507042,0.08333333333333333,0.0035211267605633804,0.6666666666666666,0.028169014084507043,0.8333333333333334,0.035211267605633804,0.16666666666666666,0.007042253521126761,0.25,0.01056338028169014,0.25,0.01056338028169014,0.25,0.01056338028169014,0.08333333333333333,0.0035211267605633804,0.5833333333333334,0.02464788732394366,0.5833333333333334,0.02464788732394366,0.5,0.02112676056338028,0.3333333333333333,0.014084507042253521,0.5,0.02112676056338028,0.25,0.01056338028169014,0.5,0.02112676056338028,0.16666666666666666,0.007042253521126761,0.25,0.01056338028169014,0.25,0.01056338028169014,0.3333333333333333,0.014084507042253521,0.0,0.0,0.75,0.03169014084507042,0.6666666666666666,0.028169014084507043,0.5,0.02112676056338028,0.3333333333333333,0.014084507042253521,0.4166666666666667,0.017605633802816902,0.4166666666666667,0.017605633802816902,0.75,0.03169014084507042
2,0.32,0.028169014084507043,0.32,0.028169014084507043,0.12,0.01056338028169014,0.16,0.014084507042253521,0.36,0.03169014084507042,0.92,0.08098591549295775,0.64,0.056338028169014086,0.88,0.07746478873239436,0.4,0.035211267605633804,0.32,0.028169014084507043,0.6,0.0528169014084507,0.8,0.07042253521126761,0.28,0.02464788732394366,0.28,0.02464788732394366,0.24,0.02112676056338028,0.16,0.014084507042253521,0.32,0.028169014084507043,0.72,0.06338028169014084,0.48,0.04225352112676056,0.8,0.07042253521126761,0.4,0.035211267605633804,0.28,0.02464788732394366,0.68,0.05985915492957746,0.84,0.07394366197183098,0.88,0.07746478873239436,0.88,0.07746478873239436,0.64,0.056338028169014086,0.64,0.056338028169014086,0.2,0.017605633802816902,0.76,0.06690140845070422,0.68,0.05985915492957746,0.92,0.08098591549295775,0.6,0.0528169014084507,0.88,0.07746478873239436,0.88,0.07746478873239436,0.76,0.06690140845070422,0.56,0.04929577464788732,0.56,0.04929577464788732,0.28,0.02464788732394366,0.28,0.02464788732394366,0.72,0.06338028169014084,0.72,0.06338028169014084,0.56,0.04929577464788732,0.48,0.04225352112676056,0.48,0.04225352112676056,0.56,0.04929577464788732,0.44,0.03873239436619718,0.84,0.07394366197183098,0.12,0.01056338028169014,0.12,0.01056338028169014,0.04,0.0035211267605633804,0.12,0.01056338028169014,0.2,0.017605633802816902,0.88,0.07746478873239436,0.64,0.056338028169014086,0.84,0.07394366197183098,0.6,0.0528169014084507,0.12,0.01056338028169014,0.64,0.056338028169014086,0.84,0.07394366197183098,0.24,0.02112676056338028,0.24,0.02112676056338028,0.4,0.035211267605633804,0.16,0.014084507042253521,0.28,0.02464788732394366,0.84,0.07394366197183098,0.56,0.04929577464788732,0.8,0.07042253521126761,0.64,0.056338028169014086,0.2,0.017605633802816902,0.56,0.04929577464788732,0.88,0.07746478873239436,0.2,0.017605633802816902,0.28,0.02464788732394366,0.28,0.02464788732394366,0.32,0.028169014084507043,0.08,0.007042253521126761,0.6,0.0528169014084507,0.6,0.0528169014084507,0.36,0.03169014084507042,0.28,0.02464788732394366,0.36,0.03169014084507042,0.28,0.02464788732394366,0.4,0.035211267605633804,0.2,0.017605633802816902,0.24,0.02112676056338028,0.28,0.02464788732394366,0.32,0.028169014084507043,0.16,0.014084507042253521,0.56,0.04929577464788732,0.56,0.04929577464788732,0.4,0.035211267605633804,0.32,0.028169014084507043,0.4,0.035211267605633804,0.36,0.03169014084507042,0.64,0.056338028169014086
3,0.3684210526315789,0.04929577464788732,0.3684210526315789,0.04929577464788732,0.18421052631578946,0.02464788732394366,0.2631578947368421,0.035211267605633804,0.3157894736842105,0.04225352112676056,0.868421052631579,0.11619718309859155,0.47368421052631576,0.06338028169014084,0.6052631578947368,0.08098591549295775,0.39473684210526316,0.0528169014084507,0.3684210526315789,0.04929577464788732,0.47368421052631576,0.06338028169014084,0.8157894736842105,0.10915492957746478,0.2894736842105263,0.03873239436619718,0.2894736842105263,0.03873239436619718,0.39473684210526316,0.0528169014084507,0.21052631578947367,0.028169014084507043,0.34210526315789475,0.045774647887323945,0.6578947368421053,0.0880281690140845,0.47368421052631576,0.06338028169014084,0.631578947368421,0.08450704225352113,0.39473684210526316,0.0528169014084507,0.2894736842105263,0.03873239436619718,0.5263157894736842,0.07042253521126761,0.8421052631578947,0.11267605633802817,0.9210526315789473,0.12323943661971831,0.9210526315789473,0.12323943661971831,0.5526315789473685,0.07394366197183098,0.5526315789473685,0.07394366197183098,0.13157894736842105,0.017605633802816902,0.8421052631578947,0.11267605633802817,0.5526315789473685,0.07394366197183098,0.8157894736842105,0.10915492957746478,0.42105263157894735,0.056338028169014086,0.8947368421052632,0.11971830985915492,0.9210526315789473,0.12323943661971831,0.8157894736842105,0.10915492957746478,0.5526315789473685,0.07394366197183098,0.5526315789473685,0.07394366197183098,0.3684210526315789,0.04929577464788732,0.4473684210526316,0.05985915492957746,0.631578947368421,0.08450704225352113,0.7368421052631579,0.09859154929577464,0.5263157894736842,0.07042253521126761,0.39473684210526316,0.0528169014084507,0.4473684210526316,0.05985915492957746,0.5526315789473685,0.07394366197183098,0.4473684210526316,0.05985915492957746,0.8421052631578947,0.11267605633802817,0.2631578947368421,0.035211267605633804,0.2631578947368421,0.035211267605633804,0.07894736842105263,0.01056338028169014,0.18421052631578946,0.02464788732394366,0.23684210526315788,0.03169014084507042,0.868421052631579,0.11619718309859155,0.5263157894736842,0.07042253521126761,0.8157894736842105,0.10915492957746478,0.5526315789473685,0.07394366197183098,0.2631578947368421,0.035211267605633804,0.5263157894736842,0.07042253521126761,0.8421052631578947,0.11267605633802817,0.2631578947368421,0.035211267605633804,0.2631578947368421,0.035211267605633804,0.4473684210526316,0.05985915492957746,0.18421052631578946,0.02464788732394366,0.23684210526315788,0.03169014084507042,0.7368421052631579,0.09859154929577464,0.5,0.06690140845070422,0.6842105263157895,0.09154929577464789,0.5263157894736842,0.07042253521126761,0.2631578947368421,0.035211267605633804,0.5263157894736842,0.07042253521126761,0.8157894736842105,0.10915492957746478,0.2631578947368421,0.035211267605633804,0.2894736842105263,0.03873239436619718,0.2894736842105263,0.03873239436619718,0.2894736842105263,0.03873239436619718,0.13157894736842105,0.017605633802816902,0.5789473684210527,0.07746478873239436,0.631578947368421,0.08450704225352113,0.3157894736842105,0.04225352112676056,0.2631578947368421,0.035211267605633804,0.34210526315789475,0.045774647887323945,0.2631578947368421,0.035211267605633804,0.42105263157894735,0.056338028169014086,0.2631578947368421,0.035211267605633804,0.2894736842105263,0.03873239436619718,0.2631578947368421,0.035211267605633804,0.2631578947368421,0.035211267605633804,0.21052631578947367,0.028169014084507043,0.5,0.06690140845070422,0.47368421052631576,0.06338028169014084,0.3684210526315789,0.04929577464788732,0.2631578947368421,0.035211267605633804,0.3684210526315789,0.04929577464788732,0.34210526315789475,0.045774647887323945,0.47368421052631576,0.06338028169014084
4,0.3,0.0528169014084507,0.3,0.0528169014084507,0.3,0.0528169014084507,0.32,0.056338028169014086,0.26,0.045774647887323945,0.82,0.1443661971830986,0.36,0.06338028169014084,0.62,0.10915492957746478,0.38,0.06690140845070422,0.3,0.0528169014084507,0.46,0.08098591549295775,0.84,0.14788732394366197,0.28,0.04929577464788732,0.28,0.04929577464788732,0.4,0.07042253521126761,0.32,0.056338028169014086,0.26,0.045774647887323945,0.68,0.11971830985915492,0.5,0.0880281690140845,0.64,0.11267605633802817,0.38,0.06690140845070422,0.28,0.04929577464788732,0.48,0.08450704225352113,0.76,0.13380281690140844,0.92,0.1619718309859155,0.9,0.15845070422535212,0.42,0.07394366197183098,0.48,0.08450704225352113,0.1,0.017605633802816902,0.86,0.15140845070422534,0.46,0.08098591549295775,0.66,0.11619718309859155,0.4,0.07042253521126761,0.9,0.15845070422535212,0.9,0.15845070422535212,0.8,0.14084507042253522,0.52,0.09154929577464789,0.52,0.09154929577464789,0.42,0.07394366197183098,0.46,0.08098591549295775,0.58,0.10211267605633803,0.72,0.1267605633802817,0.48,0.08450704225352113,0.34,0.05985915492957746,0.4,0.07042253521126761,0.52,0.09154929577464789,0.48,0.08450704225352113,0.82,0.1443661971830986,0.26,0.045774647887323945,0.26,0.045774647887323945,0.18,0.03169014084507042,0.26,0.045774647887323945,0.26,0.045774647887323945,0.82,0.1443661971830986,0.42,0.07394366197183098,0.7,0.12323943661971831,0.52,0.09154929577464789,0.26,0.045774647887323945,0.48,0.08450704225352113,0.86,0.15140845070422534,0.28,0.04929577464788732,0.28,0.04929577464788732,0.42,0.07394366197183098,0.3,0.0528169014084507,0.26,0.045774647887323945,0.68,0.11971830985915492,0.52,0.09154929577464789,0.54,0.09507042253521127,0.44,0.07746478873239436,0.28,0.04929577464788732,0.48,0.08450704225352113,0.74,0.13028169014084506,0.22,0.03873239436619718,0.3,0.0528169014084507,0.28,0.04929577464788732,0.28,0.04929577464788732,0.18,0.03169014084507042,0.5,0.0880281690140845,0.56,0.09859154929577464,0.42,0.07394366197183098,0.32,0.056338028169014086,0.34,0.05985915492957746,0.28,0.04929577464788732,0.42,0.07394366197183098,0.26,0.045774647887323945,0.32,0.056338028169014086,0.3,0.0528169014084507,0.3,0.0528169014084507,0.22,0.03873239436619718,0.48,0.08450704225352113,0.52,0.09154929577464789,0.42,0.07394366197183098,0.32,0.056338028169014086,0.44,0.07746478873239436,0.34,0.05985915492957746,0.42,0.07394366197183098
5,0.25396825396825395,0.056338028169014086,0.25396825396825395,0.056338028169014086,0.2698412698412698,0.05985915492957746,0.2698412698412698,0.05985915492957746,0.2222222222222222,0.04929577464788732,0.7936507936507936,0.176056338028169,0.2857142857142857,0.06338028169014084,0.6349206349206349,0.14084507042253522,0.36507936507936506,0.08098591549295775,0.25396825396825395,0.056338028169014086,0.4126984126984127,0.09154929577464789,0.8253968253968254,0.18309859154929578,0.2698412698412698,0.05985915492957746,0.2698412698412698,0.05985915492957746,0.3968253968253968,0.0880281690140845,0.36507936507936506,0.08098591549295775,0.2222222222222222,0.04929577464788732,0.6825396825396826,0.15140845070422534,0.49206349206349204,0.10915492957746478,0.6349206349206349,0.14084507042253522,0.36507936507936506,0.08098591549295775,0.2698412698412698,0.05985915492957746,0.4444444444444444,0.09859154929577464,0.6984126984126984,0.15492957746478872,0.7777777777777778,0.17253521126760563,0.7777777777777778,0.17253521126760563,0.3492063492063492,0.07746478873239436,0.38095238095238093,0.08450704225352113,0.1111111111111111,0.02464788732394366,0.8571428571428571,0.19014084507042253,0.38095238095238093,0.08450704225352113,0.5873015873015873,0.13028169014084506,0.36507936507936506,0.08098591549295775,0.7777777777777778,0.17253521126760563,0.7777777777777778,0.17253521126760563,0.8095238095238095,0.1795774647887324,0.5396825396825397,0.11971830985915492,0.5396825396825397,0.11971830985915492,0.4444444444444444,0.09859154929577464,0.4444444444444444,0.09859154929577464,0.5396825396825397,0.11971830985915492,0.6666666666666666,0.14788732394366197,0.49206349206349204,0.10915492957746478,0.4126984126984127,0.09154929577464789,0.3492063492063492,0.07746478873239436,0.5396825396825397,0.11971830985915492,0.5079365079365079,0.11267605633802817,0.6825396825396826,0.15140845070422534,0.2857142857142857,0.06338028169014084,0.2857142857142857,0.06338028169014084,0.25396825396825395,0.056338028169014086,0.2857142857142857,0.06338028169014084,0.2698412698412698,0.05985915492957746,0.7777777777777778,0.17253521126760563,0.3333333333333333,0.07394366197183098,0.6666666666666666,0.14788732394366197,0.4603174603174603,0.10211267605633803,0.2698412698412698,0.05985915492957746,0.4444444444444444,0.09859154929577464,0.7619047619047619,0.16901408450704225,0.31746031746031744,0.07042253521126761,0.31746031746031744,0.07042253521126761,0.42857142857142855,0.09507042253521127,0.3333333333333333,0.07394366197183098,0.2698412698412698,0.05985915492957746,0.6666666666666666,0.14788732394366197,0.49206349206349204,0.10915492957746478,0.5238095238095238,0.11619718309859155,0.3968253968253968,0.0880281690140845,0.3333333333333333,0.07394366197183098,0.4444444444444444,0.09859154929577464,0.6825396825396826,0.15140845070422534,0.25396825396825395,0.056338028169014086,0.25396825396825395,0.056338028169014086,0.23809523809523808,0.0528169014084507,0.23809523809523808,0.0528169014084507,0.19047619047619047,0.04225352112676056,0.4444444444444444,0.09859154929577464,0.5238095238095238,0.11619718309859155,0.3492063492063492,0.07746478873239436,0.3333333333333333,0.07394366197183098,0.3492063492063492,0.07746478873239436,0.3333333333333333,0.07394366197183098,0.38095238095238093,0.08450704225352113,0.2857142857142857,0.06338028169014084,0.30158730158730157,0.06690140845070422,0.30158730158730157,0.06690140845070422,0.30158730158730157,0.06690140845070422,0.19047619047619047,0.04225352112676056,0.4603174603174603,0.10211267605633803,0.49206349206349204,0.10915492957746478,0.38095238095238093,0.08450704225352113,0.3333333333333333,0.07394366197183098,0.3968253968253968,0.0880281690140845,0.3333333333333333,0.07394366197183098,0.4444444444444444,0.09859154929577464
6,0.25,0.06690140845070422,0.25,0.06690140845070422,0.25,0.06690140845070422,0.23684210526315788,0.06338028169014084,0.18421052631578946,0.04929577464788732,0.7105263157894737,0.19014084507042253,0.23684210526315788,0.06338028169014084,0.5394736842105263,0.1443661971830986,0.32894736842105265,0.0880281690140845,0.23684210526315788,0.06338028169014084,0.3815789473684211,0.10211267605633803,0.75,0.2007042253521127,0.2631578947368421,0.07042253521126761,0.2631578947368421,0.07042253521126761,0.4342105263157895,0.11619718309859155,0.3684210526315789,0.09859154929577464,0.19736842105263158,0.0528169014084507,0.631578947368421,0.16901408450704225,0.5263157894736842,0.14084507042253522,0.5394736842105263,0.1443661971830986,0.32894736842105265,0.0880281690140845,0.25,0.06690140845070422,0.39473684210526316,0.1056338028169014,0.6447368421052632,0.17253521126760563,0.6973684210526315,0.18661971830985916,0.6578947368421053,0.176056338028169,0.2894736842105263,0.07746478873239436,0.32894736842105265,0.0880281690140845,0.15789473684210525,0.04225352112676056,0.8157894736842105,0.21830985915492956,0.32894736842105265,0.0880281690140845,0.5657894736842105,0.15140845070422534,0.3157894736842105,0.08450704225352113,0.6710526315789473,0.1795774647887324,0.6842105263157895,0.18309859154929578,0.7763157894736842,0.20774647887323944,0.5263157894736842,0.14084507042253522,0.5263157894736842,0.14084507042253522,0.4342105263157895,0.11619718309859155,0.4473684210526316,0.11971830985915492,0.5657894736842105,0.15140845070422534,0.6447368421052632,0.17253521126760563,0.5,0.13380281690140844,0.47368421052631576,0.1267605633802817,0.35526315789473684,0.09507042253521127,0.5263157894736842,0.14084507042253522,0.5394736842105263,0.1443661971830986,0.6578947368421053,0.176056338028169,0.3026315789473684,0.08098591549295775,0.3026315789473684,0.08098591549295775,0.21052631578947367,0.056338028169014086,0.23684210526315788,0.06338028169014084,0.25,0.06690140845070422,0.7105263157894737,0.19014084507042253,0.2894736842105263,0.07746478873239436,0.631578947368421,0.16901408450704225,0.4342105263157895,0.11619718309859155,0.2894736842105263,0.07746478873239436,0.39473684210526316,0.1056338028169014,0.6973684210526315,0.18661971830985916,0.3157894736842105,0.08450704225352113,0.3157894736842105,0.08450704225352113,0.4342105263157895,0.11619718309859155,0.35526315789473684,0.09507042253521127,0.2631578947368421,0.07042253521126761,0.618421052631579,0.16549295774647887,0.5263157894736842,0.14084507042253522,0.4473684210526316,0.11971830985915492,0.3815789473684211,0.10211267605633803,0.2894736842105263,0.07746478873239436,0.42105263157894735,0.11267605633802817,0.6447368421052632,0.17253521126760563,0.27631578947368424,0.07394366197183098,0.2894736842105263,0.07746478873239436,0.2631578947368421,0.07042253521126761,0.27631578947368424,0.07394366197183098,0.18421052631578946,0.04929577464788732,0.42105263157894735,0.11267605633802817,0.5131578947368421,0.13732394366197184,0.3026315789473684,0.08098591549295775,0.3157894736842105,0.08450704225352113,0.32894736842105265,0.0880281690140845,0.32894736842105265,0.0880281690140845,0.40789473684210525,0.10915492957746478,0.27631578947368424,0.07394366197183098,0.2894736842105263,0.07746478873239436,0.2894736842105263,0.07746478873239436,0.2894736842105263,0.07746478873239436,0.2236842105263158,0.05985915492957746,0.4342105263157895,0.11619718309859155,0.5,0.13380281690140844,0.34210526315789475,0.09154929577464789,0.3026315789473684,0.08098591549295775,0.39473684210526316,0.1056338028169014,0.32894736842105265,0.0880281690140845,0.40789473684210525,0.10915492957746478
7,0.2247191011235955,0.07042253521126761,0.2247191011235955,0.07042253521126761,0.21348314606741572,0.06690140845070422,0.21348314606741572,0.06690140845070422,0.1797752808988764,0.056338028169014086,0.6629213483146067,0.20774647887323944,0.20224719101123595,0.06338028169014084,0.5168539325842697,0.1619718309859155,0.30337078651685395,0.09507042253521127,0.2247191011235955,0.07042253521126761,0.3595505617977528,0.11267605633802817,0.6741573033707865,0.2112676056338028,0.2808988764044944,0.0880281690140845,0.2808988764044944,0.0880281690140845,0.42696629213483145,0.13380281690140844,0.38202247191011235,0.11971830985915492,0.16853932584269662,0.0528169014084507,0.6067415730337079,0.19014084507042253,0.5168539325842697,0.1619718309859155,0.5168539325842697,0.1619718309859155,0.3258426966292135,0.10211267605633803,0.29213483146067415,0.09154929577464789,0.4044943820224719,0.1267605633802817,0.6067415730337079,0.19014084507042253,0.651685393258427,0.20422535211267606,0.651685393258427,0.20422535211267606,0.25842696629213485,0.08098591549295775,0.2808988764044944,0.0880281690140845,0.23595505617977527,0.07394366197183098,0.7752808988764045,0.24295774647887325,0.29213483146067415,0.09154929577464789,0.5393258426966292,0.16901408450704225,0.30337078651685395,0.09507042253521127,0.651685393258427,0.20422535211267606,0.7078651685393258,0.22183098591549297,0.7640449438202247,0.23943661971830985,0.550561797752809,0.17253521126760563,0.550561797752809,0.17253521126760563,0.42696629213483145,0.13380281690140844,0.48314606741573035,0.15140845070422534,0.550561797752809,0.17253521126760563,0.6179775280898876,0.1936619718309859,0.4943820224719101,0.15492957746478872,0.4606741573033708,0.1443661971830986,0.34831460674157305,0.10915492957746478,0.550561797752809,0.17253521126760563,0.4943820224719101,0.15492957746478872,0.6067415730337079,0.19014084507042253,0.3146067415730337,0.09859154929577464,0.3146067415730337,0.09859154929577464,0.1797752808988764,0.056338028169014086,0.20224719101123595,0.06338028169014084,0.23595505617977527,0.07394366197183098,0.6741573033707865,0.2112676056338028,0.24719101123595505,0.07746478873239436,0.6404494382022472,0.2007042253521127,0.39325842696629215,0.12323943661971831,0.29213483146067415,0.09154929577464789,0.38202247191011235,0.11971830985915492,0.6629213483146067,0.20774647887323944,0.30337078651685395,0.09507042253521127,0.30337078651685395,0.09507042253521127,0.449438202247191,0.14084507042253522,0.38202247191011235,0.11971830985915492,0.2696629213483146,0.08450704225352113,0.6067415730337079,0.19014084507042253,0.5168539325842697,0.1619718309859155,0.43820224719101125,0.13732394366197184,0.4157303370786517,0.13028169014084506,0.3146067415730337,0.09859154929577464,0.4044943820224719,0.1267605633802817,0.6292134831460674,0.19718309859154928,0.2808988764044944,0.0880281690140845,0.30337078651685395,0.09507042253521127,0.25842696629213485,0.08098591549295775,0.2808988764044944,0.0880281690140845,0.2247191011235955,0.07042253521126761,0.4044943820224719,0.1267605633802817,0.5056179775280899,0.15845070422535212,0.29213483146067415,0.09154929577464789,0.3146067415730337,0.09859154929577464,0.3595505617977528,0.11267605633802817,0.34831460674157305,0.10915492957746478,0.43820224719101125,0.13732394366197184,0.2808988764044944,0.0880281690140845,0.3146067415730337,0.09859154929577464,0.24719101123595505,0.07746478873239436,0.2696629213483146,0.08450704225352113,0.2247191011235955,0.07042253521126761,0.47191011235955055,0.14788732394366197,0.4943820224719101,0.15492957746478872,0.3258426966292135,0.10211267605633803,0.3146067415730337,0.09859154929577464,0.38202247191011235,0.11971830985915492,0.3595505617977528,0.11267605633802817,0.3707865168539326,0.11619718309859155
8,0.21782178217821782,0.07746478873239436,0.21782178217821782,0.07746478873239436,0.18811881188118812,0.06690140845070422,0.18811881188118812,0.06690140845070422,0.1782178217821782,0.06338028169014084,0.6435643564356436,0.22887323943661972,0.1782178217821782,0.06338028169014084,0.5544554455445545,0.19718309859154928,0.3069306930693069,0.10915492957746478,0.21782178217821782,0.07746478873239436,0.32673267326732675,0.11619718309859155,0.6237623762376238,0.22183098591549297,0.2871287128712871,0.10211267605633803,0.2871287128712871,0.10211267605633803,0.43564356435643564,0.15492957746478872,0.40594059405940597,0.1443661971830986,0.1485148514851485,0.0528169014084507,0.594059405940594,0.2112676056338028,0.5247524752475248,0.18661971830985916,0.5544554455445545,0.19718309859154928,0.31683168316831684,0.11267605633802817,0.2871287128712871,0.10211267605633803,0.40594059405940597,0.1443661971830986,0.5742574257425742,0.20422535211267606,0.6435643564356436,0.22887323943661972,0.6435643564356436,0.22887323943661972,0.22772277227722773,0.08098591549295775,0.24752475247524752,0.0880281690140845,0.27722772277227725,0.09859154929577464,0.7524752475247525,0.2676056338028169,0.27722772277227725,0.09859154929577464,0.4752475247524752,0.16901408450704225,0.32673267326732675,0.11619718309859155,0.6336633663366337,0.22535211267605634,0.6336633663366337,0.22535211267605634,0.7425742574257426,0.2640845070422535,0.5346534653465347,0.19014084507042253,0.5346534653465347,0.19014084507042253,0.46534653465346537,0.16549295774647887,0.46534653465346537,0.16549295774647887,0.5445544554455446,0.1936619718309859,0.6237623762376238,0.22183098591549297,0.45544554455445546,0.1619718309859155,0.42574257425742573,0.15140845070422534,0.33663366336633666,0.11971830985915492,0.5346534653465347,0.19014084507042253,0.49504950495049505,0.176056338028169,0.5643564356435643,0.2007042253521127,0.31683168316831684,0.11267605633802817,0.31683168316831684,0.11267605633802817,0.15841584158415842,0.056338028169014086,0.18811881188118812,0.06690140845070422,0.24752475247524752,0.0880281690140845,0.6633663366336634,0.23591549295774647,0.21782178217821782,0.07746478873239436,0.594059405940594,0.2112676056338028,0.42574257425742573,0.15140845070422534,0.33663366336633666,0.11971830985915492,0.36633663366336633,0.13028169014084506,0.6633663366336634,0.23591549295774647,0.31683168316831684,0.11267605633802817,0.31683168316831684,0.11267605633802817,0.44554455445544555,0.15845070422535212,0.38613861386138615,0.13732394366197184,0.26732673267326734,0.09507042253521127,0.594059405940594,0.2112676056338028,0.5247524752475248,0.18661971830985916,0.4752475247524752,0.16901408450704225,0.4158415841584158,0.14788732394366197,0.31683168316831684,0.11267605633802817,0.38613861386138615,0.13732394366197184,0.6336633663366337,0.22535211267605634,0.2871287128712871,0.10211267605633803,0.3069306930693069,0.10915492957746478,0.2871287128712871,0.10211267605633803,0.26732673267326734,0.09507042253521127,0.19801980198019803,0.07042253521126761,0.39603960396039606,0.14084507042253522,0.48514851485148514,0.17253521126760563,0.297029702970297,0.1056338028169014,0.297029702970297,0.1056338028169014,0.36633663366336633,0.13028169014084506,0.3465346534653465,0.12323943661971831,0.40594059405940597,0.1443661971830986,0.2871287128712871,0.10211267605633803,0.31683168316831684,0.11267605633802817,0.24752475247524752,0.0880281690140845,0.24752475247524752,0.0880281690140845,0.2079207920792079,0.07394366197183098,0.46534653465346537,0.16549295774647887,0.4752475247524752,0.16901408450704225,0.32673267326732675,0.11619718309859155,0.297029702970297,0.1056338028169014,0.37623762376237624,0.13380281690140844,0.38613861386138615,0.13732394366197184,0.37623762376237624,0.13380281690140844
9,0.22807017543859648,0.09154929577464789,0.22807017543859648,0.09154929577464789,0.16666666666666666,0.06690140845070422,0.16666666666666666,0.06690140845070422,0.18421052631578946,0.07394366197183098,0.6228070175438597,0.25,0.16666666666666666,0.06690140845070422,0.5614035087719298,0.22535211267605634,0.30701754385964913,0.12323943661971831,0.22807017543859648,0.09154929577464789,0.32456140350877194,0.13028169014084506,0.6140350877192983,0.24647887323943662,0.2982456140350877,0.11971830985915492,0.2982456140350877,0.11971830985915492,0.4298245614035088,0.17253521126760563,0.42105263157894735,0.16901408450704225,0.14912280701754385,0.05985915492957746,0.5877192982456141,0.23591549295774647,0.5175438596491229,0.20774647887323944,0.5614035087719298,0.22535211267605634,0.3157894736842105,0.1267605633802817,0.2894736842105263,0.11619718309859155,0.41228070175438597,0.16549295774647887,0.5701754385964912,0.22887323943661972,0.6491228070175439,0.2605633802816901,0.6578947368421053,0.2640845070422535,0.21929824561403508,0.0880281690140845,0.21929824561403508,0.0880281690140845,0.24561403508771928,0.09859154929577464,0.7105263157894737,0.2852112676056338,0.2631578947368421,0.1056338028169014,0.4298245614035088,0.17253521126760563,0.2894736842105263,0.11619718309859155,0.6491228070175439,0.2605633802816901,0.5789473684210527,0.2323943661971831,0.6578947368421053,0.2640845070422535,0.5087719298245614,0.20422535211267606,0.5087719298245614,0.20422535211267606,0.4473684210526316,0.1795774647887324,0.4649122807017544,0.18661971830985916,0.5175438596491229,0.20774647887323944,0.5964912280701754,0.23943661971830985,0.4649122807017544,0.18661971830985916,0.4298245614035088,0.17253521126760563,0.3333333333333333,0.13380281690140844,0.5087719298245614,0.20422535211267606,0.4824561403508772,0.1936619718309859,0.5701754385964912,0.22887323943661972,0.34210526315789475,0.13732394366197184,0.34210526315789475,0.13732394366197184,0.14035087719298245,0.056338028169014086,0.16666666666666666,0.06690140845070422,0.24561403508771928,0.09859154929577464,0.6228070175438597,0.25,0.20175438596491227,0.08098591549295775,0.5789473684210527,0.2323943661971831,0.40350877192982454,0.1619718309859155,0.32456140350877194,0.13028169014084506,0.34210526315789475,0.13732394366197184,0.6578947368421053,0.2640845070422535,0.32456140350877194,0.13028169014084506,0.32456140350877194,0.13028169014084506,0.43859649122807015,0.176056338028169,0.40350877192982454,0.1619718309859155,0.23684210526315788,0.09507042253521127,0.5614035087719298,0.22535211267605634,0.5263157894736842,0.2112676056338028,0.5263157894736842,0.2112676056338028,0.42105263157894735,0.16901408450704225,0.3333333333333333,0.13380281690140844,0.37719298245614036,0.15140845070422534,0.6228070175438597,0.25,0.2894736842105263,0.11619718309859155,0.2807017543859649,0.11267605633802817,0.2894736842105263,0.11619718309859155,0.2894736842105263,0.11619718309859155,0.21052631578947367,0.08450704225352113,0.4298245614035088,0.17253521126760563,0.4649122807017544,0.18661971830985916,0.3157894736842105,0.1267605633802817,0.2807017543859649,0.11267605633802817,0.3684210526315789,0.14788732394366197,0.35964912280701755,0.1443661971830986,0.39473684210526316,0.15845070422535212,0.2807017543859649,0.11267605633802817,0.2982456140350877,0.11971830985915492,0.23684210526315788,0.09507042253521127,0.2631578947368421,0.1056338028169014,0.21052631578947367,0.08450704225352113,0.43859649122807015,0.176056338028169,0.4824561403508772,0.1936619718309859,0.34210526315789475,0.13732394366197184,0.2894736842105263,0.11619718309859155,0.37719298245614036,0.15140845070422534,0.37719298245614036,0.15140845070422534,0.37719298245614036,0.15140845070422534
10,0.2440944881889764,0.10915492957746478,0.2440944881889764,0.10915492957746478,0.14960629921259844,0.06690140845070422,0.16535433070866143,0.07394366197183098,0.2047244094488189,0.09154929577464789,0.6535433070866141,0.29225352112676056,0.16535433070866143,0.07394366197183098,0.5039370078740157,0.22535211267605634,0.29133858267716534,0.13028169014084506,0.2677165354330709,0.11971830985915492,0.3464566929133858,0.15492957746478872,0.6220472440944882,0.27816901408450706,0.2992125984251969,0.13380281690140844,0.2992125984251969,0.13380281690140844,0.4251968503937008,0.19014084507042253,0.41732283464566927,0.18661971830985916,0.14960629921259844,0.06690140845070422,0.5590551181102362,0.25,0.5196850393700787,0.2323943661971831,0.5039370078740157,0.22535211267605634,0.2992125984251969,0.13380281690140844,0.30708661417322836,0.13732394366197184,0.4094488188976378,0.18309859154929578,0.5669291338582677,0.2535211267605634,0.6220472440944882,0.27816901408450706,0.6220472440944882,0.27816901408450706,0.1968503937007874,0.0880281690140845,0.2047244094488189,0.09154929577464789,0.25984251968503935,0.11619718309859155,0.6614173228346457,0.29577464788732394,0.23622047244094488,0.1056338028169014,0.4015748031496063,0.1795774647887324,0.2755905511811024,0.12323943661971831,0.6220472440944882,0.27816901408450706,0.5275590551181102,0.23591549295774647,0.6062992125984252,0.2711267605633803,0.5039370078740157,0.22535211267605634,0.5039370078740157,0.22535211267605634,0.44881889763779526,0.2007042253521127,0.44881889763779526,0.2007042253521127,0.4881889763779528,0.21830985915492956,0.5748031496062992,0.25704225352112675,0.4645669291338583,0.20774647887323944,0.48031496062992124,0.2147887323943662,0.33858267716535434,0.15140845070422534,0.5039370078740157,0.22535211267605634,0.4881889763779528,0.21830985915492956,0.5748031496062992,0.25704225352112675,0.33070866141732286,0.14788732394366197,0.33070866141732286,0.14788732394366197,0.14173228346456693,0.06338028169014084,0.14960629921259844,0.06690140845070422,0.2440944881889764,0.10915492957746478,0.6535433070866141,0.29225352112676056,0.18110236220472442,0.08098591549295775,0.5196850393700787,0.2323943661971831,0.41732283464566927,0.18661971830985916,0.33070866141732286,0.14788732394366197,0.3228346456692913,0.1443661971830986,0.6299212598425197,0.28169014084507044,0.3228346456692913,0.1443661971830986,0.3228346456692913,0.1443661971830986,0.4409448818897638,0.19718309859154928,0.4094488188976378,0.18309859154929578,0.2440944881889764,0.10915492957746478,0.5590551181102362,0.25,0.5039370078740157,0.22535211267605634,0.5196850393700787,0.2323943661971831,0.4409448818897638,0.19718309859154928,0.3228346456692913,0.1443661971830986,0.3858267716535433,0.17253521126760563,0.5984251968503937,0.2676056338028169,0.28346456692913385,0.1267605633802817,0.28346456692913385,0.1267605633802817,0.2677165354330709,0.11971830985915492,0.28346456692913385,0.1267605633802817,0.2047244094488189,0.09154929577464789,0.4015748031496063,0.1795774647887324,0.4566929133858268,0.20422535211267606,0.3228346456692913,0.1443661971830986,0.2755905511811024,0.12323943661971831,0.4015748031496063,0.1795774647887324,0.3779527559055118,0.16901408450704225,0.4015748031496063,0.1795774647887324,0.29133858267716534,0.13028169014084506,0.29133858267716534,0.13028169014084506,0.25196850393700787,0.11267605633802817,0.2440944881889764,0.10915492957746478,0.1968503937007874,0.0880281690140845,0.44881889763779526,0.2007042253521127,0.48031496062992124,0.2147887323943662,0.33070866141732286,0.14788732394366197,0.28346456692913385,0.1267605633802817,0.36220472440944884,0.1619718309859155,0.3779527559055118,0.16901408450704225,0.3543307086614173,0.15845070422535212
11,0.2733812949640288,0.13380281690140844,0.2733812949640288,0.13380281690140844,0.1366906474820144,0.06690140845070422,0.1510791366906475,0.07394366197183098,0.20863309352517986,0.10211267605633803,0.6546762589928058,0.3204225352112676,0.15827338129496402,0.07746478873239436,0.4676258992805755,0.22887323943661972,0.2805755395683453,0.13732394366197184,0.26618705035971224,0.13028169014084506,0.34532374100719426,0.16901408450704225,0.6258992805755396,0.30633802816901406,0.30935251798561153,0.15140845070422534,0.30935251798561153,0.15140845070422534,0.41007194244604317,0.2007042253521127,0.4244604316546763,0.20774647887323944,0.14388489208633093,0.07042253521126761,0.5323741007194245,0.2605633802816901,0.5035971223021583,0.24647887323943662,0.4676258992805755,0.22887323943661972,0.28776978417266186,0.14084507042253522,0.30935251798561153,0.15140845070422534,0.41007194244604317,0.2007042253521127,0.539568345323741,0.2640845070422535,0.6474820143884892,0.31690140845070425,0.6402877697841727,0.31338028169014087,0.18705035971223022,0.09154929577464789,0.19424460431654678,0.09507042253521127,0.2517985611510791,0.12323943661971831,0.6546762589928058,0.3204225352112676,0.2158273381294964,0.1056338028169014,0.3669064748201439,0.1795774647887324,0.2805755395683453,0.13732394366197184,0.6402877697841727,0.31338028169014087,0.5035971223021583,0.24647887323943662,0.5611510791366906,0.2746478873239437,0.4892086330935252,0.23943661971830985,0.4892086330935252,0.23943661971830985,0.45323741007194246,0.22183098591549297,0.460431654676259,0.22535211267605634,0.460431654676259,0.22535211267605634,0.5539568345323741,0.2711267605633803,0.49640287769784175,0.24295774647887325,0.5179856115107914,0.2535211267605634,0.3237410071942446,0.15845070422535212,0.4892086330935252,0.23943661971830985,0.4892086330935252,0.23943661971830985,0.5683453237410072,0.27816901408450706,0.3237410071942446,0.15845070422535212,0.3237410071942446,0.15845070422535212,0.12949640287769784,0.06338028169014084,0.1366906474820144,0.06690140845070422,0.23741007194244604,0.11619718309859155,0.6402877697841727,0.31338028169014087,0.17266187050359713,0.08450704225352113,0.49640287769784175,0.24295774647887325,0.41007194244604317,0.2007042253521127,0.33093525179856115,0.1619718309859155,0.3237410071942446,0.15845070422535212,0.6474820143884892,0.31690140845070425,0.34532374100719426,0.16901408450704225,0.34532374100719426,0.16901408450704225,0.4172661870503597,0.20422535211267606,0.4244604316546763,0.20774647887323944,0.23741007194244604,0.11619718309859155,0.5539568345323741,0.2711267605633803,0.460431654676259,0.22535211267605634,0.5323741007194245,0.2605633802816901,0.43884892086330934,0.2147887323943662,0.35251798561151076,0.17253521126760563,0.38848920863309355,0.19014084507042253,0.5755395683453237,0.28169014084507044,0.2949640287769784,0.1443661971830986,0.2805755395683453,0.13732394366197184,0.26618705035971224,0.13028169014084506,0.2733812949640288,0.13380281690140844,0.2014388489208633,0.09859154929577464,0.4172661870503597,0.20422535211267606,0.45323741007194246,0.22183098591549297,0.34532374100719426,0.16901408450704225,0.2733812949640288,0.13380281690140844,0.381294964028777,0.18661971830985916,0.3669064748201439,0.1795774647887324,0.41007194244604317,0.2007042253521127,0.302158273381295,0.14788732394366197,0.28776978417266186,0.14084507042253522,0.2589928057553957,0.1267605633802817,0.2517985611510791,0.12323943661971831,0.22302158273381295,0.10915492957746478,0.43884892086330934,0.2147887323943662,0.4748201438848921,0.2323943661971831,0.34532374100719426,0.16901408450704225,0.2733812949640288,0.13380281690140844,0.381294964028777,0.18661971830985916,0.381294964028777,0.18661971830985916,0.35251798561151076,0.17253521126760563
12,0.26973684210526316,0.1443661971830986,0.26973684210526316,0.1443661971830986,0.125,0.06690140845070422,0.13815789473684212,0.07394366197183098,0.21710526315789475,0.11619718309859155,0.6118421052631579,0.3274647887323944,0.15789473684210525,0.08450704225352113,0.5,0.2676056338028169,0.28289473684210525,0.15140845070422534,0.27631578947368424,0.14788732394366197,0.34868421052631576,0.18661971830985916,0.5789473684210527,0.30985915492957744,0.3026315789473684,0.1619718309859155,0.3026315789473684,0.1619718309859155,0.4144736842105263,0.22183098591549297,0.39473684210526316,0.2112676056338028,0.16447368421052633,0.0880281690140845,0.5328947368421053,0.2852112676056338,0.4868421052631579,0.2605633802816901,0.5,0.2676056338028169,0.2894736842105263,0.15492957746478872,0.3157894736842105,0.16901408450704225,0.40789473684210525,0.21830985915492956,0.5592105263157895,0.2992957746478873,0.618421052631579,0.33098591549295775,0.618421052631579,0.33098591549295775,0.17105263157894737,0.09154929577464789,0.19078947368421054,0.10211267605633803,0.24342105263157895,0.13028169014084506,0.618421052631579,0.33098591549295775,0.19736842105263158,0.1056338028169014,0.3618421052631579,0.1936619718309859,0.3223684210526316,0.17253521126760563,0.618421052631579,0.33098591549295775,0.48026315789473684,0.25704225352112675,0.5263157894736842,0.28169014084507044,0.48026315789473684,0.25704225352112675,0.48026315789473684,0.25704225352112675,0.4342105263157895,0.2323943661971831,0.45394736842105265,0.24295774647887325,0.4342105263157895,0.2323943661971831,0.5460526315789473,0.29225352112676056,0.48026315789473684,0.25704225352112675,0.5131578947368421,0.2746478873239437,0.3026315789473684,0.1619718309859155,0.48026315789473684,0.25704225352112675,0.47368421052631576,0.2535211267605634,0.5592105263157895,0.2992957746478873,0.3157894736842105,0.16901408450704225,0.3157894736842105,0.16901408450704225,0.11842105263157894,0.06338028169014084,0.125,0.06690140845070422,0.23026315789473684,0.12323943661971831,0.5986842105263158,0.3204225352112676,0.16447368421052633,0.0880281690140845,0.48026315789473684,0.25704225352112675,0.3815789473684211,0.20422535211267606,0.3157894736842105,0.16901408450704225,0.3355263157894737,0.1795774647887324,0.5986842105263158,0.3204225352112676,0.34868421052631576,0.18661971830985916,0.34868421052631576,0.18661971830985916,0.4276315789473684,0.22887323943661972,0.40131578947368424,0.2147887323943662,0.2236842105263158,0.11971830985915492,0.5460526315789473,0.29225352112676056,0.45394736842105265,0.24295774647887325,0.4934210526315789,0.2640845070422535,0.4276315789473684,0.22887323943661972,0.35526315789473684,0.19014084507042253,0.3815789473684211,0.20422535211267606,0.5592105263157895,0.2992957746478873,0.3026315789473684,0.1619718309859155,0.2894736842105263,0.15492957746478872,0.26973684210526316,0.1443661971830986,0.2631578947368421,0.14084507042253522,0.19736842105263158,0.1056338028169014,0.40789473684210525,0.21830985915492956,0.4473684210526316,0.23943661971830985,0.34868421052631576,0.18661971830985916,0.26973684210526316,0.1443661971830986,0.375,0.2007042253521127,0.3618421052631579,0.1936619718309859,0.40789473684210525,0.21830985915492956,0.3157894736842105,0.16901408450704225,0.3026315789473684,0.1619718309859155,0.25,0.13380281690140844,0.26973684210526316,0.1443661971830986,0.23026315789473684,0.12323943661971831,0.42105263157894735,0.22535211267605634,0.45394736842105265,0.24295774647887325,0.34210526315789475,0.18309859154929578,0.27631578947368424,0.14788732394366197,0.375,0.2007042253521127,0.3815789473684211,0.20422535211267606,0.3684210526315789,0.19718309859154928
13,0.2727272727272727,0.15845070422535212,0.2727272727272727,0.15845070422535212,0.11515151515151516,0.06690140845070422,0.13333333333333333,0.07746478873239436,0.21212121212121213,0.12323943661971831,0.593939393939394,0.34507042253521125,0.16363636363636364,0.09507042253521127,0.4727272727272727,0.2746478873239437,0.2909090909090909,0.16901408450704225,0.26666666666666666,0.15492957746478872,0.3515151515151515,0.20422535211267606,0.5515151515151515,0.3204225352112676,0.3090909090909091,0.1795774647887324,0.3090909090909091,0.1795774647887324,0.4,0.2323943661971831,0.3939393939393939,0.22887323943661972,0.18181818181818182,0.1056338028169014,0.5272727272727272,0.30633802816901406,0.48484848484848486,0.28169014084507044,0.4727272727272727,0.2746478873239437,0.30303030303030304,0.176056338028169,0.3090909090909091,0.1795774647887324,0.3939393939393939,0.22887323943661972,0.5454545454545454,0.31690140845070425,0.5696969696969697,0.33098591549295775,0.5696969696969697,0.33098591549295775,0.16363636363636364,0.09507042253521127,0.17575757575757575,0.10211267605633803,0.22424242424242424,0.13028169014084506,0.593939393939394,0.34507042253521125,0.2,0.11619718309859155,0.34545454545454546,0.2007042253521127,0.296969696969697,0.17253521126760563,0.5696969696969697,0.33098591549295775,0.44242424242424244,0.25704225352112675,0.5333333333333333,0.30985915492957744,0.47878787878787876,0.27816901408450706,0.47878787878787876,0.27816901408450706,0.4303030303030303,0.25,0.43636363636363634,0.2535211267605634,0.41818181818181815,0.24295774647887325,0.5333333333333333,0.30985915492957744,0.4666666666666667,0.2711267605633803,0.5212121212121212,0.3028169014084507,0.296969696969697,0.17253521126760563,0.47878787878787876,0.27816901408450706,0.4727272727272727,0.2746478873239437,0.5636363636363636,0.3274647887323944,0.3212121212121212,0.18661971830985916,0.3212121212121212,0.18661971830985916,0.11515151515151516,0.06690140845070422,0.12121212121212122,0.07042253521126761,0.22424242424242424,0.13028169014084506,0.5575757575757576,0.323943661971831,0.15757575757575756,0.09154929577464789,0.45454545454545453,0.2640845070422535,0.38181818181818183,0.22183098591549297,0.3212121212121212,0.18661971830985916,0.3393939393939394,0.19718309859154928,0.5757575757575758,0.3345070422535211,0.3575757575757576,0.20774647887323944,0.3575757575757576,0.20774647887323944,0.40606060606060607,0.23591549295774647,0.3939393939393939,0.22887323943661972,0.21818181818181817,0.1267605633802817,0.5333333333333333,0.30985915492957744,0.46060606060606063,0.2676056338028169,0.4727272727272727,0.2746478873239437,0.43636363636363634,0.2535211267605634,0.3515151515151515,0.20422535211267606,0.38181818181818183,0.22183098591549297,0.5393939393939394,0.31338028169014087,0.30303030303030304,0.176056338028169,0.2909090909090909,0.16901408450704225,0.2727272727272727,0.15845070422535212,0.2909090909090909,0.16901408450704225,0.20606060606060606,0.11971830985915492,0.3939393939393939,0.22887323943661972,0.4303030303030303,0.25,0.36363636363636365,0.2112676056338028,0.2727272727272727,0.15845070422535212,0.3575757575757576,0.20774647887323944,0.36363636363636365,0.2112676056338028,0.3939393939393939,0.22887323943661972,0.30303030303030304,0.176056338028169,0.3090909090909091,0.1795774647887324,0.26666666666666666,0.15492957746478872,0.2787878787878788,0.1619718309859155,0.24242424242424243,0.14084507042253522,0.41818181818181815,0.24295774647887325,0.43636363636363634,0.2535211267605634,0.3696969696969697,0.2147887323943662,0.2606060606060606,0.15140845070422534,0.37575757575757573,0.21830985915492956,0.3696969696969697,0.2147887323943662,0.3575757575757576,0.20774647887323944
14,0.2696629213483146,0.16901408450704225,0.2696629213483146,0.16901408450704225,0.12359550561797752,0.07746478873239436,0.12359550561797752,0.07746478873239436,0.20786516853932585,0.13028169014084506,0.5898876404494382,0.36971830985915494,0.16853932584269662,0.1056338028169014,0.43820224719101125,0.2746478873239437,0.29775280898876405,0.18661971830985916,0.2696629213483146,0.16901408450704225,0.34831460674157305,0.21830985915492956,0.5280898876404494,0.33098591549295775,0.33146067415730335,0.20774647887323944,0.33146067415730335,0.20774647887323944,0.4044943820224719,0.2535211267605634,0.39325842696629215,0.24647887323943662,0.19101123595505617,0.11971830985915492,0.5337078651685393,0.3345070422535211,0.4943820224719101,0.30985915492957744,0.43820224719101125,0.2746478873239437,0.29775280898876405,0.18661971830985916,0.3258426966292135,0.20422535211267606,0.3707865168539326,0.2323943661971831,0.5393258426966292,0.3380281690140845,0.5337078651685393,0.3345070422535211,0.5393258426966292,0.3380281690140845,0.1797752808988764,0.11267605633802817,0.1853932584269663,0.11619718309859155,0.20786516853932585,0.13028169014084506,0.6123595505617978,0.38380281690140844,0.1853932584269663,0.11619718309859155,0.34269662921348315,0.2147887323943662,0.2752808988764045,0.17253521126760563,0.5393258426966292,0.3380281690140845,0.42134831460674155,0.2640845070422535,0.4943820224719101,0.30985915492957744,0.4606741573033708,0.2887323943661972,0.4606741573033708,0.2887323943661972,0.42134831460674155,0.2640845070422535,0.43258426966292135,0.2711267605633803,0.39325842696629215,0.24647887323943662,0.5337078651685393,0.3345070422535211,0.4606741573033708,0.2887323943661972,0.5112359550561798,0.3204225352112676,0.29213483146067415,0.18309859154929578,0.4606741573033708,0.2887323943661972,0.47752808988764045,0.2992957746478873,0.5561797752808989,0.3485915492957746,0.3146067415730337,0.19718309859154928,0.3146067415730337,0.19718309859154928,0.11797752808988764,0.07394366197183098,0.12921348314606743,0.08098591549295775,0.2303370786516854,0.1443661971830986,0.5168539325842697,0.323943661971831,0.16292134831460675,0.10211267605633803,0.46629213483146065,0.29225352112676056,0.3707865168539326,0.2323943661971831,0.3146067415730337,0.19718309859154928,0.33707865168539325,0.2112676056338028,0.5449438202247191,0.3415492957746479,0.3539325842696629,0.22183098591549297,0.3539325842696629,0.22183098591549297,0.4101123595505618,0.25704225352112675,0.39325842696629215,0.24647887323943662,0.20786516853932585,0.13028169014084506,0.5393258426966292,0.3380281690140845,0.46629213483146065,0.29225352112676056,0.4438202247191011,0.27816901408450706,0.42696629213483145,0.2676056338028169,0.3539325842696629,0.22183098591549297,0.3651685393258427,0.22887323943661972,0.5449438202247191,0.3415492957746479,0.3089887640449438,0.1936619718309859,0.28651685393258425,0.1795774647887324,0.29213483146067415,0.18309859154929578,0.29775280898876405,0.18661971830985916,0.21910112359550563,0.13732394366197184,0.398876404494382,0.25,0.4157303370786517,0.2605633802816901,0.3707865168539326,0.2323943661971831,0.2696629213483146,0.16901408450704225,0.34269662921348315,0.2147887323943662,0.3651685393258427,0.22887323943661972,0.38764044943820225,0.24295774647887325,0.30337078651685395,0.19014084507042253,0.3202247191011236,0.2007042253521127,0.2696629213483146,0.16901408450704225,0.2808988764044944,0.176056338028169,0.23595505617977527,0.14788732394366197,0.4101123595505618,0.25704225352112675,0.43258426966292135,0.2711267605633803,0.38202247191011235,0.23943661971830985,0.2752808988764045,0.17253521126760563,0.3595505617977528,0.22535211267605634,0.3707865168539326,0.2323943661971831,0.3651685393258427,0.22887323943661972
15,0.28421052631578947,0.19014084507042253,0.28421052631578947,0.19014084507042253,0.12631578947368421,0.08450704225352113,0.15263157894736842,0.10211267605633803,0.21578947368421053,0.1443661971830986,0.5842105263157895,0.3908450704225352,0.18947368421052632,0.1267605633802817,0.4105263157894737,0.2746478873239437,0.29473684210526313,0.19718309859154928,0.28421052631578947,0.19014084507042253,0.3473684210526316,0.2323943661971831,0.5157894736842106,0.34507042253521125,0.33157894736842103,0.22183098591549297,0.33157894736842103,0.22183098591549297,0.4,0.2676056338028169,0.4,0.2676056338028169,0.17894736842105263,0.11971830985915492,0.5263157894736842,0.352112676056338,0.47368421052631576,0.31690140845070425,0.4105263157894737,0.2746478873239437,0.29473684210526313,0.19718309859154928,0.34210526315789475,0.22887323943661972,0.35789473684210527,0.23943661971830985,0.5526315789473685,0.36971830985915494,0.5210526315789473,0.3485915492957746,0.5210526315789473,0.3485915492957746,0.19473684210526315,0.13028169014084506,0.18421052631578946,0.12323943661971831,0.21052631578947367,0.14084507042253522,0.6210526315789474,0.4154929577464789,0.1736842105263158,0.11619718309859155,0.33157894736842103,0.22183098591549297,0.2631578947368421,0.176056338028169,0.5263157894736842,0.352112676056338,0.4,0.2676056338028169,0.47368421052631576,0.31690140845070425,0.4789473684210526,0.3204225352112676,0.4789473684210526,0.3204225352112676,0.41578947368421054,0.27816901408450706,0.4263157894736842,0.2852112676056338,0.39473684210526316,0.2640845070422535,0.5157894736842106,0.34507042253521125,0.45263157894736844,0.3028169014084507,0.48947368421052634,0.3274647887323944,0.2894736842105263,0.1936619718309859,0.4789473684210526,0.3204225352112676,0.47368421052631576,0.31690140845070425,0.5526315789473685,0.36971830985915494,0.3105263157894737,0.20774647887323944,0.3105263157894737,0.20774647887323944,0.13157894736842105,0.0880281690140845,0.1631578947368421,0.10915492957746478,0.21578947368421053,0.1443661971830986,0.5105263157894737,0.3415492957746479,0.1631578947368421,0.10915492957746478,0.4789473684210526,0.3204225352112676,0.35789473684210527,0.23943661971830985,0.3157894736842105,0.2112676056338028,0.34210526315789475,0.22887323943661972,0.5210526315789473,0.3485915492957746,0.3631578947368421,0.24295774647887325,0.3631578947368421,0.24295774647887325,0.42105263157894735,0.28169014084507044,0.3894736842105263,0.2605633802816901,0.21578947368421053,0.1443661971830986,0.5263157894736842,0.352112676056338,0.46842105263157896,0.31338028169014087,0.43157894736842106,0.2887323943661972,0.4263157894736842,0.2852112676056338,0.3526315789473684,0.23591549295774647,0.3894736842105263,0.2605633802816901,0.5368421052631579,0.3591549295774648,0.30526315789473685,0.20422535211267606,0.2894736842105263,0.1936619718309859,0.3,0.2007042253521127,0.3105263157894737,0.20774647887323944,0.22105263157894736,0.14788732394366197,0.3894736842105263,0.2605633802816901,0.39473684210526316,0.2640845070422535,0.3631578947368421,0.24295774647887325,0.2736842105263158,0.18309859154929578,0.3368421052631579,0.22535211267605634,0.3631578947368421,0.24295774647887325,0.37894736842105264,0.2535211267605634,0.32105263157894737,0.2147887323943662,0.3263157894736842,0.21830985915492956,0.2736842105263158,0.18309859154929578,0.2736842105263158,0.18309859154929578,0.23157894736842105,0.15492957746478872,0.39473684210526316,0.2640845070422535,0.4263157894736842,0.2852112676056338,0.3894736842105263,0.2605633802816901,0.2736842105263158,0.18309859154929578,0.35789473684210527,0.23943661971830985,0.3684210526315789,0.24647887323943662,0.3684210526315789,0.24647887323943662
16,0.29064039408866993,0.20774647887323944,0.29064039408866993,0.20774647887323944,0.14285714285714285,0.10211267605633803,0.1477832512315271,0.1056338028169014,0.22167487684729065,0.15845070422535212,0.5665024630541872,0.40492957746478875,0.1921182266009852,0.13732394366197184,0.3891625615763547,0.27816901408450706,0.31527093596059114,0.22535211267605634,0.29064039408866993,0.20774647887323944,0.3448275862068966,0.24647887323943662,0.5073891625615764,0.3626760563380282,0.3497536945812808,0.25,0.3497536945812808,0.25,0.4039408866995074,0.2887323943661972,0.4088669950738916,0.29225352112676056,0.18719211822660098,0.13380281690140844,0.5123152709359606,0.36619718309859156,0.4729064039408867,0.3380281690140845,0.3891625615763547,0.27816901408450706,0.3103448275862069,0.22183098591549297,0.3497536945812808,0.25,0.33497536945812806,0.23943661971830985,0.5270935960591133,0.3767605633802817,0.5123152709359606,0.36619718309859156,0.5123152709359606,0.36619718309859156,0.19704433497536947,0.14084507042253522,0.1921182266009852,0.13732394366197184,0.2413793103448276,0.17253521126760563,0.6108374384236454,0.43661971830985913,0.18226600985221675,0.13028169014084506,0.3103448275862069,0.22183098591549297,0.24630541871921183,0.176056338028169,0.5123152709359606,0.36619718309859156,0.3842364532019704,0.2746478873239437,0.458128078817734,0.3274647887323944,0.4630541871921182,0.33098591549295775,0.4630541871921182,0.33098591549295775,0.41379310344827586,0.29577464788732394,0.4187192118226601,0.2992957746478873,0.3793103448275862,0.2711267605633803,0.5024630541871922,0.3591549295774648,0.458128078817734,0.3274647887323944,0.49261083743842365,0.352112676056338,0.270935960591133,0.1936619718309859,0.4630541871921182,0.33098591549295775,0.47783251231527096,0.3415492957746479,0.5369458128078818,0.38380281690140844,0.31527093596059114,0.22535211267605634,0.31527093596059114,0.22535211267605634,0.16748768472906403,0.11971830985915492,0.1724137931034483,0.12323943661971831,0.20689655172413793,0.14788732394366197,0.4827586206896552,0.34507042253521125,0.18719211822660098,0.13380281690140844,0.47783251231527096,0.3415492957746479,0.35960591133004927,0.25704225352112675,0.3054187192118227,0.21830985915492956,0.3251231527093596,0.2323943661971831,0.5073891625615764,0.3626760563380282,0.35960591133004927,0.25704225352112675,0.35960591133004927,0.25704225352112675,0.41379310344827586,0.29577464788732394,0.39901477832512317,0.2852112676056338,0.21674876847290642,0.15492957746478872,0.5073891625615764,0.3626760563380282,0.47783251231527096,0.3415492957746479,0.4039408866995074,0.2887323943661972,0.4187192118226601,0.2992957746478873,0.35960591133004927,0.25704225352112675,0.3793103448275862,0.2711267605633803,0.5270935960591133,0.3767605633802817,0.30049261083743845,0.2147887323943662,0.2955665024630542,0.2112676056338028,0.3054187192118227,0.21830985915492956,0.3054187192118227,0.21830985915492956,0.21674876847290642,0.15492957746478872,0.3793103448275862,0.2711267605633803,0.3793103448275862,0.2711267605633803,0.35960591133004927,0.25704225352112675,0.26108374384236455,0.18661971830985916,0.3251231527093596,0.2323943661971831,0.35467980295566504,0.2535211267605634,0.3793103448275862,0.2711267605633803,0.32019704433497537,0.22887323943661972,0.31527093596059114,0.22535211267605634,0.270935960591133,0.1936619718309859,0.270935960591133,0.1936619718309859,0.23645320197044334,0.16901408450704225,0.4039408866995074,0.2887323943661972,0.4187192118226601,0.2992957746478873,0.3842364532019704,0.2746478873239437,0.2561576354679803,0.18309859154929578,0.3497536945812808,0.25,0.35960591133004927,0.25704225352112675,0.3793103448275862,0.2711267605633803
17,0.3055555555555556,0.2323943661971831,0.3055555555555556,0.2323943661971831,0.1574074074074074,0.11971830985915492,0.17592592592592593,0.13380281690140844,0.2175925925925926,0.16549295774647887,0.5648148148148148,0.4295774647887324,0.19907407407407407,0.15140845070422534,0.37037037037037035,0.28169014084507044,0.3055555555555556,0.2323943661971831,0.30092592592592593,0.22887323943661972,0.32407407407407407,0.24647887323943662,0.49074074074074076,0.3732394366197183,0.3425925925925926,0.2605633802816901,0.3425925925925926,0.2605633802816901,0.4027777777777778,0.30633802816901406,0.39351851851851855,0.2992957746478873,0.18981481481481483,0.1443661971830986,0.5046296296296297,0.38380281690140844,0.4675925925925926,0.35563380281690143,0.37037037037037035,0.28169014084507044,0.3101851851851852,0.23591549295774647,0.3425925925925926,0.2605633802816901,0.32407407407407407,0.24647887323943662,0.5092592592592593,0.3873239436619718,0.49074074074074076,0.3732394366197183,0.49074074074074076,0.3732394366197183,0.22685185185185186,0.17253521126760563,0.20833333333333334,0.15845070422535212,0.22685185185185186,0.17253521126760563,0.5972222222222222,0.45422535211267606,0.17592592592592593,0.13380281690140844,0.3055555555555556,0.2323943661971831,0.23148148148148148,0.176056338028169,0.49074074074074076,0.3732394366197183,0.39351851851851855,0.2992957746478873,0.4537037037037037,0.34507042253521125,0.4537037037037037,0.34507042253521125,0.4537037037037037,0.34507042253521125,0.41203703703703703,0.31338028169014087,0.4074074074074074,0.30985915492957744,0.375,0.2852112676056338,0.49074074074074076,0.3732394366197183,0.46296296296296297,0.352112676056338,0.48148148148148145,0.36619718309859156,0.2638888888888889,0.2007042253521127,0.4537037037037037,0.34507042253521125,0.46296296296296297,0.352112676056338,0.5277777777777778,0.4014084507042254,0.30092592592592593,0.22887323943661972,0.30092592592592593,0.22887323943661972,0.17592592592592593,0.13380281690140844,0.19907407407407407,0.15140845070422534,0.19907407407407407,0.15140845070422534,0.49074074074074076,0.3732394366197183,0.18981481481481483,0.1443661971830986,0.4583333333333333,0.3485915492957746,0.3425925925925926,0.2605633802816901,0.3055555555555556,0.2323943661971831,0.3055555555555556,0.2323943661971831,0.48148148148148145,0.36619718309859156,0.36574074074074076,0.27816901408450706,0.36574074074074076,0.27816901408450706,0.4074074074074074,0.30985915492957744,0.39351851851851855,0.2992957746478873,0.2175925925925926,0.16549295774647887,0.5046296296296297,0.38380281690140844,0.4722222222222222,0.3591549295774648,0.38425925925925924,0.29225352112676056,0.4166666666666667,0.31690140845070425,0.3611111111111111,0.2746478873239437,0.35648148148148145,0.2711267605633803,0.5138888888888888,0.3908450704225352,0.3101851851851852,0.23591549295774647,0.3055555555555556,0.2323943661971831,0.3194444444444444,0.24295774647887325,0.3148148148148148,0.23943661971830985,0.21296296296296297,0.1619718309859155,0.37037037037037035,0.28169014084507044,0.375,0.2852112676056338,0.35648148148148145,0.2711267605633803,0.2638888888888889,0.2007042253521127,0.32407407407407407,0.24647887323943662,0.3472222222222222,0.2640845070422535,0.37037037037037035,0.28169014084507044,0.3333333333333333,0.2535211267605634,0.32407407407407407,0.24647887323943662,0.27314814814814814,0.20774647887323944,0.2777777777777778,0.2112676056338028,0.23148148148148148,0.176056338028169,0.39351851851851855,0.2992957746478873,0.4166666666666667,0.31690140845070425,0.37037037037037035,0.28169014084507044,0.2638888888888889,0.2007042253521127,0.33796296296296297,0.25704225352112675,0.35648148148148145,0.2711267605633803,0.37962962962962965,0.2887323943661972
18,0.30701754385964913,0.24647887323943662,0.30701754385964913,0.24647887323943662,0.18421052631578946,0.14788732394366197,0.17982456140350878,0.1443661971830986,0.2236842105263158,0.1795774647887324,0.5350877192982456,0.4295774647887324,0.2149122807017544,0.17253521126760563,0.3508771929824561,0.28169014084507044,0.30701754385964913,0.24647887323943662,0.30701754385964913,0.24647887323943662,0.30701754385964913,0.24647887323943662,0.4692982456140351,0.3767605633802817,0.33771929824561403,0.2711267605633803,0.33771929824561403,0.2711267605633803,0.39035087719298245,0.31338028169014087,0.39473684210526316,0.31690140845070425,0.18859649122807018,0.15140845070422534,0.4956140350877193,0.397887323943662,0.45614035087719296,0.36619718309859156,0.3508771929824561,0.28169014084507044,0.30701754385964913,0.24647887323943662,0.33771929824561403,0.2711267605633803,0.30701754385964913,0.24647887323943662,0.4956140350877193,0.397887323943662,0.4649122807017544,0.3732394366197183,0.4649122807017544,0.3732394366197183,0.21929824561403508,0.176056338028169,0.21929824561403508,0.176056338028169,0.2149122807017544,0.17253521126760563,0.5657894736842105,0.45422535211267606,0.17982456140350878,0.1443661971830986,0.2982456140350877,0.23943661971830985,0.21929824561403508,0.176056338028169,0.4649122807017544,0.3732394366197183,0.37280701754385964,0.2992957746478873,0.4473684210526316,0.3591549295774648,0.4517543859649123,0.3626760563380282,0.4517543859649123,0.3626760563380282,0.40350877192982454,0.323943661971831,0.4166666666666667,0.3345070422535211,0.3684210526315789,0.29577464788732394,0.4692982456140351,0.3767605633802817,0.4605263157894737,0.36971830985915494,0.5,0.4014084507042254,0.27631578947368424,0.22183098591549297,0.4517543859649123,0.3626760563380282,0.4692982456140351,0.3767605633802817,0.5219298245614035,0.41901408450704225,0.3157894736842105,0.2535211267605634,0.3157894736842105,0.2535211267605634,0.21052631578947367,0.16901408450704225,0.2149122807017544,0.17253521126760563,0.19298245614035087,0.15492957746478872,0.47368421052631576,0.38028169014084506,0.21052631578947367,0.16901408450704225,0.4517543859649123,0.3626760563380282,0.33771929824561403,0.2711267605633803,0.3026315789473684,0.24295774647887325,0.3157894736842105,0.2535211267605634,0.45614035087719296,0.36619718309859156,0.35964912280701755,0.2887323943661972,0.35964912280701755,0.2887323943661972,0.3991228070175439,0.3204225352112676,0.38596491228070173,0.30985915492957744,0.21052631578947367,0.16901408450704225,0.49122807017543857,0.39436619718309857,0.4649122807017544,0.3732394366197183,0.3684210526315789,0.29577464788732394,0.41228070175438597,0.33098591549295775,0.35964912280701755,0.2887323943661972,0.33771929824561403,0.2711267605633803,0.5043859649122807,0.40492957746478875,0.31140350877192985,0.25,0.3157894736842105,0.2535211267605634,0.32456140350877194,0.2605633802816901,0.3201754385964912,0.25704225352112675,0.21929824561403508,0.176056338028169,0.37280701754385964,0.2992957746478873,0.3684210526315789,0.29577464788732394,0.35964912280701755,0.2887323943661972,0.25877192982456143,0.20774647887323944,0.32456140350877194,0.2605633802816901,0.33771929824561403,0.2711267605633803,0.36403508771929827,0.29225352112676056,0.3333333333333333,0.2676056338028169,0.32894736842105265,0.2640845070422535,0.2807017543859649,0.22535211267605634,0.27631578947368424,0.22183098591549297,0.22807017543859648,0.18309859154929578,0.38596491228070173,0.30985915492957744,0.41228070175438597,0.33098591549295775,0.3684210526315789,0.29577464788732394,0.25877192982456143,0.20774647887323944,0.3333333333333333,0.2676056338028169,0.34649122807017546,0.27816901408450706,0.37280701754385964,0.2992957746478873
19,0.2946058091286307,0.25,0.2946058091286307,0.25,0.2157676348547718,0.18309859154929578,0.17012448132780084,0.1443661971830986,0.22406639004149378,0.19014084507042253,0.5269709543568465,0.4471830985915493,0.2033195020746888,0.17253521126760563,0.33195020746887965,0.28169014084507044,0.3029045643153527,0.25704225352112675,0.2946058091286307,0.25,0.29045643153526973,0.24647887323943662,0.44398340248962653,0.3767605633802817,0.34024896265560167,0.2887323943661972,0.34024896265560167,0.2887323943661972,0.3900414937759336,0.33098591549295775,0.3900414937759336,0.33098591549295775,0.18672199170124482,0.15845070422535212,0.4854771784232365,0.4119718309859155,0.45228215767634855,0.38380281690140844,0.33195020746887965,0.28169014084507044,0.3112033195020747,0.2640845070422535,0.34854771784232363,0.29577464788732394,0.29045643153526973,0.24647887323943662,0.4979253112033195,0.4225352112676056,0.43983402489626555,0.3732394366197183,0.43983402489626555,0.3732394366197183,0.2074688796680498,0.176056338028169,0.2157676348547718,0.18309859154929578,0.2033195020746888,0.17253521126760563,0.5435684647302904,0.4612676056338028,0.1825726141078838,0.15492957746478872,0.29045643153526973,0.24647887323943662,0.2074688796680498,0.176056338028169,0.43983402489626555,0.3732394366197183,0.3651452282157676,0.30985915492957744,0.43983402489626555,0.3732394366197183,0.45228215767634855,0.38380281690140844,0.45228215767634855,0.38380281690140844,0.3983402489626556,0.3380281690140845,0.4190871369294606,0.35563380281690143,0.36929460580912865,0.31338028169014087,0.46887966804979253,0.397887323943662,0.44398340248962653,0.3767605633802817,0.49377593360995853,0.41901408450704225,0.26556016597510373,0.22535211267605634,0.45228215767634855,0.38380281690140844,0.4605809128630705,0.3908450704225352,0.5062240663900415,0.4295774647887324,0.3070539419087137,0.2605633802816901,0.3070539419087137,0.2605633802816901,0.24066390041493776,0.20422535211267606,0.24066390041493776,0.20422535211267606,0.1908713692946058,0.1619718309859155,0.47717842323651455,0.40492957746478875,0.21991701244813278,0.18661971830985916,0.4315352697095436,0.36619718309859156,0.3360995850622407,0.2852112676056338,0.3029045643153527,0.25704225352112675,0.3360995850622407,0.2852112676056338,0.4605809128630705,0.3908450704225352,0.36929460580912865,0.31338028169014087,0.36929460580912865,0.31338028169014087,0.3941908713692946,0.3345070422535211,0.3941908713692946,0.3345070422535211,0.21161825726141079,0.1795774647887324,0.48132780082987553,0.4084507042253521,0.45228215767634855,0.38380281690140844,0.35684647302904565,0.3028169014084507,0.4024896265560166,0.3415492957746479,0.3651452282157676,0.30985915492957744,0.3360995850622407,0.2852112676056338,0.5020746887966805,0.426056338028169,0.3112033195020747,0.2640845070422535,0.31950207468879666,0.2711267605633803,0.3153526970954357,0.2676056338028169,0.31950207468879666,0.2711267605633803,0.21991701244813278,0.18661971830985916,0.36929460580912865,0.31338028169014087,0.36099585062240663,0.30633802816901406,0.35269709543568467,0.2992957746478873,0.25311203319502074,0.2147887323943662,0.3236514522821577,0.2746478873239437,0.3278008298755187,0.27816901408450706,0.35684647302904565,0.3028169014084507,0.33195020746887965,0.28169014084507044,0.31950207468879666,0.2711267605633803,0.2821576763485477,0.23943661971830985,0.2863070539419087,0.24295774647887325,0.23236514522821577,0.19718309859154928,0.3900414937759336,0.33098591549295775,0.4024896265560166,0.3415492957746479,0.37344398340248963,0.31690140845070425,0.2572614107883817,0.21830985915492956,0.34439834024896265,0.29225352112676056,0.34024896265560167,0.2887323943661972,0.3817427385892116,0.323943661971831
20,0.28346456692913385,0.2535211267605634,0.28346456692913385,0.2535211267605634,0.2047244094488189,0.18309859154929578,0.16535433070866143,0.14788732394366197,0.2204724409448819,0.19718309859154928,0.5,0.4471830985915493,0.19291338582677164,0.17253521126760563,0.3188976377952756,0.2852112676056338,0.3031496062992126,0.2711267605633803,0.2874015748031496,0.25704225352112675,0.2755905511811024,0.24647887323943662,0.42913385826771655,0.38380281690140844,0.3425196850393701,0.30633802816901406,0.3425196850393701,0.30633802816901406,0.3779527559055118,0.3380281690140845,0.3858267716535433,0.34507042253521125,0.1968503937007874,0.176056338028169,0.4763779527559055,0.426056338028169,0.4330708661417323,0.3873239436619718,0.3228346456692913,0.2887323943661972,0.3110236220472441,0.27816901408450706,0.3464566929133858,0.30985915492957744,0.2795275590551181,0.25,0.5,0.4471830985915493,0.4251968503937008,0.38028169014084506,0.421259842519685,0.3767605633802817,0.1968503937007874,0.176056338028169,0.2047244094488189,0.18309859154929578,0.1968503937007874,0.176056338028169,0.5354330708661418,0.4788732394366197,0.18503937007874016,0.16549295774647887,0.2755905511811024,0.24647887323943662,0.2047244094488189,0.18309859154929578,0.421259842519685,0.3767605633802817,0.3661417322834646,0.3274647887323944,0.4409448818897638,0.39436619718309857,0.452755905511811,0.40492957746478875,0.452755905511811,0.40492957746478875,0.40551181102362205,0.3626760563380282,0.40551181102362205,0.3626760563380282,0.36220472440944884,0.323943661971831,0.4645669291338583,0.4154929577464789,0.4330708661417323,0.3873239436619718,0.4881889763779528,0.43661971830985913,0.2637795275590551,0.23591549295774647,0.452755905511811,0.40492957746478875,0.46062992125984253,0.4119718309859155,0.49606299212598426,0.44366197183098594,0.31496062992125984,0.28169014084507044,0.31496062992125984,0.28169014084507044,0.25196850393700787,0.22535211267605634,0.2283464566929134,0.20422535211267606,0.1968503937007874,0.176056338028169,0.4881889763779528,0.43661971830985913,0.20866141732283464,0.18661971830985916,0.41732283464566927,0.3732394366197183,0.32677165354330706,0.29225352112676056,0.31496062992125984,0.28169014084507044,0.3228346456692913,0.2887323943661972,0.4409448818897638,0.39436619718309857,0.3543307086614173,0.31690140845070425,0.3543307086614173,0.31690140845070425,0.38188976377952755,0.3415492957746479,0.38976377952755903,0.3485915492957746,0.21653543307086615,0.1936619718309859,0.48031496062992124,0.4295774647887324,0.452755905511811,0.40492957746478875,0.33858267716535434,0.3028169014084507,0.39763779527559057,0.35563380281690143,0.3543307086614173,0.31690140845070425,0.3464566929133858,0.30985915492957744,0.4921259842519685,0.44014084507042256,0.31496062992125984,0.28169014084507044,0.3228346456692913,0.2887323943661972,0.3228346456692913,0.2887323943661972,0.3188976377952756,0.2852112676056338,0.2204724409448819,0.19718309859154928,0.35826771653543305,0.3204225352112676,0.36220472440944884,0.323943661971831,0.3543307086614173,0.31690140845070425,0.25984251968503935,0.2323943661971831,0.32677165354330706,0.29225352112676056,0.32677165354330706,0.29225352112676056,0.35826771653543305,0.3204225352112676,0.3188976377952756,0.2852112676056338,0.31496062992125984,0.28169014084507044,0.2795275590551181,0.25,0.2874015748031496,0.25704225352112675,0.23622047244094488,0.2112676056338028,0.38976377952755903,0.3485915492957746,0.4015748031496063,0.3591549295774648,0.36220472440944884,0.323943661971831,0.25196850393700787,0.22535211267605634,0.3464566929133858,0.30985915492957744,0.3425196850393701,0.30633802816901406,0.37401574803149606,0.3345070422535211
21,0.2846441947565543,0.2676056338028169,0.2846441947565543,0.2676056338028169,0.1947565543071161,0.18309859154929578,0.16104868913857678,0.15140845070422534,0.21348314606741572,0.2007042253521127,0.4794007490636704,0.4507042253521127,0.18352059925093633,0.17253521126760563,0.3333333333333333,0.31338028169014087,0.299625468164794,0.28169014084507044,0.2846441947565543,0.2676056338028169,0.26591760299625467,0.25,0.449438202247191,0.4225352112676056,0.3408239700374532,0.3204225352112676,0.3408239700374532,0.3204225352112676,0.3895131086142322,0.36619718309859156,0.3857677902621723,0.3626760563380282,0.19850187265917604,0.18661971830985916,0.46441947565543074,0.43661971830985913,0.4232209737827715,0.397887323943662,0.3258426966292135,0.30633802816901406,0.30711610486891383,0.2887323943661972,0.3445692883895131,0.323943661971831,0.26591760299625467,0.25,0.49812734082397003,0.46830985915492956,0.41198501872659177,0.3873239436619718,0.41198501872659177,0.3873239436619718,0.18726591760299627,0.176056338028169,0.19850187265917604,0.18661971830985916,0.1947565543071161,0.18309859154929578,0.5093632958801498,0.4788732394366197,0.1797752808988764,0.16901408450704225,0.2883895131086142,0.2711267605633803,0.19850187265917604,0.18661971830985916,0.41198501872659177,0.3873239436619718,0.36329588014981273,0.3415492957746479,0.45318352059925093,0.426056338028169,0.44569288389513106,0.41901408450704225,0.44569288389513106,0.41901408450704225,0.4044943820224719,0.38028169014084506,0.39325842696629215,0.36971830985915494,0.35580524344569286,0.3345070422535211,0.4681647940074906,0.44014084507042256,0.4344569288389513,0.4084507042253521,0.4794007490636704,0.4507042253521127,0.26217228464419473,0.24647887323943662,0.44569288389513106,0.41901408450704225,0.45692883895131087,0.4295774647887324,0.48314606741573035,0.45422535211267606,0.30337078651685395,0.2852112676056338,0.30337078651685395,0.2852112676056338,0.2397003745318352,0.22535211267605634,0.21722846441947566,0.20422535211267606,0.1947565543071161,0.18309859154929578,0.4681647940074906,0.44014084507042256,0.19850187265917604,0.18661971830985916,0.3970037453183521,0.3732394366197183,0.31086142322097376,0.29225352112676056,0.30337078651685395,0.2852112676056338,0.31835205992509363,0.2992957746478873,0.45318352059925093,0.426056338028169,0.352059925093633,0.33098591549295775,0.352059925093633,0.33098591549295775,0.3895131086142322,0.36619718309859156,0.3857677902621723,0.3626760563380282,0.21348314606741572,0.2007042253521127,0.4756554307116105,0.4471830985915493,0.4344569288389513,0.4084507042253521,0.35580524344569286,0.3345070422535211,0.3970037453183521,0.3732394366197183,0.352059925093633,0.33098591549295775,0.3333333333333333,0.31338028169014087,0.48314606741573035,0.45422535211267606,0.31086142322097376,0.29225352112676056,0.32209737827715357,0.3028169014084507,0.3146067415730337,0.29577464788732394,0.3146067415730337,0.29577464788732394,0.22846441947565543,0.2147887323943662,0.35580524344569286,0.3345070422535211,0.35580524344569286,0.3345070422535211,0.3445692883895131,0.323943661971831,0.250936329588015,0.23591549295774647,0.3258426966292135,0.30633802816901406,0.3258426966292135,0.30633802816901406,0.3595505617977528,0.3380281690140845,0.31086142322097376,0.29225352112676056,0.299625468164794,0.28169014084507044,0.2958801498127341,0.27816901408450706,0.29213483146067415,0.2746478873239437,0.23595505617977527,0.22183098591549297,0.3895131086142322,0.36619718309859156,0.4044943820224719,0.38028169014084506,0.3595505617977528,0.3380281690140845,0.250936329588015,0.23591549295774647,0.33707865168539325,0.31690140845070425,0.3333333333333333,0.31338028169014087,0.3707865168539326,0.3485915492957746
22,0.2867383512544803,0.28169014084507044,0.2867383512544803,0.28169014084507044,0.1863799283154122,0.18309859154929578,0.16487455197132617,0.1619718309859155,0.21863799283154123,0.2147887323943662,0.46953405017921146,0.4612676056338028,0.1863799283154122,0.18309859154929578,0.34050179211469533,0.3345070422535211,0.3046594982078853,0.2992957746478873,0.2831541218637993,0.27816901408450706,0.2616487455197133,0.25704225352112675,0.44086021505376344,0.43309859154929575,0.33691756272401435,0.33098591549295775,0.33691756272401435,0.33098591549295775,0.3835125448028674,0.3767605633802817,0.3835125448028674,0.3767605633802817,0.2007168458781362,0.19718309859154928,0.4551971326164875,0.4471830985915493,0.4265232974910394,0.41901408450704225,0.3333333333333333,0.3274647887323944,0.3046594982078853,0.2992957746478873,0.34408602150537637,0.3380281690140845,0.27598566308243727,0.2711267605633803,0.4874551971326165,0.4788732394366197,0.4014336917562724,0.39436619718309857,0.4014336917562724,0.39436619718309857,0.18996415770609318,0.18661971830985916,0.18996415770609318,0.18661971830985916,0.2078853046594982,0.20422535211267606,0.4946236559139785,0.4859154929577465,0.1827956989247312,0.1795774647887324,0.2867383512544803,0.28169014084507044,0.18996415770609318,0.18661971830985916,0.4014336917562724,0.39436619718309857,0.34767025089605735,0.3415492957746479,0.46953405017921146,0.4612676056338028,0.44802867383512546,0.44014084507042256,0.44802867383512546,0.44014084507042256,0.3942652329749104,0.3873239436619718,0.3870967741935484,0.38028169014084506,0.35125448028673834,0.34507042253521125,0.46236559139784944,0.45422535211267606,0.4336917562724014,0.426056338028169,0.4838709677419355,0.4753521126760563,0.25089605734767023,0.24647887323943662,0.45161290322580644,0.44366197183098594,0.4444444444444444,0.43661971830985913,0.4731182795698925,0.4647887323943662,0.3010752688172043,0.29577464788732394,0.3010752688172043,0.29577464788732394,0.22939068100358423,0.22535211267605634,0.21505376344086022,0.2112676056338028,0.2007168458781362,0.19718309859154928,0.44802867383512546,0.44014084507042256,0.1935483870967742,0.19014084507042253,0.37992831541218636,0.3732394366197183,0.30824372759856633,0.3028169014084507,0.3010752688172043,0.29577464788732394,0.3046594982078853,0.2992957746478873,0.43727598566308246,0.4295774647887324,0.33691756272401435,0.33098591549295775,0.33691756272401435,0.33098591549295775,0.37992831541218636,0.3732394366197183,0.3763440860215054,0.36971830985915494,0.21863799283154123,0.2147887323943662,0.4659498207885305,0.45774647887323944,0.4265232974910394,0.41901408450704225,0.34050179211469533,0.3345070422535211,0.3978494623655914,0.3908450704225352,0.33691756272401435,0.33098591549295775,0.33691756272401435,0.33098591549295775,0.4838709677419355,0.4753521126760563,0.3118279569892473,0.30633802816901406,0.3118279569892473,0.30633802816901406,0.3154121863799283,0.30985915492957744,0.3118279569892473,0.30633802816901406,0.22939068100358423,0.22535211267605634,0.3548387096774194,0.3485915492957746,0.34050179211469533,0.3345070422535211,0.33691756272401435,0.33098591549295775,0.25089605734767023,0.24647887323943662,0.3225806451612903,0.31690140845070425,0.3333333333333333,0.3274647887323944,0.35842293906810035,0.352112676056338,0.3010752688172043,0.29577464788732394,0.2974910394265233,0.29225352112676056,0.2939068100358423,0.2887323943661972,0.2867383512544803,0.28169014084507044,0.24014336917562723,0.23591549295774647,0.3835125448028674,0.3767605633802817,0.3978494623655914,0.3908450704225352,0.3548387096774194,0.3485915492957746,0.25089605734767023,0.24647887323943662,0.34408602150537637,0.3380281690140845,0.34408602150537637,0.3380281690140845,0.3655913978494624,0.3591549295774648
23,0.2910958904109589,0.2992957746478873,0.2910958904109589,0.2992957746478873,0.18835616438356165,0.1936619718309859,0.15753424657534246,0.1619718309859155,0.2089041095890411,0.2147887323943662,0.4623287671232877,0.4753521126760563,0.18493150684931506,0.19014084507042253,0.3253424657534247,0.3345070422535211,0.2979452054794521,0.30633802816901406,0.2910958904109589,0.2992957746478873,0.2636986301369863,0.2711267605633803,0.4280821917808219,0.44014084507042256,0.3321917808219178,0.3415492957746479,0.3321917808219178,0.3415492957746479,0.3835616438356164,0.39436619718309857,0.3801369863013699,0.3908450704225352,0.2054794520547945,0.2112676056338028,0.4520547945205479,0.4647887323943662,0.4178082191780822,0.4295774647887324,0.3219178082191781,0.33098591549295775,0.3047945205479452,0.31338028169014087,0.3424657534246575,0.352112676056338,0.2705479452054795,0.27816901408450706,0.4863013698630137,0.5,0.4041095890410959,0.4154929577464789,0.4006849315068493,0.4119718309859155,0.18835616438356165,0.1936619718309859,0.1952054794520548,0.2007042253521127,0.22945205479452055,0.23591549295774647,0.4726027397260274,0.4859154929577465,0.1815068493150685,0.18661971830985916,0.2773972602739726,0.2852112676056338,0.1815068493150685,0.18661971830985916,0.4006849315068493,0.4119718309859155,0.3321917808219178,0.3415492957746479,0.4897260273972603,0.5035211267605634,0.4417808219178082,0.45422535211267606,0.4417808219178082,0.45422535211267606,0.3835616438356164,0.39436619718309857,0.3938356164383562,0.40492957746478875,0.3527397260273973,0.3626760563380282,0.4486301369863014,0.4612676056338028,0.4246575342465753,0.43661971830985913,0.4863013698630137,0.5,0.2465753424657534,0.2535211267605634,0.4417808219178082,0.45422535211267606,0.4417808219178082,0.45422535211267606,0.4726027397260274,0.4859154929577465,0.2979452054794521,0.30633802816901406,0.2979452054794521,0.30633802816901406,0.22945205479452055,0.23591549295774647,0.2089041095890411,0.2147887323943662,0.20205479452054795,0.20774647887323944,0.4349315068493151,0.4471830985915493,0.1952054794520548,0.2007042253521127,0.3904109589041096,0.4014084507042254,0.3047945205479452,0.31338028169014087,0.2945205479452055,0.3028169014084507,0.3082191780821918,0.31690140845070425,0.4178082191780822,0.4295774647887324,0.3356164383561644,0.34507042253521125,0.3356164383561644,0.34507042253521125,0.3904109589041096,0.4014084507042254,0.3698630136986301,0.38028169014084506,0.2191780821917808,0.22535211267605634,0.4520547945205479,0.4647887323943662,0.4178082191780822,0.4295774647887324,0.3287671232876712,0.3380281690140845,0.3972602739726027,0.4084507042253521,0.3356164383561644,0.34507042253521125,0.3356164383561644,0.34507042253521125,0.4794520547945205,0.49295774647887325,0.3116438356164384,0.3204225352112676,0.3082191780821918,0.31690140845070425,0.3219178082191781,0.33098591549295775,0.3116438356164384,0.3204225352112676,0.22945205479452055,0.23591549295774647,0.3561643835616438,0.36619718309859156,0.3424657534246575,0.352112676056338,0.3356164383561644,0.34507042253521125,0.23972602739726026,0.24647887323943662,0.3184931506849315,0.3274647887323944,0.3356164383561644,0.34507042253521125,0.3527397260273973,0.3626760563380282,0.2910958904109589,0.2992957746478873,0.2910958904109589,0.2992957746478873,0.2979452054794521,0.30633802816901406,0.2876712328767123,0.29577464788732394,0.23972602739726026,0.24647887323943662,0.386986301369863,0.397887323943662,0.3938356164383562,0.40492957746478875,0.3561643835616438,0.36619718309859156,0.25,0.25704225352112675,0.3493150684931507,0.3591549295774648,0.3561643835616438,0.36619718309859156,0.3767123287671233,0.3873239436619718
24,0.29180327868852457,0.31338028169014087,0.29180327868852457,0.31338028169014087,0.18360655737704917,0.19718309859154928,0.16065573770491803,0.17253521126760563,0.21311475409836064,0.22887323943661972,0.4524590163934426,0.4859154929577465,0.18688524590163935,0.2007042253521127,0.32786885245901637,0.352112676056338,0.29508196721311475,0.31690140845070425,0.29180327868852457,0.31338028169014087,0.25901639344262295,0.27816901408450706,0.419672131147541,0.4507042253521127,0.34098360655737703,0.36619718309859156,0.34098360655737703,0.36619718309859156,0.3901639344262295,0.41901408450704225,0.3901639344262295,0.41901408450704225,0.20655737704918034,0.22183098591549297,0.4459016393442623,0.4788732394366197,0.4131147540983607,0.44366197183098594,0.32459016393442625,0.3485915492957746,0.29508196721311475,0.31690140845070425,0.34098360655737703,0.36619718309859156,0.26229508196721313,0.28169014084507044,0.4786885245901639,0.5140845070422535,0.4098360655737705,0.44014084507042256,0.4098360655737705,0.44014084507042256,0.18032786885245902,0.1936619718309859,0.1901639344262295,0.20422535211267606,0.23934426229508196,0.25704225352112675,0.46229508196721314,0.4964788732394366,0.1737704918032787,0.18661971830985916,0.26557377049180325,0.2852112676056338,0.1737704918032787,0.18661971830985916,0.4098360655737705,0.44014084507042256,0.32459016393442625,0.3485915492957746,0.4885245901639344,0.5246478873239436,0.4360655737704918,0.46830985915492956,0.4360655737704918,0.46830985915492956,0.38688524590163936,0.4154929577464789,0.4,0.4295774647887324,0.35737704918032787,0.38380281690140844,0.4360655737704918,0.46830985915492956,0.4131147540983607,0.44366197183098594,0.4786885245901639,0.5140845070422535,0.24262295081967214,0.2605633802816901,0.4360655737704918,0.46830985915492956,0.4262295081967213,0.45774647887323944,0.4721311475409836,0.5070422535211268,0.28852459016393445,0.30985915492957744,0.28852459016393445,0.30985915492957744,0.2262295081967213,0.24295774647887325,0.20327868852459016,0.21830985915492956,0.19672131147540983,0.2112676056338028,0.4360655737704918,0.46830985915492956,0.18688524590163935,0.2007042253521127,0.38688524590163936,0.4154929577464789,0.29180327868852457,0.31338028169014087,0.28852459016393445,0.30985915492957744,0.2983606557377049,0.3204225352112676,0.4131147540983607,0.44366197183098594,0.3344262295081967,0.3591549295774648,0.3344262295081967,0.3591549295774648,0.3901639344262295,0.41901408450704225,0.3704918032786885,0.397887323943662,0.21639344262295082,0.2323943661971831,0.43934426229508194,0.47183098591549294,0.4065573770491803,0.43661971830985913,0.32786885245901637,0.352112676056338,0.38688524590163936,0.4154929577464789,0.3377049180327869,0.3626760563380282,0.32459016393442625,0.3485915492957746,0.47540983606557374,0.5105633802816901,0.3081967213114754,0.33098591549295775,0.3114754098360656,0.3345070422535211,0.32131147540983607,0.34507042253521125,0.3114754098360656,0.3345070422535211,0.24262295081967214,0.2605633802816901,0.3475409836065574,0.3732394366197183,0.3344262295081967,0.3591549295774648,0.3344262295081967,0.3591549295774648,0.24262295081967214,0.2605633802816901,0.32131147540983607,0.34507042253521125,0.3475409836065574,0.3732394366197183,0.3475409836065574,0.3732394366197183,0.29180327868852457,0.31338028169014087,0.30491803278688523,0.3274647887323944,0.2983606557377049,0.3204225352112676,0.3016393442622951,0.323943661971831,0.24262295081967214,0.2605633802816901,0.3901639344262295,0.41901408450704225,0.39344262295081966,0.4225352112676056,0.3540983606557377,0.38028169014084506,0.24918032786885247,0.2676056338028169,0.3475409836065574,0.3732394366197183,0.35081967213114756,0.3767605633802817,0.380327868852459,0.4084507042253521
25,0.29559748427672955,0.33098591549295775,0.29559748427672955,0.33098591549295775,0.18553459119496854,0.20774647887323944,0.1540880503144654,0.17253521126760563,0.20440251572327045,0.22887323943661972,0.44025157232704404,0.49295774647887325,0.18238993710691823,0.20422535211267606,0.32075471698113206,0.3591549295774648,0.29559748427672955,0.33098591549295775,0.29874213836477986,0.3345070422535211,0.24842767295597484,0.27816901408450706,0.4056603773584906,0.45422535211267606,0.33647798742138363,0.3767605633802817,0.33647798742138363,0.3767605633802817,0.3867924528301887,0.43309859154929575,0.3867924528301887,0.43309859154929575,0.2169811320754717,0.24295774647887325,0.4339622641509434,0.4859154929577465,0.4088050314465409,0.45774647887323944,0.31761006289308175,0.35563380281690143,0.29559748427672955,0.33098591549295775,0.33962264150943394,0.38028169014084506,0.2578616352201258,0.2887323943661972,0.46855345911949686,0.5246478873239436,0.39308176100628933,0.44014084507042256,0.39308176100628933,0.44014084507042256,0.1761006289308176,0.19718309859154928,0.18553459119496854,0.20774647887323944,0.22955974842767296,0.25704225352112675,0.44339622641509435,0.4964788732394366,0.16666666666666666,0.18661971830985916,0.25471698113207547,0.2852112676056338,0.16981132075471697,0.19014084507042253,0.39308176100628933,0.44014084507042256,0.3270440251572327,0.36619718309859156,0.4748427672955975,0.5316901408450704,0.42452830188679247,0.4753521126760563,0.42452830188679247,0.4753521126760563,0.389937106918239,0.43661971830985913,0.39622641509433965,0.44366197183098594,0.3553459119496855,0.397887323943662,0.42452830188679247,0.4753521126760563,0.4056603773584906,0.45422535211267606,0.4779874213836478,0.5352112676056338,0.24528301886792453,0.2746478873239437,0.42452830188679247,0.4753521126760563,0.42452830188679247,0.4753521126760563,0.4748427672955975,0.5316901408450704,0.27672955974842767,0.30985915492957744,0.27672955974842767,0.30985915492957744,0.22327044025157233,0.25,0.20440251572327045,0.22887323943661972,0.20440251572327045,0.22887323943661972,0.42452830188679247,0.4753521126760563,0.18238993710691823,0.20422535211267606,0.3742138364779874,0.41901408450704225,0.29559748427672955,0.33098591549295775,0.27672955974842767,0.30985915492957744,0.3050314465408805,0.3415492957746479,0.41509433962264153,0.4647887323943662,0.33647798742138363,0.3767605633802817,0.33647798742138363,0.3767605633802817,0.389937106918239,0.43661971830985913,0.3867924528301887,0.43309859154929575,0.2169811320754717,0.24295774647887325,0.4308176100628931,0.4823943661971831,0.4056603773584906,0.45422535211267606,0.330188679245283,0.36971830985915494,0.37735849056603776,0.4225352112676056,0.33962264150943394,0.38028169014084506,0.3113207547169811,0.3485915492957746,0.4811320754716981,0.5387323943661971,0.3050314465408805,0.3415492957746479,0.3018867924528302,0.3380281690140845,0.31446540880503143,0.352112676056338,0.31761006289308175,0.35563380281690143,0.24528301886792453,0.2746478873239437,0.3553459119496855,0.397887323943662,0.330188679245283,0.36971830985915494,0.3270440251572327,0.36619718309859156,0.25157232704402516,0.28169014084507044,0.3333333333333333,0.3732394366197183,0.3490566037735849,0.3908450704225352,0.3490566037735849,0.3908450704225352,0.2893081761006289,0.323943661971831,0.3050314465408805,0.3415492957746479,0.3050314465408805,0.3415492957746479,0.3018867924528302,0.3380281690140845,0.2358490566037736,0.2640845070422535,0.3805031446540881,0.426056338028169,0.3836477987421384,0.4295774647887324,0.34591194968553457,0.3873239436619718,0.25157232704402516,0.28169014084507044,0.3490566037735849,0.3908450704225352,0.34276729559748426,0.38380281690140844,0.37735849056603776,0.4225352112676056
26,0.2909090909090909,0.3380281690140845,0.2909090909090909,0.3380281690140845,0.1787878787878788,0.20774647887323944,0.1484848484848485,0.17253521126760563,0.20606060606060606,0.23943661971830985,0.4303030303030303,0.5,0.18181818181818182,0.2112676056338028,0.3181818181818182,0.36971830985915494,0.2878787878787879,0.3345070422535211,0.2909090909090909,0.3380281690140845,0.24242424242424243,0.28169014084507044,0.39090909090909093,0.45422535211267606,0.3333333333333333,0.3873239436619718,0.3333333333333333,0.3873239436619718,0.38181818181818183,0.44366197183098594,0.39090909090909093,0.45422535211267606,0.21515151515151515,0.25,0.4303030303030303,0.5,0.40606060606060607,0.47183098591549294,0.3151515151515151,0.36619718309859156,0.2909090909090909,0.3380281690140845,0.33636363636363636,0.3908450704225352,0.2515151515151515,0.29225352112676056,0.4636363636363636,0.5387323943661971,0.3787878787878788,0.44014084507042256,0.3787878787878788,0.44014084507042256,0.1696969696969697,0.19718309859154928,0.18787878787878787,0.21830985915492956,0.22121212121212122,0.25704225352112675,0.43636363636363634,0.5070422535211268,0.1606060606060606,0.18661971830985916,0.2606060606060606,0.3028169014084507,0.19090909090909092,0.22183098591549297,0.3787878787878788,0.44014084507042256,0.3242424242424242,0.3767605633802817,0.46060606060606063,0.5352112676056338,0.4121212121212121,0.4788732394366197,0.4121212121212121,0.4788732394366197,0.3878787878787879,0.4507042253521127,0.39090909090909093,0.45422535211267606,0.3606060606060606,0.41901408450704225,0.42424242424242425,0.49295774647887325,0.40606060606060607,0.47183098591549294,0.46060606060606063,0.5352112676056338,0.24545454545454545,0.2852112676056338,0.4121212121212121,0.4788732394366197,0.42424242424242425,0.49295774647887325,0.4666666666666667,0.5422535211267606,0.26666666666666666,0.30985915492957744,0.26666666666666666,0.30985915492957744,0.21515151515151515,0.25,0.19696969696969696,0.22887323943661972,0.20303030303030303,0.23591549295774647,0.43636363636363634,0.5070422535211268,0.18484848484848485,0.2147887323943662,0.3606060606060606,0.41901408450704225,0.29393939393939394,0.3415492957746479,0.26666666666666666,0.30985915492957744,0.30303030303030304,0.352112676056338,0.4,0.4647887323943662,0.32727272727272727,0.38028169014084506,0.32727272727272727,0.38028169014084506,0.3939393939393939,0.45774647887323944,0.38181818181818183,0.44366197183098594,0.21818181818181817,0.2535211267605634,0.4303030303030303,0.5,0.4090909090909091,0.4753521126760563,0.32727272727272727,0.38028169014084506,0.38181818181818183,0.44366197183098594,0.3303030303030303,0.38380281690140844,0.30606060606060603,0.35563380281690143,0.4696969696969697,0.545774647887324,0.3,0.3485915492957746,0.296969696969697,0.34507042253521125,0.3212121212121212,0.3732394366197183,0.3242424242424242,0.3767605633802817,0.24545454545454545,0.2852112676056338,0.3484848484848485,0.40492957746478875,0.32727272727272727,0.38028169014084506,0.3242424242424242,0.3767605633802817,0.2545454545454545,0.29577464788732394,0.3424242424242424,0.397887323943662,0.3393939393939394,0.39436619718309857,0.3484848484848485,0.40492957746478875,0.2909090909090909,0.3380281690140845,0.3,0.3485915492957746,0.30606060606060603,0.35563380281690143,0.30606060606060603,0.35563380281690143,0.23636363636363636,0.2746478873239437,0.37272727272727274,0.43309859154929575,0.37272727272727274,0.43309859154929575,0.3424242424242424,0.397887323943662,0.2606060606060606,0.3028169014084507,0.35454545454545455,0.4119718309859155,0.3424242424242424,0.397887323943662,0.36666666666666664,0.426056338028169
27,0.2944606413994169,0.35563380281690143,0.2944606413994169,0.35563380281690143,0.17201166180758018,0.20774647887323944,0.14285714285714285,0.17253521126760563,0.20116618075801748,0.24295774647887325,0.42857142857142855,0.5176056338028169,0.17784256559766765,0.2147887323943662,0.3236151603498542,0.3908450704225352,0.2886297376093295,0.3485915492957746,0.2944606413994169,0.35563380281690143,0.23323615160349853,0.28169014084507044,0.3965014577259475,0.4788732394366197,0.33527696793002915,0.40492957746478875,0.33527696793002915,0.40492957746478875,0.3848396501457726,0.4647887323943662,0.3848396501457726,0.4647887323943662,0.21865889212827988,0.2640845070422535,0.4314868804664723,0.5211267605633803,0.40816326530612246,0.49295774647887325,0.3206997084548105,0.3873239436619718,0.2944606413994169,0.35563380281690143,0.33527696793002915,0.40492957746478875,0.2594752186588921,0.31338028169014087,0.45481049562682213,0.5492957746478874,0.36443148688046645,0.44014084507042256,0.36443148688046645,0.44014084507042256,0.1661807580174927,0.2007042253521127,0.1836734693877551,0.22183098591549297,0.21282798833819241,0.25704225352112675,0.4198250728862974,0.5070422535211268,0.15743440233236153,0.19014084507042253,0.27988338192419826,0.3380281690140845,0.22157434402332363,0.2676056338028169,0.36443148688046645,0.44014084507042256,0.34110787172011664,0.4119718309859155,0.4577259475218659,0.5528169014084507,0.40816326530612246,0.49295774647887325,0.40816326530612246,0.49295774647887325,0.3848396501457726,0.4647887323943662,0.3848396501457726,0.4647887323943662,0.36443148688046645,0.44014084507042256,0.4198250728862974,0.5070422535211268,0.40233236151603496,0.4859154929577465,0.4489795918367347,0.5422535211267606,0.24198250728862974,0.29225352112676056,0.40816326530612246,0.49295774647887325,0.4227405247813411,0.5105633802816901,0.4606413994169096,0.5563380281690141,0.26239067055393583,0.31690140845070425,0.26239067055393583,0.31690140845070425,0.21574344023323616,0.2605633802816901,0.1924198250728863,0.2323943661971831,0.20116618075801748,0.24295774647887325,0.4227405247813411,0.5105633802816901,0.17784256559766765,0.2147887323943662,0.3469387755102041,0.41901408450704225,0.2944606413994169,0.35563380281690143,0.2653061224489796,0.3204225352112676,0.2944606413994169,0.35563380281690143,0.39067055393586003,0.47183098591549294,0.32653061224489793,0.39436619718309857,0.32653061224489793,0.39436619718309857,0.3877551020408163,0.46830985915492956,0.3819241982507289,0.4612676056338028,0.21282798833819241,0.25704225352112675,0.4314868804664723,0.5211267605633803,0.4110787172011662,0.4964788732394366,0.3206997084548105,0.3873239436619718,0.37317784256559766,0.4507042253521127,0.32653061224489793,0.39436619718309857,0.29737609329446063,0.3591549295774648,0.46355685131195334,0.5598591549295775,0.30029154518950435,0.3626760563380282,0.29737609329446063,0.3591549295774648,0.32653061224489793,0.39436619718309857,0.3236151603498542,0.3908450704225352,0.2478134110787172,0.2992957746478873,0.34402332361516036,0.4154929577464789,0.32653061224489793,0.39436619718309857,0.3294460641399417,0.397887323943662,0.25072886297376096,0.3028169014084507,0.33819241982507287,0.4084507042253521,0.3323615160349854,0.4014084507042254,0.34110787172011664,0.4119718309859155,0.2915451895043732,0.352112676056338,0.30029154518950435,0.3626760563380282,0.3032069970845481,0.36619718309859156,0.3032069970845481,0.36619718309859156,0.25072886297376096,0.3028169014084507,0.37900874635568516,0.45774647887323944,0.37026239067055394,0.4471830985915493,0.34402332361516036,0.4154929577464789,0.2565597667638484,0.30985915492957744,0.3498542274052478,0.4225352112676056,0.33819241982507287,0.4084507042253521,0.37026239067055394,0.4471830985915493
28,0.2893258426966292,0.3626760563380282,0.2893258426966292,0.3626760563380282,0.16573033707865167,0.20774647887323944,0.13764044943820225,0.17253521126760563,0.19662921348314608,0.24647887323943662,0.4241573033707865,0.5316901408450704,0.17134831460674158,0.2147887323943662,0.31741573033707865,0.397887323943662,0.29213483146067415,0.36619718309859156,0.28651685393258425,0.3591549295774648,0.23314606741573032,0.29225352112676056,0.3848314606741573,0.4823943661971831,0.3398876404494382,0.426056338028169,0.3398876404494382,0.426056338028169,0.37640449438202245,0.47183098591549294,0.38764044943820225,0.4859154929577465,0.2247191011235955,0.28169014084507044,0.4297752808988764,0.5387323943661971,0.398876404494382,0.5,0.3146067415730337,0.39436619718309857,0.29213483146067415,0.36619718309859156,0.3398876404494382,0.426056338028169,0.2640449438202247,0.33098591549295775,0.449438202247191,0.5633802816901409,0.3539325842696629,0.44366197183098594,0.351123595505618,0.44014084507042256,0.1601123595505618,0.2007042253521127,0.1797752808988764,0.22535211267605634,0.20786516853932585,0.2605633802816901,0.4101123595505618,0.5140845070422535,0.1544943820224719,0.1936619718309859,0.2696629213483146,0.3380281690140845,0.25,0.31338028169014087,0.351123595505618,0.44014084507042256,0.35674157303370785,0.4471830985915493,0.4410112359550562,0.5528169014084507,0.4101123595505618,0.5140845070422535,0.4101123595505618,0.5140845070422535,0.3792134831460674,0.4753521126760563,0.3848314606741573,0.4823943661971831,0.3707865168539326,0.4647887323943662,0.41292134831460675,0.5176056338028169,0.39325842696629215,0.49295774647887325,0.4353932584269663,0.545774647887324,0.23876404494382023,0.2992957746478873,0.4101123595505618,0.5140845070422535,0.41292134831460675,0.5176056338028169,0.449438202247191,0.5633802816901409,0.2612359550561798,0.3274647887323944,0.2612359550561798,0.3274647887323944,0.20786516853932585,0.2605633802816901,0.1853932584269663,0.2323943661971831,0.19662921348314608,0.24647887323943662,0.4157303370786517,0.5211267605633803,0.17415730337078653,0.21830985915492956,0.33707865168539325,0.4225352112676056,0.2893258426966292,0.3626760563380282,0.2612359550561798,0.3274647887323944,0.2893258426966292,0.3626760563380282,0.3792134831460674,0.4753521126760563,0.31741573033707865,0.397887323943662,0.31741573033707865,0.397887323943662,0.38202247191011235,0.4788732394366197,0.37640449438202245,0.47183098591549294,0.21348314606741572,0.2676056338028169,0.4297752808988764,0.5387323943661971,0.3960674157303371,0.4964788732394366,0.31179775280898875,0.3908450704225352,0.3595505617977528,0.4507042253521127,0.32303370786516855,0.40492957746478875,0.29213483146067415,0.36619718309859156,0.45786516853932585,0.573943661971831,0.2949438202247191,0.36971830985915494,0.2893258426966292,0.3626760563380282,0.31741573033707865,0.397887323943662,0.31741573033707865,0.397887323943662,0.24157303370786518,0.3028169014084507,0.33707865168539325,0.4225352112676056,0.3258426966292135,0.4084507042253521,0.32865168539325845,0.4119718309859155,0.25280898876404495,0.31690140845070425,0.3455056179775281,0.43309859154929575,0.32865168539325845,0.4119718309859155,0.34269662921348315,0.4295774647887324,0.300561797752809,0.3767605633802817,0.29213483146067415,0.36619718309859156,0.300561797752809,0.3767605633802817,0.3089887640449438,0.3873239436619718,0.24719101123595505,0.30985915492957744,0.3792134831460674,0.4753521126760563,0.3707865168539326,0.4647887323943662,0.34269662921348315,0.4295774647887324,0.25280898876404495,0.31690140845070425,0.3455056179775281,0.43309859154929575,0.3398876404494382,0.426056338028169,0.3707865168539326,0.4647887323943662
29,0.28532608695652173,0.36971830985915494,0.28532608695652173,0.36971830985915494,0.16304347826086957,0.2112676056338028,0.13858695652173914,0.1795774647887324,0.19293478260869565,0.25,0.41304347826086957,0.5352112676056338,0.17391304347826086,0.22535211267605634,0.3070652173913043,0.397887323943662,0.29347826086956524,0.38028169014084506,0.28532608695652173,0.36971830985915494,0.23641304347826086,0.30633802816901406,0.375,0.4859154929577465,0.33695652173913043,0.43661971830985913,0.33695652173913043,0.43661971830985913,0.37228260869565216,0.4823943661971831,0.37771739130434784,0.4894366197183099,0.22554347826086957,0.29225352112676056,0.42391304347826086,0.5492957746478874,0.39402173913043476,0.5105633802816901,0.30434782608695654,0.39436619718309857,0.29347826086956524,0.38028169014084506,0.33967391304347827,0.44014084507042256,0.2717391304347826,0.352112676056338,0.44021739130434784,0.5704225352112676,0.3451086956521739,0.4471830985915493,0.35054347826086957,0.45422535211267606,0.16304347826086957,0.2112676056338028,0.1766304347826087,0.22887323943661972,0.21467391304347827,0.27816901408450706,0.40217391304347827,0.5211267605633803,0.15217391304347827,0.19718309859154928,0.266304347826087,0.34507042253521125,0.26902173913043476,0.3485915492957746,0.35054347826086957,0.45422535211267606,0.35054347826086957,0.45422535211267606,0.4266304347826087,0.5528169014084507,0.40217391304347827,0.5211267605633803,0.40217391304347827,0.5211267605633803,0.375,0.4859154929577465,0.3858695652173913,0.5,0.36684782608695654,0.4753521126760563,0.41032608695652173,0.5316901408450704,0.391304347826087,0.5070422535211268,0.42391304347826086,0.5492957746478874,0.23097826086956522,0.2992957746478873,0.40217391304347827,0.5211267605633803,0.4076086956521739,0.528169014084507,0.4483695652173913,0.5809859154929577,0.25815217391304346,0.3345070422535211,0.25815217391304346,0.3345070422535211,0.20923913043478262,0.2711267605633803,0.18206521739130435,0.23591549295774647,0.19293478260869565,0.25,0.41032608695652173,0.5316901408450704,0.16847826086956522,0.21830985915492956,0.328804347826087,0.426056338028169,0.28532608695652173,0.36971830985915494,0.2554347826086957,0.33098591549295775,0.2798913043478261,0.3626760563380282,0.36684782608695654,0.4753521126760563,0.32065217391304346,0.4154929577464789,0.32065217391304346,0.4154929577464789,0.38315217391304346,0.4964788732394366,0.375,0.4859154929577465,0.21739130434782608,0.28169014084507044,0.4266304347826087,0.5528169014084507,0.39402173913043476,0.5105633802816901,0.3125,0.40492957746478875,0.3532608695652174,0.45774647887323944,0.32065217391304346,0.4154929577464789,0.2826086956521739,0.36619718309859156,0.453804347826087,0.5880281690140845,0.29347826086956524,0.38028169014084506,0.28532608695652173,0.36971830985915494,0.31521739130434784,0.4084507042253521,0.31521739130434784,0.4084507042253521,0.2418478260869565,0.31338028169014087,0.328804347826087,0.426056338028169,0.32065217391304346,0.4154929577464789,0.32608695652173914,0.4225352112676056,0.25271739130434784,0.3274647887323944,0.3423913043478261,0.44366197183098594,0.33152173913043476,0.4295774647887324,0.3342391304347826,0.43309859154929575,0.3016304347826087,0.3908450704225352,0.2907608695652174,0.3767605633802817,0.29891304347826086,0.3873239436619718,0.30978260869565216,0.4014084507042254,0.24456521739130435,0.31690140845070425,0.37771739130434784,0.4894366197183099,0.3641304347826087,0.47183098591549294,0.3423913043478261,0.44366197183098594,0.25271739130434784,0.3274647887323944,0.3423913043478261,0.44366197183098594,0.3423913043478261,0.44366197183098594,0.36684782608695654,0.4753521126760563
30,0.2782152230971129,0.3732394366197183,0.2782152230971129,0.3732394366197183,0.16010498687664043,0.2147887323943662,0.14435695538057744,0.1936619718309859,0.2020997375328084,0.2711267605633803,0.4015748031496063,0.5387323943661971,0.18635170603674542,0.25,0.2992125984251969,0.4014084507042254,0.28608923884514437,0.38380281690140844,0.2782152230971129,0.3732394366197183,0.24146981627296588,0.323943661971831,0.3700787401574803,0.4964788732394366,0.3359580052493438,0.4507042253521127,0.3359580052493438,0.4507042253521127,0.3674540682414698,0.49295774647887325,0.3753280839895013,0.5035211267605634,0.23097112860892388,0.30985915492957744,0.4199475065616798,0.5633802816901409,0.3858267716535433,0.5176056338028169,0.29658792650918636,0.397887323943662,0.2887139107611549,0.3873239436619718,0.3438320209973753,0.4612676056338028,0.26246719160104987,0.352112676056338,0.4409448818897638,0.5915492957746479,0.3464566929133858,0.4647887323943662,0.3464566929133858,0.4647887323943662,0.16272965879265092,0.21830985915492956,0.17060367454068243,0.22887323943661972,0.2099737532808399,0.28169014084507044,0.4068241469816273,0.545774647887324,0.15223097112860892,0.20422535211267606,0.2572178477690289,0.34507042253521125,0.2677165354330709,0.3591549295774648,0.3464566929133858,0.4647887323943662,0.3438320209973753,0.4612676056338028,0.4120734908136483,0.5528169014084507,0.3937007874015748,0.528169014084507,0.3937007874015748,0.528169014084507,0.3779527559055118,0.5070422535211268,0.38320209973753283,0.5140845070422535,0.3674540682414698,0.49295774647887325,0.4068241469816273,0.545774647887324,0.38320209973753283,0.5140845070422535,0.41732283464566927,0.5598591549295775,0.22572178477690288,0.3028169014084507,0.3937007874015748,0.528169014084507,0.4041994750656168,0.5422535211267606,0.45144356955380577,0.6056338028169014,0.25196850393700787,0.3380281690140845,0.25196850393700787,0.3380281690140845,0.2020997375328084,0.2711267605633803,0.18110236220472442,0.24295774647887325,0.1889763779527559,0.2535211267605634,0.4015748031496063,0.5387323943661971,0.16535433070866143,0.22183098591549297,0.31758530183727035,0.426056338028169,0.28608923884514437,0.38380281690140844,0.25196850393700787,0.3380281690140845,0.2782152230971129,0.3732394366197183,0.3569553805774278,0.4788732394366197,0.32020997375328086,0.4295774647887324,0.32020997375328086,0.4295774647887324,0.3779527559055118,0.5070422535211268,0.37270341207349084,0.5,0.2230971128608924,0.2992957746478873,0.4251968503937008,0.5704225352112676,0.3858267716535433,0.5176056338028169,0.30183727034120733,0.40492957746478875,0.34908136482939633,0.46830985915492956,0.31758530183727035,0.426056338028169,0.28608923884514437,0.38380281690140844,0.4540682414698163,0.6091549295774648,0.2887139107611549,0.3873239436619718,0.28083989501312334,0.3767605633802817,0.3123359580052493,0.41901408450704225,0.31496062992125984,0.4225352112676056,0.2335958005249344,0.31338028169014087,0.3228346456692913,0.43309859154929575,0.3228346456692913,0.43309859154929575,0.32545931758530183,0.43661971830985913,0.2545931758530184,0.3415492957746479,0.33858267716535434,0.45422535211267606,0.3359580052493438,0.4507042253521127,0.32545931758530183,0.43661971830985913,0.2992125984251969,0.4014084507042254,0.29133858267716534,0.3908450704225352,0.30708661417322836,0.4119718309859155,0.30708661417322836,0.4119718309859155,0.24934383202099739,0.3345070422535211,0.3753280839895013,0.5035211267605634,0.3543307086614173,0.4753521126760563,0.33858267716535434,0.45422535211267606,0.2545931758530184,0.3415492957746479,0.3359580052493438,0.4507042253521127,0.3359580052493438,0.4507042253521127,0.3674540682414698,0.49295774647887325
31,0.26903553299492383,0.3732394366197183,0.26903553299492383,0.3732394366197183,0.1548223350253807,0.2147887323943662,0.15228426395939088,0.2112676056338028,0.20812182741116753,0.2887323943661972,0.40609137055837563,0.5633802816901409,0.19289340101522842,0.2676056338028169,0.2893401015228426,0.4014084507042254,0.2893401015228426,0.4014084507042254,0.26903553299492383,0.3732394366197183,0.2563451776649746,0.35563380281690143,0.37055837563451777,0.5140845070422535,0.3401015228426396,0.47183098591549294,0.3401015228426396,0.47183098591549294,0.36548223350253806,0.5070422535211268,0.3756345177664975,0.5211267605633803,0.23096446700507614,0.3204225352112676,0.41116751269035534,0.5704225352112676,0.383248730964467,0.5316901408450704,0.2868020304568528,0.397887323943662,0.28426395939086296,0.39436619718309857,0.34517766497461927,0.4788732394366197,0.25888324873096447,0.3591549295774648,0.4365482233502538,0.6056338028169014,0.3350253807106599,0.4647887323943662,0.3350253807106599,0.4647887323943662,0.1751269035532995,0.24295774647887325,0.1700507614213198,0.23591549295774647,0.20812182741116753,0.2887323943661972,0.39847715736040606,0.5528169014084507,0.15228426395939088,0.2112676056338028,0.2512690355329949,0.3485915492957746,0.26649746192893403,0.36971830985915494,0.3350253807106599,0.4647887323943662,0.33248730964467005,0.4612676056338028,0.4010152284263959,0.5563380281690141,0.3934010152284264,0.545774647887324,0.3934010152284264,0.545774647887324,0.38071065989847713,0.528169014084507,0.38071065989847713,0.528169014084507,0.35786802030456855,0.4964788732394366,0.4086294416243655,0.5669014084507042,0.37817258883248733,0.5246478873239436,0.4035532994923858,0.5598591549295775,0.22081218274111675,0.30633802816901406,0.3934010152284264,0.545774647887324,0.4010152284263959,0.5563380281690141,0.4416243654822335,0.6126760563380281,0.24619289340101522,0.3415492957746479,0.24619289340101522,0.3415492957746479,0.19543147208121828,0.2711267605633803,0.19289340101522842,0.2676056338028169,0.18274111675126903,0.2535211267605634,0.4010152284263959,0.5563380281690141,0.16751269035532995,0.2323943661971831,0.30710659898477155,0.426056338028169,0.2868020304568528,0.397887323943662,0.2436548223350254,0.3380281690140845,0.2715736040609137,0.3767605633802817,0.350253807106599,0.4859154929577465,0.3197969543147208,0.44366197183098594,0.3197969543147208,0.44366197183098594,0.37055837563451777,0.5140845070422535,0.36548223350253806,0.5070422535211268,0.23096446700507614,0.3204225352112676,0.41116751269035534,0.5704225352112676,0.38071065989847713,0.528169014084507,0.2918781725888325,0.40492957746478875,0.34517766497461927,0.4788732394366197,0.3197969543147208,0.44366197183098594,0.2817258883248731,0.3908450704225352,0.44923857868020306,0.6232394366197183,0.2868020304568528,0.397887323943662,0.28426395939086296,0.39436619718309857,0.31218274111675126,0.43309859154929575,0.31725888324873097,0.44014084507042256,0.233502538071066,0.323943661971831,0.3223350253807107,0.4471830985915493,0.3197969543147208,0.44366197183098594,0.3197969543147208,0.44366197183098594,0.25380710659898476,0.352112676056338,0.3350253807106599,0.4647887323943662,0.3299492385786802,0.45774647887323944,0.3197969543147208,0.44366197183098594,0.2969543147208122,0.4119718309859155,0.29441624365482233,0.4084507042253521,0.31218274111675126,0.43309859154929575,0.31725888324873097,0.44014084507042256,0.2512690355329949,0.3485915492957746,0.3730964467005076,0.5176056338028169,0.35279187817258884,0.4894366197183099,0.3350253807106599,0.4647887323943662,0.24873096446700507,0.34507042253521125,0.33248730964467005,0.4612676056338028,0.32741116751269034,0.45422535211267606,0.3553299492385787,0.49295774647887325
32,0.2678132678132678,0.38380281690140844,0.2678132678132678,0.38380281690140844,0.14987714987714987,0.2147887323943662,0.16461916461916462,0.23591549295774647,0.2113022113022113,0.3028169014084507,0.40294840294840295,0.5774647887323944,0.18673218673218672,0.2676056338028169,0.28255528255528256,0.40492957746478875,0.28501228501228504,0.4084507042253521,0.26535626535626533,0.38028169014084506,0.25307125307125306,0.3626760563380282,0.36363636363636365,0.5211267605633803,0.3415233415233415,0.4894366197183099,0.3415233415233415,0.4894366197183099,0.35872235872235875,0.5140845070422535,0.36855036855036855,0.528169014084507,0.23095823095823095,0.33098591549295775,0.40294840294840295,0.5774647887323944,0.3783783783783784,0.5422535211267606,0.2800982800982801,0.4014084507042254,0.28746928746928746,0.4119718309859155,0.343980343980344,0.49295774647887325,0.2678132678132678,0.38380281690140844,0.4398034398034398,0.6302816901408451,0.32432432432432434,0.4647887323943662,0.32432432432432434,0.4647887323943662,0.16953316953316952,0.24295774647887325,0.17936117936117937,0.25704225352112675,0.20393120393120392,0.29225352112676056,0.3857493857493858,0.5528169014084507,0.14987714987714987,0.2147887323943662,0.24815724815724816,0.35563380281690143,0.28746928746928746,0.4119718309859155,0.32432432432432434,0.4647887323943662,0.32186732186732187,0.4612676056338028,0.3882063882063882,0.5563380281690141,0.3931203931203931,0.5633802816901409,0.3931203931203931,0.5633802816901409,0.37346437346437344,0.5352112676056338,0.3808353808353808,0.545774647887324,0.35872235872235875,0.5140845070422535,0.40294840294840295,0.5774647887323944,0.37346437346437344,0.5352112676056338,0.40540540540540543,0.5809859154929577,0.22113022113022113,0.31690140845070425,0.3931203931203931,0.5633802816901409,0.4004914004914005,0.573943661971831,0.43734643734643736,0.6267605633802817,0.24324324324324326,0.3485915492957746,0.24324324324324326,0.3485915492957746,0.1891891891891892,0.2711267605633803,0.18673218673218672,0.2676056338028169,0.1891891891891892,0.2711267605633803,0.3931203931203931,0.5633802816901409,0.16707616707616707,0.23943661971830985,0.2972972972972973,0.426056338028169,0.28501228501228504,0.4084507042253521,0.24324324324324326,0.3485915492957746,0.2727272727272727,0.3908450704225352,0.3464373464373464,0.4964788732394366,0.32186732186732187,0.4612676056338028,0.32186732186732187,0.4612676056338028,0.36855036855036855,0.528169014084507,0.36363636363636365,0.5211267605633803,0.2334152334152334,0.3345070422535211,0.4103194103194103,0.5880281690140845,0.37346437346437344,0.5352112676056338,0.28255528255528256,0.40492957746478875,0.33906633906633904,0.4859154929577465,0.32186732186732187,0.4612676056338028,0.28255528255528256,0.40492957746478875,0.43734643734643736,0.6267605633802817,0.28255528255528256,0.40492957746478875,0.28501228501228504,0.4084507042253521,0.3095823095823096,0.44366197183098594,0.31203931203931207,0.4471830985915493,0.2334152334152334,0.3345070422535211,0.3144963144963145,0.4507042253521127,0.3194103194103194,0.45774647887323944,0.3194103194103194,0.45774647887323944,0.24815724815724816,0.35563380281690143,0.33415233415233414,0.4788732394366197,0.3316953316953317,0.4753521126760563,0.3144963144963145,0.4507042253521127,0.29484029484029484,0.4225352112676056,0.29484029484029484,0.4225352112676056,0.3194103194103194,0.45774647887323944,0.31695331695331697,0.45422535211267606,0.24815724815724816,0.35563380281690143,0.37346437346437344,0.5352112676056338,0.3464373464373464,0.4964788732394366,0.3316953316953317,0.4753521126760563,0.24078624078624078,0.34507042253521125,0.3316953316953317,0.4753521126760563,0.32923832923832924,0.47183098591549294,0.35872235872235875,0.5140845070422535
33,0.26252983293556087,0.3873239436619718,0.2649164677804296,0.3908450704225352,0.15035799522673032,0.22183098591549297,0.15990453460620524,0.23591549295774647,0.20763723150357996,0.30633802816901406,0.3937947494033413,0.5809859154929577,0.18138424821002386,0.2676056338028169,0.2744630071599045,0.40492957746478875,0.2840095465393795,0.41901408450704225,0.26252983293556087,0.3873239436619718,0.25059665871121717,0.36971830985915494,0.35799522673031026,0.528169014084507,0.33890214797136037,0.5,0.33890214797136037,0.5,0.3556085918854415,0.5246478873239436,0.36992840095465396,0.545774647887324,0.23389021479713604,0.34507042253521125,0.4009546539379475,0.5915492957746479,0.38424821002386633,0.5669014084507042,0.2720763723150358,0.4014084507042254,0.28878281622911695,0.426056338028169,0.3436754176610978,0.5070422535211268,0.26014319809069214,0.38380281690140844,0.43675417661097854,0.6443661971830986,0.315035799522673,0.4647887323943662,0.315035799522673,0.4647887323943662,0.16467780429594273,0.24295774647887325,0.17422434367541767,0.25704225352112675,0.20286396181384247,0.2992957746478873,0.3818615751789976,0.5633802816901409,0.1575178997613365,0.2323943661971831,0.24821002386634844,0.36619718309859156,0.27923627684964203,0.4119718309859155,0.315035799522673,0.4647887323943662,0.3126491646778043,0.4612676056338028,0.37708830548926014,0.5563380281690141,0.38902147971360385,0.573943661971831,0.38902147971360385,0.573943661971831,0.3723150357995227,0.5492957746478874,0.36992840095465396,0.545774647887324,0.3532219570405728,0.5211267605633803,0.39856801909307876,0.5880281690140845,0.3747016706443914,0.5528169014084507,0.4128878281622912,0.6091549295774648,0.2171837708830549,0.3204225352112676,0.38902147971360385,0.573943661971831,0.39856801909307876,0.5880281690140845,0.4343675417661098,0.6408450704225352,0.24105011933174225,0.35563380281690143,0.24105011933174225,0.35563380281690143,0.18377088305489261,0.2711267605633803,0.18138424821002386,0.2676056338028169,0.1909307875894988,0.28169014084507044,0.38424821002386633,0.5669014084507042,0.162291169451074,0.23943661971830985,0.28878281622911695,0.426056338028169,0.27923627684964203,0.4119718309859155,0.2386634844868735,0.352112676056338,0.26730310262529833,0.39436619718309857,0.33890214797136037,0.5,0.324582338902148,0.4788732394366197,0.324582338902148,0.4788732394366197,0.360381861575179,0.5316901408450704,0.3627684964200477,0.5352112676056338,0.2386634844868735,0.352112676056338,0.4009546539379475,0.5915492957746479,0.3747016706443914,0.5528169014084507,0.2744630071599045,0.40492957746478875,0.3341288782816229,0.49295774647887325,0.324582338902148,0.4788732394366197,0.27684964200477324,0.4084507042253521,0.43675417661097854,0.6443661971830986,0.2840095465393795,0.41901408450704225,0.2840095465393795,0.41901408450704225,0.30787589498806683,0.45422535211267606,0.3054892601431981,0.4507042253521127,0.23389021479713604,0.34507042253521125,0.3126491646778043,0.4612676056338028,0.3221957040572792,0.4753521126760563,0.3198090692124105,0.47183098591549294,0.24105011933174225,0.35563380281690143,0.3317422434367542,0.4894366197183099,0.32935560859188545,0.4859154929577465,0.3126491646778043,0.4612676056338028,0.30071599045346065,0.44366197183098594,0.3031026252983294,0.4471830985915493,0.3198090692124105,0.47183098591549294,0.3269689737470167,0.4823943661971831,0.24821002386634844,0.36619718309859156,0.36992840095465396,0.545774647887324,0.35083532219570407,0.5176056338028169,0.324582338902148,0.4788732394366197,0.2386634844868735,0.352112676056338,0.33890214797136037,0.5,0.32935560859188545,0.4859154929577465,0.3556085918854415,0.5246478873239436
34,0.27314814814814814,0.4154929577464789,0.26157407407407407,0.397887323943662,0.14583333333333334,0.22183098591549297,0.1550925925925926,0.23591549295774647,0.20833333333333334,0.31690140845070425,0.38425925925925924,0.5845070422535211,0.17592592592592593,0.2676056338028169,0.2662037037037037,0.40492957746478875,0.28703703703703703,0.43661971830985913,0.26157407407407407,0.397887323943662,0.24305555555555555,0.36971830985915494,0.3541666666666667,0.5387323943661971,0.33564814814814814,0.5105633802816901,0.33564814814814814,0.5105633802816901,0.3541666666666667,0.5387323943661971,0.36574074074074076,0.5563380281690141,0.2361111111111111,0.3591549295774648,0.3912037037037037,0.5950704225352113,0.37962962962962965,0.5774647887323944,0.2638888888888889,0.4014084507042254,0.28703703703703703,0.43661971830985913,0.33796296296296297,0.5140845070422535,0.25462962962962965,0.3873239436619718,0.43287037037037035,0.6584507042253521,0.3055555555555556,0.4647887323943662,0.3055555555555556,0.4647887323943662,0.1597222222222222,0.24295774647887325,0.16898148148148148,0.25704225352112675,0.21064814814814814,0.3204225352112676,0.3773148148148148,0.573943661971831,0.1527777777777778,0.2323943661971831,0.25925925925925924,0.39436619718309857,0.27546296296296297,0.41901408450704225,0.3055555555555556,0.4647887323943662,0.30324074074074076,0.4612676056338028,0.3680555555555556,0.5598591549295775,0.3819444444444444,0.5809859154929577,0.3819444444444444,0.5809859154929577,0.36342592592592593,0.5528169014084507,0.3680555555555556,0.5598591549295775,0.3541666666666667,0.5387323943661971,0.3912037037037037,0.5950704225352113,0.37962962962962965,0.5774647887323944,0.4212962962962963,0.6408450704225352,0.2175925925925926,0.33098591549295775,0.3819444444444444,0.5809859154929577,0.3958333333333333,0.602112676056338,0.4305555555555556,0.6549295774647887,0.2337962962962963,0.35563380281690143,0.2337962962962963,0.35563380281690143,0.17824074074074073,0.2711267605633803,0.17592592592592593,0.2676056338028169,0.19212962962962962,0.29225352112676056,0.3773148148148148,0.573943661971831,0.1574074074074074,0.23943661971830985,0.2800925925925926,0.426056338028169,0.2800925925925926,0.426056338028169,0.2361111111111111,0.3591549295774648,0.26851851851851855,0.4084507042253521,0.34953703703703703,0.5316901408450704,0.32175925925925924,0.4894366197183099,0.32175925925925924,0.4894366197183099,0.3541666666666667,0.5387323943661971,0.3587962962962963,0.545774647887324,0.24074074074074073,0.36619718309859156,0.3912037037037037,0.5950704225352113,0.375,0.5704225352112676,0.2662037037037037,0.40492957746478875,0.3287037037037037,0.5,0.32175925925925924,0.4894366197183099,0.27546296296296297,0.41901408450704225,0.42824074074074076,0.6514084507042254,0.2800925925925926,0.426056338028169,0.2824074074074074,0.4295774647887324,0.30787037037037035,0.46830985915492956,0.3055555555555556,0.4647887323943662,0.22916666666666666,0.3485915492957746,0.31712962962962965,0.4823943661971831,0.31712962962962965,0.4823943661971831,0.32175925925925924,0.4894366197183099,0.2361111111111111,0.3591549295774648,0.3287037037037037,0.5,0.32407407407407407,0.49295774647887325,0.3125,0.4753521126760563,0.29398148148148145,0.4471830985915493,0.30092592592592593,0.45774647887323944,0.3263888888888889,0.4964788732394366,0.3263888888888889,0.4964788732394366,0.24537037037037038,0.3732394366197183,0.36574074074074076,0.5563380281690141,0.3472222222222222,0.528169014084507,0.3287037037037037,0.5,0.2337962962962963,0.35563380281690143,0.33796296296296297,0.5140845070422535,0.3333333333333333,0.5070422535211268,0.3587962962962963,0.545774647887324
35,0.2808988764044944,0.44014084507042256,0.2539325842696629,0.397887323943662,0.14157303370786517,0.22183098591549297,0.15056179775280898,0.23591549295774647,0.20449438202247192,0.3204225352112676,0.3752808988764045,0.5880281690140845,0.1707865168539326,0.2676056338028169,0.25842696629213485,0.40492957746478875,0.2808988764044944,0.44014084507042256,0.2606741573033708,0.4084507042253521,0.23820224719101124,0.3732394366197183,0.34606741573033706,0.5422535211267606,0.3325842696629214,0.5211267605633803,0.3325842696629214,0.5211267605633803,0.3550561797752809,0.5563380281690141,0.35730337078651686,0.5598591549295775,0.2449438202247191,0.38380281690140844,0.3887640449438202,0.6091549295774648,0.3775280898876405,0.5915492957746479,0.25617977528089886,0.4014084507042254,0.2808988764044944,0.44014084507042256,0.3348314606741573,0.5246478873239436,0.25842696629213485,0.40492957746478875,0.42247191011235957,0.6619718309859155,0.2966292134831461,0.4647887323943662,0.2966292134831461,0.4647887323943662,0.1550561797752809,0.24295774647887325,0.16404494382022472,0.25704225352112675,0.20898876404494382,0.3274647887323944,0.3685393258426966,0.5774647887323944,0.14831460674157304,0.2323943661971831,0.25617977528089886,0.4014084507042254,0.2696629213483146,0.4225352112676056,0.2966292134831461,0.4647887323943662,0.2966292134831461,0.4647887323943662,0.36179775280898874,0.5669014084507042,0.3752808988764045,0.5880281690140845,0.3752808988764045,0.5880281690140845,0.36179775280898874,0.5669014084507042,0.36404494382022473,0.5704225352112676,0.35730337078651686,0.5598591549295775,0.3842696629213483,0.602112676056338,0.37303370786516854,0.5845070422535211,0.41123595505617977,0.6443661971830986,0.2202247191011236,0.34507042253521125,0.3752808988764045,0.5880281690140845,0.39325842696629215,0.6161971830985915,0.43595505617977526,0.6830985915492958,0.22696629213483147,0.35563380281690143,0.2292134831460674,0.3591549295774648,0.17303370786516853,0.2711267605633803,0.17303370786516853,0.2711267605633803,0.18651685393258427,0.29225352112676056,0.36629213483146067,0.573943661971831,0.1550561797752809,0.24295774647887325,0.27191011235955054,0.426056338028169,0.2808988764044944,0.44014084507042256,0.23146067415730337,0.3626760563380282,0.2651685393258427,0.4154929577464789,0.3415730337078652,0.5352112676056338,0.32134831460674157,0.5035211267605634,0.32134831460674157,0.5035211267605634,0.3550561797752809,0.5563380281690141,0.35280898876404493,0.5528169014084507,0.2449438202247191,0.38380281690140844,0.39101123595505616,0.6126760563380281,0.3775280898876405,0.5915492957746479,0.25842696629213485,0.40492957746478875,0.3258426966292135,0.5105633802816901,0.32134831460674157,0.5035211267605634,0.27415730337078653,0.4295774647887324,0.4247191011235955,0.6654929577464789,0.28314606741573034,0.44366197183098594,0.28314606741573034,0.44366197183098594,0.30786516853932583,0.4823943661971831,0.30786516853932583,0.4823943661971831,0.2292134831460674,0.3591549295774648,0.31235955056179776,0.4894366197183099,0.31910112359550563,0.5,0.32134831460674157,0.5035211267605634,0.23370786516853934,0.36619718309859156,0.3258426966292135,0.5105633802816901,0.3235955056179775,0.5070422535211268,0.31235955056179776,0.4894366197183099,0.29213483146067415,0.45774647887323944,0.298876404494382,0.46830985915492956,0.3235955056179775,0.5070422535211268,0.3235955056179775,0.5070422535211268,0.251685393258427,0.39436619718309857,0.36179775280898874,0.5669014084507042,0.34606741573033706,0.5422535211267606,0.3258426966292135,0.5105633802816901,0.23595505617977527,0.36971830985915494,0.33707865168539325,0.528169014084507,0.3348314606741573,0.5246478873239436,0.36179775280898874,0.5669014084507042
36,0.2778993435448578,0.4471830985915493,0.2538293216630197,0.4084507042253521,0.13785557986870897,0.22183098591549297,0.14660831509846828,0.23591549295774647,0.20787746170678337,0.3345070422535211,0.36542669584245074,0.5880281690140845,0.16630196936542668,0.2676056338028169,0.2538293216630197,0.4084507042253521,0.2800875273522976,0.4507042253521127,0.26258205689277897,0.4225352112676056,0.24070021881838075,0.3873239436619718,0.33698030634573306,0.5422535211267606,0.3304157549234136,0.5316901408450704,0.3304157549234136,0.5316901408450704,0.3522975929978118,0.5669014084507042,0.3544857768052516,0.5704225352112676,0.24507658643326038,0.39436619718309857,0.38074398249452956,0.6126760563380281,0.37199124726477023,0.5985915492957746,0.25164113785557984,0.40492957746478875,0.28227571115973743,0.45422535211267606,0.3282275711159737,0.528169014084507,0.25601750547045954,0.4119718309859155,0.41575492341356673,0.6690140845070423,0.2888402625820569,0.4647887323943662,0.2888402625820569,0.4647887323943662,0.15098468271334792,0.24295774647887325,0.15973741794310722,0.25704225352112675,0.20350109409190373,0.3274647887323944,0.3588621444201313,0.5774647887323944,0.14442013129102846,0.2323943661971831,0.24945295404814005,0.4014084507042254,0.27571115973741794,0.44366197183098594,0.2888402625820569,0.4647887323943662,0.2888402625820569,0.4647887323943662,0.35667396061269147,0.573943661971831,0.37199124726477023,0.5985915492957746,0.37199124726477023,0.5985915492957746,0.3588621444201313,0.5774647887323944,0.36323851203501095,0.5845070422535211,0.3588621444201313,0.5774647887323944,0.37636761487964987,0.6056338028169014,0.37199124726477023,0.5985915492957746,0.40043763676148797,0.6443661971830986,0.2188183807439825,0.352112676056338,0.37199124726477023,0.5985915492957746,0.38949671772428884,0.6267605633802817,0.4288840262582057,0.6901408450704225,0.22538293216630198,0.3626760563380282,0.22319474835886213,0.3591549295774648,0.16849015317286653,0.2711267605633803,0.16849015317286653,0.2711267605633803,0.1925601750547046,0.30985915492957744,0.3588621444201313,0.5774647887323944,0.15098468271334792,0.24295774647887325,0.2647702407002188,0.426056338028169,0.2800875273522976,0.4507042253521127,0.22538293216630198,0.3626760563380282,0.26258205689277897,0.4225352112676056,0.3347921225382932,0.5387323943661971,0.3172866520787746,0.5105633802816901,0.3172866520787746,0.5105633802816901,0.35667396061269147,0.573943661971831,0.3522975929978118,0.5669014084507042,0.24070021881838075,0.3873239436619718,0.38293216630196936,0.6161971830985915,0.3785557986870897,0.6091549295774648,0.25164113785557984,0.40492957746478875,0.3238512035010941,0.5211267605633803,0.3150984682713348,0.5070422535211268,0.26914660831509846,0.43309859154929575,0.4179431072210066,0.6725352112676056,0.28665207877461707,0.4612676056338028,0.28227571115973743,0.45422535211267606,0.30196936542669583,0.4859154929577465,0.30196936542669583,0.4859154929577465,0.2275711159737418,0.36619718309859156,0.31291028446389496,0.5035211267605634,0.3238512035010941,0.5211267605633803,0.3172866520787746,0.5105633802816901,0.23413566739606126,0.3767605633802817,0.32603938730853393,0.5246478873239436,0.31947483588621445,0.5140845070422535,0.3172866520787746,0.5105633802816901,0.29321663019693656,0.47183098591549294,0.29321663019693656,0.47183098591549294,0.3238512035010941,0.5211267605633803,0.32166301969365424,0.5176056338028169,0.2538293216630197,0.4084507042253521,0.3588621444201313,0.5774647887323944,0.3413566739606127,0.5492957746478874,0.32603938730853393,0.5246478873239436,0.23413566739606126,0.3767605633802817,0.3347921225382932,0.5387323943661971,0.33260393873085337,0.5352112676056338,0.36542669584245074,0.5880281690140845
37,0.2702127659574468,0.4471830985915493,0.2574468085106383,0.426056338028169,0.13404255319148936,0.22183098591549297,0.1425531914893617,0.23591549295774647,0.20638297872340425,0.3415492957746479,0.3553191489361702,0.5880281690140845,0.16170212765957448,0.2676056338028169,0.24680851063829787,0.4084507042253521,0.2765957446808511,0.45774647887323944,0.26595744680851063,0.44014084507042256,0.2404255319148936,0.397887323943662,0.3276595744680851,0.5422535211267606,0.3276595744680851,0.5422535211267606,0.3276595744680851,0.5422535211267606,0.3468085106382979,0.573943661971831,0.3574468085106383,0.5915492957746479,0.24893617021276596,0.4119718309859155,0.37659574468085105,0.6232394366197183,0.37446808510638296,0.6197183098591549,0.24468085106382978,0.40492957746478875,0.2765957446808511,0.45774647887323944,0.3276595744680851,0.5422535211267606,0.2553191489361702,0.4225352112676056,0.4085106382978723,0.676056338028169,0.28085106382978725,0.4647887323943662,0.28085106382978725,0.4647887323943662,0.14680851063829786,0.24295774647887325,0.15531914893617021,0.25704225352112675,0.21063829787234042,0.3485915492957746,0.34893617021276596,0.5774647887323944,0.14042553191489363,0.2323943661971831,0.2425531914893617,0.4014084507042254,0.2680851063829787,0.44366197183098594,0.28085106382978725,0.4647887323943662,0.28085106382978725,0.4647887323943662,0.3468085106382979,0.573943661971831,0.3723404255319149,0.6161971830985915,0.3723404255319149,0.6161971830985915,0.35319148936170214,0.5845070422535211,0.3574468085106383,0.5915492957746479,0.3553191489361702,0.5880281690140845,0.37659574468085105,0.6232394366197183,0.3638297872340426,0.602112676056338,0.3893617021276596,0.6443661971830986,0.2127659574468085,0.352112676056338,0.3723404255319149,0.6161971830985915,0.3851063829787234,0.6373239436619719,0.42127659574468085,0.6971830985915493,0.225531914893617,0.3732394366197183,0.21914893617021278,0.3626760563380282,0.16382978723404254,0.2711267605633803,0.16382978723404254,0.2711267605633803,0.19787234042553192,0.3274647887323944,0.35106382978723405,0.5809859154929577,0.14680851063829786,0.24295774647887325,0.2574468085106383,0.426056338028169,0.28297872340425534,0.46830985915492956,0.22340425531914893,0.36971830985915494,0.26170212765957446,0.43309859154929575,0.32553191489361705,0.5387323943661971,0.31063829787234043,0.5140845070422535,0.31063829787234043,0.5140845070422535,0.3468085106382979,0.573943661971831,0.35319148936170214,0.5845070422535211,0.2404255319148936,0.397887323943662,0.37659574468085105,0.6232394366197183,0.3723404255319149,0.6161971830985915,0.24468085106382978,0.40492957746478875,0.3170212765957447,0.5246478873239436,0.31063829787234043,0.5140845070422535,0.26595744680851063,0.44014084507042256,0.4127659574468085,0.6830985915492958,0.28085106382978725,0.4647887323943662,0.27872340425531916,0.4612676056338028,0.3,0.4964788732394366,0.3,0.4964788732394366,0.225531914893617,0.3732394366197183,0.31063829787234043,0.5140845070422535,0.32553191489361705,0.5387323943661971,0.3170212765957447,0.5246478873239436,0.23404255319148937,0.3873239436619718,0.32127659574468087,0.5316901408450704,0.32340425531914896,0.5352112676056338,0.3191489361702128,0.528169014084507,0.28936170212765955,0.4788732394366197,0.2872340425531915,0.4753521126760563,0.32340425531914896,0.5352112676056338,0.32340425531914896,0.5352112676056338,0.2553191489361702,0.4225352112676056,0.3595744680851064,0.5950704225352113,0.3425531914893617,0.5669014084507042,0.3191489361702128,0.528169014084507,0.23191489361702128,0.38380281690140844,0.32978723404255317,0.545774647887324,0.3276595744680851,0.5422535211267606,0.3638297872340426,0.602112676056338
38,0.2670807453416149,0.45422535211267606,0.2525879917184265,0.4295774647887324,0.13043478260869565,0.22183098591549297,0.13871635610766045,0.23591549295774647,0.2070393374741201,0.352112676056338,0.34782608695652173,0.5915492957746479,0.15734989648033126,0.2676056338028169,0.2401656314699793,0.4084507042253521,0.2753623188405797,0.46830985915492956,0.2608695652173913,0.44366197183098594,0.2401656314699793,0.4084507042253521,0.3188405797101449,0.5422535211267606,0.32712215320910976,0.5563380281690141,0.32712215320910976,0.5563380281690141,0.34368530020703936,0.5845070422535211,0.35403726708074534,0.602112676056338,0.2443064182194617,0.4154929577464789,0.37060041407867494,0.6302816901408451,0.36853002070393376,0.6267605633802817,0.23809523809523808,0.40492957746478875,0.2753623188405797,0.46830985915492956,0.32712215320910976,0.5563380281690141,0.2567287784679089,0.43661971830985913,0.40372670807453415,0.6866197183098591,0.2732919254658385,0.4647887323943662,0.2732919254658385,0.4647887323943662,0.14285714285714285,0.24295774647887325,0.15113871635610765,0.25704225352112675,0.20496894409937888,0.3485915492957746,0.33954451345755693,0.5774647887323944,0.13664596273291926,0.2323943661971831,0.2463768115942029,0.41901408450704225,0.2608695652173913,0.44366197183098594,0.2732919254658385,0.4647887323943662,0.2732919254658385,0.4647887323943662,0.33954451345755693,0.5774647887323944,0.36645962732919257,0.6232394366197183,0.36645962732919257,0.6232394366197183,0.3498964803312629,0.5950704225352113,0.35403726708074534,0.602112676056338,0.35196687370600416,0.5985915492957746,0.3747412008281574,0.6373239436619719,0.3581780538302277,0.6091549295774648,0.38716356107660455,0.6584507042253521,0.21325051759834368,0.3626760563380282,0.36645962732919257,0.6232394366197183,0.37888198757763975,0.6443661971830986,0.41200828157349895,0.7007042253521126,0.2236024844720497,0.38028169014084506,0.2194616977225673,0.3732394366197183,0.15942028985507245,0.2711267605633803,0.15942028985507245,0.2711267605633803,0.20496894409937888,0.3485915492957746,0.3416149068322981,0.5809859154929577,0.14285714285714285,0.24295774647887325,0.2505175983436853,0.426056338028169,0.2815734989648033,0.4788732394366197,0.22567287784679088,0.38380281690140844,0.2608695652173913,0.44366197183098594,0.3167701863354037,0.5387323943661971,0.3105590062111801,0.528169014084507,0.3105590062111801,0.528169014084507,0.34368530020703936,0.5845070422535211,0.34575569358178054,0.5880281690140845,0.23809523809523808,0.40492957746478875,0.3747412008281574,0.6373239436619719,0.37060041407867494,0.6302816901408451,0.2422360248447205,0.4119718309859155,0.3084886128364389,0.5246478873239436,0.3105590062111801,0.528169014084507,0.2587991718426501,0.44014084507042256,0.4057971014492754,0.6901408450704225,0.2774327122153209,0.47183098591549294,0.2753623188405797,0.46830985915492956,0.29606625258799174,0.5035211267605634,0.3002070393374741,0.5105633802816901,0.2318840579710145,0.39436619718309857,0.3064182194616977,0.5211267605633803,0.3250517598343685,0.5528169014084507,0.31262939958592134,0.5316901408450704,0.23395445134575568,0.397887323943662,0.3167701863354037,0.5387323943661971,0.32298136645962733,0.5492957746478874,0.3188405797101449,0.5422535211267606,0.2836438923395445,0.4823943661971831,0.2919254658385093,0.4964788732394366,0.3250517598343685,0.5528169014084507,0.3188405797101449,0.5422535211267606,0.2587991718426501,0.44014084507042256,0.35403726708074534,0.602112676056338,0.34782608695652173,0.5915492957746479,0.3188405797101449,0.5422535211267606,0.2318840579710145,0.39436619718309857,0.32712215320910976,0.5563380281690141,0.33126293995859213,0.5633802816901409,0.36645962732919257,0.6232394366197183
39,0.26411290322580644,0.4612676056338028,0.24596774193548387,0.4295774647887324,0.12701612903225806,0.22183098591549297,0.1350806451612903,0.23591549295774647,0.20967741935483872,0.36619718309859156,0.3407258064516129,0.5950704225352113,0.15524193548387097,0.2711267605633803,0.23588709677419356,0.4119718309859155,0.2701612903225806,0.47183098591549294,0.26411290322580644,0.4612676056338028,0.24193548387096775,0.4225352112676056,0.31048387096774194,0.5422535211267606,0.3245967741935484,0.5669014084507042,0.3245967741935484,0.5669014084507042,0.3346774193548387,0.5845070422535211,0.34475806451612906,0.602112676056338,0.24596774193548387,0.4295774647887324,0.3689516129032258,0.6443661971830986,0.36693548387096775,0.6408450704225352,0.23387096774193547,0.4084507042253521,0.26814516129032256,0.46830985915492956,0.32661290322580644,0.5704225352112676,0.25,0.43661971830985913,0.3971774193548387,0.6936619718309859,0.2661290322580645,0.4647887323943662,0.2661290322580645,0.4647887323943662,0.13911290322580644,0.24295774647887325,0.14717741935483872,0.25704225352112675,0.20967741935483872,0.36619718309859156,0.3346774193548387,0.5845070422535211,0.13306451612903225,0.2323943661971831,0.2399193548387097,0.41901408450704225,0.2600806451612903,0.45422535211267606,0.2661290322580645,0.4647887323943662,0.2661290322580645,0.4647887323943662,0.33064516129032256,0.5774647887323944,0.36693548387096775,0.6408450704225352,0.36693548387096775,0.6408450704225352,0.34475806451612906,0.602112676056338,0.3528225806451613,0.6161971830985915,0.3467741935483871,0.6056338028169014,0.3709677419354839,0.647887323943662,0.3588709677419355,0.6267605633802817,0.38306451612903225,0.6690140845070423,0.21370967741935484,0.3732394366197183,0.36693548387096775,0.6408450704225352,0.3709677419354839,0.647887323943662,0.4012096774193548,0.7007042253521126,0.21774193548387097,0.38028169014084506,0.21774193548387097,0.38028169014084506,0.15524193548387097,0.2711267605633803,0.15524193548387097,0.2711267605633803,0.20362903225806453,0.35563380281690143,0.3326612903225806,0.5809859154929577,0.13911290322580644,0.24295774647887325,0.24596774193548387,0.4295774647887324,0.2762096774193548,0.4823943661971831,0.22782258064516128,0.397887323943662,0.2540322580645161,0.44366197183098594,0.31048387096774194,0.5422535211267606,0.3064516129032258,0.5352112676056338,0.3064516129032258,0.5352112676056338,0.3407258064516129,0.5950704225352113,0.3407258064516129,0.5950704225352113,0.23790322580645162,0.4154929577464789,0.3689516129032258,0.6443661971830986,0.3649193548387097,0.6373239436619719,0.2439516129032258,0.426056338028169,0.3004032258064516,0.5246478873239436,0.3084677419354839,0.5387323943661971,0.25806451612903225,0.4507042253521127,0.3951612903225806,0.6901408450704225,0.2782258064516129,0.4859154929577465,0.27419354838709675,0.4788732394366197,0.3004032258064516,0.5246478873239436,0.29838709677419356,0.5211267605633803,0.2318548387096774,0.40492957746478875,0.3125,0.545774647887324,0.3245967741935484,0.5669014084507042,0.3125,0.545774647887324,0.23588709677419356,0.4119718309859155,0.3165322580645161,0.5528169014084507,0.32056451612903225,0.5598591549295775,0.3165322580645161,0.5528169014084507,0.2903225806451613,0.5070422535211268,0.28830645161290325,0.5035211267605634,0.32661290322580644,0.5704225352112676,0.3245967741935484,0.5669014084507042,0.2540322580645161,0.44366197183098594,0.3528225806451613,0.6161971830985915,0.3548387096774194,0.6197183098591549,0.3165322580645161,0.5528169014084507,0.23588709677419356,0.4119718309859155,0.32661290322580644,0.5704225352112676,0.32661290322580644,0.5704225352112676,0.37298387096774194,0.6514084507042254
40,0.25984251968503935,0.4647887323943662,0.2421259842519685,0.43309859154929575,0.12401574803149606,0.22183098591549297,0.13188976377952755,0.23591549295774647,0.21653543307086615,0.3873239436619718,0.33267716535433073,0.5950704225352113,0.1515748031496063,0.2711267605633803,0.234251968503937,0.41901408450704225,0.2637795275590551,0.47183098591549294,0.265748031496063,0.4753521126760563,0.23818897637795275,0.426056338028169,0.3031496062992126,0.5422535211267606,0.32677165354330706,0.5845070422535211,0.32677165354330706,0.5845070422535211,0.33267716535433073,0.5950704225352113,0.3405511811023622,0.6091549295774648,0.25196850393700787,0.4507042253521127,0.36811023622047245,0.6584507042253521,0.36023622047244097,0.6443661971830986,0.23622047244094488,0.4225352112676056,0.2637795275590551,0.47183098591549294,0.32677165354330706,0.5845070422535211,0.24803149606299213,0.44366197183098594,0.39173228346456695,0.7007042253521126,0.25984251968503935,0.4647887323943662,0.25984251968503935,0.4647887323943662,0.1377952755905512,0.24647887323943662,0.1437007874015748,0.25704225352112675,0.2047244094488189,0.36619718309859156,0.32677165354330706,0.5845070422535211,0.12992125984251968,0.2323943661971831,0.23622047244094488,0.4225352112676056,0.25393700787401574,0.45422535211267606,0.25984251968503935,0.4647887323943662,0.25984251968503935,0.4647887323943662,0.3228346456692913,0.5774647887323944,0.36220472440944884,0.647887323943662,0.36220472440944884,0.647887323943662,0.3464566929133858,0.6197183098591549,0.35039370078740156,0.6267605633802817,0.3425196850393701,0.6126760563380281,0.3641732283464567,0.6514084507042254,0.3543307086614173,0.6338028169014085,0.3858267716535433,0.6901408450704225,0.2125984251968504,0.38028169014084506,0.36220472440944884,0.647887323943662,0.3661417322834646,0.6549295774647887,0.39173228346456695,0.7007042253521126,0.2204724409448819,0.39436619718309857,0.21850393700787402,0.3908450704225352,0.1515748031496063,0.2711267605633803,0.1515748031496063,0.2711267605633803,0.20275590551181102,0.3626760563380282,0.33070866141732286,0.5915492957746479,0.13582677165354332,0.24295774647887325,0.24015748031496062,0.4295774647887324,0.26968503937007876,0.4823943661971831,0.22244094488188976,0.397887323943662,0.25,0.4471830985915493,0.3169291338582677,0.5669014084507042,0.3051181102362205,0.545774647887324,0.3051181102362205,0.545774647887324,0.33661417322834647,0.602112676056338,0.33858267716535434,0.6056338028169014,0.2421259842519685,0.43309859154929575,0.3700787401574803,0.6619718309859155,0.35826771653543305,0.6408450704225352,0.2421259842519685,0.43309859154929575,0.2952755905511811,0.528169014084507,0.3051181102362205,0.545774647887324,0.2559055118110236,0.45774647887323944,0.3858267716535433,0.6901408450704225,0.27755905511811024,0.4964788732394366,0.2795275590551181,0.5,0.297244094488189,0.5316901408450704,0.2992125984251969,0.5352112676056338,0.23228346456692914,0.4154929577464789,0.3090551181102362,0.5528169014084507,0.32086614173228345,0.573943661971831,0.31299212598425197,0.5598591549295775,0.23622047244094488,0.4225352112676056,0.31496062992125984,0.5633802816901409,0.32086614173228345,0.573943661971831,0.3169291338582677,0.5669014084507042,0.29133858267716534,0.5211267605633803,0.28937007874015747,0.5176056338028169,0.32677165354330706,0.5845070422535211,0.32677165354330706,0.5845070422535211,0.2578740157480315,0.4612676056338028,0.3562992125984252,0.6373239436619719,0.35236220472440943,0.6302816901408451,0.31496062992125984,0.5633802816901409,0.23228346456692914,0.4154929577464789,0.33070866141732286,0.5915492957746479,0.32086614173228345,0.573943661971831,0.3700787401574803,0.6619718309859155
41,0.2629558541266795,0.4823943661971831,0.2437619961612284,0.4471830985915493,0.12284069097888675,0.22535211267605634,0.13051823416506717,0.23943661971830985,0.22072936660268713,0.40492957746478875,0.32437619961612285,0.5950704225352113,0.14779270633397312,0.2711267605633803,0.2380038387715931,0.43661971830985913,0.2571976967370441,0.47183098591549294,0.2629558541266795,0.4823943661971831,0.23416506717850288,0.4295774647887324,0.29558541266794625,0.5422535211267606,0.32629558541266795,0.5985915492957746,0.32629558541266795,0.5985915492957746,0.33013435700575816,0.6056338028169014,0.3397312859884837,0.6232394366197183,0.2514395393474088,0.4612676056338028,0.3666026871401152,0.6725352112676056,0.3550863723608445,0.6514084507042254,0.236084452975048,0.43309859154929575,0.2571976967370441,0.47183098591549294,0.32821497120921306,0.602112676056338,0.2437619961612284,0.4471830985915493,0.3896353166986564,0.7147887323943662,0.2533589251439539,0.4647887323943662,0.2533589251439539,0.4647887323943662,0.1381957773512476,0.2535211267605634,0.1420345489443378,0.2605633802816901,0.21113243761996162,0.3873239436619718,0.31861804222648754,0.5845070422535211,0.12667946257197696,0.2323943661971831,0.23032629558541268,0.4225352112676056,0.2476007677543186,0.45422535211267606,0.2533589251439539,0.4647887323943662,0.255278310940499,0.46830985915492956,0.31477927063339733,0.5774647887323944,0.35892514395393477,0.6584507042253521,0.35892514395393477,0.6584507042253521,0.3416506717850288,0.6267605633802817,0.345489443378119,0.6338028169014085,0.33589251439539347,0.6161971830985915,0.35892514395393477,0.6584507042253521,0.3531669865642994,0.647887323943662,0.381957773512476,0.7007042253521126,0.2092130518234165,0.38380281690140844,0.35892514395393477,0.6584507042253521,0.35892514395393477,0.6584507042253521,0.3934740882917466,0.721830985915493,0.21497120921305182,0.39436619718309857,0.21497120921305182,0.39436619718309857,0.14971209213051823,0.2746478873239437,0.14779270633397312,0.2711267605633803,0.2053742802303263,0.3767605633802817,0.32437619961612285,0.5950704225352113,0.1324376199616123,0.24295774647887325,0.23416506717850288,0.4295774647887324,0.2706333973128599,0.4964788732394366,0.22072936660268713,0.40492957746478875,0.2495201535508637,0.45774647887323944,0.32437619961612285,0.5950704225352113,0.30710172744721687,0.5633802816901409,0.30710172744721687,0.5633802816901409,0.33397312859884837,0.6126760563380281,0.33205374280230326,0.6091549295774648,0.2437619961612284,0.4471830985915493,0.3646833013435701,0.6690140845070423,0.3493282149712092,0.6408450704225352,0.2399232245681382,0.44014084507042256,0.29558541266794625,0.5422535211267606,0.30518234165067176,0.5598591549295775,0.255278310940499,0.46830985915492956,0.3800383877159309,0.6971830985915493,0.2744721689059501,0.5035211267605634,0.2821497120921305,0.5176056338028169,0.29942418426103645,0.5492957746478874,0.30518234165067176,0.5598591549295775,0.23224568138195778,0.426056338028169,0.31094049904030713,0.5704225352112676,0.32437619961612285,0.5950704225352113,0.31285988483685223,0.573943661971831,0.23224568138195778,0.426056338028169,0.31477927063339733,0.5774647887323944,0.32053742802303264,0.5880281690140845,0.31669865642994244,0.5809859154929577,0.28982725527831094,0.5316901408450704,0.2840690978886756,0.5211267605633803,0.32629558541266795,0.5985915492957746,0.32245681381957775,0.5915492957746479,0.2591170825335892,0.4753521126760563,0.3550863723608445,0.6514084507042254,0.3550863723608445,0.6514084507042254,0.31861804222648754,0.5845070422535211,0.23416506717850288,0.4295774647887324,0.33205374280230326,0.6091549295774648,0.32053742802303264,0.5880281690140845,0.3685220729366603,0.676056338028169
42,0.2640449438202247,0.4964788732394366,0.23782771535580524,0.4471830985915493,0.12172284644194757,0.22887323943661972,0.12921348314606743,0.24295774647887325,0.22284644194756553,0.41901408450704225,0.31647940074906367,0.5950704225352113,0.1441947565543071,0.2711267605633803,0.23220973782771537,0.43661971830985913,0.250936329588015,0.47183098591549294,0.2565543071161049,0.4823943661971831,0.23220973782771537,0.43661971830985913,0.299625468164794,0.5633802816901409,0.3202247191011236,0.602112676056338,0.3202247191011236,0.602112676056338,0.32771535580524347,0.6161971830985915,0.33707865168539325,0.6338028169014085,0.250936329588015,0.47183098591549294,0.35767790262172283,0.6725352112676056,0.352059925093633,0.6619718309859155,0.23220973782771537,0.43661971830985913,0.250936329588015,0.47183098591549294,0.32209737827715357,0.6056338028169014,0.2397003745318352,0.4507042253521127,0.3838951310861423,0.721830985915493,0.24906367041198502,0.46830985915492956,0.24719101123595505,0.4647887323943662,0.1348314606741573,0.2535211267605634,0.13857677902621723,0.2605633802816901,0.20973782771535582,0.39436619718309857,0.32397003745318353,0.6091549295774648,0.1254681647940075,0.23591549295774647,0.2247191011235955,0.4225352112676056,0.24344569288389514,0.45774647887323944,0.24719101123595505,0.4647887323943662,0.24906367041198502,0.46830985915492956,0.3202247191011236,0.602112676056338,0.3539325842696629,0.6654929577464789,0.3539325842696629,0.6654929577464789,0.3389513108614232,0.6373239436619719,0.3408239700374532,0.6408450704225352,0.3333333333333333,0.6267605633802817,0.35580524344569286,0.6690140845070423,0.34831460674157305,0.6549295774647887,0.3838951310861423,0.721830985915493,0.21161048689138576,0.397887323943662,0.3539325842696629,0.6654929577464789,0.35767790262172283,0.6725352112676056,0.3895131086142322,0.7323943661971831,0.20973782771535582,0.39436619718309857,0.20973782771535582,0.39436619718309857,0.14794007490636704,0.27816901408450706,0.1441947565543071,0.2711267605633803,0.20224719101123595,0.38028169014084506,0.31835205992509363,0.5985915492957746,0.12921348314606743,0.24295774647887325,0.23595505617977527,0.44366197183098594,0.2696629213483146,0.5070422535211268,0.21722846441947566,0.4084507042253521,0.24719101123595505,0.4647887323943662,0.3295880149812734,0.6197183098591549,0.3052434456928839,0.573943661971831,0.3052434456928839,0.573943661971831,0.3295880149812734,0.6197183098591549,0.33146067415730335,0.6232394366197183,0.24344569288389514,0.45774647887323944,0.36142322097378277,0.6795774647887324,0.352059925093633,0.6619718309859155,0.2340823970037453,0.44014084507042256,0.2883895131086142,0.5422535211267606,0.30711610486891383,0.5774647887323944,0.25280898876404495,0.4753521126760563,0.37640449438202245,0.7077464788732394,0.27153558052434457,0.5105633802816901,0.27715355805243447,0.5211267605633803,0.29775280898876405,0.5598591549295775,0.3052434456928839,0.573943661971831,0.23220973782771537,0.43661971830985913,0.31273408239700373,0.5880281690140845,0.31835205992509363,0.5985915492957746,0.3089887640449438,0.5809859154929577,0.23220973782771537,0.43661971830985913,0.31835205992509363,0.5985915492957746,0.32209737827715357,0.6056338028169014,0.3202247191011236,0.602112676056338,0.2846441947565543,0.5352112676056338,0.2883895131086142,0.5422535211267606,0.32771535580524347,0.6161971830985915,0.32397003745318353,0.6091549295774648,0.2602996254681648,0.4894366197183099,0.352059925093633,0.6619718309859155,0.3539325842696629,0.6654929577464789,0.31647940074906367,0.5950704225352113,0.23595505617977527,0.44366197183098594,0.33707865168539325,0.6338028169014085,0.32209737827715357,0.6056338028169014,0.36142322097378277,0.6795774647887324
43,0.27289377289377287,0.5246478873239436,0.23809523809523808,0.45774647887323944,0.11904761904761904,0.22887323943661972,0.12637362637362637,0.24295774647887325,0.22527472527472528,0.43309859154929575,0.30952380952380953,0.5950704225352113,0.14102564102564102,0.2711267605633803,0.2326007326007326,0.4471830985915493,0.24725274725274726,0.4753521126760563,0.2509157509157509,0.4823943661971831,0.23076923076923078,0.44366197183098594,0.2967032967032967,0.5704225352112676,0.32051282051282054,0.6161971830985915,0.32051282051282054,0.6161971830985915,0.3241758241758242,0.6232394366197183,0.33516483516483514,0.6443661971830986,0.2490842490842491,0.4788732394366197,0.3534798534798535,0.6795774647887324,0.3534798534798535,0.6795774647887324,0.23076923076923078,0.44366197183098594,0.24725274725274726,0.4753521126760563,0.32051282051282054,0.6161971830985915,0.23809523809523808,0.45774647887323944,0.3791208791208791,0.7288732394366197,0.24358974358974358,0.46830985915492956,0.24175824175824176,0.4647887323943662,0.13186813186813187,0.2535211267605634,0.13553113553113552,0.2605633802816901,0.21428571428571427,0.4119718309859155,0.326007326007326,0.6267605633802817,0.12454212454212454,0.23943661971830985,0.2216117216117216,0.426056338028169,0.24358974358974358,0.46830985915492956,0.24175824175824176,0.4647887323943662,0.24358974358974358,0.46830985915492956,0.3241758241758242,0.6232394366197183,0.3498168498168498,0.6725352112676056,0.3498168498168498,0.6725352112676056,0.33516483516483514,0.6443661971830986,0.336996336996337,0.647887323943662,0.3315018315018315,0.6373239436619719,0.3498168498168498,0.6725352112676056,0.3498168498168498,0.6725352112676056,0.38644688644688646,0.7429577464788732,0.21245421245421245,0.4084507042253521,0.3498168498168498,0.6725352112676056,0.3553113553113553,0.6830985915492958,0.38644688644688646,0.7429577464788732,0.20512820512820512,0.39436619718309857,0.20512820512820512,0.39436619718309857,0.1446886446886447,0.27816901408450706,0.14102564102564102,0.2711267605633803,0.20695970695970695,0.397887323943662,0.31135531135531136,0.5985915492957746,0.12637362637362637,0.24295774647887325,0.23992673992673993,0.4612676056338028,0.27472527472527475,0.528169014084507,0.21245421245421245,0.4084507042253521,0.24358974358974358,0.46830985915492956,0.3241758241758242,0.6232394366197183,0.304029304029304,0.5845070422535211,0.304029304029304,0.5845070422535211,0.326007326007326,0.6267605633802817,0.32967032967032966,0.6338028169014085,0.24175824175824176,0.4647887323943662,0.3553113553113553,0.6830985915492958,0.3498168498168498,0.6725352112676056,0.23076923076923078,0.44366197183098594,0.2838827838827839,0.545774647887324,0.304029304029304,0.5845070422535211,0.24725274725274726,0.4753521126760563,0.36996336996337,0.7112676056338029,0.27106227106227104,0.5211267605633803,0.2802197802197802,0.5387323943661971,0.29853479853479853,0.573943661971831,0.3076923076923077,0.5915492957746479,0.23443223443223443,0.4507042253521127,0.30952380952380953,0.5950704225352113,0.31868131868131866,0.6126760563380281,0.304029304029304,0.5845070422535211,0.23809523809523808,0.45774647887323944,0.3241758241758242,0.6232394366197183,0.32051282051282054,0.6161971830985915,0.32051282051282054,0.6161971830985915,0.2875457875457875,0.5528169014084507,0.2857142857142857,0.5492957746478874,0.32051282051282054,0.6161971830985915,0.32234432234432236,0.6197183098591549,0.2564102564102564,0.49295774647887325,0.3553113553113553,0.6830985915492958,0.3553113553113553,0.6830985915492958,0.3131868131868132,0.602112676056338,0.23626373626373626,0.45422535211267606,0.336996336996337,0.647887323943662,0.32234432234432236,0.6197183098591549,0.35714285714285715,0.6866197183098591
44,0.26833631484794274,0.528169014084507,0.23613595706618962,0.4647887323943662,0.11627906976744186,0.22887323943661972,0.12343470483005367,0.24295774647887325,0.22540250447227192,0.44366197183098594,0.31305903398926654,0.6161971830985915,0.13774597495527727,0.2711267605633803,0.22719141323792486,0.4471830985915493,0.24150268336314848,0.4753521126760563,0.24508050089445438,0.4823943661971831,0.22719141323792486,0.4471830985915493,0.2898032200357782,0.5704225352112676,0.32021466905187834,0.6302816901408451,0.32021466905187834,0.6302816901408451,0.32558139534883723,0.6408450704225352,0.32737030411449014,0.6443661971830986,0.2522361359570662,0.4964788732394366,0.35241502683363146,0.6936619718309859,0.3542039355992844,0.6971830985915493,0.22540250447227192,0.44366197183098594,0.24150268336314848,0.4753521126760563,0.32021466905187834,0.6302816901408451,0.23613595706618962,0.4647887323943662,0.37209302325581395,0.7323943661971831,0.23792486583184258,0.46830985915492956,0.23792486583184258,0.46830985915492956,0.12880143112701253,0.2535211267605634,0.13237924865831843,0.2605633802816901,0.21645796064400716,0.426056338028169,0.3184257602862254,0.6267605633802817,0.12164579606440072,0.23943661971830985,0.2182468694096601,0.4295774647887324,0.24686940966010734,0.4859154929577465,0.23792486583184258,0.46830985915492956,0.23792486583184258,0.46830985915492956,0.32021466905187834,0.6302816901408451,0.3470483005366726,0.6830985915492958,0.3470483005366726,0.6830985915492958,0.33094812164579607,0.6514084507042254,0.334525939177102,0.6584507042253521,0.3291592128801431,0.647887323943662,0.3470483005366726,0.6830985915492958,0.34525939177101966,0.6795774647887324,0.3810375670840787,0.75,0.21288014311270126,0.41901408450704225,0.3470483005366726,0.6830985915492958,0.35241502683363146,0.6936619718309859,0.3828264758497317,0.7535211267605634,0.2003577817531306,0.39436619718309857,0.2110912343470483,0.4154929577464789,0.1413237924865832,0.27816901408450706,0.1413237924865832,0.27816901408450706,0.20930232558139536,0.4119718309859155,0.3041144901610018,0.5985915492957746,0.1252236135957066,0.24647887323943662,0.23434704830053668,0.4612676056338028,0.2737030411449016,0.5387323943661971,0.2075134168157424,0.4084507042253521,0.23971377459749552,0.47183098591549294,0.32737030411449014,0.6443661971830986,0.3023255813953488,0.5950704225352113,0.3023255813953488,0.5950704225352113,0.32021466905187834,0.6302816901408451,0.3220035778175313,0.6338028169014085,0.23792486583184258,0.46830985915492956,0.35241502683363146,0.6936619718309859,0.35241502683363146,0.6936619718309859,0.22719141323792486,0.4471830985915493,0.2772808586762075,0.545774647887324,0.3023255813953488,0.5950704225352113,0.24329159212880144,0.4788732394366197,0.3685152057245081,0.7253521126760564,0.27549194991055453,0.5422535211267606,0.2844364937388193,0.5598591549295775,0.29874776386404295,0.5880281690140845,0.30590339892665475,0.602112676056338,0.23613595706618962,0.4647887323943662,0.3076923076923077,0.6056338028169014,0.31305903398926654,0.6161971830985915,0.3041144901610018,0.5985915492957746,0.24150268336314848,0.4753521126760563,0.32737030411449014,0.6443661971830986,0.3184257602862254,0.6267605633802817,0.3220035778175313,0.6338028169014085,0.28622540250447226,0.5633802816901409,0.2898032200357782,0.5704225352112676,0.3220035778175313,0.6338028169014085,0.32021466905187834,0.6302816901408451,0.2558139534883721,0.5035211267605634,0.35062611806797855,0.6901408450704225,0.35062611806797855,0.6901408450704225,0.3094812164579606,0.6091549295774648,0.24150268336314848,0.4753521126760563,0.33810375670840787,0.6654929577464789,0.3184257602862254,0.6267605633802817,0.3542039355992844,0.6971830985915493
45,0.26223776223776224,0.528169014084507,0.23601398601398602,0.4753521126760563,0.11538461538461539,0.2323943661971831,0.12062937062937062,0.24295774647887325,0.229020979020979,0.4612676056338028,0.32342657342657344,0.6514084507042254,0.1381118881118881,0.27816901408450706,0.22377622377622378,0.4507042253521127,0.23601398601398602,0.4753521126760563,0.2395104895104895,0.4823943661971831,0.229020979020979,0.4612676056338028,0.28321678321678323,0.5704225352112676,0.31643356643356646,0.6373239436619719,0.31643356643356646,0.6373239436619719,0.32342657342657344,0.6514084507042254,0.3269230769230769,0.6584507042253521,0.2517482517482518,0.5070422535211268,0.34965034965034963,0.704225352112676,0.34965034965034963,0.704225352112676,0.22377622377622378,0.4507042253521127,0.23601398601398602,0.4753521126760563,0.31643356643356646,0.6373239436619719,0.23426573426573427,0.47183098591549294,0.3723776223776224,0.75,0.23251748251748253,0.46830985915492956,0.23251748251748253,0.46830985915492956,0.12762237762237763,0.25704225352112675,0.12937062937062938,0.2605633802816901,0.21503496503496503,0.43309859154929575,0.3111888111888112,0.6267605633802817,0.12062937062937062,0.24295774647887325,0.21328671328671328,0.4295774647887324,0.24475524475524477,0.49295774647887325,0.23251748251748253,0.46830985915492956,0.23251748251748253,0.46830985915492956,0.32167832167832167,0.647887323943662,0.3409090909090909,0.6866197183098591,0.3409090909090909,0.6866197183098591,0.3304195804195804,0.6654929577464789,0.3321678321678322,0.6690140845070423,0.32867132867132864,0.6619718309859155,0.3409090909090909,0.6866197183098591,0.3409090909090909,0.6866197183098591,0.3758741258741259,0.7570422535211268,0.2097902097902098,0.4225352112676056,0.3409090909090909,0.6866197183098591,0.34965034965034963,0.704225352112676,0.3758741258741259,0.7570422535211268,0.1958041958041958,0.39436619718309857,0.20804195804195805,0.41901408450704225,0.13986013986013987,0.28169014084507044,0.14335664335664336,0.2887323943661972,0.21328671328671328,0.4295774647887324,0.3041958041958042,0.6126760563380281,0.12412587412587413,0.25,0.229020979020979,0.4612676056338028,0.270979020979021,0.545774647887324,0.20279720279720279,0.4084507042253521,0.23601398601398602,0.4753521126760563,0.32342657342657344,0.6514084507042254,0.3041958041958042,0.6126760563380281,0.3041958041958042,0.6126760563380281,0.3181818181818182,0.6408450704225352,0.32167832167832167,0.647887323943662,0.243006993006993,0.4894366197183099,0.3513986013986014,0.7077464788732394,0.3513986013986014,0.7077464788732394,0.23601398601398602,0.4753521126760563,0.2727272727272727,0.5492957746478874,0.3041958041958042,0.6126760563380281,0.23776223776223776,0.4788732394366197,0.36538461538461536,0.7359154929577465,0.27797202797202797,0.5598591549295775,0.28496503496503495,0.573943661971831,0.3006993006993007,0.6056338028169014,0.3041958041958042,0.6126760563380281,0.2395104895104895,0.4823943661971831,0.30594405594405594,0.6161971830985915,0.31643356643356646,0.6373239436619719,0.30244755244755245,0.6091549295774648,0.24125874125874125,0.4859154929577465,0.32867132867132864,0.6619718309859155,0.3146853146853147,0.6338028169014085,0.32167832167832167,0.647887323943662,0.2867132867132867,0.5774647887323944,0.2937062937062937,0.5915492957746479,0.3181818181818182,0.6408450704225352,0.3181818181818182,0.6408450704225352,0.2534965034965035,0.5105633802816901,0.3548951048951049,0.7147887323943662,0.3513986013986014,0.7077464788732394,0.3094405594405594,0.6232394366197183,0.2395104895104895,0.4823943661971831,0.3409090909090909,0.6866197183098591,0.3181818181818182,0.6408450704225352,0.3513986013986014,0.7077464788732394
46,0.2564102564102564,0.528169014084507,0.23931623931623933,0.49295774647887325,0.11623931623931624,0.23943661971830985,0.12307692307692308,0.2535211267605634,0.23076923076923078,0.4753521126760563,0.3264957264957265,0.6725352112676056,0.13675213675213677,0.28169014084507044,0.22564102564102564,0.4647887323943662,0.23076923076923078,0.4753521126760563,0.24957264957264957,0.5140845070422535,0.23076923076923078,0.4753521126760563,0.27692307692307694,0.5704225352112676,0.3162393162393162,0.6514084507042254,0.3162393162393162,0.6514084507042254,0.31965811965811963,0.6584507042253521,0.3247863247863248,0.6690140845070423,0.2547008547008547,0.5246478873239436,0.3504273504273504,0.721830985915493,0.3487179487179487,0.7183098591549296,0.22564102564102564,0.4647887323943662,0.23076923076923078,0.4753521126760563,0.3162393162393162,0.6514084507042254,0.2376068376068376,0.4894366197183099,0.36752136752136755,0.7570422535211268,0.23076923076923078,0.4753521126760563,0.22905982905982905,0.47183098591549294,0.1264957264957265,0.2605633802816901,0.1282051282051282,0.2640845070422535,0.2153846153846154,0.44366197183098594,0.3094017094017094,0.6373239436619719,0.11794871794871795,0.24295774647887325,0.21025641025641026,0.43309859154929575,0.23931623931623933,0.49295774647887325,0.22905982905982905,0.47183098591549294,0.22735042735042735,0.46830985915492956,0.3145299145299145,0.647887323943662,0.3435897435897436,0.7077464788732394,0.3435897435897436,0.7077464788732394,0.3299145299145299,0.6795774647887324,0.3282051282051282,0.676056338028169,0.3247863247863248,0.6690140845070423,0.3401709401709402,0.7007042253521126,0.3384615384615385,0.6971830985915493,0.36752136752136755,0.7570422535211268,0.21196581196581196,0.43661971830985913,0.3435897435897436,0.7077464788732394,0.3487179487179487,0.7183098591549296,0.37435897435897436,0.7711267605633803,0.19145299145299147,0.39436619718309857,0.20512820512820512,0.4225352112676056,0.13846153846153847,0.2852112676056338,0.14017094017094017,0.2887323943661972,0.2205128205128205,0.45422535211267606,0.30427350427350425,0.6267605633802817,0.12136752136752137,0.25,0.22393162393162394,0.4612676056338028,0.26837606837606837,0.5528169014084507,0.19829059829059828,0.4084507042253521,0.23247863247863249,0.4788732394366197,0.3162393162393162,0.6514084507042254,0.29914529914529914,0.6161971830985915,0.29914529914529914,0.6161971830985915,0.3162393162393162,0.6514084507042254,0.3213675213675214,0.6619718309859155,0.24102564102564103,0.4964788732394366,0.347008547008547,0.7147887323943662,0.3504273504273504,0.721830985915493,0.23931623931623933,0.49295774647887325,0.27008547008547007,0.5563380281690141,0.29914529914529914,0.6161971830985915,0.2358974358974359,0.4859154929577465,0.3623931623931624,0.7464788732394366,0.27692307692307694,0.5704225352112676,0.28717948717948716,0.5915492957746479,0.30256410256410254,0.6232394366197183,0.30256410256410254,0.6232394366197183,0.24273504273504273,0.5,0.3094017094017094,0.6373239436619719,0.3162393162393162,0.6514084507042254,0.30085470085470084,0.6197183098591549,0.2358974358974359,0.4859154929577465,0.3316239316239316,0.6830985915492958,0.3128205128205128,0.6443661971830986,0.31794871794871793,0.6549295774647887,0.28034188034188035,0.5774647887323944,0.28888888888888886,0.5950704225352113,0.31794871794871793,0.6549295774647887,0.3247863247863248,0.6690140845070423,0.252991452991453,0.5211267605633803,0.35384615384615387,0.7288732394366197,0.3487179487179487,0.7183098591549296,0.30256410256410254,0.6232394366197183,0.2358974358974359,0.4859154929577465,0.3418803418803419,0.704225352112676,0.3162393162393162,0.6514084507042254,0.3504273504273504,0.721830985915493
47,0.25795644891122277,0.5422535211267606,0.24288107202680068,0.5105633802816901,0.11390284757118928,0.23943661971830985,0.12227805695142378,0.25704225352112675,0.23115577889447236,0.4859154929577465,0.3333333333333333,0.7007042253521126,0.13400335008375208,0.28169014084507044,0.23450586264656617,0.49295774647887325,0.22780569514237856,0.4788732394366197,0.25125628140703515,0.528169014084507,0.22948073701842547,0.4823943661971831,0.2730318257956449,0.573943661971831,0.3149078726968174,0.6619718309859155,0.3149078726968174,0.6619718309859155,0.3149078726968174,0.6619718309859155,0.32160804020100503,0.676056338028169,0.254606365159129,0.5352112676056338,0.34505862646566166,0.7253521126760564,0.34338358458961477,0.721830985915493,0.23283082077051925,0.4894366197183099,0.22948073701842547,0.4823943661971831,0.3165829145728643,0.6654929577464789,0.23450586264656617,0.49295774647887325,0.3685092127303183,0.7746478873239436,0.22948073701842547,0.4823943661971831,0.22445561139028475,0.47183098591549294,0.12395309882747069,0.2605633802816901,0.1273031825795645,0.2676056338028169,0.21440536013400335,0.4507042253521127,0.3098827470686767,0.6514084507042254,0.12060301507537688,0.2535211267605634,0.21105527638190955,0.44366197183098594,0.23450586264656617,0.49295774647887325,0.22445561139028475,0.47183098591549294,0.22278056951423786,0.46830985915492956,0.3132328308207705,0.6584507042253521,0.34003350083752093,0.7147887323943662,0.34003350083752093,0.7147887323943662,0.3249581239530988,0.6830985915492958,0.3232830820770519,0.6795774647887324,0.32160804020100503,0.676056338028169,0.3417085427135678,0.7183098591549296,0.3333333333333333,0.7007042253521126,0.36180904522613067,0.7605633802816901,0.21943048576214405,0.4612676056338028,0.34003350083752093,0.7147887323943662,0.34840871021775544,0.7323943661971831,0.37353433835845895,0.7852112676056338,0.18760469011725292,0.39436619718309857,0.21273031825795644,0.4471830985915493,0.1390284757118928,0.29225352112676056,0.1373534338358459,0.2887323943661972,0.22278056951423786,0.46830985915492956,0.3132328308207705,0.6584507042253521,0.11892797319932999,0.25,0.21943048576214405,0.4612676056338028,0.2646566164154104,0.5563380281690141,0.20603015075376885,0.43309859154929575,0.22948073701842547,0.4823943661971831,0.3098827470686767,0.6514084507042254,0.2998324958123953,0.6302816901408451,0.2998324958123953,0.6302816901408451,0.3149078726968174,0.6619718309859155,0.31825795644891125,0.6690140845070423,0.24455611390284757,0.5140845070422535,0.34338358458961477,0.721830985915493,0.34505862646566166,0.7253521126760564,0.24288107202680068,0.5105633802816901,0.2646566164154104,0.5563380281690141,0.2998324958123953,0.6302816901408451,0.23283082077051925,0.4894366197183099,0.3601340033500838,0.7570422535211268,0.27638190954773867,0.5809859154929577,0.2897822445561139,0.6091549295774648,0.2998324958123953,0.6302816901408451,0.304857621440536,0.6408450704225352,0.23953098827470687,0.5035211267605634,0.3082077051926298,0.647887323943662,0.3165829145728643,0.6654929577464789,0.30318257956448913,0.6373239436619719,0.23953098827470687,0.5035211267605634,0.3316582914572864,0.6971830985915493,0.3098827470686767,0.6514084507042254,0.3149078726968174,0.6619718309859155,0.2797319932998325,0.5880281690140845,0.2914572864321608,0.6126760563380281,0.3165829145728643,0.6654929577464789,0.32160804020100503,0.676056338028169,0.2562814070351759,0.5387323943661971,0.35175879396984927,0.7394366197183099,0.34338358458961477,0.721830985915493,0.304857621440536,0.6408450704225352,0.24120603015075376,0.5070422535211268,0.34338358458961477,0.721830985915493,0.3165829145728643,0.6654929577464789,0.35175879396984927,0.7394366197183099
48,0.25245901639344265,0.5422535211267606,0.24754098360655738,0.5316901408450704,0.11147540983606558,0.23943661971830985,0.12295081967213115,0.2640845070422535,0.2278688524590164,0.4894366197183099,0.3360655737704918,0.721830985915493,0.13114754098360656,0.28169014084507044,0.23770491803278687,0.5105633802816901,0.22459016393442624,0.4823943661971831,0.25573770491803277,0.5492957746478874,0.2278688524590164,0.4894366197183099,0.2786885245901639,0.5985915492957746,0.3163934426229508,0.6795774647887324,0.3163934426229508,0.6795774647887324,0.31475409836065577,0.676056338028169,0.319672131147541,0.6866197183098591,0.2540983606557377,0.545774647887324,0.34262295081967215,0.7359154929577465,0.34098360655737703,0.7323943661971831,0.23770491803278687,0.5105633802816901,0.22459016393442624,0.4823943661971831,0.3163934426229508,0.6795774647887324,0.22950819672131148,0.49295774647887325,0.3704918032786885,0.795774647887324,0.22459016393442624,0.4823943661971831,0.21967213114754097,0.47183098591549294,0.12131147540983607,0.2605633802816901,0.12459016393442623,0.2676056338028169,0.21311475409836064,0.45774647887323944,0.319672131147541,0.6866197183098591,0.1180327868852459,0.2535211267605634,0.22131147540983606,0.4753521126760563,0.22950819672131148,0.49295774647887325,0.21967213114754097,0.47183098591549294,0.22459016393442624,0.4823943661971831,0.30983606557377047,0.6654929577464789,0.3377049180327869,0.7253521126760564,0.3377049180327869,0.7253521126760564,0.32131147540983607,0.6901408450704225,0.32131147540983607,0.6901408450704225,0.319672131147541,0.6866197183098591,0.34098360655737703,0.7323943661971831,0.33114754098360655,0.7112676056338029,0.3540983606557377,0.7605633802816901,0.21967213114754097,0.47183098591549294,0.3377049180327869,0.7253521126760564,0.3442622950819672,0.7394366197183099,0.36721311475409835,0.7887323943661971,0.18524590163934426,0.397887323943662,0.2180327868852459,0.46830985915492956,0.1360655737704918,0.29225352112676056,0.1360655737704918,0.29225352112676056,0.22295081967213115,0.4788732394366197,0.31311475409836065,0.6725352112676056,0.1180327868852459,0.2535211267605634,0.21967213114754097,0.47183098591549294,0.260655737704918,0.5598591549295775,0.21147540983606558,0.45422535211267606,0.22459016393442624,0.4823943661971831,0.30327868852459017,0.6514084507042254,0.2983606557377049,0.6408450704225352,0.2983606557377049,0.6408450704225352,0.3114754098360656,0.6690140845070423,0.3163934426229508,0.6795774647887324,0.24754098360655738,0.5316901408450704,0.33934426229508197,0.7288732394366197,0.34098360655737703,0.7323943661971831,0.2540983606557377,0.545774647887324,0.26229508196721313,0.5633802816901409,0.2983606557377049,0.6408450704225352,0.23278688524590163,0.5,0.3590163934426229,0.7711267605633803,0.2754098360655738,0.5915492957746479,0.28852459016393445,0.6197183098591549,0.3016393442622951,0.647887323943662,0.3,0.6443661971830986,0.24098360655737705,0.5176056338028169,0.3114754098360656,0.6690140845070423,0.32295081967213113,0.6936619718309859,0.3016393442622951,0.647887323943662,0.23770491803278687,0.5105633802816901,0.32786885245901637,0.704225352112676,0.30983606557377047,0.6654929577464789,0.31475409836065577,0.676056338028169,0.2786885245901639,0.5985915492957746,0.2934426229508197,0.6302816901408451,0.3163934426229508,0.6795774647887324,0.32131147540983607,0.6901408450704225,0.25573770491803277,0.5492957746478874,0.35081967213114756,0.7535211267605634,0.33934426229508197,0.7288732394366197,0.3081967213114754,0.6619718309859155,0.23770491803278687,0.5105633802816901,0.33934426229508197,0.7288732394366197,0.31475409836065577,0.676056338028169,0.34918032786885245,0.75
49,0.24879614767255218,0.545774647887324,0.24237560192616373,0.5316901408450704,0.11235955056179775,0.24647887323943662,0.12520064205457465,0.2746478873239437,0.22792937399678972,0.5,0.33386837881219905,0.7323943661971831,0.1332263242375602,0.29225352112676056,0.24719101123595505,0.5422535211267606,0.21990369181380418,0.4823943661971831,0.2504012841091493,0.5492957746478874,0.22632423756019263,0.4964788732394366,0.28731942215088285,0.6302816901408451,0.3113964686998395,0.6830985915492958,0.3113964686998395,0.6830985915492958,0.3162118780096308,0.6936619718309859,0.31942215088282505,0.7007042253521126,0.2520064205457464,0.5528169014084507,0.3402889245585875,0.7464788732394366,0.33707865168539325,0.7394366197183099,0.24558587479935795,0.5387323943661971,0.21990369181380418,0.4823943661971831,0.3130016051364366,0.6866197183098591,0.23113964686998395,0.5070422535211268,0.36597110754414125,0.8028169014084507,0.21990369181380418,0.4823943661971831,0.21990369181380418,0.4823943661971831,0.1187800963081862,0.2605633802816901,0.12199036918138041,0.2676056338028169,0.21348314606741572,0.46830985915492956,0.32102728731942215,0.704225352112676,0.11556982343499198,0.2535211267605634,0.23113964686998395,0.5070422535211268,0.2247191011235955,0.49295774647887325,0.21990369181380418,0.4823943661971831,0.22150882825040127,0.4859154929577465,0.30337078651685395,0.6654929577464789,0.33386837881219905,0.7323943661971831,0.33386837881219905,0.7323943661971831,0.32102728731942215,0.704225352112676,0.32102728731942215,0.704225352112676,0.3162118780096308,0.6936619718309859,0.33707865168539325,0.7394366197183099,0.3274478330658106,0.7183098591549296,0.3467094703049759,0.7605633802816901,0.21990369181380418,0.4823943661971831,0.33386837881219905,0.7323943661971831,0.3402889245585875,0.7464788732394366,0.36597110754414125,0.8028169014084507,0.18138041733547353,0.397887323943662,0.2231139646869984,0.4894366197183099,0.13964686998394862,0.30633802816901406,0.1348314606741573,0.29577464788732394,0.22632423756019263,0.4964788732394366,0.3162118780096308,0.6936619718309859,0.1187800963081862,0.2605633802816901,0.2231139646869984,0.4894366197183099,0.2568218298555377,0.5633802816901409,0.21669341894060995,0.4753521126760563,0.22150882825040127,0.4859154929577465,0.30658105939004815,0.6725352112676056,0.2969502407704655,0.6514084507042254,0.2969502407704655,0.6514084507042254,0.3097913322632424,0.6795774647887324,0.31781701444622795,0.6971830985915493,0.24879614767255218,0.545774647887324,0.33868378812199035,0.7429577464788732,0.33868378812199035,0.7429577464788732,0.25842696629213485,0.5669014084507042,0.2568218298555377,0.5633802816901409,0.2969502407704655,0.6514084507042254,0.23113964686998395,0.5070422535211268,0.3611556982343499,0.7922535211267606,0.27768860353130015,0.6091549295774648,0.28731942215088285,0.6302816901408451,0.3017656500802568,0.6619718309859155,0.30337078651685395,0.6654929577464789,0.24237560192616373,0.5316901408450704,0.30818619582664525,0.676056338028169,0.31942215088282505,0.7007042253521126,0.3017656500802568,0.6619718309859155,0.23434991974317818,0.5140845070422535,0.3258426966292135,0.7147887323943662,0.30818619582664525,0.676056338028169,0.3146067415730337,0.6901408450704225,0.2808988764044944,0.6161971830985915,0.29052969502407705,0.6373239436619719,0.31781701444622795,0.6971830985915493,0.32263242375601925,0.7077464788732394,0.2568218298555377,0.5633802816901409,0.35152487961476725,0.7711267605633803,0.33226324237560195,0.7288732394366197,0.30497592295345105,0.6690140845070423,0.2375601926163724,0.5211267605633803,0.33547351524879615,0.7359154929577465,0.3097913322632424,0.6795774647887324,0.3434991974317817,0.7535211267605634
50,0.25,0.5598591549295775,0.23742138364779874,0.5316901408450704,0.1179245283018868,0.2640845070422535,0.1289308176100629,0.2887323943661972,0.2279874213836478,0.5105633802816901,0.3380503144654088,0.7570422535211268,0.13836477987421383,0.30985915492957744,0.25157232704402516,0.5633802816901409,0.21540880503144655,0.4823943661971831,0.24528301886792453,0.5492957746478874,0.22327044025157233,0.5,0.28773584905660377,0.6443661971830986,0.30974842767295596,0.6936619718309859,0.30974842767295596,0.6936619718309859,0.3160377358490566,0.7077464788732394,0.3191823899371069,0.7147887323943662,0.25157232704402516,0.5633802816901409,0.33647798742138363,0.7535211267605634,0.3333333333333333,0.7464788732394366,0.25,0.5598591549295775,0.21540880503144655,0.4823943661971831,0.30974842767295596,0.6936619718309859,0.23113207547169812,0.5176056338028169,0.3632075471698113,0.8133802816901409,0.21540880503144655,0.4823943661971831,0.21540880503144655,0.4823943661971831,0.1179245283018868,0.2640845070422535,0.13050314465408805,0.29225352112676056,0.21540880503144655,0.4823943661971831,0.330188679245283,0.7394366197183099,0.11320754716981132,0.2535211267605634,0.24056603773584906,0.5387323943661971,0.22012578616352202,0.49295774647887325,0.21540880503144655,0.4823943661971831,0.23113207547169812,0.5176056338028169,0.2971698113207547,0.6654929577464789,0.33176100628930816,0.7429577464788732,0.33176100628930816,0.7429577464788732,0.3191823899371069,0.7147887323943662,0.3191823899371069,0.7147887323943662,0.32075471698113206,0.7183098591549296,0.3333333333333333,0.7464788732394366,0.32547169811320753,0.7288732394366197,0.3411949685534591,0.7640845070422535,0.22327044025157233,0.5,0.33176100628930816,0.7429577464788732,0.33490566037735847,0.75,0.36477987421383645,0.8169014084507042,0.18081761006289307,0.40492957746478875,0.21855345911949686,0.4894366197183099,0.139937106918239,0.31338028169014087,0.13522012578616352,0.3028169014084507,0.22641509433962265,0.5070422535211268,0.3238993710691824,0.7253521126760564,0.12578616352201258,0.28169014084507044,0.23270440251572327,0.5211267605633803,0.25157232704402516,0.5633802816901409,0.21226415094339623,0.4753521126760563,0.2169811320754717,0.4859154929577465,0.3160377358490566,0.7077464788732394,0.29559748427672955,0.6619718309859155,0.29559748427672955,0.6619718309859155,0.31446540880503143,0.704225352112676,0.31761006289308175,0.7112676056338029,0.2468553459119497,0.5528169014084507,0.33647798742138363,0.7535211267605634,0.33490566037735847,0.75,0.2562893081761006,0.573943661971831,0.25157232704402516,0.5633802816901409,0.2971698113207547,0.6654929577464789,0.2279874213836478,0.5105633802816901,0.35691823899371067,0.7992957746478874,0.27672955974842767,0.6197183098591549,0.28773584905660377,0.6443661971830986,0.3018867924528302,0.676056338028169,0.3018867924528302,0.676056338028169,0.24528301886792453,0.5492957746478874,0.3050314465408805,0.6830985915492958,0.32075471698113206,0.7183098591549296,0.3018867924528302,0.676056338028169,0.2389937106918239,0.5352112676056338,0.32547169811320753,0.7288732394366197,0.3018867924528302,0.676056338028169,0.3160377358490566,0.7077464788732394,0.279874213836478,0.6267605633802817,0.28773584905660377,0.6443661971830986,0.3160377358490566,0.7077464788732394,0.3223270440251572,0.721830985915493,0.2610062893081761,0.5845070422535211,0.3474842767295597,0.778169014084507,0.33490566037735847,0.75,0.30660377358490565,0.6866197183098591,0.2389937106918239,0.5352112676056338,0.32861635220125784,0.7359154929577465,0.30660377358490565,0.6866197183098591,0.34276729559748426,0.7676056338028169
51,0.25,0.5704225352112676,0.2330246913580247,0.5316901408450704,0.11882716049382716,0.2711267605633803,0.13580246913580246,0.30985915492957744,0.22685185185185186,0.5176056338028169,0.33487654320987653,0.7640845070422535,0.14351851851851852,0.3274647887323944,0.25771604938271603,0.5880281690140845,0.21141975308641975,0.4823943661971831,0.24074074074074073,0.5492957746478874,0.2191358024691358,0.5,0.2932098765432099,0.6690140845070423,0.3101851851851852,0.7077464788732394,0.3101851851851852,0.7077464788732394,0.3194444444444444,0.7288732394366197,0.3194444444444444,0.7288732394366197,0.25308641975308643,0.5774647887323944,0.33641975308641975,0.7676056338028169,0.33024691358024694,0.7535211267605634,0.25617283950617287,0.5845070422535211,0.21296296296296297,0.4859154929577465,0.30864197530864196,0.704225352112676,0.23148148148148148,0.528169014084507,0.3611111111111111,0.823943661971831,0.21141975308641975,0.4823943661971831,0.21141975308641975,0.4823943661971831,0.12808641975308643,0.29225352112676056,0.13580246913580246,0.30985915492957744,0.2175925925925926,0.4964788732394366,0.3317901234567901,0.7570422535211268,0.1111111111111111,0.2535211267605634,0.24382716049382716,0.5563380281690141,0.21604938271604937,0.49295774647887325,0.21141975308641975,0.4823943661971831,0.22993827160493827,0.5246478873239436,0.30092592592592593,0.6866197183098591,0.33024691358024694,0.7535211267605634,0.33024691358024694,0.7535211267605634,0.32098765432098764,0.7323943661971831,0.32098765432098764,0.7323943661971831,0.31790123456790126,0.7253521126760564,0.3317901234567901,0.7570422535211268,0.32253086419753085,0.7359154929577465,0.33796296296296297,0.7711267605633803,0.2191358024691358,0.5,0.33024691358024694,0.7535211267605634,0.33024691358024694,0.7535211267605634,0.3626543209876543,0.8274647887323944,0.17746913580246915,0.40492957746478875,0.21450617283950618,0.4894366197183099,0.1404320987654321,0.3204225352112676,0.14351851851851852,0.3274647887323944,0.22530864197530864,0.5140845070422535,0.3256172839506173,0.7429577464788732,0.13117283950617284,0.2992957746478873,0.23765432098765432,0.5422535211267606,0.24845679012345678,0.5669014084507042,0.20833333333333334,0.4753521126760563,0.21450617283950618,0.4894366197183099,0.3101851851851852,0.7077464788732394,0.2962962962962963,0.676056338028169,0.2962962962962963,0.676056338028169,0.31790123456790126,0.7253521126760564,0.3148148148148148,0.7183098591549296,0.24845679012345678,0.5669014084507042,0.3317901234567901,0.7570422535211268,0.33024691358024694,0.7535211267605634,0.25771604938271603,0.5880281690140845,0.24845679012345678,0.5669014084507042,0.2962962962962963,0.676056338028169,0.22376543209876543,0.5105633802816901,0.3549382716049383,0.8098591549295775,0.2762345679012346,0.6302816901408451,0.28703703703703703,0.6549295774647887,0.30401234567901236,0.6936619718309859,0.30401234567901236,0.6936619718309859,0.24691358024691357,0.5633802816901409,0.3055555555555556,0.6971830985915493,0.31635802469135804,0.721830985915493,0.30864197530864196,0.704225352112676,0.24228395061728394,0.5528169014084507,0.3256172839506173,0.7429577464788732,0.2962962962962963,0.676056338028169,0.3132716049382716,0.7147887323943662,0.2762345679012346,0.6302816901408451,0.28703703703703703,0.6549295774647887,0.3194444444444444,0.7288732394366197,0.32253086419753085,0.7359154929577465,0.2623456790123457,0.5985915492957746,0.3472222222222222,0.7922535211267606,0.33487654320987653,0.7640845070422535,0.3132716049382716,0.7147887323943662,0.24074074074074073,0.5492957746478874,0.3287037037037037,0.75,0.30246913580246915,0.6901408450704225,0.3425925925925926,0.7816901408450704
52,0.24508320726172467,0.5704225352112676,0.22844175491679275,0.5316901408450704,0.12708018154311648,0.29577464788732394,0.14826021180030258,0.34507042253521125,0.22844175491679275,0.5316901408450704,0.329803328290469,0.7676056338028169,0.14069591527987896,0.3274647887323944,0.264750378214826,0.6161971830985915,0.20726172465960666,0.4823943661971831,0.23600605143721634,0.5492957746478874,0.21633888048411498,0.5035211267605634,0.2950075642965204,0.6866197183098591,0.3086232980332829,0.7183098591549296,0.3086232980332829,0.7183098591549296,0.3177004538577912,0.7394366197183099,0.3207261724659607,0.7464788732394366,0.25113464447806355,0.5845070422535211,0.3328290468986384,0.7746478873239436,0.3267776096822995,0.7605633802816901,0.264750378214826,0.6161971830985915,0.2087745839636914,0.4859154929577465,0.3101361573373676,0.721830985915493,0.2329803328290469,0.5422535211267606,0.3585476550680787,0.8345070422535211,0.21482602118003025,0.5,0.21482602118003025,0.5,0.1346444780635401,0.31338028169014087,0.1422087745839637,0.33098591549295775,0.2178517397881997,0.5070422535211268,0.3313161875945537,0.7711267605633803,0.12102874432677761,0.28169014084507044,0.24357034795763993,0.5669014084507042,0.2118003025718608,0.49295774647887325,0.21482602118003025,0.5,0.24205748865355523,0.5633802816901409,0.3010590015128593,0.7007042253521126,0.3267776096822995,0.7605633802816901,0.3267776096822995,0.7605633802816901,0.3207261724659607,0.7464788732394366,0.3177004538577912,0.7394366197183099,0.31316187594553707,0.7288732394366197,0.329803328290469,0.7676056338028169,0.3177004538577912,0.7394366197183099,0.3313161875945537,0.7711267605633803,0.2178517397881997,0.5070422535211268,0.3267776096822995,0.7605633802816901,0.32829046898638425,0.7640845070422535,0.3585476550680787,0.8345070422535211,0.17549167927382753,0.4084507042253521,0.2102874432677761,0.4894366197183099,0.14523449319213314,0.3380281690140845,0.14523449319213314,0.3380281690140845,0.2254160363086233,0.5246478873239436,0.31921331316187596,0.7429577464788732,0.1361573373676248,0.31690140845070425,0.24357034795763993,0.5669014084507042,0.24357034795763993,0.5669014084507042,0.2042360060514372,0.4753521126760563,0.21331316187594554,0.4964788732394366,0.3071104387291982,0.7147887323943662,0.2950075642965204,0.6866197183098591,0.2950075642965204,0.6866197183098591,0.31316187594553707,0.7288732394366197,0.3177004538577912,0.7394366197183099,0.2481089258698941,0.5774647887323944,0.3313161875945537,0.7711267605633803,0.3267776096822995,0.7605633802816901,0.2586989409984871,0.602112676056338,0.24357034795763993,0.5669014084507042,0.29954614220877457,0.6971830985915493,0.22239031770045387,0.5176056338028169,0.3524962178517398,0.8204225352112676,0.27685325264750377,0.6443661971830986,0.2813918305597579,0.6549295774647887,0.30257186081694404,0.704225352112676,0.3010590015128593,0.7007042253521126,0.24508320726172467,0.5704225352112676,0.30257186081694404,0.704225352112676,0.3146747352496218,0.7323943661971831,0.3086232980332829,0.7183098591549296,0.24357034795763993,0.5669014084507042,0.32526475037821484,0.7570422535211268,0.2934947049924357,0.6830985915492958,0.31164901664145234,0.7253521126760564,0.27382753403933435,0.6373239436619719,0.2859304084720121,0.6654929577464789,0.3207261724659607,0.7464788732394366,0.32526475037821484,0.7570422535211268,0.264750378214826,0.6161971830985915,0.34795763993948564,0.8098591549295775,0.3328290468986384,0.7746478873239436,0.3146747352496218,0.7323943661971831,0.24357034795763993,0.5669014084507042,0.32829046898638425,0.7640845070422535,0.30257186081694404,0.704225352112676,0.3388804841149773,0.7887323943661971
53,0.2403560830860534,0.5704225352112676,0.22403560830860533,0.5316901408450704,0.129080118694362,0.30633802816901406,0.14688427299703263,0.3485915492957746,0.228486646884273,0.5422535211267606,0.3264094955489614,0.7746478873239436,0.14540059347181009,0.34507042253521125,0.27002967359050445,0.6408450704225352,0.20474777448071216,0.4859154929577465,0.2314540059347181,0.5492957746478874,0.21513353115727002,0.5105633802816901,0.30712166172106825,0.7288732394366197,0.30712166172106825,0.7288732394366197,0.30712166172106825,0.7288732394366197,0.31750741839762614,0.7535211267605634,0.31750741839762614,0.7535211267605634,0.2551928783382789,0.6056338028169014,0.327893175074184,0.778169014084507,0.3264094955489614,0.7746478873239436,0.271513353115727,0.6443661971830986,0.2062314540059347,0.4894366197183099,0.30712166172106825,0.7288732394366197,0.22997032640949555,0.545774647887324,0.3545994065281899,0.8415492957746479,0.22403560830860533,0.5316901408450704,0.22551928783382788,0.5352112676056338,0.13501483679525222,0.3204225352112676,0.142433234421365,0.3380281690140845,0.2195845697329377,0.5211267605633803,0.34124629080118696,0.8098591549295775,0.12462908011869436,0.29577464788732394,0.2522255192878338,0.5985915492957746,0.21068249258160238,0.5,0.22551928783382788,0.5352112676056338,0.24925816023738873,0.5915492957746479,0.30118694362017806,0.7147887323943662,0.3249258160237389,0.7711267605633803,0.3249258160237389,0.7711267605633803,0.3189910979228487,0.7570422535211268,0.31750741839762614,0.7535211267605634,0.3086053412462908,0.7323943661971831,0.327893175074184,0.778169014084507,0.31602373887240354,0.75,0.3249258160237389,0.7711267605633803,0.22403560830860533,0.5316901408450704,0.3249258160237389,0.7711267605633803,0.3264094955489614,0.7746478873239436,0.3545994065281899,0.8415492957746479,0.17507418397626112,0.4154929577464789,0.2062314540059347,0.4894366197183099,0.14540059347181009,0.34507042253521125,0.14688427299703263,0.3485915492957746,0.22551928783382788,0.5352112676056338,0.3219584569732938,0.7640845070422535,0.14391691394658754,0.3415492957746479,0.24480712166172106,0.5809859154929577,0.24629080118694363,0.5845070422535211,0.20029673590504452,0.4753521126760563,0.20919881305637983,0.4964788732394366,0.3086053412462908,0.7323943661971831,0.29376854599406527,0.6971830985915493,0.29376854599406527,0.6971830985915493,0.3086053412462908,0.7323943661971831,0.31750741839762614,0.7535211267605634,0.24629080118694363,0.5845070422535211,0.3293768545994065,0.7816901408450704,0.32344213649851633,0.7676056338028169,0.258160237388724,0.6126760563380281,0.24629080118694363,0.5845070422535211,0.2952522255192878,0.7007042253521126,0.22551928783382788,0.5352112676056338,0.34718100890207715,0.823943661971831,0.27596439169139464,0.6549295774647887,0.2818991097922849,0.6690140845070423,0.30118694362017806,0.7147887323943662,0.29821958456973297,0.7077464788732394,0.24629080118694363,0.5845070422535211,0.2997032640949555,0.7112676056338029,0.31602373887240354,0.75,0.3086053412462908,0.7323943661971831,0.24183976261127596,0.573943661971831,0.32344213649851633,0.7676056338028169,0.2922848664688427,0.6936619718309859,0.3086053412462908,0.7323943661971831,0.2685459940652819,0.6373239436619719,0.28486646884273,0.676056338028169,0.3189910979228487,0.7570422535211268,0.32344213649851633,0.7676056338028169,0.2626112759643917,0.6232394366197183,0.34718100890207715,0.823943661971831,0.33086053412462907,0.7852112676056338,0.31602373887240354,0.75,0.24183976261127596,0.573943661971831,0.327893175074184,0.778169014084507,0.29821958456973297,0.7077464788732394,0.3353115727002967,0.795774647887324
54,0.239067055393586,0.5774647887323944,0.22157434402332363,0.5352112676056338,0.12682215743440234,0.30633802816901406,0.14868804664723032,0.3591549295774648,0.22740524781341107,0.5492957746478874,0.3338192419825073,0.8063380281690141,0.14431486880466474,0.3485915492957746,0.26822157434402333,0.647887323943662,0.20408163265306123,0.49295774647887325,0.23615160349854228,0.5704225352112676,0.21137026239067055,0.5105633802816901,0.3075801749271137,0.7429577464788732,0.30903790087463556,0.7464788732394366,0.30903790087463556,0.7464788732394366,0.31341107871720114,0.7570422535211268,0.31486880466472306,0.7605633802816901,0.2521865889212828,0.6091549295774648,0.3250728862973761,0.7852112676056338,0.32215743440233235,0.778169014084507,0.26822157434402333,0.647887323943662,0.2055393586005831,0.4964788732394366,0.3104956268221574,0.75,0.23323615160349853,0.5633802816901409,0.34839650145772594,0.8415492957746479,0.22011661807580174,0.5316901408450704,0.22157434402332363,0.5352112676056338,0.13411078717201166,0.323943661971831,0.14285714285714285,0.34507042253521125,0.22157434402332363,0.5352112676056338,0.336734693877551,0.8133802816901409,0.12682215743440234,0.30633802816901406,0.2478134110787172,0.5985915492957746,0.2099125364431487,0.5070422535211268,0.22157434402332363,0.5352112676056338,0.2521865889212828,0.6091549295774648,0.29591836734693877,0.7147887323943662,0.3236151603498542,0.7816901408450704,0.3236151603498542,0.7816901408450704,0.3177842565597668,0.7676056338028169,0.3163265306122449,0.7640845070422535,0.30466472303207,0.7359154929577465,0.32215743440233235,0.778169014084507,0.31924198250728864,0.7711267605633803,0.3206997084548105,0.7746478873239436,0.22448979591836735,0.5422535211267606,0.3236151603498542,0.7816901408450704,0.3236151603498542,0.7816901408450704,0.35131195335276966,0.8485915492957746,0.17201166180758018,0.4154929577464789,0.20262390670553937,0.4894366197183099,0.1457725947521866,0.352112676056338,0.14868804664723032,0.3591549295774648,0.2259475218658892,0.545774647887324,0.3206997084548105,0.7746478873239436,0.14723032069970846,0.35563380281690143,0.2434402332361516,0.5880281690140845,0.2434402332361516,0.5880281690140845,0.1967930029154519,0.4753521126760563,0.2055393586005831,0.4964788732394366,0.31341107871720114,0.7570422535211268,0.2944606413994169,0.7112676056338029,0.2944606413994169,0.7112676056338029,0.30612244897959184,0.7394366197183099,0.3163265306122449,0.7640845070422535,0.24489795918367346,0.5915492957746479,0.32653061224489793,0.7887323943661971,0.3236151603498542,0.7816901408450704,0.2536443148688047,0.6126760563380281,0.2434402332361516,0.5880281690140845,0.29591836734693877,0.7147887323943662,0.2230320699708455,0.5387323943661971,0.3425655976676385,0.8274647887323944,0.2755102040816326,0.6654929577464789,0.2813411078717201,0.6795774647887324,0.2988338192419825,0.721830985915493,0.29737609329446063,0.7183098591549296,0.24489795918367346,0.5915492957746479,0.3032069970845481,0.7323943661971831,0.3163265306122449,0.7640845070422535,0.30612244897959184,0.7394366197183099,0.24052478134110788,0.5809859154929577,0.3206997084548105,0.7746478873239436,0.29008746355685133,0.7007042253521126,0.30612244897959184,0.7394366197183099,0.2696793002915452,0.6514084507042254,0.28717201166180756,0.6936619718309859,0.3177842565597668,0.7676056338028169,0.32215743440233235,0.778169014084507,0.26384839650145775,0.6373239436619719,0.3425655976676385,0.8274647887323944,0.3294460641399417,0.795774647887324,0.31341107871720114,0.7570422535211268,0.24198250728862974,0.5845070422535211,0.32653061224489793,0.7887323943661971,0.29591836734693877,0.7147887323943662,0.3323615160349854,0.8028169014084507
55,0.24606580829756797,0.6056338028169014,0.22031473533619456,0.5422535211267606,0.12875536480686695,0.31690140845070425,0.1473533619456366,0.3626760563380282,0.23032904148783978,0.5669014084507042,0.33476394849785407,0.823943661971831,0.15450643776824036,0.38028169014084506,0.2646638054363376,0.6514084507042254,0.20314735336194564,0.5,0.23605150214592274,0.5809859154929577,0.21030042918454936,0.5176056338028169,0.3133047210300429,0.7711267605633803,0.30472103004291845,0.75,0.30472103004291845,0.75,0.3104434907010014,0.7640845070422535,0.3104434907010014,0.7640845070422535,0.24892703862660945,0.6126760563380281,0.32045779685264664,0.7887323943661971,0.32045779685264664,0.7887323943661971,0.2632331902718169,0.647887323943662,0.20600858369098712,0.5070422535211268,0.30472103004291845,0.75,0.23462088698140202,0.5774647887323944,0.34620886981402005,0.852112676056338,0.21602288984263232,0.5316901408450704,0.21745350500715308,0.5352112676056338,0.13733905579399142,0.3380281690140845,0.14878397711015737,0.36619718309859156,0.21888412017167383,0.5387323943661971,0.33476394849785407,0.823943661971831,0.12875536480686695,0.31690140845070425,0.24606580829756797,0.6056338028169014,0.20600858369098712,0.5070422535211268,0.21745350500715308,0.5352112676056338,0.2532188841201717,0.6232394366197183,0.30042918454935624,0.7394366197183099,0.3218884120171674,0.7922535211267606,0.3218884120171674,0.7922535211267606,0.3147353361945637,0.7746478873239436,0.3133047210300429,0.7711267605633803,0.30042918454935624,0.7394366197183099,0.3190271816881259,0.7852112676056338,0.31759656652360513,0.7816901408450704,0.3190271816881259,0.7852112676056338,0.2246065808297568,0.5528169014084507,0.3218884120171674,0.7922535211267606,0.32045779685264664,0.7887323943661971,0.34620886981402005,0.852112676056338,0.17167381974248927,0.4225352112676056,0.2117310443490701,0.5211267605633803,0.15021459227467812,0.36971830985915494,0.16022889842632332,0.39436619718309857,0.22746781115879827,0.5598591549295775,0.3290414878397711,0.8098591549295775,0.15879828326180256,0.3908450704225352,0.2503576537911302,0.6161971830985915,0.24320457796852646,0.5985915492957746,0.20314735336194564,0.5,0.20314735336194564,0.5,0.3190271816881259,0.7852112676056338,0.29756795422031473,0.7323943661971831,0.29756795422031473,0.7323943661971831,0.30185979971387694,0.7429577464788732,0.3133047210300429,0.7711267605633803,0.24606580829756797,0.6056338028169014,0.32331902718168815,0.795774647887324,0.3190271816881259,0.7852112676056338,0.2503576537911302,0.6161971830985915,0.24320457796852646,0.5985915492957746,0.29756795422031473,0.7323943661971831,0.22603719599427755,0.5563380281690141,0.3419170243204578,0.8415492957746479,0.2732474964234621,0.6725352112676056,0.2804005722460658,0.6901408450704225,0.296137339055794,0.7288732394366197,0.2947067238912732,0.7253521126760564,0.24892703862660945,0.6126760563380281,0.30185979971387694,0.7429577464788732,0.31187410586552217,0.7676056338028169,0.3061516452074392,0.7535211267605634,0.24034334763948498,0.5915492957746479,0.3190271816881259,0.7852112676056338,0.2947067238912732,0.7253521126760564,0.30472103004291845,0.75,0.2703862660944206,0.6654929577464789,0.28898426323319026,0.7112676056338029,0.31616595135908443,0.778169014084507,0.32045779685264664,0.7887323943661971,0.2703862660944206,0.6654929577464789,0.3419170243204578,0.8415492957746479,0.32474964234620884,0.7992957746478874,0.31187410586552217,0.7676056338028169,0.24177396280400573,0.5950704225352113,0.32331902718168815,0.795774647887324,0.2932761087267525,0.721830985915493,0.33047210300429186,0.8133802816901409
56,0.24157303370786518,0.6056338028169014,0.21910112359550563,0.5492957746478874,0.1348314606741573,0.3380281690140845,0.1544943820224719,0.3873239436619718,0.2345505617977528,0.5880281690140845,0.33146067415730335,0.8309859154929577,0.16292134831460675,0.4084507042253521,0.2598314606741573,0.6514084507042254,0.2050561797752809,0.5140845070422535,0.2401685393258427,0.602112676056338,0.21207865168539325,0.5316901408450704,0.3188202247191011,0.7992957746478874,0.300561797752809,0.7535211267605634,0.300561797752809,0.7535211267605634,0.30758426966292135,0.7711267605633803,0.3061797752808989,0.7676056338028169,0.24578651685393257,0.6161971830985915,0.31741573033707865,0.795774647887324,0.3160112359550562,0.7922535211267606,0.25842696629213485,0.647887323943662,0.20646067415730338,0.5176056338028169,0.300561797752809,0.7535211267605634,0.23314606741573032,0.5845070422535211,0.34129213483146065,0.8556338028169014,0.21207865168539325,0.5316901408450704,0.21348314606741572,0.5352112676056338,0.13904494382022473,0.3485915492957746,0.14887640449438203,0.3732394366197183,0.22191011235955055,0.5563380281690141,0.33707865168539325,0.8450704225352113,0.13623595505617977,0.3415492957746479,0.25,0.6267605633802817,0.20224719101123595,0.5070422535211268,0.21348314606741572,0.5352112676056338,0.25702247191011235,0.6443661971830986,0.2949438202247191,0.7394366197183099,0.3202247191011236,0.8028169014084507,0.3202247191011236,0.8028169014084507,0.31320224719101125,0.7852112676056338,0.3089887640449438,0.7746478873239436,0.29775280898876405,0.7464788732394366,0.3160112359550562,0.7922535211267606,0.31320224719101125,0.7852112676056338,0.3202247191011236,0.8028169014084507,0.22331460674157302,0.5598591549295775,0.3202247191011236,0.8028169014084507,0.3188202247191011,0.7992957746478874,0.34129213483146065,0.8556338028169014,0.17696629213483145,0.44366197183098594,0.21067415730337077,0.528169014084507,0.16151685393258428,0.40492957746478875,0.16853932584269662,0.4225352112676056,0.22752808988764045,0.5704225352112676,0.32724719101123595,0.8204225352112676,0.16713483146067415,0.41901408450704225,0.25702247191011235,0.6443661971830986,0.2443820224719101,0.6126760563380281,0.20365168539325842,0.5105633802816901,0.20646067415730338,0.5176056338028169,0.32303370786516855,0.8098591549295775,0.2949438202247191,0.7394366197183099,0.2949438202247191,0.7394366197183099,0.30196629213483145,0.7570422535211268,0.3103932584269663,0.778169014084507,0.24719101123595505,0.6197183098591549,0.32162921348314605,0.8063380281690141,0.31741573033707865,0.795774647887324,0.24719101123595505,0.6197183098591549,0.24578651685393257,0.6161971830985915,0.2949438202247191,0.7394366197183099,0.2247191011235955,0.5633802816901409,0.33848314606741575,0.8485915492957746,0.27247191011235955,0.6830985915492958,0.28792134831460675,0.721830985915493,0.29775280898876405,0.7464788732394366,0.29634831460674155,0.7429577464788732,0.24578651685393257,0.6161971830985915,0.300561797752809,0.7535211267605634,0.3103932584269663,0.778169014084507,0.3089887640449438,0.7746478873239436,0.24297752808988765,0.6091549295774648,0.31320224719101125,0.7852112676056338,0.29213483146067415,0.7323943661971831,0.30196629213483145,0.7570422535211268,0.27247191011235955,0.6830985915492958,0.2893258426966292,0.7253521126760564,0.3146067415730337,0.7887323943661971,0.3188202247191011,0.7992957746478874,0.2710674157303371,0.6795774647887324,0.33707865168539325,0.8450704225352113,0.324438202247191,0.8133802816901409,0.31320224719101125,0.7852112676056338,0.2401685393258427,0.602112676056338,0.324438202247191,0.8133802816901409,0.29634831460674155,0.7429577464788732,0.3258426966292135,0.8169014084507042
57,0.23724137931034484,0.6056338028169014,0.22620689655172413,0.5774647887323944,0.14344827586206896,0.36619718309859156,0.15586206896551724,0.397887323943662,0.23586206896551723,0.602112676056338,0.32827586206896553,0.8380281690140845,0.16275862068965516,0.4154929577464789,0.25517241379310346,0.6514084507042254,0.2013793103448276,0.5140845070422535,0.24689655172413794,0.6302816901408451,0.21517241379310345,0.5492957746478874,0.32413793103448274,0.8274647887323944,0.3006896551724138,0.7676056338028169,0.3006896551724138,0.7676056338028169,0.30344827586206896,0.7746478873239436,0.30482758620689654,0.778169014084507,0.24551724137931036,0.6267605633802817,0.3158620689655172,0.8063380281690141,0.31448275862068964,0.8028169014084507,0.2537931034482759,0.647887323943662,0.20275862068965517,0.5176056338028169,0.3006896551724138,0.7676056338028169,0.23310344827586207,0.5950704225352113,0.3351724137931035,0.8556338028169014,0.2082758620689655,0.5316901408450704,0.2096551724137931,0.5352112676056338,0.1489655172413793,0.38028169014084506,0.15724137931034482,0.4014084507042254,0.22206896551724137,0.5669014084507042,0.3393103448275862,0.8661971830985915,0.14620689655172414,0.3732394366197183,0.25655172413793104,0.6549295774647887,0.2,0.5105633802816901,0.2096551724137931,0.5352112676056338,0.263448275862069,0.6725352112676056,0.29379310344827586,0.75,0.31862068965517243,0.8133802816901409,0.31862068965517243,0.8133802816901409,0.30896551724137933,0.7887323943661971,0.30482758620689654,0.778169014084507,0.296551724137931,0.7570422535211268,0.31310344827586206,0.7992957746478874,0.3117241379310345,0.795774647887324,0.31448275862068964,0.8028169014084507,0.22344827586206897,0.5704225352112676,0.31862068965517243,0.8133802816901409,0.31448275862068964,0.8028169014084507,0.3351724137931035,0.8556338028169014,0.18758620689655173,0.4788732394366197,0.21379310344827587,0.545774647887324,0.17379310344827587,0.44366197183098594,0.17103448275862068,0.43661971830985913,0.22758620689655173,0.5809859154929577,0.3255172413793103,0.8309859154929577,0.1696551724137931,0.43309859154929575,0.26482758620689656,0.676056338028169,0.24689655172413794,0.6302816901408451,0.2013793103448276,0.5140845070422535,0.2096551724137931,0.5352112676056338,0.3213793103448276,0.8204225352112676,0.2979310344827586,0.7605633802816901,0.2979310344827586,0.7605633802816901,0.3020689655172414,0.7711267605633803,0.30758620689655175,0.7852112676056338,0.24413793103448275,0.6232394366197183,0.31862068965517243,0.8133802816901409,0.31448275862068964,0.8028169014084507,0.2482758620689655,0.6338028169014085,0.2496551724137931,0.6373239436619719,0.2979310344827586,0.7605633802816901,0.2289655172413793,0.5845070422535211,0.3351724137931035,0.8556338028169014,0.2731034482758621,0.6971830985915493,0.2910344827586207,0.7429577464788732,0.2993103448275862,0.7640845070422535,0.2979310344827586,0.7605633802816901,0.24413793103448275,0.6232394366197183,0.2993103448275862,0.7640845070422535,0.3117241379310345,0.795774647887324,0.30896551724137933,0.7887323943661971,0.2413793103448276,0.6161971830985915,0.31448275862068964,0.8028169014084507,0.2924137931034483,0.7464788732394366,0.3006896551724138,0.7676056338028169,0.2731034482758621,0.6971830985915493,0.29379310344827586,0.75,0.31448275862068964,0.8028169014084507,0.31448275862068964,0.8028169014084507,0.2717241379310345,0.6936619718309859,0.33241379310344826,0.8485915492957746,0.32275862068965516,0.823943661971831,0.31310344827586206,0.7992957746478874,0.24,0.6126760563380281,0.32,0.8169014084507042,0.2924137931034483,0.7464788732394366,0.32413793103448274,0.8274647887323944
58,0.24423337856173677,0.6338028169014085,0.2265943012211669,0.5880281690140845,0.15061058344640435,0.3908450704225352,0.16010854816824965,0.4154929577464789,0.23473541383989144,0.6091549295774648,0.3283582089552239,0.852112676056338,0.16010854816824965,0.4154929577464789,0.25508819538670285,0.6619718309859155,0.19810040705563092,0.5140845070422535,0.24559023066485752,0.6373239436619719,0.2130257801899593,0.5528169014084507,0.32700135685210313,0.8485915492957746,0.29986431478968795,0.778169014084507,0.29986431478968795,0.778169014084507,0.30257801899592945,0.7852112676056338,0.30257801899592945,0.7852112676056338,0.24423337856173677,0.6338028169014085,0.3147896879240163,0.8169014084507042,0.3120759837177748,0.8098591549295775,0.25508819538670285,0.6619718309859155,0.1994572591587517,0.5176056338028169,0.29986431478968795,0.778169014084507,0.23066485753052918,0.5985915492957746,0.33242876526458615,0.8626760563380281,0.2062415196743555,0.5352112676056338,0.20759837177747625,0.5387323943661971,0.14925373134328357,0.3873239436619718,0.1546811397557666,0.4014084507042254,0.22388059701492538,0.5809859154929577,0.33514246947082765,0.8697183098591549,0.15739484396200815,0.4084507042253521,0.26051560379918587,0.676056338028169,0.19810040705563092,0.5140845070422535,0.20759837177747625,0.5387323943661971,0.2700135685210312,0.7007042253521126,0.29850746268656714,0.7746478873239436,0.31614654002713705,0.8204225352112676,0.31614654002713705,0.8204225352112676,0.30800542740841247,0.7992957746478874,0.3039348710990502,0.7887323943661971,0.29579375848032563,0.7676056338028169,0.3093622795115332,0.8028169014084507,0.3120759837177748,0.8098591549295775,0.3147896879240163,0.8169014084507042,0.2225237449118046,0.5774647887323944,0.31614654002713705,0.8204225352112676,0.3120759837177748,0.8098591549295775,0.3310719131614654,0.8591549295774648,0.1926729986431479,0.5,0.2225237449118046,0.5774647887323944,0.1723202170963365,0.4471830985915493,0.1723202170963365,0.4471830985915493,0.2265943012211669,0.5880281690140845,0.3242876526458616,0.8415492957746479,0.1723202170963365,0.4471830985915493,0.26051560379918587,0.676056338028169,0.25237449118046135,0.6549295774647887,0.2062415196743555,0.5352112676056338,0.208955223880597,0.5422535211267606,0.3283582089552239,0.852112676056338,0.2930800542740841,0.7605633802816901,0.2930800542740841,0.7605633802816901,0.29850746268656714,0.7746478873239436,0.3039348710990502,0.7887323943661971,0.24423337856173677,0.6338028169014085,0.31886024423337855,0.8274647887323944,0.3120759837177748,0.8098591549295775,0.2496607869742198,0.647887323943662,0.2496607869742198,0.647887323943662,0.2930800542740841,0.7605633802816901,0.23337856173677068,0.6056338028169014,0.33242876526458615,0.8626760563380281,0.27544097693351427,0.7147887323943662,0.2944369063772049,0.7640845070422535,0.3012211668928087,0.7816901408450704,0.3012211668928087,0.7816901408450704,0.24423337856173677,0.6338028169014085,0.29850746268656714,0.7746478873239436,0.3120759837177748,0.8098591549295775,0.3066485753052917,0.795774647887324,0.24016282225237448,0.6232394366197183,0.31614654002713705,0.8204225352112676,0.28900949796472186,0.75,0.3012211668928087,0.7816901408450704,0.27408412483039346,0.7112676056338029,0.29172320217096337,0.7570422535211268,0.3120759837177748,0.8098591549295775,0.31614654002713705,0.8204225352112676,0.2727272727272727,0.7077464788732394,0.32700135685210313,0.8485915492957746,0.32157394843962006,0.8345070422535211,0.310719131614654,0.8063380281690141,0.24016282225237448,0.6232394366197183,0.31886024423337855,0.8274647887323944,0.29172320217096337,0.7570422535211268,0.3242876526458616,0.8415492957746479
59,0.24933333333333332,0.6584507042253521,0.23066666666666666,0.6091549295774648,0.14933333333333335,0.39436619718309857,0.16666666666666666,0.44014084507042256,0.23733333333333334,0.6267605633802817,0.32266666666666666,0.852112676056338,0.15733333333333333,0.4154929577464789,0.25733333333333336,0.6795774647887324,0.19466666666666665,0.5140845070422535,0.24533333333333332,0.647887323943662,0.21333333333333335,0.5633802816901409,0.32266666666666666,0.852112676056338,0.296,0.7816901408450704,0.296,0.7816901408450704,0.2986666666666667,0.7887323943661971,0.30266666666666664,0.7992957746478874,0.24666666666666667,0.6514084507042254,0.31333333333333335,0.8274647887323944,0.308,0.8133802816901409,0.26,0.6866197183098591,0.19733333333333333,0.5211267605633803,0.296,0.7816901408450704,0.23066666666666666,0.6091549295774648,0.332,0.8767605633802817,0.20266666666666666,0.5352112676056338,0.204,0.5387323943661971,0.14933333333333335,0.39436619718309857,0.15466666666666667,0.4084507042253521,0.22933333333333333,0.6056338028169014,0.3293333333333333,0.8697183098591549,0.16133333333333333,0.426056338028169,0.26266666666666666,0.6936619718309859,0.2,0.528169014084507,0.204,0.5387323943661971,0.27066666666666667,0.7147887323943662,0.30266666666666664,0.7992957746478874,0.31333333333333335,0.8274647887323944,0.31466666666666665,0.8309859154929577,0.30666666666666664,0.8098591549295775,0.30266666666666664,0.7992957746478874,0.292,0.7711267605633803,0.30933333333333335,0.8169014084507042,0.30933333333333335,0.8169014084507042,0.31066666666666665,0.8204225352112676,0.22666666666666666,0.5985915492957746,0.31333333333333335,0.8274647887323944,0.312,0.823943661971831,0.32666666666666666,0.8626760563380281,0.19866666666666666,0.5246478873239436,0.22266666666666668,0.5880281690140845,0.16933333333333334,0.4471830985915493,0.17733333333333334,0.46830985915492956,0.228,0.602112676056338,0.32,0.8450704225352113,0.17466666666666666,0.4612676056338028,0.26,0.6866197183098591,0.25066666666666665,0.6619718309859155,0.21066666666666667,0.5563380281690141,0.20533333333333334,0.5422535211267606,0.32266666666666666,0.852112676056338,0.28933333333333333,0.7640845070422535,0.28933333333333333,0.7640845070422535,0.296,0.7816901408450704,0.30133333333333334,0.795774647887324,0.244,0.6443661971830986,0.31466666666666665,0.8309859154929577,0.31066666666666665,0.8204225352112676,0.25333333333333335,0.6690140845070423,0.24933333333333332,0.6584507042253521,0.2906666666666667,0.7676056338028169,0.23466666666666666,0.6197183098591549,0.32666666666666666,0.8626760563380281,0.2786666666666667,0.7359154929577465,0.292,0.7711267605633803,0.2986666666666667,0.7887323943661971,0.3,0.7922535211267606,0.24,0.6338028169014085,0.29333333333333333,0.7746478873239436,0.30933333333333335,0.8169014084507042,0.30266666666666664,0.7992957746478874,0.23866666666666667,0.6302816901408451,0.312,0.823943661971831,0.288,0.7605633802816901,0.2986666666666667,0.7887323943661971,0.272,0.7183098591549296,0.292,0.7711267605633803,0.308,0.8133802816901409,0.31466666666666665,0.8309859154929577,0.272,0.7183098591549296,0.32666666666666666,0.8626760563380281,0.32133333333333336,0.8485915492957746,0.30666666666666664,0.8098591549295775,0.23733333333333334,0.6267605633802817,0.31733333333333336,0.8380281690140845,0.292,0.7711267605633803,0.32,0.8450704225352113
60,0.24639580602883354,0.6619718309859155,0.2398427260812582,0.6443661971830986,0.15858453473132372,0.426056338028169,0.17300131061598953,0.4647887323943662,0.2346002621231979,0.6302816901408451,0.3211009174311927,0.8626760563380281,0.15727391874180865,0.4225352112676056,0.25688073394495414,0.6901408450704225,0.1926605504587156,0.5176056338028169,0.2490170380078637,0.6690140845070423,0.21231979030144169,0.5704225352112676,0.31716906946264745,0.852112676056338,0.2961992136304063,0.795774647887324,0.2961992136304063,0.795774647887324,0.30275229357798167,0.8133802816901409,0.30275229357798167,0.8133802816901409,0.24770642201834864,0.6654929577464789,0.3119266055045872,0.8380281690140845,0.3106159895150721,0.8345070422535211,0.2595019659239843,0.6971830985915493,0.19397116644823068,0.5211267605633803,0.2961992136304063,0.795774647887324,0.23197903014416776,0.6232394366197183,0.3302752293577982,0.8873239436619719,0.19921363040629095,0.5352112676056338,0.20052424639580602,0.5387323943661971,0.14678899082568808,0.39436619718309857,0.15203145478374835,0.4084507042253521,0.2306684141546527,0.6197183098591549,0.3237221494102228,0.8697183098591549,0.16251638269986893,0.43661971830985913,0.2621231979030144,0.704225352112676,0.20052424639580602,0.5387323943661971,0.20052424639580602,0.5387323943661971,0.2686762778505898,0.721830985915493,0.30668414154652685,0.823943661971831,0.3119266055045872,0.8380281690140845,0.3119266055045872,0.8380281690140845,0.3040629095674967,0.8169014084507042,0.29882044560943644,0.8028169014084507,0.29226736566186107,0.7852112676056338,0.30799475753604194,0.8274647887323944,0.3053735255570118,0.8204225352112676,0.30668414154652685,0.823943661971831,0.23197903014416776,0.6232394366197183,0.3119266055045872,0.8380281690140845,0.30930537352555704,0.8309859154929577,0.3237221494102228,0.8697183098591549,0.2018348623853211,0.5422535211267606,0.22018348623853212,0.5915492957746479,0.16644823066841416,0.4471830985915493,0.17562254259501967,0.47183098591549294,0.22804718217562253,0.6126760563380281,0.31585845347313235,0.8485915492957746,0.17169069462647443,0.4612676056338028,0.25557011795543905,0.6866197183098591,0.24770642201834864,0.6654929577464789,0.21231979030144169,0.5704225352112676,0.20314547837483618,0.545774647887324,0.3197903014416776,0.8591549295774648,0.28833551769331583,0.7746478873239436,0.28833551769331583,0.7746478873239436,0.29357798165137616,0.7887323943661971,0.30013106159895153,0.8063380281690141,0.24639580602883354,0.6619718309859155,0.3106159895150721,0.8345070422535211,0.30799475753604194,0.8274647887323944,0.2581913499344692,0.6936619718309859,0.24639580602883354,0.6619718309859155,0.290956749672346,0.7816901408450704,0.23853211009174313,0.6408450704225352,0.3237221494102228,0.8697183098591549,0.2817824377457405,0.7570422535211268,0.290956749672346,0.7816901408450704,0.29750982961992134,0.7992957746478874,0.2961992136304063,0.795774647887324,0.2398427260812582,0.6443661971830986,0.28964613368283093,0.778169014084507,0.3119266055045872,0.8380281690140845,0.29882044560943644,0.8028169014084507,0.23853211009174313,0.6408450704225352,0.30799475753604194,0.8274647887323944,0.28833551769331583,0.7746478873239436,0.29750982961992134,0.7992957746478874,0.2765399737876802,0.7429577464788732,0.29357798165137616,0.7887323943661971,0.3119266055045872,0.8380281690140845,0.3145478374836173,0.8450704225352113,0.2673656618610747,0.7183098591549296,0.3237221494102228,0.8697183098591549,0.3197903014416776,0.8591549295774648,0.3040629095674967,0.8169014084507042,0.23853211009174313,0.6408450704225352,0.3132372214941022,0.8415492957746479,0.29226736566186107,0.7852112676056338,0.31847968545216254,0.8556338028169014
61,0.24516129032258063,0.6690140845070423,0.24258064516129033,0.6619718309859155,0.16,0.43661971830985913,0.1703225806451613,0.4647887323943662,0.2361290322580645,0.6443661971830986,0.3161290322580645,0.8626760563380281,0.15483870967741936,0.4225352112676056,0.25548387096774194,0.6971830985915493,0.1896774193548387,0.5176056338028169,0.2567741935483871,0.7007042253521126,0.21419354838709678,0.5845070422535211,0.3135483870967742,0.8556338028169014,0.29419354838709677,0.8028169014084507,0.29419354838709677,0.8028169014084507,0.29935483870967744,0.8169014084507042,0.29935483870967744,0.8169014084507042,0.24774193548387097,0.676056338028169,0.30709677419354836,0.8380281690140845,0.3096774193548387,0.8450704225352113,0.25806451612903225,0.704225352112676,0.19096774193548388,0.5211267605633803,0.2954838709677419,0.8063380281690141,0.23483870967741935,0.6408450704225352,0.32645161290322583,0.8908450704225352,0.20258064516129032,0.5528169014084507,0.20387096774193547,0.5563380281690141,0.14580645161290323,0.397887323943662,0.15096774193548387,0.4119718309859155,0.2296774193548387,0.6267605633802817,0.32387096774193547,0.8838028169014085,0.1638709677419355,0.4471830985915493,0.2670967741935484,0.7288732394366197,0.20258064516129032,0.5528169014084507,0.20387096774193547,0.5563380281690141,0.2735483870967742,0.7464788732394366,0.30838709677419357,0.8415492957746479,0.30838709677419357,0.8415492957746479,0.30838709677419357,0.8415492957746479,0.30193548387096775,0.823943661971831,0.29935483870967744,0.8169014084507042,0.28903225806451616,0.7887323943661971,0.3058064516129032,0.8345070422535211,0.3006451612903226,0.8204225352112676,0.3032258064516129,0.8274647887323944,0.2335483870967742,0.6373239436619719,0.30838709677419357,0.8415492957746479,0.30709677419354836,0.8380281690140845,0.32129032258064516,0.8767605633802817,0.2064516129032258,0.5633802816901409,0.22193548387096773,0.6056338028169014,0.1638709677419355,0.4471830985915493,0.17290322580645162,0.47183098591549294,0.22838709677419355,0.6232394366197183,0.3135483870967742,0.8556338028169014,0.1703225806451613,0.4647887323943662,0.25161290322580643,0.6866197183098591,0.24387096774193548,0.6654929577464789,0.21806451612903227,0.5950704225352113,0.20387096774193547,0.5563380281690141,0.3161290322580645,0.8626760563380281,0.28774193548387095,0.7852112676056338,0.28774193548387095,0.7852112676056338,0.29161290322580646,0.795774647887324,0.29806451612903223,0.8133802816901409,0.24645161290322581,0.6725352112676056,0.30709677419354836,0.8380281690140845,0.30709677419354836,0.8380281690140845,0.2567741935483871,0.7007042253521126,0.24387096774193548,0.6654929577464789,0.28774193548387095,0.7852112676056338,0.2361290322580645,0.6443661971830986,0.32387096774193547,0.8838028169014085,0.2838709677419355,0.7746478873239436,0.2903225806451613,0.7922535211267606,0.2954838709677419,0.8063380281690141,0.2954838709677419,0.8063380281690141,0.23741935483870968,0.647887323943662,0.2903225806451613,0.7922535211267606,0.3096774193548387,0.8450704225352113,0.3006451612903226,0.8204225352112676,0.24129032258064517,0.6584507042253521,0.3058064516129032,0.8345070422535211,0.28774193548387095,0.7852112676056338,0.29419354838709677,0.8028169014084507,0.2735483870967742,0.7464788732394366,0.29419354838709677,0.8028169014084507,0.3109677419354839,0.8485915492957746,0.3135483870967742,0.8556338028169014,0.2658064516129032,0.7253521126760564,0.32129032258064516,0.8767605633802817,0.3161290322580645,0.8626760563380281,0.3058064516129032,0.8345070422535211,0.24,0.6549295774647887,0.3135483870967742,0.8556338028169014,0.2903225806451613,0.7922535211267606,0.3174193548387097,0.8661971830985915
62,0.24111675126903553,0.6690140845070423,0.2436548223350254,0.676056338028169,0.15736040609137056,0.43661971830985913,0.16751269035532995,0.4647887323943662,0.23477157360406092,0.6514084507042254,0.3134517766497462,0.8697183098591549,0.16116751269035534,0.4471830985915493,0.2652284263959391,0.7359154929577465,0.1967005076142132,0.545774647887324,0.25380710659898476,0.704225352112676,0.2131979695431472,0.5915492957746479,0.3083756345177665,0.8556338028169014,0.29441624365482233,0.8169014084507042,0.29441624365482233,0.8169014084507042,0.2956852791878173,0.8204225352112676,0.2982233502538071,0.8274647887323944,0.24619289340101522,0.6830985915492958,0.30456852791878175,0.8450704225352113,0.30583756345177665,0.8485915492957746,0.26649746192893403,0.7394366197183099,0.19923857868020303,0.5528169014084507,0.2918781725888325,0.8098591549295775,0.23223350253807107,0.6443661971830986,0.3223350253807107,0.8943661971830986,0.21065989847715735,0.5845070422535211,0.21192893401015228,0.5880281690140845,0.1446700507614213,0.4014084507042254,0.14974619289340102,0.4154929577464789,0.22715736040609136,0.6302816901408451,0.3248730964467005,0.9014084507042254,0.1649746192893401,0.45774647887323944,0.2715736040609137,0.7535211267605634,0.21446700507614214,0.5950704225352113,0.21192893401015228,0.5880281690140845,0.27284263959390864,0.7570422535211268,0.315989847715736,0.8767605633802817,0.3083756345177665,0.8556338028169014,0.3083756345177665,0.8556338028169014,0.3020304568527919,0.8380281690140845,0.2969543147208122,0.823943661971831,0.2868020304568528,0.795774647887324,0.30456852791878175,0.8450704225352113,0.29949238578680204,0.8309859154929577,0.29949238578680204,0.8309859154929577,0.23477157360406092,0.6514084507042254,0.3083756345177665,0.8556338028169014,0.3032994923857868,0.8415492957746479,0.31725888324873097,0.8802816901408451,0.20812182741116753,0.5774647887323944,0.22208121827411167,0.6161971830985915,0.16243654822335024,0.4507042253521127,0.17258883248730963,0.4788732394366197,0.233502538071066,0.647887323943662,0.31091370558375636,0.8626760563380281,0.17258883248730963,0.4788732394366197,0.2563451776649746,0.7112676056338029,0.24492385786802032,0.6795774647887324,0.2233502538071066,0.6197183098591549,0.2068527918781726,0.573943661971831,0.3147208121827411,0.8732394366197183,0.2868020304568528,0.795774647887324,0.2868020304568528,0.795774647887324,0.2880710659898477,0.7992957746478874,0.29441624365482233,0.8169014084507042,0.24492385786802032,0.6795774647887324,0.30710659898477155,0.852112676056338,0.30456852791878175,0.8450704225352113,0.25761421319796957,0.7147887323943662,0.24492385786802032,0.6795774647887324,0.2880710659898477,0.7992957746478874,0.233502538071066,0.647887323943662,0.3197969543147208,0.8873239436619719,0.282994923857868,0.7852112676056338,0.2918781725888325,0.8098591549295775,0.2956852791878173,0.8204225352112676,0.29441624365482233,0.8169014084507042,0.23477157360406092,0.6514084507042254,0.2893401015228426,0.8028169014084507,0.30583756345177665,0.8485915492957746,0.29949238578680204,0.8309859154929577,0.2398477157360406,0.6654929577464789,0.30456852791878175,0.8450704225352113,0.28553299492385786,0.7922535211267606,0.2956852791878173,0.8204225352112676,0.2779187817258883,0.7711267605633803,0.29441624365482233,0.8169014084507042,0.3096446700507614,0.8591549295774648,0.31091370558375636,0.8626760563380281,0.2626903553299492,0.7288732394366197,0.3210659898477157,0.8908450704225352,0.3134517766497462,0.8697183098591549,0.3020304568527919,0.8380281690140845,0.2398477157360406,0.6654929577464789,0.3083756345177665,0.8556338028169014,0.2868020304568528,0.795774647887324,0.3147208121827411,0.8732394366197183
63,0.24469413233458176,0.6901408450704225,0.2459425717852684,0.6936619718309859,0.15480649188514356,0.43661971830985913,0.16604244694132334,0.46830985915492956,0.23720349563046192,0.6690140845070423,0.31086142322097376,0.8767605633802817,0.1647940074906367,0.4647887323943662,0.2634207240948814,0.7429577464788732,0.1972534332084894,0.5563380281690141,0.25218476903870163,0.7112676056338029,0.21223470661672908,0.5985915492957746,0.3096129837702871,0.8732394366197183,0.28963795255930086,0.8169014084507042,0.28963795255930086,0.8169014084507042,0.29463171036204744,0.8309859154929577,0.2983770287141074,0.8415492957746479,0.24469413233458176,0.6901408450704225,0.3046192259675406,0.8591549295774648,0.30337078651685395,0.8556338028169014,0.264669163545568,0.7464788732394366,0.19850187265917604,0.5598591549295775,0.28963795255930086,0.8169014084507042,0.23220973782771537,0.6549295774647887,0.32209737827715357,0.9084507042253521,0.2184769038701623,0.6161971830985915,0.21972534332084895,0.6197183098591549,0.14606741573033707,0.4119718309859155,0.16104868913857678,0.45422535211267606,0.22596754057428214,0.6373239436619719,0.3196004993757803,0.9014084507042254,0.16229712858926343,0.45774647887323944,0.27091136079900124,0.7640845070422535,0.21223470661672908,0.5985915492957746,0.21972534332084895,0.6197183098591549,0.27091136079900124,0.7640845070422535,0.3196004993757803,0.9014084507042254,0.30586766541822724,0.8626760563380281,0.30586766541822724,0.8626760563380281,0.2983770287141074,0.8415492957746479,0.2933832709113608,0.8274647887323944,0.2833957553058677,0.7992957746478874,0.30586766541822724,0.8626760563380281,0.2983770287141074,0.8415492957746479,0.2958801498127341,0.8345070422535211,0.23345817727840198,0.6584507042253521,0.30586766541822724,0.8626760563380281,0.2983770287141074,0.8415492957746479,0.3121098626716604,0.8802816901408451,0.20848938826466917,0.5880281690140845,0.22596754057428214,0.6373239436619719,0.16354556803995007,0.4612676056338028,0.16978776529338327,0.4788732394366197,0.23345817727840198,0.6584507042253521,0.3083645443196005,0.8697183098591549,0.17228464419475656,0.4859154929577465,0.2596754057428215,0.7323943661971831,0.24094881398252185,0.6795774647887324,0.2247191011235955,0.6338028169014085,0.20848938826466917,0.5880281690140845,0.31086142322097376,0.8767605633802817,0.2858926342072409,0.8063380281690141,0.2858926342072409,0.8063380281690141,0.2908863920099875,0.8204225352112676,0.2908863920099875,0.8204225352112676,0.24469413233458176,0.6901408450704225,0.30337078651685395,0.8556338028169014,0.3021223470661673,0.852112676056338,0.25842696629213485,0.7288732394366197,0.24719101123595505,0.6971830985915493,0.2846441947565543,0.8028169014084507,0.23595505617977527,0.6654929577464789,0.31835205992509363,0.897887323943662,0.2808988764044944,0.7922535211267606,0.29463171036204744,0.8309859154929577,0.2908863920099875,0.8204225352112676,0.29213483146067415,0.823943661971831,0.23345817727840198,0.6584507042253521,0.2858926342072409,0.8063380281690141,0.3021223470661673,0.852112676056338,0.2958801498127341,0.8345070422535211,0.24094881398252185,0.6795774647887324,0.3021223470661673,0.852112676056338,0.2858926342072409,0.8063380281690141,0.29463171036204744,0.8309859154929577,0.27715355805243447,0.7816901408450704,0.29213483146067415,0.823943661971831,0.30711610486891383,0.8661971830985915,0.30711610486891383,0.8661971830985915,0.2596754057428215,0.7323943661971831,0.31835205992509363,0.897887323943662,0.3121098626716604,0.8802816901408451,0.29712858926342073,0.8380281690140845,0.24094881398252185,0.6795774647887324,0.30711610486891383,0.8661971830985915,0.28963795255930086,0.8169014084507042,0.31335830212234705,0.8838028169014085
64,0.25061425061425063,0.7183098591549296,0.25307125307125306,0.7253521126760564,0.1547911547911548,0.44366197183098594,0.16461916461916462,0.47183098591549294,0.23587223587223588,0.676056338028169,0.3095823095823096,0.8873239436619719,0.16216216216216217,0.4647887323943662,0.269041769041769,0.7711267605633803,0.20024570024570024,0.573943661971831,0.2592137592137592,0.7429577464788732,0.2113022113022113,0.6056338028169014,0.3058968058968059,0.8767605633802817,0.28624078624078625,0.8204225352112676,0.28624078624078625,0.8204225352112676,0.2936117936117936,0.8415492957746479,0.29606879606879605,0.8485915492957746,0.24324324324324326,0.6971830985915493,0.3058968058968059,0.8767605633802817,0.29975429975429974,0.8591549295774648,0.2714987714987715,0.778169014084507,0.20024570024570024,0.573943661971831,0.28624078624078625,0.8204225352112676,0.2334152334152334,0.6690140845070423,0.3181818181818182,0.9119718309859155,0.22113022113022113,0.6338028169014085,0.22358722358722358,0.6408450704225352,0.1547911547911548,0.44366197183098594,0.16093366093366093,0.4612676056338028,0.22481572481572482,0.6443661971830986,0.3144963144963145,0.9014084507042254,0.1597051597051597,0.45774647887323944,0.273955773955774,0.7852112676056338,0.214987714987715,0.6161971830985915,0.22358722358722358,0.6408450704225352,0.2678132678132678,0.7676056338028169,0.32063882063882065,0.9190140845070423,0.300982800982801,0.8626760563380281,0.300982800982801,0.8626760563380281,0.29606879606879605,0.8485915492957746,0.29484029484029484,0.8450704225352113,0.2800982800982801,0.8028169014084507,0.3058968058968059,0.8767605633802817,0.2972972972972973,0.852112676056338,0.29115479115479115,0.8345070422535211,0.22972972972972974,0.6584507042253521,0.300982800982801,0.8626760563380281,0.29606879606879605,0.8485915492957746,0.31203931203931207,0.8943661971830986,0.2113022113022113,0.6056338028169014,0.22481572481572482,0.6443661971830986,0.16093366093366093,0.4612676056338028,0.16707616707616707,0.4788732394366197,0.23464373464373464,0.6725352112676056,0.3046683046683047,0.8732394366197183,0.16953316953316952,0.4859154929577465,0.2628992628992629,0.7535211267605634,0.2371007371007371,0.6795774647887324,0.22358722358722358,0.6408450704225352,0.2113022113022113,0.6056338028169014,0.3083538083538084,0.8838028169014085,0.28255528255528256,0.8098591549295775,0.28255528255528256,0.8098591549295775,0.28869778869778867,0.8274647887323944,0.29115479115479115,0.8345070422535211,0.24201474201474202,0.6936619718309859,0.3046683046683047,0.8732394366197183,0.2972972972972973,0.852112676056338,0.2665847665847666,0.7640845070422535,0.24324324324324326,0.6971830985915493,0.28255528255528256,0.8098591549295775,0.23587223587223588,0.676056338028169,0.3132678132678133,0.897887323943662,0.28255528255528256,0.8098591549295775,0.2936117936117936,0.8415492957746479,0.28992628992628994,0.8309859154929577,0.2936117936117936,0.8415492957746479,0.23464373464373464,0.6725352112676056,0.28624078624078625,0.8204225352112676,0.2972972972972973,0.852112676056338,0.29115479115479115,0.8345070422535211,0.23955773955773957,0.6866197183098591,0.2985257985257985,0.8556338028169014,0.28746928746928746,0.823943661971831,0.29238329238329236,0.8380281690140845,0.2764127764127764,0.7922535211267606,0.29238329238329236,0.8380281690140845,0.3034398034398034,0.8697183098591549,0.3034398034398034,0.8697183098591549,0.2616707616707617,0.75,0.3132678132678133,0.897887323943662,0.3083538083538084,0.8838028169014085,0.2936117936117936,0.8415492957746479,0.24078624078624078,0.6901408450704225,0.3046683046683047,0.8732394366197183,0.29115479115479115,0.8345070422535211,0.3132678132678133,0.897887323943662
65,0.2542372881355932,0.7394366197183099,0.25907990314769974,0.7535211267605634,0.15375302663438256,0.4471830985915493,0.162227602905569,0.47183098591549294,0.23728813559322035,0.6901408450704225,0.3062953995157385,0.8908450704225352,0.16707021791767554,0.4859154929577465,0.274818401937046,0.7992957746478874,0.1973365617433414,0.573943661971831,0.2602905569007264,0.7570422535211268,0.2106537530266344,0.6126760563380281,0.30387409200968524,0.8838028169014085,0.2857142857142857,0.8309859154929577,0.2857142857142857,0.8309859154929577,0.2917675544794189,0.8485915492957746,0.2929782082324455,0.852112676056338,0.24092009685230023,0.7007042253521126,0.3026634382566586,0.8802816901408451,0.2966101694915254,0.8626760563380281,0.27602905569007263,0.8028169014084507,0.19854721549636803,0.5774647887323944,0.28329297820823246,0.823943661971831,0.2324455205811138,0.676056338028169,0.31840193704600483,0.926056338028169,0.22518159806295399,0.6549295774647887,0.22639225181598063,0.6584507042253521,0.15617433414043583,0.45422535211267606,0.16101694915254236,0.46830985915492956,0.22397094430992737,0.6514084507042254,0.31113801452784506,0.9049295774647887,0.16101694915254236,0.46830985915492956,0.2711864406779661,0.7887323943661971,0.21912832929782083,0.6373239436619719,0.22639225181598063,0.6584507042253521,0.26634382566585957,0.7746478873239436,0.31840193704600483,0.926056338028169,0.2990314769975787,0.8697183098591549,0.2990314769975787,0.8697183098591549,0.2966101694915254,0.8626760563380281,0.2929782082324455,0.852112676056338,0.2796610169491525,0.8133802816901409,0.3026634382566586,0.8802816901408451,0.29539951573849876,0.8591549295774648,0.28692493946731235,0.8345070422535211,0.2324455205811138,0.676056338028169,0.2990314769975787,0.8697183098591549,0.2966101694915254,0.8626760563380281,0.31113801452784506,0.9049295774647887,0.21549636803874092,0.6267605633802817,0.22397094430992737,0.6514084507042254,0.16101694915254236,0.46830985915492956,0.16464891041162227,0.4788732394366197,0.23849878934624696,0.6936619718309859,0.30145278450363194,0.8767605633802817,0.16707021791767554,0.4859154929577465,0.26634382566585957,0.7746478873239436,0.2360774818401937,0.6866197183098591,0.22397094430992737,0.6514084507042254,0.2106537530266344,0.6126760563380281,0.3050847457627119,0.8873239436619719,0.2820823244552058,0.8204225352112676,0.2820823244552058,0.8204225352112676,0.2857142857142857,0.8309859154929577,0.29055690072639223,0.8450704225352113,0.24092009685230023,0.7007042253521126,0.3050847457627119,0.8873239436619719,0.2990314769975787,0.8697183098591549,0.26634382566585957,0.7746478873239436,0.2397094430992736,0.6971830985915493,0.2820823244552058,0.8204225352112676,0.23849878934624696,0.6936619718309859,0.31234866828087166,0.9084507042253521,0.28087167070217917,0.8169014084507042,0.29055690072639223,0.8450704225352113,0.2917675544794189,0.8485915492957746,0.2929782082324455,0.852112676056338,0.23728813559322035,0.6901408450704225,0.2845036319612591,0.8274647887323944,0.29418886198547217,0.8556338028169014,0.28934624697336564,0.8415492957746479,0.24092009685230023,0.7007042253521126,0.2990314769975787,0.8697183098591549,0.28692493946731235,0.8345070422535211,0.28934624697336564,0.8415492957746479,0.2796610169491525,0.8133802816901409,0.2929782082324455,0.852112676056338,0.3026634382566586,0.8802816901408451,0.30145278450363194,0.8767605633802817,0.26150121065375304,0.7605633802816901,0.31113801452784506,0.9049295774647887,0.3062953995157385,0.8908450704225352,0.29418886198547217,0.8556338028169014,0.23849878934624696,0.6936619718309859,0.3026634382566586,0.8802816901408451,0.28934624697336564,0.8415492957746479,0.3099273607748184,0.9014084507042254
66,0.2526817640047676,0.7464788732394366,0.26102502979737785,0.7711267605633803,0.1537544696066746,0.45422535211267606,0.16567342073897498,0.4894366197183099,0.23480333730631706,0.6936619718309859,0.3039332538736591,0.897887323943662,0.17044100119189512,0.5035211267605634,0.27175208581644816,0.8028169014084507,0.19547079856972585,0.5774647887323944,0.25744934445768775,0.7605633802816901,0.21096543504171633,0.6232394366197183,0.30154946364719903,0.8908450704225352,0.2836710369487485,0.8380281690140845,0.2836710369487485,0.8380281690140845,0.2872467222884386,0.8485915492957746,0.28843861740166865,0.852112676056338,0.2395709177592372,0.7077464788732394,0.3039332538736591,0.897887323943662,0.29797377830750893,0.8802816901408451,0.2729439809296782,0.8063380281690141,0.19547079856972585,0.5774647887323944,0.2836710369487485,0.8380281690140845,0.23122765196662692,0.6830985915492958,0.3134684147794994,0.926056338028169,0.2300357568533969,0.6795774647887324,0.232419547079857,0.6866197183098591,0.1537544696066746,0.45422535211267606,0.16448152562574495,0.4859154929577465,0.22288438617401668,0.6584507042253521,0.30870083432657924,0.9119718309859155,0.15852205005959474,0.46830985915492956,0.26817640047675806,0.7922535211267606,0.22169249106078665,0.6549295774647887,0.232419547079857,0.6866197183098591,0.26460071513706795,0.7816901408450704,0.3146603098927294,0.9295774647887324,0.2967818831942789,0.8767605633802817,0.2967818831942789,0.8767605633802817,0.2932061978545888,0.8661971830985915,0.2908224076281287,0.8591549295774648,0.27771156138259834,0.8204225352112676,0.300357568533969,0.8873239436619719,0.29558998808104886,0.8732394366197183,0.2836710369487485,0.8380281690140845,0.232419547079857,0.6866197183098591,0.2967818831942789,0.8767605633802817,0.2932061978545888,0.8661971830985915,0.3098927294398093,0.9154929577464789,0.2169249106078665,0.6408450704225352,0.22884386174016685,0.676056338028169,0.15852205005959474,0.46830985915492956,0.16448152562574495,0.4859154929577465,0.2359952324195471,0.6971830985915493,0.29797377830750893,0.8802816901408451,0.17401668653158522,0.5140845070422535,0.265792610250298,0.7852112676056338,0.23361144219308702,0.6901408450704225,0.23480333730631706,0.6936619718309859,0.20858164481525626,0.6161971830985915,0.300357568533969,0.8873239436619719,0.2800953516090584,0.8274647887323944,0.2800953516090584,0.8274647887323944,0.2824791418355185,0.8345070422535211,0.2860548271752086,0.8450704225352113,0.2431466030989273,0.7183098591549296,0.30154946364719903,0.8908450704225352,0.29797377830750893,0.8802816901408451,0.2693682955899881,0.795774647887324,0.2395709177592372,0.7077464788732394,0.2800953516090584,0.8274647887323944,0.24076281287246723,0.7112676056338029,0.3098927294398093,0.9154929577464789,0.2800953516090584,0.8274647887323944,0.2908224076281287,0.8591549295774648,0.2908224076281287,0.8591549295774648,0.2932061978545888,0.8661971830985915,0.23480333730631706,0.6936619718309859,0.2860548271752086,0.8450704225352113,0.29201430274135876,0.8626760563380281,0.28843861740166865,0.852112676056338,0.2395709177592372,0.7077464788732394,0.2967818831942789,0.8767605633802817,0.2860548271752086,0.8450704225352113,0.28843861740166865,0.852112676056338,0.2800953516090584,0.8274647887323944,0.2908224076281287,0.8591549295774648,0.29797377830750893,0.8802816901408451,0.29797377830750893,0.8802816901408451,0.2622169249106079,0.7746478873239436,0.3098927294398093,0.9154929577464789,0.30274135876042907,0.8943661971830986,0.2908224076281287,0.8591549295774648,0.24195470798569726,0.7147887323943662,0.300357568533969,0.8873239436619719,0.2896305125148987,0.8556338028169014,0.30870083432657924,0.9119718309859155
67,0.24882629107981222,0.7464788732394366,0.2640845070422535,0.7922535211267606,0.1596244131455399,0.4788732394366197,0.17253521126760563,0.5176056338028169,0.23591549295774647,0.7077464788732394,0.30164319248826293,0.9049295774647887,0.1784037558685446,0.5352112676056338,0.2699530516431925,0.8098591549295775,0.19483568075117372,0.5845070422535211,0.25821596244131456,0.7746478873239436,0.21009389671361503,0.6302816901408451,0.3028169014084507,0.9084507042253521,0.28169014084507044,0.8450704225352113,0.28169014084507044,0.8450704225352113,0.284037558685446,0.852112676056338,0.2863849765258216,0.8591549295774648,0.23943661971830985,0.7183098591549296,0.3028169014084507,0.9084507042253521,0.2981220657276995,0.8943661971830986,0.2711267605633803,0.8133802816901409,0.19483568075117372,0.5845070422535211,0.28169014084507044,0.8450704225352113,0.2300469483568075,0.6901408450704225,0.30985915492957744,0.9295774647887324,0.2347417840375587,0.704225352112676,0.2347417840375587,0.704225352112676,0.1619718309859155,0.4859154929577465,0.17370892018779344,0.5211267605633803,0.22300469483568075,0.6690140845070423,0.3039906103286385,0.9119718309859155,0.16314553990610328,0.4894366197183099,0.2687793427230047,0.8063380281690141,0.22417840375586853,0.6725352112676056,0.2347417840375587,0.704225352112676,0.2605633802816901,0.7816901408450704,0.30985915492957744,0.9295774647887324,0.2981220657276995,0.8943661971830986,0.2981220657276995,0.8943661971830986,0.29225352112676056,0.8767605633802817,0.2887323943661972,0.8661971830985915,0.27582159624413144,0.8274647887323944,0.3004694835680751,0.9014084507042254,0.29694835680751175,0.8908450704225352,0.284037558685446,0.852112676056338,0.2312206572769953,0.6936619718309859,0.2981220657276995,0.8943661971830986,0.29107981220657275,0.8732394366197183,0.30633802816901406,0.9190140845070423,0.21830985915492956,0.6549295774647887,0.23591549295774647,0.7077464788732394,0.16314553990610328,0.4894366197183099,0.17018779342723006,0.5105633802816901,0.23591549295774647,0.7077464788732394,0.29577464788732394,0.8873239436619719,0.1795774647887324,0.5387323943661971,0.2687793427230047,0.8063380281690141,0.2312206572769953,0.6936619718309859,0.23826291079812206,0.7147887323943662,0.21009389671361503,0.6302816901408451,0.30164319248826293,0.9049295774647887,0.27582159624413144,0.8274647887323944,0.27582159624413144,0.8274647887323944,0.2805164319248826,0.8415492957746479,0.2828638497652582,0.8485915492957746,0.24178403755868544,0.7253521126760564,0.3004694835680751,0.9014084507042254,0.29577464788732394,0.8873239436619719,0.2734741784037559,0.8204225352112676,0.23708920187793428,0.7112676056338029,0.27582159624413144,0.8274647887323944,0.23943661971830985,0.7183098591549296,0.3075117370892019,0.9225352112676056,0.2793427230046948,0.8380281690140845,0.29107981220657275,0.8732394366197183,0.2887323943661972,0.8661971830985915,0.29107981220657275,0.8732394366197183,0.2323943661971831,0.6971830985915493,0.2863849765258216,0.8591549295774648,0.29107981220657275,0.8732394366197183,0.2875586854460094,0.8626760563380281,0.24178403755868544,0.7253521126760564,0.2934272300469484,0.8802816901408451,0.2828638497652582,0.8485915492957746,0.2875586854460094,0.8626760563380281,0.2793427230046948,0.8380281690140845,0.29107981220657275,0.8732394366197183,0.29577464788732394,0.8873239436619719,0.29577464788732394,0.8873239436619719,0.26173708920187794,0.7852112676056338,0.31103286384976525,0.9330985915492958,0.3004694835680751,0.9014084507042254,0.2887323943661972,0.8661971830985915,0.24295774647887325,0.7288732394366197,0.2981220657276995,0.8943661971830986,0.289906103286385,0.8697183098591549,0.30633802816901406,0.9190140845070423
68,0.2488425925925926,0.7570422535211268,0.26157407407407407,0.795774647887324,0.16319444444444445,0.4964788732394366,0.1724537037037037,0.5246478873239436,0.2349537037037037,0.7147887323943662,0.3020833333333333,0.9190140845070423,0.17592592592592593,0.5352112676056338,0.27314814814814814,0.8309859154929577,0.19212962962962962,0.5845070422535211,0.25810185185185186,0.7852112676056338,0.20833333333333334,0.6338028169014085,0.30092592592592593,0.9154929577464789,0.2800925925925926,0.852112676056338,0.2800925925925926,0.852112676056338,0.2835648148148148,0.8626760563380281,0.2847222222222222,0.8661971830985915,0.23842592592592593,0.7253521126760564,0.30092592592592593,0.9154929577464789,0.2951388888888889,0.897887323943662,0.27314814814814814,0.8309859154929577,0.19212962962962962,0.5845070422535211,0.2800925925925926,0.852112676056338,0.23148148148148148,0.704225352112676,0.3055555555555556,0.9295774647887324,0.24189814814814814,0.7359154929577465,0.24305555555555555,0.7394366197183099,0.16550925925925927,0.5035211267605634,0.1712962962962963,0.5211267605633803,0.22800925925925927,0.6936619718309859,0.30439814814814814,0.926056338028169,0.1724537037037037,0.5246478873239436,0.2789351851851852,0.8485915492957746,0.23032407407407407,0.7007042253521126,0.24305555555555555,0.7394366197183099,0.2569444444444444,0.7816901408450704,0.3055555555555556,0.9295774647887324,0.29398148148148145,0.8943661971830986,0.29398148148148145,0.8943661971830986,0.2881944444444444,0.8767605633802817,0.28587962962962965,0.8697183098591549,0.27199074074074076,0.8274647887323944,0.2986111111111111,0.9084507042253521,0.2951388888888889,0.897887323943662,0.28125,0.8556338028169014,0.23032407407407407,0.7007042253521126,0.29398148148148145,0.8943661971830986,0.28935185185185186,0.8802816901408451,0.30324074074074076,0.9225352112676056,0.2222222222222222,0.676056338028169,0.2349537037037037,0.7147887323943662,0.1701388888888889,0.5176056338028169,0.16898148148148148,0.5140845070422535,0.2337962962962963,0.7112676056338029,0.29398148148148145,0.8943661971830986,0.18055555555555555,0.5492957746478874,0.27199074074074076,0.8274647887323944,0.22800925925925927,0.6936619718309859,0.24189814814814814,0.7359154929577465,0.21064814814814814,0.6408450704225352,0.29976851851851855,0.9119718309859155,0.27314814814814814,0.8309859154929577,0.27314814814814814,0.8309859154929577,0.2800925925925926,0.852112676056338,0.2800925925925926,0.852112676056338,0.24305555555555555,0.7394366197183099,0.29976851851851855,0.9119718309859155,0.29282407407407407,0.8908450704225352,0.2708333333333333,0.823943661971831,0.2349537037037037,0.7147887323943662,0.27314814814814814,0.8309859154929577,0.24189814814814814,0.7359154929577465,0.30439814814814814,0.926056338028169,0.27662037037037035,0.8415492957746479,0.2881944444444444,0.8767605633802817,0.28935185185185186,0.8802816901408451,0.29050925925925924,0.8838028169014085,0.2349537037037037,0.7147887323943662,0.2835648148148148,0.8626760563380281,0.28703703703703703,0.8732394366197183,0.2835648148148148,0.8626760563380281,0.24074074074074073,0.7323943661971831,0.29398148148148145,0.8943661971830986,0.2824074074074074,0.8591549295774648,0.28703703703703703,0.8732394366197183,0.2835648148148148,0.8626760563380281,0.2916666666666667,0.8873239436619719,0.29282407407407407,0.8908450704225352,0.29282407407407407,0.8908450704225352,0.25925925925925924,0.7887323943661971,0.30671296296296297,0.9330985915492958,0.2962962962962963,0.9014084507042254,0.2847222222222222,0.8661971830985915,0.24305555555555555,0.7394366197183099,0.2974537037037037,0.9049295774647887,0.2881944444444444,0.8767605633802817,0.30324074074074076,0.9225352112676056
69,0.2519954389965792,0.778169014084507,0.25997719498289623,0.8028169014084507,0.1619156214367161,0.5,0.17445838084378562,0.5387323943661971,0.2348916761687571,0.7253521126760564,0.2998859749144812,0.926056338028169,0.17445838084378562,0.5387323943661971,0.2725199543899658,0.8415492957746479,0.19156214367160776,0.5915492957746479,0.2588369441277081,0.7992957746478874,0.20752565564424175,0.6408450704225352,0.2976054732041049,0.9190140845070423,0.2759407069555302,0.852112676056338,0.2759407069555302,0.852112676056338,0.28164196123147095,0.8697183098591549,0.28278221208665905,0.8732394366197183,0.2394526795895097,0.7394366197183099,0.29874572405929306,0.9225352112676056,0.2919042189281642,0.9014084507042254,0.2725199543899658,0.8415492957746479,0.19156214367160776,0.5915492957746479,0.2759407069555302,0.852112676056338,0.233751425313569,0.721830985915493,0.3010262257696693,0.9295774647887324,0.2394526795895097,0.7394366197183099,0.2394526795895097,0.7394366197183099,0.1630558722919042,0.5035211267605634,0.17103762827822122,0.528169014084507,0.23603192702394526,0.7288732394366197,0.2998859749144812,0.926056338028169,0.18015963511972635,0.5563380281690141,0.2748004561003421,0.8485915492957746,0.2314709236031927,0.7147887323943662,0.2394526795895097,0.7394366197183099,0.2531356898517674,0.7816901408450704,0.30444697833523376,0.9401408450704225,0.2896237172177879,0.8943661971830986,0.2896237172177879,0.8943661971830986,0.28506271379703535,0.8802816901408451,0.28506271379703535,0.8802816901408451,0.2690992018244014,0.8309859154929577,0.29874572405929306,0.9225352112676056,0.29304446978335236,0.9049295774647887,0.2782212086659065,0.8591549295774648,0.23033067274800456,0.7112676056338029,0.2896237172177879,0.8943661971830986,0.2862029646522235,0.8838028169014085,0.3010262257696693,0.9295774647887324,0.2291904218928164,0.7077464788732394,0.24401368301026224,0.7535211267605634,0.1676168757126568,0.5176056338028169,0.16875712656784492,0.5211267605633803,0.233751425313569,0.721830985915493,0.29304446978335236,0.9049295774647887,0.17787913340935005,0.5492957746478874,0.2702394526795895,0.8345070422535211,0.22462941847206386,0.6936619718309859,0.24401368301026224,0.7535211267605634,0.2120866590649943,0.6549295774647887,0.29646522234891676,0.9154929577464789,0.27366020524515394,0.8450704225352113,0.27366020524515394,0.8450704225352113,0.2782212086659065,0.8591549295774648,0.2782212086659065,0.8591549295774648,0.24401368301026224,0.7535211267605634,0.2998859749144812,0.926056338028169,0.2919042189281642,0.9014084507042254,0.2702394526795895,0.8345070422535211,0.23261117445838084,0.7183098591549296,0.2725199543899658,0.8415492957746479,0.24059293044469784,0.7429577464788732,0.3010262257696693,0.9295774647887324,0.2782212086659065,0.8591549295774648,0.2862029646522235,0.8838028169014085,0.29076396807297605,0.897887323943662,0.2919042189281642,0.9014084507042254,0.23603192702394526,0.7288732394366197,0.28278221208665905,0.8732394366197183,0.28848346636259975,0.8908450704225352,0.2805017103762828,0.8661971830985915,0.24287343215507412,0.75,0.29076396807297605,0.897887323943662,0.28506271379703535,0.8802816901408451,0.2839224629418472,0.8767605633802817,0.28278221208665905,0.8732394366197183,0.2919042189281642,0.9014084507042254,0.29076396807297605,0.897887323943662,0.2919042189281642,0.9014084507042254,0.2576966932725199,0.795774647887324,0.30444697833523376,0.9401408450704225,0.29304446978335236,0.9049295774647887,0.28164196123147095,0.8697183098591549,0.24287343215507412,0.75,0.2953249714937286,0.9119718309859155,0.28734321550741165,0.8873239436619719,0.30216647662485746,0.9330985915492958
70,0.2550561797752809,0.7992957746478874,0.2606741573033708,0.8169014084507042,0.16741573033707866,0.5246478873239436,0.1752808988764045,0.5492957746478874,0.23370786516853934,0.7323943661971831,0.29775280898876405,0.9330985915492958,0.18202247191011237,0.5704225352112676,0.2696629213483146,0.8450704225352113,0.19662921348314608,0.6161971830985915,0.25617977528089886,0.8028169014084507,0.20786516853932585,0.6514084507042254,0.2943820224719101,0.9225352112676056,0.27415730337078653,0.8591549295774648,0.27415730337078653,0.8591549295774648,0.2808988764044944,0.8802816901408451,0.2797752808988764,0.8767605633802817,0.24157303370786518,0.7570422535211268,0.2955056179775281,0.926056338028169,0.28876404494382024,0.9049295774647887,0.27078651685393257,0.8485915492957746,0.19662921348314608,0.6161971830985915,0.2752808988764045,0.8626760563380281,0.2348314606741573,0.7359154929577465,0.2966292134831461,0.9295774647887324,0.23707865168539327,0.7429577464788732,0.23707865168539327,0.7429577464788732,0.16292134831460675,0.5105633802816901,0.1752808988764045,0.5492957746478874,0.23820224719101124,0.7464788732394366,0.2955056179775281,0.926056338028169,0.1797752808988764,0.5633802816901409,0.27078651685393257,0.8485915492957746,0.22808988764044943,0.7147887323943662,0.23707865168539327,0.7429577464788732,0.24943820224719102,0.7816901408450704,0.302247191011236,0.9471830985915493,0.28651685393258425,0.897887323943662,0.28651685393258425,0.897887323943662,0.2842696629213483,0.8908450704225352,0.28202247191011237,0.8838028169014085,0.26853932584269663,0.8415492957746479,0.2966292134831461,0.9295774647887324,0.29213483146067415,0.9154929577464789,0.27415730337078653,0.8591549295774648,0.2292134831460674,0.7183098591549296,0.28651685393258425,0.897887323943662,0.2842696629213483,0.8908450704225352,0.2966292134831461,0.9295774647887324,0.23370786516853934,0.7323943661971831,0.2449438202247191,0.7676056338028169,0.1651685393258427,0.5176056338028169,0.17752808988764046,0.5563380281690141,0.23595505617977527,0.7394366197183099,0.2910112359550562,0.9119718309859155,0.18202247191011237,0.5704225352112676,0.26853932584269663,0.8415492957746479,0.22134831460674156,0.6936619718309859,0.24157303370786518,0.7570422535211268,0.21123595505617979,0.6619718309859155,0.2943820224719101,0.9225352112676056,0.27078651685393257,0.8485915492957746,0.27078651685393257,0.8485915492957746,0.27640449438202247,0.8661971830985915,0.27640449438202247,0.8661971830985915,0.24269662921348314,0.7605633802816901,0.2966292134831461,0.9295774647887324,0.2910112359550562,0.9119718309859155,0.2696629213483146,0.8450704225352113,0.2292134831460674,0.7183098591549296,0.27078651685393257,0.8485915492957746,0.24157303370786518,0.7570422535211268,0.29775280898876405,0.9330985915492958,0.2786516853932584,0.8732394366197183,0.2853932584269663,0.8943661971830986,0.2898876404494382,0.9084507042253521,0.28876404494382024,0.9049295774647887,0.23707865168539327,0.7429577464788732,0.2808988764044944,0.8802816901408451,0.2842696629213483,0.8908450704225352,0.27752808988764044,0.8697183098591549,0.24382022471910111,0.7640845070422535,0.2898876404494382,0.9084507042253521,0.2842696629213483,0.8908450704225352,0.2808988764044944,0.8802816901408451,0.2797752808988764,0.8767605633802817,0.28876404494382024,0.9049295774647887,0.2910112359550562,0.9119718309859155,0.29213483146067415,0.9154929577464789,0.2550561797752809,0.7992957746478874,0.3,0.9401408450704225,0.2898876404494382,0.9084507042253521,0.2786516853932584,0.8732394366197183,0.24382022471910111,0.7640845070422535,0.2955056179775281,0.926056338028169,0.28651685393258425,0.897887323943662,0.3,0.9401408450704225
71,0.25249169435215946,0.8028169014084507,0.2591362126245847,0.823943661971831,0.16500553709856036,0.5246478873239436,0.18383167220376523,0.5845070422535211,0.23145071982281284,0.7359154929577465,0.29457364341085274,0.9366197183098591,0.1937984496124031,0.6161971830985915,0.26688815060908083,0.8485915492957746,0.20487264673311184,0.6514084507042254,0.2547065337763012,0.8098591549295775,0.20930232558139536,0.6654929577464789,0.292358803986711,0.9295774647887324,0.2779623477297896,0.8838028169014085,0.2779623477297896,0.8838028169014085,0.2779623477297896,0.8838028169014085,0.2768549280177187,0.8802816901408451,0.2425249169435216,0.7711267605633803,0.29346622369878184,0.9330985915492958,0.28460686600221485,0.9049295774647887,0.26688815060908083,0.8485915492957746,0.2026578073089701,0.6443661971830986,0.2779623477297896,0.8838028169014085,0.2336655592469546,0.7429577464788732,0.29346622369878184,0.9330985915492958,0.23588039867109634,0.75,0.23588039867109634,0.75,0.16943521594684385,0.5387323943661971,0.1805094130675526,0.573943661971831,0.23809523809523808,0.7570422535211268,0.292358803986711,0.9295774647887324,0.1805094130675526,0.573943661971831,0.26688815060908083,0.8485915492957746,0.2248062015503876,0.7147887323943662,0.23588039867109634,0.75,0.24584717607973422,0.7816901408450704,0.301218161683278,0.9577464788732394,0.28460686600221485,0.9049295774647887,0.28460686600221485,0.9049295774647887,0.2812846068660022,0.8943661971830986,0.28017718715393136,0.8908450704225352,0.26688815060908083,0.8485915492957746,0.29457364341085274,0.9366197183098591,0.2912513842746401,0.926056338028169,0.2713178294573643,0.8626760563380281,0.2336655592469546,0.7429577464788732,0.28460686600221485,0.9049295774647887,0.2812846068660022,0.8943661971830986,0.29346622369878184,0.9330985915492958,0.23588039867109634,0.75,0.24584717607973422,0.7816901408450704,0.17054263565891473,0.5422535211267606,0.1849390919158361,0.5880281690140845,0.23588039867109634,0.75,0.28903654485049834,0.9190140845070423,0.18715393133997785,0.5950704225352113,0.26799557032115173,0.852112676056338,0.2203765227021041,0.7007042253521126,0.24584717607973422,0.7816901408450704,0.21262458471760798,0.676056338028169,0.292358803986711,0.9295774647887324,0.2691029900332226,0.8556338028169014,0.2691029900332226,0.8556338028169014,0.27353266888150607,0.8697183098591549,0.27464008859357697,0.8732394366197183,0.24141749723145073,0.7676056338028169,0.2956810631229236,0.9401408450704225,0.28903654485049834,0.9190140845070423,0.2691029900332226,0.8556338028169014,0.22591362126245848,0.7183098591549296,0.2691029900332226,0.8556338028169014,0.24363233665559247,0.7746478873239436,0.29346622369878184,0.9330985915492958,0.2779623477297896,0.8838028169014085,0.28460686600221485,0.9049295774647887,0.28792912513842744,0.9154929577464789,0.28792912513842744,0.9154929577464789,0.23477297895902546,0.7464788732394366,0.2812846068660022,0.8943661971830986,0.28349944629014395,0.9014084507042254,0.27353266888150607,0.8697183098591549,0.24363233665559247,0.7746478873239436,0.28792912513842744,0.9154929577464789,0.28460686600221485,0.9049295774647887,0.28017718715393136,0.8908450704225352,0.2768549280177187,0.8802816901408451,0.28792912513842744,0.9154929577464789,0.2901439645625692,0.9225352112676056,0.292358803986711,0.9295774647887324,0.25359911406423036,0.8063380281690141,0.2956810631229236,0.9401408450704225,0.28903654485049834,0.9190140845070423,0.27464008859357697,0.8732394366197183,0.24141749723145073,0.7676056338028169,0.29346622369878184,0.9330985915492958,0.2857142857142857,0.9084507042253521,0.2956810631229236,0.9401408450704225
72,0.2546448087431694,0.8204225352112676,0.2644808743169399,0.852112676056338,0.17158469945355193,0.5528169014084507,0.1901639344262295,0.6126760563380281,0.23060109289617486,0.7429577464788732,0.292896174863388,0.9436619718309859,0.19562841530054645,0.6302816901408451,0.2633879781420765,0.8485915492957746,0.2087431693989071,0.6725352112676056,0.2546448087431694,0.8204225352112676,0.2087431693989071,0.6725352112676056,0.2907103825136612,0.9366197183098591,0.2754098360655738,0.8873239436619719,0.2754098360655738,0.8873239436619719,0.27650273224043714,0.8908450704225352,0.27650273224043714,0.8908450704225352,0.24043715846994534,0.7746478873239436,0.2939890710382514,0.9471830985915493,0.2819672131147541,0.9084507042253521,0.2633879781420765,0.8485915492957746,0.20655737704918034,0.6654929577464789,0.27650273224043714,0.8908450704225352,0.23825136612021858,0.7676056338028169,0.29180327868852457,0.9401408450704225,0.23278688524590163,0.75,0.23278688524590163,0.75,0.1737704918032787,0.5598591549295775,0.18688524590163935,0.602112676056338,0.23497267759562843,0.7570422535211268,0.2907103825136612,0.9366197183098591,0.1814207650273224,0.5845070422535211,0.2754098360655738,0.8873239436619719,0.22185792349726777,0.7147887323943662,0.23278688524590163,0.75,0.24262295081967214,0.7816901408450704,0.2972677595628415,0.9577464788732394,0.2830601092896175,0.9119718309859155,0.2830601092896175,0.9119718309859155,0.2786885245901639,0.897887323943662,0.2786885245901639,0.897887323943662,0.2677595628415301,0.8626760563380281,0.29180327868852457,0.9401408450704225,0.28743169398907104,0.926056338028169,0.26994535519125684,0.8697183098591549,0.23387978142076501,0.7535211267605634,0.2830601092896175,0.9119718309859155,0.2786885245901639,0.897887323943662,0.2907103825136612,0.9366197183098591,0.2371584699453552,0.7640845070422535,0.24699453551912567,0.795774647887324,0.17595628415300546,0.5669014084507042,0.1901639344262295,0.6126760563380281,0.23278688524590163,0.75,0.28743169398907104,0.926056338028169,0.19453551912568307,0.6267605633802817,0.26666666666666666,0.8591549295774648,0.2174863387978142,0.7007042253521126,0.24699453551912567,0.795774647887324,0.21311475409836064,0.6866197183098591,0.29180327868852457,0.9401408450704225,0.2677595628415301,0.8626760563380281,0.2677595628415301,0.8626760563380281,0.2721311475409836,0.8767605633802817,0.2721311475409836,0.8767605633802817,0.24153005464480876,0.778169014084507,0.2939890710382514,0.9471830985915493,0.28524590163934427,0.9190140845070423,0.26666666666666666,0.8591549295774648,0.22295081967213115,0.7183098591549296,0.26666666666666666,0.8591549295774648,0.2448087431693989,0.7887323943661971,0.2907103825136612,0.9366197183098591,0.2754098360655738,0.8873239436619719,0.2819672131147541,0.9084507042253521,0.2863387978142076,0.9225352112676056,0.28743169398907104,0.926056338028169,0.23387978142076501,0.7535211267605634,0.27759562841530055,0.8943661971830986,0.28087431693989073,0.9049295774647887,0.26994535519125684,0.8697183098591549,0.24262295081967214,0.7816901408450704,0.2863387978142076,0.9225352112676056,0.28415300546448086,0.9154929577464789,0.2786885245901639,0.897887323943662,0.2797814207650273,0.9014084507042254,0.28524590163934427,0.9190140845070423,0.2896174863387978,0.9330985915492958,0.2907103825136612,0.9366197183098591,0.25245901639344265,0.8133802816901409,0.292896174863388,0.9436619718309859,0.28524590163934427,0.9190140845070423,0.2710382513661202,0.8732394366197183,0.24153005464480876,0.778169014084507,0.29180327868852457,0.9401408450704225,0.28415300546448086,0.9154929577464789,0.292896174863388,0.9436619718309859
73,0.25323275862068967,0.8274647887323944,0.2607758620689655,0.852112676056338,0.17672413793103448,0.5774647887323944,0.19504310344827586,0.6373239436619719,0.23060344827586207,0.7535211267605634,0.28879310344827586,0.9436619718309859,0.2036637931034483,0.6654929577464789,0.26185344827586204,0.8556338028169014,0.2122844827586207,0.6936619718309859,0.25862068965517243,0.8450704225352113,0.21120689655172414,0.6901408450704225,0.28879310344827586,0.9436619718309859,0.27262931034482757,0.8908450704225352,0.27262931034482757,0.8908450704225352,0.27370689655172414,0.8943661971830986,0.2769396551724138,0.9049295774647887,0.24245689655172414,0.7922535211267606,0.28987068965517243,0.9471830985915493,0.2790948275862069,0.9119718309859155,0.2629310344827586,0.8591549295774648,0.2101293103448276,0.6866197183098591,0.27262931034482757,0.8908450704225352,0.23706896551724138,0.7746478873239436,0.29094827586206895,0.9507042253521126,0.22952586206896552,0.75,0.22952586206896552,0.75,0.17995689655172414,0.5880281690140845,0.19288793103448276,0.6302816901408451,0.23168103448275862,0.7570422535211268,0.29094827586206895,0.9507042253521126,0.1896551724137931,0.6197183098591549,0.2769396551724138,0.9049295774647887,0.2209051724137931,0.721830985915493,0.22952586206896552,0.75,0.24676724137931033,0.8063380281690141,0.29310344827586204,0.9577464788732394,0.28125,0.9190140845070423,0.28125,0.9190140845070423,0.2790948275862069,0.9119718309859155,0.27801724137931033,0.9084507042253521,0.2672413793103448,0.8732394366197183,0.28879310344827586,0.9436619718309859,0.28771551724137934,0.9401408450704225,0.2683189655172414,0.8767605633802817,0.23168103448275862,0.7570422535211268,0.28125,0.9190140845070423,0.27586206896551724,0.9014084507042254,0.28663793103448276,0.9366197183098591,0.23599137931034483,0.7711267605633803,0.2478448275862069,0.8098591549295775,0.18211206896551724,0.5950704225352113,0.1961206896551724,0.6408450704225352,0.23275862068965517,0.7605633802816901,0.2855603448275862,0.9330985915492958,0.20150862068965517,0.6584507042253521,0.2629310344827586,0.8591549295774648,0.22306034482758622,0.7288732394366197,0.24892241379310345,0.8133802816901409,0.21443965517241378,0.7007042253521126,0.28879310344827586,0.9436619718309859,0.2650862068965517,0.8661971830985915,0.2650862068965517,0.8661971830985915,0.27155172413793105,0.8873239436619719,0.2704741379310345,0.8838028169014085,0.23922413793103448,0.7816901408450704,0.28987068965517243,0.9471830985915493,0.2823275862068966,0.9225352112676056,0.2650862068965517,0.8661971830985915,0.22198275862068967,0.7253521126760564,0.2640086206896552,0.8626760563380281,0.2435344827586207,0.795774647887324,0.28879310344827586,0.9436619718309859,0.2769396551724138,0.9049295774647887,0.28125,0.9190140845070423,0.2834051724137931,0.926056338028169,0.28448275862068967,0.9295774647887324,0.2349137931034483,0.7676056338028169,0.2769396551724138,0.9049295774647887,0.28125,0.9190140845070423,0.2683189655172414,0.8767605633802817,0.2413793103448276,0.7887323943661971,0.2855603448275862,0.9330985915492958,0.2823275862068966,0.9225352112676056,0.27801724137931033,0.9084507042253521,0.27586206896551724,0.9014084507042254,0.2855603448275862,0.9330985915492958,0.29094827586206895,0.9507042253521126,0.2920258620689655,0.954225352112676,0.2543103448275862,0.8309859154929577,0.28987068965517243,0.9471830985915493,0.2823275862068966,0.9225352112676056,0.26939655172413796,0.8802816901408451,0.2413793103448276,0.7887323943661971,0.28879310344827586,0.9436619718309859,0.2823275862068966,0.9225352112676056,0.28879310344827586,0.9436619718309859
74,0.2561105207226355,0.8485915492957746,0.25823591923485656,0.8556338028169014,0.18597236981934112,0.6161971830985915,0.20191285866099895,0.6690140845070423,0.22741764080765142,0.7535211267605634,0.2858660998937301,0.9471830985915493,0.21360255047821466,0.7077464788732394,0.2614240170031881,0.8661971830985915,0.21253985122210414,0.704225352112676,0.2592986184909671,0.8591549295774648,0.2104144527098831,0.6971830985915493,0.2858660998937301,0.9471830985915493,0.2688629117959617,0.8908450704225352,0.2688629117959617,0.8908450704225352,0.2731137088204038,0.9049295774647887,0.2763018065887354,0.9154929577464789,0.24335812964930925,0.8063380281690141,0.2869287991498406,0.9507042253521126,0.2773645058448459,0.9190140845070423,0.2624867162592986,0.8697183098591549,0.2146652497343252,0.7112676056338029,0.2688629117959617,0.8908450704225352,0.2359192348565356,0.7816901408450704,0.2879914984059511,0.954225352112676,0.22954303931987247,0.7605633802816901,0.22741764080765142,0.7535211267605634,0.18703506907545164,0.6197183098591549,0.20297555791710944,0.6725352112676056,0.22848034006376194,0.7570422535211268,0.2869287991498406,0.9507042253521126,0.1891604675876727,0.6267605633802817,0.2731137088204038,0.9049295774647887,0.22741764080765142,0.7535211267605634,0.22741764080765142,0.7535211267605634,0.2518597236981934,0.8345070422535211,0.29011689691817216,0.9612676056338029,0.2784272051009564,0.9225352112676056,0.2784272051009564,0.9225352112676056,0.2763018065887354,0.9154929577464789,0.2784272051009564,0.9225352112676056,0.2667375132837407,0.8838028169014085,0.2858660998937301,0.9471830985915493,0.2869287991498406,0.9507042253521126,0.26567481402763016,0.8802816901408451,0.22954303931987247,0.7605633802816901,0.2784272051009564,0.9225352112676056,0.27417640807651433,0.9084507042253521,0.28374070138150903,0.9401408450704225,0.24229543039319873,0.8028169014084507,0.2507970244420829,0.8309859154929577,0.1902231668437832,0.6302816901408451,0.20191285866099895,0.6690140845070423,0.23273113708820403,0.7711267605633803,0.28374070138150903,0.9401408450704225,0.21147715196599362,0.7007042253521126,0.2614240170031881,0.8661971830985915,0.22316684378320936,0.7394366197183099,0.24973432518597238,0.8274647887323944,0.2146652497343252,0.7112676056338029,0.28480340063761955,0.9436619718309859,0.2624867162592986,0.8697183098591549,0.2624867162592986,0.8697183098591549,0.2688629117959617,0.8908450704225352,0.2688629117959617,0.8908450704225352,0.23698193411264612,0.7852112676056338,0.2879914984059511,0.954225352112676,0.27948990435706694,0.926056338028169,0.2624867162592986,0.8697183098591549,0.22422954303931988,0.7429577464788732,0.2614240170031881,0.8661971830985915,0.2454835281615303,0.8133802816901409,0.2879914984059511,0.954225352112676,0.27417640807651433,0.9084507042253521,0.28055260361317746,0.9295774647887324,0.281615302869288,0.9330985915492958,0.281615302869288,0.9330985915492958,0.2359192348565356,0.7816901408450704,0.2731137088204038,0.9049295774647887,0.2784272051009564,0.9225352112676056,0.26461211477151964,0.8767605633802817,0.2412327311370882,0.7992957746478874,0.28374070138150903,0.9401408450704225,0.2784272051009564,0.9225352112676056,0.27523910733262485,0.9119718309859155,0.27523910733262485,0.9119718309859155,0.2826780021253985,0.9366197183098591,0.29011689691817216,0.9612676056338029,0.29011689691817216,0.9612676056338029,0.25292242295430395,0.8380281690140845,0.2858660998937301,0.9471830985915493,0.2784272051009564,0.9225352112676056,0.26567481402763016,0.8802816901408451,0.2412327311370882,0.7992957746478874,0.2879914984059511,0.954225352112676,0.27948990435706694,0.926056338028169,0.2858660998937301,0.9471830985915493
75,0.259958071278826,0.8732394366197183,0.259958071278826,0.8732394366197183,0.1918238993710692,0.6443661971830986,0.20964360587002095,0.704225352112676,0.22536687631027252,0.7570422535211268,0.28197064989517817,0.9471830985915493,0.2138364779874214,0.7183098591549296,0.2610062893081761,0.8767605633802817,0.21593291404612158,0.7253521126760564,0.259958071278826,0.8732394366197183,0.21174004192872117,0.7112676056338029,0.28197064989517817,0.9471830985915493,0.26519916142557654,0.8908450704225352,0.26519916142557654,0.8908450704225352,0.27148846960167716,0.9119718309859155,0.27672955974842767,0.9295774647887324,0.2431865828092243,0.8169014084507042,0.2840670859538784,0.954225352112676,0.27568134171907754,0.926056338028169,0.2641509433962264,0.8873239436619719,0.21593291404612158,0.7253521126760564,0.2662473794549266,0.8943661971830986,0.23375262054507337,0.7852112676056338,0.2861635220125786,0.9612676056338029,0.22851153039832284,0.7676056338028169,0.22746331236897274,0.7640845070422535,0.1949685534591195,0.6549295774647887,0.20859538784067086,0.7007042253521126,0.22536687631027252,0.7570422535211268,0.2830188679245283,0.9507042253521126,0.1970649895178197,0.6619718309859155,0.2693920335429769,0.9049295774647887,0.22641509433962265,0.7605633802816901,0.22746331236897274,0.7640845070422535,0.2557651991614256,0.8591549295774648,0.2861635220125786,0.9612676056338029,0.27568134171907754,0.926056338028169,0.27568134171907754,0.926056338028169,0.2777777777777778,0.9330985915492958,0.2777777777777778,0.9330985915492958,0.2662473794549266,0.8943661971830986,0.2851153039832285,0.9577464788732394,0.2851153039832285,0.9577464788732394,0.2662473794549266,0.8943661971830986,0.22746331236897274,0.7640845070422535,0.27568134171907754,0.926056338028169,0.27253668763102723,0.9154929577464789,0.2809224318658281,0.9436619718309859,0.24947589098532494,0.8380281690140845,0.25052410901467503,0.8415492957746479,0.20125786163522014,0.676056338028169,0.20859538784067086,0.7007042253521126,0.23375262054507337,0.7852112676056338,0.279874213836478,0.9401408450704225,0.2190775681341719,0.7359154929577465,0.2589098532494759,0.8697183098591549,0.2222222222222222,0.7464788732394366,0.24947589098532494,0.8380281690140845,0.21278825995807127,0.7147887323943662,0.2809224318658281,0.9436619718309859,0.2641509433962264,0.8873239436619719,0.2641509433962264,0.8873239436619719,0.2672955974842767,0.897887323943662,0.2672955974842767,0.897887323943662,0.23689727463312368,0.795774647887324,0.2840670859538784,0.954225352112676,0.27568134171907754,0.926056338028169,0.2610062893081761,0.8767605633802817,0.22431865828092243,0.7535211267605634,0.26519916142557654,0.8908450704225352,0.24633123689727462,0.8274647887323944,0.2861635220125786,0.9612676056338029,0.2746331236897275,0.9225352112676056,0.27882599580712786,0.9366197183098591,0.27882599580712786,0.9366197183098591,0.2777777777777778,0.9330985915492958,0.2348008385744235,0.7887323943661971,0.27253668763102723,0.9154929577464789,0.27672955974842767,0.9295774647887324,0.2610062893081761,0.8767605633802817,0.240041928721174,0.8063380281690141,0.2809224318658281,0.9436619718309859,0.27672955974842767,0.9295774647887324,0.27358490566037735,0.9190140845070423,0.27672955974842767,0.9295774647887324,0.28197064989517817,0.9471830985915493,0.2861635220125786,0.9612676056338029,0.28721174004192873,0.9647887323943662,0.25471698113207547,0.8556338028169014,0.28197064989517817,0.9471830985915493,0.2746331236897275,0.9225352112676056,0.2641509433962264,0.8873239436619719,0.240041928721174,0.8063380281690141,0.2851153039832285,0.9577464788732394,0.2777777777777778,0.9330985915492958,0.2830188679245283,0.9507042253521126
76,0.2577639751552795,0.8767605633802817,0.2577639751552795,0.8767605633802817,0.1997929606625259,0.6795774647887324,0.2163561076604555,0.7359154929577465,0.2277432712215321,0.7746478873239436,0.2784679089026915,0.9471830985915493,0.21739130434782608,0.7394366197183099,0.2619047619047619,0.8908450704225352,0.21842650103519667,0.7429577464788732,0.2577639751552795,0.8767605633802817,0.21428571428571427,0.7288732394366197,0.2784679089026915,0.9471830985915493,0.2629399585921325,0.8943661971830986,0.2629399585921325,0.8943661971830986,0.2701863354037267,0.9190140845070423,0.2743271221532091,0.9330985915492958,0.2412008281573499,0.8204225352112676,0.2815734989648033,0.9577464788732394,0.2732919254658385,0.9295774647887324,0.2629399585921325,0.8943661971830986,0.2194616977225673,0.7464788732394366,0.2629399585921325,0.8943661971830986,0.2360248447204969,0.8028169014084507,0.2836438923395445,0.9647887323943662,0.2267080745341615,0.7711267605633803,0.22567287784679088,0.7676056338028169,0.2039337474120083,0.6936619718309859,0.2080745341614907,0.7077464788732394,0.2225672877846791,0.7570422535211268,0.2795031055900621,0.9507042253521126,0.20496894409937888,0.6971830985915493,0.2670807453416149,0.9084507042253521,0.2308488612836439,0.7852112676056338,0.22567287784679088,0.7676056338028169,0.2567287784679089,0.8732394366197183,0.2826086956521739,0.9612676056338029,0.2722567287784679,0.926056338028169,0.2722567287784679,0.926056338028169,0.2753623188405797,0.9366197183098591,0.2753623188405797,0.9366197183098591,0.2660455486542443,0.9049295774647887,0.2826086956521739,0.9612676056338029,0.2815734989648033,0.9577464788732394,0.2639751552795031,0.897887323943662,0.2267080745341615,0.7711267605633803,0.2722567287784679,0.926056338028169,0.2701863354037267,0.9190140845070423,0.2795031055900621,0.9507042253521126,0.2474120082815735,0.8415492957746479,0.2474120082815735,0.8415492957746479,0.2039337474120083,0.6936619718309859,0.2122153209109731,0.721830985915493,0.2318840579710145,0.7887323943661971,0.2774327122153209,0.9436619718309859,0.2246376811594203,0.7640845070422535,0.2619047619047619,0.8908450704225352,0.2267080745341615,0.7711267605633803,0.2474120082815735,0.8415492957746479,0.2122153209109731,0.721830985915493,0.2784679089026915,0.9471830985915493,0.2639751552795031,0.897887323943662,0.2639751552795031,0.897887323943662,0.26811594202898553,0.9119718309859155,0.2670807453416149,0.9084507042253521,0.2360248447204969,0.8028169014084507,0.2815734989648033,0.9577464788732394,0.2743271221532091,0.9330985915492958,0.2619047619047619,0.8908450704225352,0.22153209109730848,0.7535211267605634,0.2639751552795031,0.897887323943662,0.2474120082815735,0.8415492957746479,0.2836438923395445,0.9647887323943662,0.2732919254658385,0.9295774647887324,0.2774327122153209,0.9436619718309859,0.27639751552795033,0.9401408450704225,0.27639751552795033,0.9401408450704225,0.2329192546583851,0.7922535211267606,0.2712215320910973,0.9225352112676056,0.27639751552795033,0.9401408450704225,0.2587991718426501,0.8802816901408451,0.2422360248447205,0.823943661971831,0.2805383022774327,0.954225352112676,0.2732919254658385,0.9295774647887324,0.2701863354037267,0.9190140845070423,0.2753623188405797,0.9366197183098591,0.2805383022774327,0.954225352112676,0.2826086956521739,0.9612676056338029,0.2836438923395445,0.9647887323943662,0.2515527950310559,0.8556338028169014,0.2795031055900621,0.9507042253521126,0.2722567287784679,0.926056338028169,0.2619047619047619,0.8908450704225352,0.2401656314699793,0.8169014084507042,0.2826086956521739,0.9612676056338029,0.2753623188405797,0.9366197183098591,0.2805383022774327,0.954225352112676
77,0.2553626149131767,0.8802816901408451,0.2553626149131767,0.8802816901408451,0.20633299284984677,0.7112676056338029,0.21859039836567926,0.7535211267605634,0.22676200204290092,0.7816901408450704,0.27477017364657813,0.9471830985915493,0.2226762002042901,0.7676056338028169,0.25944841675178754,0.8943661971830986,0.21859039836567926,0.7535211267605634,0.2553626149131767,0.8802816901408451,0.21450459652706844,0.7394366197183099,0.27477017364657813,0.9471830985915493,0.25944841675178754,0.8943661971830986,0.25944841675178754,0.8943661971830986,0.27068437180796734,0.9330985915492958,0.2727272727272727,0.9401408450704225,0.24208375893769152,0.8345070422535211,0.278855975485189,0.9612676056338029,0.27170582226762,0.9366197183098591,0.2604698672114402,0.897887323943662,0.21859039836567926,0.7535211267605634,0.25944841675178754,0.8943661971830986,0.2379979570990807,0.8204225352112676,0.27987742594484166,0.9647887323943662,0.2257405515832482,0.778169014084507,0.2247191011235955,0.7746478873239436,0.20633299284984677,0.7112676056338029,0.21144024514811033,0.7288732394366197,0.21961184882533197,0.7570422535211268,0.27579162410623087,0.9507042253521126,0.2093973442288049,0.721830985915493,0.26455566905005107,0.9119718309859155,0.22880490296220635,0.7887323943661971,0.2247191011235955,0.7746478873239436,0.254341164453524,0.8767605633802817,0.278855975485189,0.9612676056338029,0.27068437180796734,0.9330985915492958,0.27068437180796734,0.9330985915492958,0.2727272727272727,0.9401408450704225,0.2727272727272727,0.9401408450704225,0.2635342185903984,0.9084507042253521,0.27987742594484166,0.9647887323943662,0.278855975485189,0.9612676056338029,0.2604698672114402,0.897887323943662,0.2247191011235955,0.7746478873239436,0.27068437180796734,0.9330985915492958,0.2676200204290092,0.9225352112676056,0.27783452502553624,0.9577464788732394,0.24616956077630234,0.8485915492957746,0.24616956077630234,0.8485915492957746,0.20633299284984677,0.7112676056338029,0.21961184882533197,0.7570422535211268,0.22880490296220635,0.7887323943661971,0.27374872318692545,0.9436619718309859,0.22880490296220635,0.7887323943661971,0.2604698672114402,0.897887323943662,0.2247191011235955,0.7746478873239436,0.24616956077630234,0.8485915492957746,0.212461695607763,0.7323943661971831,0.27477017364657813,0.9471830985915493,0.2604698672114402,0.897887323943662,0.2604698672114402,0.897887323943662,0.2676200204290092,0.9225352112676056,0.2665985699693565,0.9190140845070423,0.23595505617977527,0.8133802816901409,0.278855975485189,0.9612676056338029,0.2727272727272727,0.9401408450704225,0.2604698672114402,0.897887323943662,0.21859039836567926,0.7535211267605634,0.2604698672114402,0.897887323943662,0.24719101123595505,0.852112676056338,0.2819203268641471,0.971830985915493,0.27170582226762,0.9366197183098591,0.27374872318692545,0.9436619718309859,0.27579162410623087,0.9507042253521126,0.27477017364657813,0.9471830985915493,0.23186925434116445,0.7992957746478874,0.27068437180796734,0.9330985915492958,0.2727272727272727,0.9401408450704225,0.2553626149131767,0.8802816901408451,0.24208375893769152,0.8345070422535211,0.278855975485189,0.9612676056338029,0.27374872318692545,0.9436619718309859,0.2686414708886619,0.926056338028169,0.27579162410623087,0.9507042253521126,0.278855975485189,0.9612676056338029,0.2808988764044944,0.9683098591549296,0.2819203268641471,0.971830985915493,0.24923391215526047,0.8591549295774648,0.27681307456588355,0.954225352112676,0.27068437180796734,0.9330985915492958,0.25842696629213485,0.8908450704225352,0.24208375893769152,0.8345070422535211,0.2808988764044944,0.9683098591549296,0.27374872318692545,0.9436619718309859,0.27681307456588355,0.954225352112676
78,0.2530241935483871,0.8838028169014085,0.2530241935483871,0.8838028169014085,0.21068548387096775,0.7359154929577465,0.22278225806451613,0.778169014084507,0.22782258064516128,0.795774647887324,0.2721774193548387,0.9507042253521126,0.22580645161290322,0.7887323943661971,0.25705645161290325,0.897887323943662,0.22076612903225806,0.7711267605633803,0.2530241935483871,0.8838028169014085,0.21673387096774194,0.7570422535211268,0.2721774193548387,0.9507042253521126,0.25806451612903225,0.9014084507042254,0.25806451612903225,0.9014084507042254,0.2701612903225806,0.9436619718309859,0.2711693548387097,0.9471830985915493,0.24294354838709678,0.8485915492957746,0.2762096774193548,0.9647887323943662,0.2691532258064516,0.9401408450704225,0.2610887096774194,0.9119718309859155,0.22278225806451613,0.778169014084507,0.25806451612903225,0.9014084507042254,0.23790322580645162,0.8309859154929577,0.2782258064516129,0.971830985915493,0.22782258064516128,0.795774647887324,0.22681451612903225,0.7922535211267606,0.2086693548387097,0.7288732394366197,0.21471774193548387,0.75,0.21774193548387097,0.7605633802816901,0.27419354838709675,0.9577464788732394,0.2127016129032258,0.7429577464788732,0.2701612903225806,0.9436619718309859,0.23286290322580644,0.8133802816901409,0.22681451612903225,0.7922535211267606,0.2540322580645161,0.8873239436619719,0.2752016129032258,0.9612676056338029,0.26713709677419356,0.9330985915492958,0.26713709677419356,0.9330985915492958,0.2701612903225806,0.9436619718309859,0.2711693548387097,0.9471830985915493,0.26310483870967744,0.9190140845070423,0.2762096774193548,0.9647887323943662,0.2752016129032258,0.9612676056338029,0.2590725806451613,0.9049295774647887,0.2217741935483871,0.7746478873239436,0.26713709677419356,0.9330985915492958,0.2651209677419355,0.926056338028169,0.2762096774193548,0.9647887323943662,0.2469758064516129,0.8626760563380281,0.2469758064516129,0.8626760563380281,0.21169354838709678,0.7394366197183099,0.22580645161290322,0.7887323943661971,0.22782258064516128,0.795774647887324,0.2721774193548387,0.9507042253521126,0.23387096774193547,0.8169014084507042,0.25705645161290325,0.897887323943662,0.2247983870967742,0.7852112676056338,0.24596774193548387,0.8591549295774648,0.20967741935483872,0.7323943661971831,0.2711693548387097,0.9471830985915493,0.25806451612903225,0.9014084507042254,0.25806451612903225,0.9014084507042254,0.2661290322580645,0.9295774647887324,0.26411290322580644,0.9225352112676056,0.23387096774193547,0.8169014084507042,0.2752016129032258,0.9612676056338029,0.2721774193548387,0.9507042253521126,0.25705645161290325,0.897887323943662,0.2157258064516129,0.7535211267605634,0.2590725806451613,0.9049295774647887,0.24596774193548387,0.8591549295774648,0.2782258064516129,0.971830985915493,0.2691532258064516,0.9401408450704225,0.2721774193548387,0.9507042253521126,0.27419354838709675,0.9577464788732394,0.2752016129032258,0.9612676056338029,0.23084677419354838,0.8063380281690141,0.26713709677419356,0.9330985915492958,0.2711693548387097,0.9471830985915493,0.25201612903225806,0.8802816901408451,0.24092741935483872,0.8415492957746479,0.2752016129032258,0.9612676056338029,0.2711693548387097,0.9471830985915493,0.2661290322580645,0.9295774647887324,0.27318548387096775,0.954225352112676,0.2772177419354839,0.9683098591549296,0.2782258064516129,0.971830985915493,0.2782258064516129,0.971830985915493,0.24899193548387097,0.8697183098591549,0.27419354838709675,0.9577464788732394,0.26713709677419356,0.9330985915492958,0.2550403225806452,0.8908450704225352,0.24092741935483872,0.8415492957746479,0.2772177419354839,0.9683098591549296,0.2711693548387097,0.9471830985915493,0.2752016129032258,0.9612676056338029
79,0.250996015936255,0.8873239436619719,0.250996015936255,0.8873239436619719,0.2151394422310757,0.7605633802816901,0.2241035856573705,0.7922535211267606,0.22808764940239043,0.8063380281690141,0.2689243027888446,0.9507042253521126,0.23306772908366533,0.823943661971831,0.26195219123505975,0.926056338028169,0.22211155378486055,0.7852112676056338,0.250996015936255,0.8873239436619719,0.2151394422310757,0.7605633802816901,0.2689243027888446,0.9507042253521126,0.25697211155378485,0.9084507042253521,0.25697211155378485,0.9084507042253521,0.27091633466135456,0.9577464788732394,0.2699203187250996,0.954225352112676,0.2400398406374502,0.8485915492957746,0.2729083665338645,0.9647887323943662,0.2679282868525896,0.9471830985915493,0.26693227091633465,0.9436619718309859,0.2241035856573705,0.7922535211267606,0.25697211155378485,0.9084507042253521,0.23705179282868527,0.8380281690140845,0.27689243027888444,0.9788732394366197,0.2340637450199203,0.8274647887323944,0.23207171314741035,0.8204225352112676,0.21215139442231076,0.75,0.22111553784860558,0.7816901408450704,0.2151394422310757,0.7605633802816901,0.27091633466135456,0.9577464788732394,0.21613545816733068,0.7640845070422535,0.2689243027888446,0.9507042253521126,0.23107569721115537,0.8169014084507042,0.23207171314741035,0.8204225352112676,0.2549800796812749,0.9014084507042254,0.27191235059760954,0.9612676056338029,0.26693227091633465,0.9436619718309859,0.26693227091633465,0.9436619718309859,0.2699203187250996,0.954225352112676,0.2679282868525896,0.9471830985915493,0.26593625498007967,0.9401408450704225,0.2729083665338645,0.9647887323943662,0.2729083665338645,0.9647887323943662,0.25796812749003983,0.9119718309859155,0.22310756972111553,0.7887323943661971,0.26693227091633465,0.9436619718309859,0.2649402390438247,0.9366197183098591,0.2729083665338645,0.9647887323943662,0.2450199203187251,0.8661971830985915,0.2450199203187251,0.8661971830985915,0.2151394422310757,0.7605633802816901,0.22808764940239043,0.8063380281690141,0.22808764940239043,0.8063380281690141,0.2689243027888446,0.9507042253521126,0.23705179282868527,0.8380281690140845,0.25697211155378485,0.9084507042253521,0.22211155378486055,0.7852112676056338,0.24402390438247012,0.8626760563380281,0.20916334661354583,0.7394366197183099,0.2679282868525896,0.9471830985915493,0.2559760956175299,0.9049295774647887,0.2559760956175299,0.9049295774647887,0.2639442231075697,0.9330985915492958,0.26294820717131473,0.9295774647887324,0.23107569721115537,0.8169014084507042,0.27191235059760954,0.9612676056338029,0.27191235059760954,0.9612676056338029,0.2589641434262948,0.9154929577464789,0.21314741035856574,0.7535211267605634,0.2559760956175299,0.9049295774647887,0.24601593625498008,0.8697183098591549,0.27589641434262946,0.9753521126760564,0.2689243027888446,0.9507042253521126,0.2729083665338645,0.9647887323943662,0.2739043824701195,0.9683098591549296,0.2729083665338645,0.9647887323943662,0.23207171314741035,0.8204225352112676,0.2649402390438247,0.9366197183098591,0.2699203187250996,0.954225352112676,0.24900398406374502,0.8802816901408451,0.23904382470119523,0.8450704225352113,0.2739043824701195,0.9683098591549296,0.2689243027888446,0.9507042253521126,0.26693227091633465,0.9436619718309859,0.27191235059760954,0.9612676056338029,0.2749003984063745,0.971830985915493,0.27589641434262946,0.9753521126760564,0.27589641434262946,0.9753521126760564,0.24701195219123506,0.8732394366197183,0.27091633466135456,0.9577464788732394,0.2649402390438247,0.9366197183098591,0.25199203187250996,0.8908450704225352,0.2400398406374502,0.8485915492957746,0.2749003984063745,0.971830985915493,0.2689243027888446,0.9507042253521126,0.2729083665338645,0.9647887323943662
80,0.2497541789577188,0.8943661971830986,0.2497541789577188,0.8943661971830986,0.22025565388397247,0.7887323943661971,0.22812192723697147,0.8169014084507042,0.22713864306784662,0.8133802816901409,0.26548672566371684,0.9507042253521126,0.23795476892822026,0.852112676056338,0.2664700098328417,0.954225352112676,0.22123893805309736,0.7922535211267606,0.25073746312684364,0.897887323943662,0.2153392330383481,0.7711267605633803,0.26548672566371684,0.9507042253521126,0.25467059980334317,0.9119718309859155,0.25467059980334317,0.9119718309859155,0.2694198623402163,0.9647887323943662,0.2664700098328417,0.954225352112676,0.23893805309734514,0.8556338028169014,0.2713864306784661,0.971830985915493,0.26548672566371684,0.9507042253521126,0.26745329400196655,0.9577464788732394,0.2232055063913471,0.7992957746478874,0.25467059980334317,0.9119718309859155,0.23992133726647,0.8591549295774648,0.27335299901671584,0.9788732394366197,0.23992133726647,0.8591549295774648,0.23795476892822026,0.852112676056338,0.22025565388397247,0.7887323943661971,0.23107177974434612,0.8274647887323944,0.21238938053097345,0.7605633802816901,0.26843657817109146,0.9612676056338029,0.22517207472959685,0.8063380281690141,0.26548672566371684,0.9507042253521126,0.22812192723697147,0.8169014084507042,0.23795476892822026,0.852112676056338,0.255653883972468,0.9154929577464789,0.26843657817109146,0.9612676056338029,0.2664700098328417,0.954225352112676,0.2664700098328417,0.954225352112676,0.2694198623402163,0.9647887323943662,0.26745329400196655,0.9577464788732394,0.26253687315634217,0.9401408450704225,0.2713864306784661,0.971830985915493,0.2704031465093412,0.9683098591549296,0.25663716814159293,0.9190140845070423,0.2222222222222222,0.795774647887324,0.2664700098328417,0.954225352112676,0.2635201573254671,0.9436619718309859,0.2704031465093412,0.9683098591549296,0.24582104228121926,0.8802816901408451,0.24582104228121926,0.8802816901408451,0.2232055063913471,0.7992957746478874,0.232055063913471,0.8309859154929577,0.22517207472959685,0.8063380281690141,0.26548672566371684,0.9507042253521126,0.23500491642084562,0.8415492957746479,0.25958702064896755,0.9295774647887324,0.2222222222222222,0.795774647887324,0.24582104228121926,0.8802816901408451,0.21140609636184857,0.7570422535211268,0.26548672566371684,0.9507042253521126,0.2527040314650934,0.9049295774647887,0.2527040314650934,0.9049295774647887,0.2664700098328417,0.954225352112676,0.26253687315634217,0.9401408450704225,0.23107177974434612,0.8274647887323944,0.2713864306784661,0.971830985915493,0.26843657817109146,0.9612676056338029,0.2605703048180924,0.9330985915492958,0.21042281219272368,0.7535211267605634,0.2527040314650934,0.9049295774647887,0.24680432645034414,0.8838028169014085,0.27335299901671584,0.9788732394366197,0.2664700098328417,0.954225352112676,0.2704031465093412,0.9683098591549296,0.2713864306784661,0.971830985915493,0.2723697148475909,0.9753521126760564,0.23008849557522124,0.823943661971831,0.26450344149459193,0.9471830985915493,0.2664700098328417,0.954225352112676,0.2497541789577188,0.8943661971830986,0.23893805309734514,0.8556338028169014,0.2704031465093412,0.9683098591549296,0.26548672566371684,0.9507042253521126,0.26450344149459193,0.9471830985915493,0.26843657817109146,0.9612676056338029,0.2713864306784661,0.971830985915493,0.2743362831858407,0.9823943661971831,0.2743362831858407,0.9823943661971831,0.24582104228121926,0.8802816901408451,0.26843657817109146,0.9612676056338029,0.26548672566371684,0.9507042253521126,0.25073746312684364,0.897887323943662,0.23893805309734514,0.8556338028169014,0.2723697148475909,0.9753521126760564,0.26548672566371684,0.9507042253521126,0.2704031465093412,0.9683098591549296
81,0.24854368932038834,0.9014084507042254,0.24854368932038834,0.9014084507042254,0.229126213592233,0.8309859154929577,0.23398058252427184,0.8485915492957746,0.2262135922330097,0.8204225352112676,0.2621359223300971,0.9507042253521126,0.24271844660194175,0.8802816901408451,0.26310679611650484,0.954225352112676,0.22815533980582525,0.8274647887323944,0.24854368932038834,0.9014084507042254,0.21553398058252426,0.7816901408450704,0.2621359223300971,0.9507042253521126,0.2524271844660194,0.9154929577464789,0.2524271844660194,0.9154929577464789,0.26601941747572816,0.9647887323943662,0.26310679611650484,0.954225352112676,0.23980582524271846,0.8697183098591549,0.26796116504854367,0.971830985915493,0.26407766990291265,0.9577464788732394,0.26407766990291265,0.9577464788732394,0.22718446601941747,0.823943661971831,0.25145631067961166,0.9119718309859155,0.23883495145631067,0.8661971830985915,0.270873786407767,0.9823943661971831,0.2436893203883495,0.8838028169014085,0.2436893203883495,0.8838028169014085,0.22330097087378642,0.8098591549295775,0.23689320388349513,0.8591549295774648,0.20970873786407768,0.7605633802816901,0.2650485436893204,0.9612676056338029,0.23106796116504855,0.8380281690140845,0.2621359223300971,0.9507042253521126,0.22524271844660193,0.8169014084507042,0.2436893203883495,0.8838028169014085,0.25533980582524274,0.926056338028169,0.2650485436893204,0.9612676056338029,0.2669902912621359,0.9683098591549296,0.2669902912621359,0.9683098591549296,0.26601941747572816,0.9647887323943662,0.26601941747572816,0.9647887323943662,0.2611650485436893,0.9471830985915493,0.26796116504854367,0.971830985915493,0.2689320388349515,0.9753521126760564,0.25339805825242717,0.9190140845070423,0.22330097087378642,0.8098591549295775,0.2669902912621359,0.9683098591549296,0.2611650485436893,0.9471830985915493,0.2669902912621359,0.9683098591549296,0.24271844660194175,0.8802816901408451,0.24271844660194175,0.8802816901408451,0.22815533980582525,0.8274647887323944,0.23300970873786409,0.8450704225352113,0.22427184466019418,0.8133802816901409,0.2621359223300971,0.9507042253521126,0.2407766990291262,0.8732394366197183,0.258252427184466,0.9366197183098591,0.22233009708737864,0.8063380281690141,0.24271844660194175,0.8802816901408451,0.21067961165048543,0.7640845070422535,0.2621359223300971,0.9507042253521126,0.24951456310679612,0.9049295774647887,0.24951456310679612,0.9049295774647887,0.26407766990291265,0.9577464788732394,0.2611650485436893,0.9471830985915493,0.23009708737864076,0.8345070422535211,0.2689320388349515,0.9753521126760564,0.2669902912621359,0.9683098591549296,0.258252427184466,0.9366197183098591,0.21067961165048543,0.7640845070422535,0.24951456310679612,0.9049295774647887,0.24563106796116504,0.8908450704225352,0.26990291262135924,0.9788732394366197,0.2669902912621359,0.9683098591549296,0.26796116504854367,0.971830985915493,0.2689320388349515,0.9753521126760564,0.26990291262135924,0.9788732394366197,0.23106796116504855,0.8380281690140845,0.2611650485436893,0.9471830985915493,0.26407766990291265,0.9577464788732394,0.2504854368932039,0.9084507042253521,0.23689320388349513,0.8591549295774648,0.26796116504854367,0.971830985915493,0.2621359223300971,0.9507042253521126,0.2621359223300971,0.9507042253521126,0.2669902912621359,0.9683098591549296,0.2689320388349515,0.9753521126760564,0.27184466019417475,0.9859154929577465,0.27184466019417475,0.9859154929577465,0.24563106796116504,0.8908450704225352,0.26601941747572816,0.9647887323943662,0.26407766990291265,0.9577464788732394,0.25145631067961166,0.9119718309859155,0.23689320388349513,0.8591549295774648,0.2689320388349515,0.9753521126760564,0.2621359223300971,0.9507042253521126,0.2669902912621359,0.9683098591549296
82,0.24544582933844677,0.9014084507042254,0.24544582933844677,0.9014084507042254,0.23010546500479387,0.8450704225352113,0.23969319271332695,0.8802816901408451,0.2253116011505273,0.8274647887323944,0.2588686481303931,0.9507042253521126,0.24448705656759348,0.897887323943662,0.2598274209012464,0.954225352112676,0.22818791946308725,0.8380281690140845,0.24544582933844677,0.9014084507042254,0.21572387344199426,0.7922535211267606,0.2588686481303931,0.9507042253521126,0.25023969319271333,0.9190140845070423,0.25023969319271333,0.9190140845070423,0.26270373921380635,0.9647887323943662,0.2598274209012464,0.954225352112676,0.23969319271332695,0.8802816901408451,0.26558005752636626,0.9753521126760564,0.26270373921380635,0.9647887323943662,0.2607861936720997,0.9577464788732394,0.22818791946308725,0.8380281690140845,0.24928092042186,0.9154929577464789,0.23873441994247363,0.8767605633802817,0.26749760306807285,0.9823943661971831,0.25023969319271333,0.9190140845070423,0.25023969319271333,0.9190140845070423,0.22818791946308725,0.8380281690140845,0.23873441994247363,0.8767605633802817,0.20709491850431447,0.7605633802816901,0.26174496644295303,0.9612676056338029,0.23202301054650049,0.852112676056338,0.2588686481303931,0.9507042253521126,0.2224352828379674,0.8169014084507042,0.25023969319271333,0.9190140845070423,0.25407478427612656,0.9330985915492958,0.26174496644295303,0.9612676056338029,0.26462128475551294,0.971830985915493,0.26462128475551294,0.971830985915493,0.26270373921380635,0.9647887323943662,0.2636625119846596,0.9683098591549296,0.2579098753595398,0.9471830985915493,0.2665388302972196,0.9788732394366197,0.26558005752636626,0.9753521126760564,0.25023969319271333,0.9190140845070423,0.2233940556088207,0.8204225352112676,0.26462128475551294,0.971830985915493,0.2598274209012464,0.954225352112676,0.26558005752636626,0.9753521126760564,0.23969319271332695,0.8802816901408451,0.23969319271332695,0.8802816901408451,0.236816874400767,0.8697183098591549,0.23969319271332695,0.8802816901408451,0.2253116011505273,0.8274647887323944,0.2588686481303931,0.9507042253521126,0.24352828379674019,0.8943661971830986,0.2598274209012464,0.954225352112676,0.22051773729626079,0.8098591549295775,0.23969319271332695,0.8802816901408451,0.2109300095877277,0.7746478873239436,0.2588686481303931,0.9507042253521126,0.2483221476510067,0.9119718309859155,0.2483221476510067,0.9119718309859155,0.26174496644295303,0.9612676056338029,0.2588686481303931,0.9507042253521126,0.22914669223394055,0.8415492957746479,0.26558005752636626,0.9753521126760564,0.2636625119846596,0.9683098591549296,0.2607861936720997,0.9577464788732394,0.21284755512943432,0.7816901408450704,0.2483221476510067,0.9119718309859155,0.24448705656759348,0.897887323943662,0.26749760306807285,0.9823943661971831,0.26558005752636626,0.9753521126760564,0.2665388302972196,0.9788732394366197,0.26749760306807285,0.9823943661971831,0.26749760306807285,0.9823943661971831,0.22914669223394055,0.8415492957746479,0.2607861936720997,0.9577464788732394,0.2607861936720997,0.9577464788732394,0.24928092042186,0.9154929577464789,0.236816874400767,0.8697183098591549,0.26558005752636626,0.9753521126760564,0.2588686481303931,0.9507042253521126,0.2588686481303931,0.9507042253521126,0.26558005752636626,0.9753521126760564,0.2684563758389262,0.9859154929577465,0.2684563758389262,0.9859154929577465,0.2684563758389262,0.9859154929577465,0.24256951102588686,0.8908450704225352,0.2636625119846596,0.9683098591549296,0.26270373921380635,0.9647887323943662,0.25023969319271333,0.9190140845070423,0.236816874400767,0.8697183098591549,0.26558005752636626,0.9753521126760564,0.2588686481303931,0.9507042253521126,0.26462128475551294,0.971830985915493
83,0.24360189573459715,0.9049295774647887,0.24360189573459715,0.9049295774647887,0.23601895734597156,0.8767605633802817,0.23981042654028437,0.8908450704225352,0.22559241706161137,0.8380281690140845,0.2559241706161137,0.9507042253521126,0.24739336492890995,0.9190140845070423,0.25687203791469193,0.954225352112676,0.23317535545023696,0.8661971830985915,0.24360189573459715,0.9049295774647887,0.2161137440758294,0.8028169014084507,0.2559241706161137,0.9507042253521126,0.24739336492890995,0.9190140845070423,0.24739336492890995,0.9190140845070423,0.25971563981042656,0.9647887323943662,0.25781990521327014,0.9577464788732394,0.23696682464454977,0.8802816901408451,0.26445497630331755,0.9823943661971831,0.25971563981042656,0.9647887323943662,0.25781990521327014,0.9577464788732394,0.23127962085308057,0.8591549295774648,0.24739336492890995,0.9190140845070423,0.23886255924170616,0.8873239436619719,0.26445497630331755,0.9823943661971831,0.25402843601895736,0.9436619718309859,0.25497630331753557,0.9471830985915493,0.23127962085308057,0.8591549295774648,0.24454976303317535,0.9084507042253521,0.2075829383886256,0.7711267605633803,0.25876777251184835,0.9612676056338029,0.23507109004739338,0.8732394366197183,0.2559241706161137,0.9507042253521126,0.21990521327014217,0.8169014084507042,0.25497630331753557,0.9471830985915493,0.25497630331753557,0.9471830985915493,0.25876777251184835,0.9612676056338029,0.2616113744075829,0.971830985915493,0.2616113744075829,0.971830985915493,0.25971563981042656,0.9647887323943662,0.26066350710900477,0.9683098591549296,0.25687203791469193,0.954225352112676,0.26445497630331755,0.9823943661971831,0.26255924170616113,0.9753521126760564,0.2502369668246445,0.9295774647887324,0.22274881516587677,0.8274647887323944,0.2616113744075829,0.971830985915493,0.25687203791469193,0.954225352112676,0.26350710900473934,0.9788732394366197,0.23981042654028437,0.8908450704225352,0.23981042654028437,0.8908450704225352,0.23981042654028437,0.8908450704225352,0.24265402843601896,0.9014084507042254,0.22369668246445498,0.8309859154929577,0.2559241706161137,0.9507042253521126,0.24739336492890995,0.9190140845070423,0.25781990521327014,0.9577464788732394,0.21990521327014217,0.8169014084507042,0.23886255924170616,0.8873239436619719,0.21137440758293838,0.7852112676056338,0.25687203791469193,0.954225352112676,0.24739336492890995,0.9190140845070423,0.24739336492890995,0.9190140845070423,0.25971563981042656,0.9647887323943662,0.25687203791469193,0.954225352112676,0.22654028436018958,0.8415492957746479,0.26350710900473934,0.9788732394366197,0.26066350710900477,0.9683098591549296,0.25781990521327014,0.9577464788732394,0.21137440758293838,0.7852112676056338,0.24644549763033174,0.9154929577464789,0.24360189573459715,0.9049295774647887,0.26540284360189575,0.9859154929577465,0.26255924170616113,0.9753521126760564,0.26445497630331755,0.9823943661971831,0.26445497630331755,0.9823943661971831,0.26445497630331755,0.9823943661971831,0.22843601895734597,0.8485915492957746,0.25781990521327014,0.9577464788732394,0.25876777251184835,0.9612676056338029,0.24928909952606634,0.926056338028169,0.23696682464454977,0.8802816901408451,0.26350710900473934,0.9788732394366197,0.25876777251184835,0.9612676056338029,0.2559241706161137,0.9507042253521126,0.26350710900473934,0.9788732394366197,0.26540284360189575,0.9859154929577465,0.2663507109004739,0.9894366197183099,0.2663507109004739,0.9894366197183099,0.23981042654028437,0.8908450704225352,0.26066350710900477,0.9683098591549296,0.26066350710900477,0.9683098591549296,0.25118483412322273,0.9330985915492958,0.23696682464454977,0.8802816901408451,0.26350710900473934,0.9788732394366197,0.25876777251184835,0.9612676056338029,0.2616113744075829,0.971830985915493
84,0.24157303370786518,0.9084507042253521,0.24157303370786518,0.9084507042253521,0.2350187265917603,0.8838028169014085,0.24531835205992508,0.9225352112676056,0.22659176029962547,0.852112676056338,0.25280898876404495,0.9507042253521126,0.25187265917602997,0.9471830985915493,0.25374531835205993,0.954225352112676,0.23127340823970038,0.8697183098591549,0.24157303370786518,0.9084507042253521,0.21816479400749064,0.8204225352112676,0.25280898876404495,0.9507042253521126,0.24531835205992508,0.9225352112676056,0.24531835205992508,0.9225352112676056,0.2565543071161049,0.9647887323943662,0.2546816479400749,0.9577464788732394,0.2350187265917603,0.8838028169014085,0.2612359550561798,0.9823943661971831,0.25749063670411987,0.9683098591549296,0.2546816479400749,0.9577464788732394,0.23127340823970038,0.8697183098591549,0.24531835205992508,0.9225352112676056,0.2397003745318352,0.9014084507042254,0.26217228464419473,0.9859154929577465,0.25280898876404495,0.9507042253521126,0.25280898876404495,0.9507042253521126,0.2397003745318352,0.9014084507042254,0.25,0.9401408450704225,0.21629213483146068,0.8133802816901409,0.2556179775280899,0.9612676056338029,0.23314606741573032,0.8767605633802817,0.25280898876404495,0.9507042253521126,0.21722846441947566,0.8169014084507042,0.25280898876404495,0.9507042253521126,0.25187265917602997,0.9471830985915493,0.2556179775280899,0.9612676056338029,0.25842696629213485,0.971830985915493,0.25842696629213485,0.971830985915493,0.2565543071161049,0.9647887323943662,0.25842696629213485,0.971830985915493,0.25374531835205993,0.954225352112676,0.2612359550561798,0.9823943661971831,0.2602996254681648,0.9788732394366197,0.24812734082397003,0.9330985915492958,0.22378277153558052,0.8415492957746479,0.25842696629213485,0.971830985915493,0.2546816479400749,0.9577464788732394,0.26217228464419473,0.9859154929577465,0.23876404494382023,0.897887323943662,0.23876404494382023,0.897887323943662,0.24344569288389514,0.9154929577464789,0.24812734082397003,0.9330985915492958,0.2209737827715356,0.8309859154929577,0.25280898876404495,0.9507042253521126,0.25,0.9401408450704225,0.2546816479400749,0.9577464788732394,0.2200374531835206,0.8274647887323944,0.23876404494382023,0.897887323943662,0.21161048689138576,0.795774647887324,0.25374531835205993,0.954225352112676,0.24531835205992508,0.9225352112676056,0.24531835205992508,0.9225352112676056,0.25749063670411987,0.9683098591549296,0.25374531835205993,0.954225352112676,0.22565543071161048,0.8485915492957746,0.2612359550561798,0.9823943661971831,0.25842696629213485,0.971830985915493,0.2556179775280899,0.9612676056338029,0.20880149812734083,0.7852112676056338,0.24531835205992508,0.9225352112676056,0.24250936329588016,0.9119718309859155,0.26217228464419473,0.9859154929577465,0.25936329588014984,0.9753521126760564,0.2631086142322097,0.9894366197183099,0.2612359550561798,0.9823943661971831,0.2612359550561798,0.9823943661971831,0.22846441947565543,0.8591549295774648,0.2556179775280899,0.9612676056338029,0.2565543071161049,0.9647887323943662,0.24812734082397003,0.9330985915492958,0.2350187265917603,0.8838028169014085,0.2602996254681648,0.9788732394366197,0.25749063670411987,0.9683098591549296,0.25374531835205993,0.954225352112676,0.2612359550561798,0.9823943661971831,0.2631086142322097,0.9894366197183099,0.2640449438202247,0.9929577464788732,0.2640449438202247,0.9929577464788732,0.23876404494382023,0.897887323943662,0.25936329588014984,0.9753521126760564,0.25749063670411987,0.9683098591549296,0.24906367041198502,0.9366197183098591,0.23689138576779026,0.8908450704225352,0.26217228464419473,0.9859154929577465,0.25842696629213485,0.971830985915493,0.25842696629213485,0.971830985915493
85,0.23959296947271044,0.9119718309859155,0.23959296947271044,0.9119718309859155,0.23866790009250693,0.9084507042253521,0.2488436632747456,0.9471830985915493,0.2247918593894542,0.8556338028169014,0.24976873265494912,0.9507042253521126,0.2506938020351526,0.954225352112676,0.25161887141535616,0.9577464788732394,0.23681776133209992,0.9014084507042254,0.23866790009250693,0.9084507042253521,0.22294172062904719,0.8485915492957746,0.2506938020351526,0.954225352112676,0.242368177613321,0.9225352112676056,0.242368177613321,0.9225352112676056,0.2534690101757632,0.9647887323943662,0.2534690101757632,0.9647887323943662,0.23311748381128586,0.8873239436619719,0.2590194264569843,0.9859154929577465,0.2553191489361702,0.971830985915493,0.2534690101757632,0.9647887323943662,0.23681776133209992,0.9014084507042254,0.242368177613321,0.9225352112676056,0.24051803885291398,0.9154929577464789,0.2590194264569843,0.9859154929577465,0.2506938020351526,0.954225352112676,0.2506938020351526,0.954225352112676,0.24514338575393155,0.9330985915492958,0.25254394079555964,0.9612676056338029,0.21461609620721553,0.8169014084507042,0.25254394079555964,0.9612676056338029,0.23404255319148937,0.8908450704225352,0.2506938020351526,0.954225352112676,0.21554116558741906,0.8204225352112676,0.2506938020351526,0.954225352112676,0.2506938020351526,0.954225352112676,0.25254394079555964,0.9612676056338029,0.25624421831637373,0.9753521126760564,0.25624421831637373,0.9753521126760564,0.2543940795559667,0.9683098591549296,0.2553191489361702,0.971830985915493,0.25161887141535616,0.9577464788732394,0.2590194264569843,0.9859154929577465,0.25716928769657726,0.9788732394366197,0.24514338575393155,0.9330985915492958,0.22109158186864014,0.8415492957746479,0.25624421831637373,0.9753521126760564,0.2543940795559667,0.9683098591549296,0.2599444958371878,0.9894366197183099,0.23681776133209992,0.9014084507042254,0.23681776133209992,0.9014084507042254,0.24606845513413506,0.9366197183098591,0.25254394079555964,0.9612676056338029,0.21924144310823312,0.8345070422535211,0.2506938020351526,0.954225352112676,0.2506938020351526,0.954225352112676,0.25254394079555964,0.9612676056338029,0.21739130434782608,0.8274647887323944,0.23681776133209992,0.9014084507042254,0.2127659574468085,0.8098591549295775,0.25161887141535616,0.9577464788732394,0.2432932469935245,0.926056338028169,0.2432932469935245,0.926056338028169,0.2553191489361702,0.971830985915493,0.2506938020351526,0.954225352112676,0.2247918593894542,0.8556338028169014,0.2590194264569843,0.9859154929577465,0.2553191489361702,0.971830985915493,0.25254394079555964,0.9612676056338029,0.2062904717853839,0.7852112676056338,0.2432932469935245,0.926056338028169,0.2414431082331175,0.9190140845070423,0.2590194264569843,0.9859154929577465,0.25809435707678074,0.9823943661971831,0.2599444958371878,0.9894366197183099,0.25809435707678074,0.9823943661971831,0.25809435707678074,0.9823943661971831,0.22664199814986125,0.8626760563380281,0.25254394079555964,0.9612676056338029,0.2534690101757632,0.9647887323943662,0.24514338575393155,0.9330985915492958,0.23589269195189638,0.897887323943662,0.25716928769657726,0.9788732394366197,0.2553191489361702,0.971830985915493,0.2534690101757632,0.9647887323943662,0.2590194264569843,0.9859154929577465,0.2608695652173913,0.9929577464788732,0.2608695652173913,0.9929577464788732,0.2608695652173913,0.9929577464788732,0.23589269195189638,0.897887323943662,0.25716928769657726,0.9788732394366197,0.25716928769657726,0.9788732394366197,0.24699352451433856,0.9401408450704225,0.23681776133209992,0.9014084507042254,0.2599444958371878,0.9894366197183099,0.2553191489361702,0.971830985915493,0.25624421831637373,0.9753521126760564
86,0.23787740164684354,0.9154929577464789,0.23787740164684354,0.9154929577464789,0.24062214089661482,0.926056338028169,0.24794144556267156,0.954225352112676,0.22415370539798718,0.8626760563380281,0.24702653247941445,0.9507042253521126,0.24794144556267156,0.954225352112676,0.2516010978956999,0.9683098591549296,0.23696248856358645,0.9119718309859155,0.23787740164684354,0.9154929577464789,0.2232387923147301,0.8591549295774648,0.24794144556267156,0.954225352112676,0.24062214089661482,0.926056338028169,0.24062214089661482,0.926056338028169,0.2506861848124428,0.9647887323943662,0.2516010978956999,0.9683098591549296,0.23055809698078683,0.8873239436619719,0.2561756633119854,0.9859154929577465,0.25434583714547115,0.9788732394366197,0.252516010978957,0.971830985915493,0.23787740164684354,0.9154929577464789,0.24062214089661482,0.926056338028169,0.2415370539798719,0.9295774647887324,0.2561756633119854,0.9859154929577465,0.24794144556267156,0.954225352112676,0.24794144556267156,0.954225352112676,0.24794144556267156,0.954225352112676,0.24977127172918573,0.9612676056338029,0.21774931381518756,0.8380281690140845,0.24977127172918573,0.9612676056338029,0.23696248856358645,0.9119718309859155,0.24885635864592864,0.9577464788732394,0.21866422689844464,0.8415492957746479,0.24794144556267156,0.954225352112676,0.24794144556267156,0.954225352112676,0.24977127172918573,0.9612676056338029,0.25343092406221407,0.9753521126760564,0.25343092406221407,0.9753521126760564,0.2516010978956999,0.9683098591549296,0.252516010978957,0.971830985915493,0.2516010978956999,0.9683098591549296,0.2561756633119854,0.9859154929577465,0.2552607502287283,0.9823943661971831,0.242451967063129,0.9330985915492958,0.222323879231473,0.8556338028169014,0.25343092406221407,0.9753521126760564,0.2552607502287283,0.9823943661971831,0.25709057639524246,0.9894366197183099,0.2342177493138152,0.9014084507042254,0.2342177493138152,0.9014084507042254,0.24794144556267156,0.954225352112676,0.24977127172918573,0.9612676056338029,0.21866422689844464,0.8415492957746479,0.24794144556267156,0.954225352112676,0.24794144556267156,0.954225352112676,0.24977127172918573,0.9612676056338029,0.21591948764867339,0.8309859154929577,0.2342177493138152,0.9014084507042254,0.2140896614821592,0.823943661971831,0.24885635864592864,0.9577464788732394,0.24062214089661482,0.926056338028169,0.24062214089661482,0.926056338028169,0.25343092406221407,0.9753521126760564,0.24977127172918573,0.9612676056338029,0.2250686184812443,0.8661971830985915,0.2561756633119854,0.9859154929577465,0.25434583714547115,0.9788732394366197,0.24977127172918573,0.9612676056338029,0.2040256175663312,0.7852112676056338,0.24062214089661482,0.926056338028169,0.2415370539798719,0.9295774647887324,0.2561756633119854,0.9859154929577465,0.2561756633119854,0.9859154929577465,0.25800548947849955,0.9929577464788732,0.2561756633119854,0.9859154929577465,0.25709057639524246,0.9894366197183099,0.22598353156450138,0.8697183098591549,0.2506861848124428,0.9647887323943662,0.2506861848124428,0.9647887323943662,0.24611161939615736,0.9471830985915493,0.23604757548032937,0.9084507042253521,0.25709057639524246,0.9894366197183099,0.252516010978957,0.971830985915493,0.2516010978956999,0.9683098591549296,0.25709057639524246,0.9894366197183099,0.25800548947849955,0.9929577464788732,0.25800548947849955,0.9929577464788732,0.25800548947849955,0.9929577464788732,0.23513266239707228,0.9049295774647887,0.25434583714547115,0.9788732394366197,0.2552607502287283,0.9823943661971831,0.24794144556267156,0.954225352112676,0.23513266239707228,0.9049295774647887,0.25709057639524246,0.9894366197183099,0.25343092406221407,0.9753521126760564,0.25434583714547115,0.9788732394366197
87,0.23508137432188064,0.9154929577464789,0.23508137432188064,0.9154929577464789,0.24321880650994576,0.9471830985915493,0.24502712477396021,0.954225352112676,0.22332730560578662,0.8697183098591549,0.244122965641953,0.9507042253521126,0.24593128390596744,0.9577464788732394,0.24864376130198915,0.9683098591549296,0.23779385171790235,0.926056338028169,0.23508137432188064,0.9154929577464789,0.22332730560578662,0.8697183098591549,0.24502712477396021,0.954225352112676,0.23779385171790235,0.926056338028169,0.23779385171790235,0.926056338028169,0.24864376130198915,0.9683098591549296,0.24864376130198915,0.9683098591549296,0.23056057866184448,0.897887323943662,0.25316455696202533,0.9859154929577465,0.2522603978300181,0.9823943661971831,0.24954792043399637,0.971830985915493,0.23960216998191683,0.9330985915492958,0.23779385171790235,0.926056338028169,0.24050632911392406,0.9366197183098591,0.25406871609403253,0.9894366197183099,0.24593128390596744,0.9577464788732394,0.24593128390596744,0.9577464788732394,0.2468354430379747,0.9612676056338029,0.2468354430379747,0.9612676056338029,0.22332730560578662,0.8697183098591549,0.2468354430379747,0.9612676056338029,0.244122965641953,0.9507042253521126,0.24773960216998192,0.9647887323943662,0.21609403254972875,0.8415492957746479,0.24593128390596744,0.9577464788732394,0.24502712477396021,0.954225352112676,0.2468354430379747,0.9612676056338029,0.2513562386980108,0.9788732394366197,0.2513562386980108,0.9788732394366197,0.24954792043399637,0.971830985915493,0.2504520795660036,0.9753521126760564,0.24954792043399637,0.971830985915493,0.25406871609403253,0.9894366197183099,0.25316455696202533,0.9859154929577465,0.24050632911392406,0.9366197183098591,0.22151898734177214,0.8626760563380281,0.2513562386980108,0.9788732394366197,0.25316455696202533,0.9859154929577465,0.25406871609403253,0.9894366197183099,0.23236889692585896,0.9049295774647887,0.23236889692585896,0.9049295774647887,0.24502712477396021,0.954225352112676,0.2468354430379747,0.9612676056338029,0.21880650994575046,0.852112676056338,0.24502712477396021,0.954225352112676,0.24502712477396021,0.954225352112676,0.24773960216998192,0.9647887323943662,0.21518987341772153,0.8380281690140845,0.23236889692585896,0.9049295774647887,0.21247739602169982,0.8274647887323944,0.24593128390596744,0.9577464788732394,0.23779385171790235,0.926056338028169,0.23779385171790235,0.926056338028169,0.2513562386980108,0.9788732394366197,0.24773960216998192,0.9647887323943662,0.22423146473779385,0.8732394366197183,0.25316455696202533,0.9859154929577465,0.2522603978300181,0.9823943661971831,0.24773960216998192,0.9647887323943662,0.20162748643761302,0.7852112676056338,0.23960216998191683,0.9330985915492958,0.24141048824593128,0.9401408450704225,0.25316455696202533,0.9859154929577465,0.2549728752260398,0.9929577464788732,0.25587703435804704,0.9964788732394366,0.2549728752260398,0.9929577464788732,0.2549728752260398,0.9929577464788732,0.22603978300180833,0.8802816901408451,0.24864376130198915,0.9683098591549296,0.24954792043399637,0.971830985915493,0.24593128390596744,0.9577464788732394,0.2359855334538879,0.9190140845070423,0.2549728752260398,0.9929577464788732,0.2504520795660036,0.9753521126760564,0.24864376130198915,0.9683098591549296,0.25587703435804704,0.9964788732394366,0.25587703435804704,0.9964788732394366,0.2549728752260398,0.9929577464788732,0.2549728752260398,0.9929577464788732,0.23417721518987342,0.9119718309859155,0.2522603978300181,0.9823943661971831,0.25316455696202533,0.9859154929577465,0.24593128390596744,0.9577464788732394,0.23688969258589512,0.9225352112676056,0.2549728752260398,0.9929577464788732,0.2504520795660036,0.9753521126760564,0.2522603978300181,0.9823943661971831
88,0.23324396782841822,0.9190140845070423,0.23324396782841822,0.9190140845070423,0.2421805183199285,0.954225352112676,0.24307417336907952,0.9577464788732394,0.2225201072386059,0.8767605633802817,0.2421805183199285,0.954225352112676,0.24307417336907952,0.9577464788732394,0.24664879356568364,0.971830985915493,0.2359249329758713,0.9295774647887324,0.23324396782841822,0.9190140845070423,0.22788203753351208,0.897887323943662,0.2421805183199285,0.954225352112676,0.2350312779267203,0.926056338028169,0.2350312779267203,0.926056338028169,0.2484361036639857,0.9788732394366197,0.24754244861483468,0.9753521126760564,0.22966934763181412,0.9049295774647887,0.2511170688114388,0.9894366197183099,0.25022341376228774,0.9859154929577465,0.24754244861483468,0.9753521126760564,0.2421805183199285,0.954225352112676,0.2350312779267203,0.926056338028169,0.24039320822162646,0.9471830985915493,0.2511170688114388,0.9894366197183099,0.24396782841823056,0.9612676056338029,0.24396782841823056,0.9612676056338029,0.24396782841823056,0.9612676056338029,0.24396782841823056,0.9612676056338029,0.22073279714030383,0.8697183098591549,0.24396782841823056,0.9612676056338029,0.24396782841823056,0.9612676056338029,0.2457551385165326,0.9683098591549296,0.21715817694369974,0.8556338028169014,0.24396782841823056,0.9612676056338029,0.24307417336907952,0.9577464788732394,0.24396782841823056,0.9612676056338029,0.2484361036639857,0.9788732394366197,0.2484361036639857,0.9788732394366197,0.24754244861483468,0.9753521126760564,0.2484361036639857,0.9788732394366197,0.24664879356568364,0.971830985915493,0.2511170688114388,0.9894366197183099,0.25022341376228774,0.9859154929577465,0.23771224307417338,0.9366197183098591,0.21983914209115282,0.8661971830985915,0.2484361036639857,0.9788732394366197,0.25022341376228774,0.9859154929577465,0.2511170688114388,0.9894366197183099,0.2323503127792672,0.9154929577464789,0.2323503127792672,0.9154929577464789,0.24307417336907952,0.9577464788732394,0.2448614834673816,0.9647887323943662,0.21805183199285075,0.8591549295774648,0.24307417336907952,0.9577464788732394,0.24307417336907952,0.9577464788732394,0.2448614834673816,0.9647887323943662,0.21447721179624665,0.8450704225352113,0.2323503127792672,0.9154929577464789,0.21447721179624665,0.8450704225352113,0.24307417336907952,0.9577464788732394,0.2359249329758713,0.9295774647887324,0.2359249329758713,0.9295774647887324,0.24932975871313673,0.9823943661971831,0.2448614834673816,0.9647887323943662,0.2225201072386059,0.8767605633802817,0.2511170688114388,0.9894366197183099,0.25022341376228774,0.9859154929577465,0.2448614834673816,0.9647887323943662,0.19928507596067918,0.7852112676056338,0.23681858802502234,0.9330985915492958,0.24039320822162646,0.9471830985915493,0.2511170688114388,0.9894366197183099,0.2529043789097408,0.9964788732394366,0.2529043789097408,0.9964788732394366,0.2520107238605898,0.9929577464788732,0.2520107238605898,0.9929577464788732,0.22609472743521,0.8908450704225352,0.2457551385165326,0.9683098591549296,0.2484361036639857,0.9788732394366197,0.2448614834673816,0.9647887323943662,0.23413762287756926,0.9225352112676056,0.2529043789097408,0.9964788732394366,0.24754244861483468,0.9753521126760564,0.24664879356568364,0.971830985915493,0.2529043789097408,0.9964788732394366,0.2529043789097408,0.9964788732394366,0.2520107238605898,0.9929577464788732,0.2520107238605898,0.9929577464788732,0.23324396782841822,0.9190140845070423,0.24932975871313673,0.9823943661971831,0.25022341376228774,0.9859154929577465,0.2448614834673816,0.9647887323943662,0.23413762287756926,0.9225352112676056,0.2520107238605898,0.9929577464788732,0.24754244861483468,0.9753521126760564,0.24932975871313673,0.9823943661971831
89,0.23056537102473498,0.9190140845070423,0.23056537102473498,0.9190140845070423,0.2411660777385159,0.9612676056338029,0.2411660777385159,0.9612676056338029,0.21996466431095407,0.8767605633802817,0.2393992932862191,0.954225352112676,0.24028268551236748,0.9577464788732394,0.24469964664310953,0.9753521126760564,0.2393992932862191,0.954225352112676,0.23056537102473498,0.9190140845070423,0.22968197879858657,0.9154929577464789,0.2393992932862191,0.954225352112676,0.23498233215547704,0.9366197183098591,0.23498233215547704,0.9366197183098591,0.24646643109540636,0.9823943661971831,0.24469964664310953,0.9753521126760564,0.22791519434628976,0.9084507042253521,0.24823321554770317,0.9894366197183099,0.24734982332155478,0.9859154929577465,0.24558303886925795,0.9788732394366197,0.24469964664310953,0.9753521126760564,0.23498233215547704,0.9366197183098591,0.2393992932862191,0.954225352112676,0.24823321554770317,0.9894366197183099,0.2411660777385159,0.9612676056338029,0.2411660777385159,0.9612676056338029,0.2411660777385159,0.9612676056338029,0.2411660777385159,0.9612676056338029,0.21996466431095407,0.8767605633802817,0.2411660777385159,0.9612676056338029,0.2411660777385159,0.9612676056338029,0.24293286219081273,0.9683098591549296,0.21554770318021202,0.8591549295774648,0.2411660777385159,0.9612676056338029,0.2411660777385159,0.9612676056338029,0.2411660777385159,0.9612676056338029,0.24646643109540636,0.9823943661971831,0.24646643109540636,0.9823943661971831,0.24558303886925795,0.9788732394366197,0.24646643109540636,0.9823943661971831,0.24469964664310953,0.9753521126760564,0.24823321554770317,0.9894366197183099,0.24734982332155478,0.9859154929577465,0.23586572438162545,0.9401408450704225,0.22173144876325088,0.8838028169014085,0.24646643109540636,0.9823943661971831,0.24734982332155478,0.9859154929577465,0.24823321554770317,0.9894366197183099,0.22968197879858657,0.9154929577464789,0.22968197879858657,0.9154929577464789,0.24028268551236748,0.9577464788732394,0.2420494699646643,0.9647887323943662,0.21908127208480566,0.8732394366197183,0.2411660777385159,0.9612676056338029,0.24028268551236748,0.9577464788732394,0.2420494699646643,0.9647887323943662,0.21554770318021202,0.8591549295774648,0.22968197879858657,0.9154929577464789,0.21643109540636044,0.8626760563380281,0.2411660777385159,0.9612676056338029,0.23409893992932862,0.9330985915492958,0.23409893992932862,0.9330985915492958,0.24646643109540636,0.9823943661971831,0.24381625441696114,0.971830985915493,0.22173144876325088,0.8838028169014085,0.24823321554770317,0.9894366197183099,0.24734982332155478,0.9859154929577465,0.2420494699646643,0.9647887323943662,0.19699646643109542,0.7852112676056338,0.23586572438162545,0.9401408450704225,0.23851590106007067,0.9507042253521126,0.24823321554770317,0.9894366197183099,0.25,0.9964788732394366,0.25,0.9964788732394366,0.24911660777385158,0.9929577464788732,0.25,0.9964788732394366,0.22703180212014135,0.9049295774647887,0.24469964664310953,0.9753521126760564,0.24911660777385158,0.9929577464788732,0.24293286219081273,0.9683098591549296,0.23233215547703182,0.926056338028169,0.25,0.9964788732394366,0.24469964664310953,0.9753521126760564,0.24558303886925795,0.9788732394366197,0.25,0.9964788732394366,0.25,0.9964788732394366,0.24911660777385158,0.9929577464788732,0.24911660777385158,0.9929577464788732,0.2314487632508834,0.9225352112676056,0.24823321554770317,0.9894366197183099,0.24911660777385158,0.9929577464788732,0.24293286219081273,0.9683098591549296,0.2332155477031802,0.9295774647887324,0.25,0.9964788732394366,0.24469964664310953,0.9753521126760564,0.24646643109540636,0.9823943661971831
90,0.2298951048951049,0.926056338028169,0.2298951048951049,0.926056338028169,0.2395104895104895,0.9647887323943662,0.2395104895104895,0.9647887323943662,0.2202797202797203,0.8873239436619719,0.23863636363636365,0.9612676056338029,0.23776223776223776,0.9577464788732394,0.24213286713286714,0.9753521126760564,0.23776223776223776,0.9577464788732394,0.2298951048951049,0.926056338028169,0.229020979020979,0.9225352112676056,0.23776223776223776,0.9577464788732394,0.23339160839160839,0.9401408450704225,0.23339160839160839,0.9401408450704225,0.24388111888111888,0.9823943661971831,0.24388111888111888,0.9823943661971831,0.2263986013986014,0.9119718309859155,0.24562937062937062,0.9894366197183099,0.24475524475524477,0.9859154929577465,0.243006993006993,0.9788732394366197,0.243006993006993,0.9788732394366197,0.23426573426573427,0.9436619718309859,0.2395104895104895,0.9647887323943662,0.24562937062937062,0.9894366197183099,0.23863636363636365,0.9612676056338029,0.23863636363636365,0.9612676056338029,0.23863636363636365,0.9612676056338029,0.23863636363636365,0.9612676056338029,0.21853146853146854,0.8802816901408451,0.23863636363636365,0.9612676056338029,0.23863636363636365,0.9612676056338029,0.2403846153846154,0.9683098591549296,0.2194055944055944,0.8838028169014085,0.23863636363636365,0.9612676056338029,0.23863636363636365,0.9612676056338029,0.23863636363636365,0.9612676056338029,0.24562937062937062,0.9894366197183099,0.24562937062937062,0.9894366197183099,0.243006993006993,0.9788732394366197,0.24475524475524477,0.9859154929577465,0.24213286713286714,0.9753521126760564,0.24562937062937062,0.9894366197183099,0.24562937062937062,0.9894366197183099,0.2368881118881119,0.954225352112676,0.22202797202797203,0.8943661971830986,0.24562937062937062,0.9894366197183099,0.24475524475524477,0.9859154929577465,0.24737762237762237,0.9964788732394366,0.22727272727272727,0.9154929577464789,0.22727272727272727,0.9154929577464789,0.23863636363636365,0.9612676056338029,0.24125874125874125,0.971830985915493,0.2194055944055944,0.8838028169014085,0.23863636363636365,0.9612676056338029,0.23776223776223776,0.9577464788732394,0.2395104895104895,0.9647887323943662,0.21765734265734266,0.8767605633802817,0.22727272727272727,0.9154929577464789,0.21853146853146854,0.8802816901408451,0.2395104895104895,0.9647887323943662,0.23426573426573427,0.9436619718309859,0.23426573426573427,0.9436619718309859,0.24475524475524477,0.9859154929577465,0.24213286713286714,0.9753521126760564,0.2229020979020979,0.897887323943662,0.24562937062937062,0.9894366197183099,0.24475524475524477,0.9859154929577465,0.2403846153846154,0.9683098591549296,0.19755244755244755,0.795774647887324,0.23426573426573427,0.9436619718309859,0.23776223776223776,0.9577464788732394,0.24562937062937062,0.9894366197183099,0.24737762237762237,0.9964788732394366,0.24737762237762237,0.9964788732394366,0.24737762237762237,0.9964788732394366,0.24737762237762237,0.9964788732394366,0.2263986013986014,0.9119718309859155,0.243006993006993,0.9788732394366197,0.2465034965034965,0.9929577464788732,0.24125874125874125,0.971830985915493,0.23164335664335664,0.9330985915492958,0.24825174825174826,1.0,0.24213286713286714,0.9753521126760564,0.243006993006993,0.9788732394366197,0.24737762237762237,0.9964788732394366,0.24737762237762237,0.9964788732394366,0.2465034965034965,0.9929577464788732,0.2465034965034965,0.9929577464788732,0.2298951048951049,0.926056338028169,0.2465034965034965,0.9929577464788732,0.2465034965034965,0.9929577464788732,0.24125874125874125,0.971830985915493,0.23164335664335664,0.9330985915492958,0.24737762237762237,0.9964788732394366,0.24213286713286714,0.9753521126760564,0.24475524475524477,0.9859154929577465
91,0.22731201382886776,0.926056338028169,0.22731201382886776,0.926056338028169,0.23681936041486604,0.9647887323943662,0.23768366464995677,0.9683098591549296,0.22212618841832324,0.9049295774647887,0.23854796888504753,0.971830985915493,0.23768366464995677,0.9683098591549296,0.2394122731201383,0.9753521126760564,0.23509075194468454,0.9577464788732394,0.22817631806395852,0.9295774647887324,0.226447709593777,0.9225352112676056,0.23595505617977527,0.9612676056338029,0.23163353500432152,0.9436619718309859,0.23163353500432152,0.9436619718309859,0.24200518582541056,0.9859154929577465,0.2411408815903198,0.9823943661971831,0.2247191011235955,0.9154929577464789,0.2428694900605013,0.9894366197183099,0.24373379429559205,0.9929577464788732,0.24027657735522903,0.9788732394366197,0.2411408815903198,0.9823943661971831,0.23163353500432152,0.9436619718309859,0.23854796888504753,0.971830985915493,0.24373379429559205,0.9929577464788732,0.23595505617977527,0.9612676056338029,0.23595505617977527,0.9612676056338029,0.23595505617977527,0.9612676056338029,0.23595505617977527,0.9612676056338029,0.21866897147796024,0.8908450704225352,0.23595505617977527,0.9612676056338029,0.23595505617977527,0.9612676056338029,0.23768366464995677,0.9683098591549296,0.21780466724286948,0.8873239436619719,0.23595505617977527,0.9612676056338029,0.23595505617977527,0.9612676056338029,0.23595505617977527,0.9612676056338029,0.24373379429559205,0.9929577464788732,0.24373379429559205,0.9929577464788732,0.24027657735522903,0.9788732394366197,0.24200518582541056,0.9859154929577465,0.24027657735522903,0.9788732394366197,0.2428694900605013,0.9894366197183099,0.24373379429559205,0.9929577464788732,0.23422644770959378,0.954225352112676,0.2212618841832325,0.9014084507042254,0.24373379429559205,0.9929577464788732,0.24200518582541056,0.9859154929577465,0.2445980985306828,0.9964788732394366,0.2247191011235955,0.9154929577464789,0.2247191011235955,0.9154929577464789,0.23595505617977527,0.9612676056338029,0.23854796888504753,0.971830985915493,0.219533275713051,0.8943661971830986,0.23768366464995677,0.9683098591549296,0.23595505617977527,0.9612676056338029,0.23854796888504753,0.971830985915493,0.21866897147796024,0.8908450704225352,0.2247191011235955,0.9154929577464789,0.2212618841832325,0.9014084507042254,0.23768366464995677,0.9683098591549296,0.23336214347450301,0.9507042253521126,0.23336214347450301,0.9507042253521126,0.2428694900605013,0.9894366197183099,0.24027657735522903,0.9788732394366197,0.22039757994814174,0.897887323943662,0.2428694900605013,0.9894366197183099,0.24373379429559205,0.9929577464788732,0.23854796888504753,0.971830985915493,0.2031114952463267,0.8274647887323944,0.23249783923941228,0.9471830985915493,0.23854796888504753,0.971830985915493,0.24373379429559205,0.9929577464788732,0.2445980985306828,0.9964788732394366,0.2445980985306828,0.9964788732394366,0.2445980985306828,0.9964788732394366,0.2445980985306828,0.9964788732394366,0.22558340535868626,0.9190140845070423,0.24200518582541056,0.9859154929577465,0.2445980985306828,0.9964788732394366,0.23854796888504753,0.971830985915493,0.23076923076923078,0.9401408450704225,0.24546240276577355,1.0,0.24027657735522903,0.9788732394366197,0.2428694900605013,0.9894366197183099,0.2445980985306828,0.9964788732394366,0.2445980985306828,0.9964788732394366,0.24373379429559205,0.9929577464788732,0.24373379429559205,0.9929577464788732,0.22817631806395852,0.9295774647887324,0.2445980985306828,0.9964788732394366,0.24373379429559205,0.9929577464788732,0.23854796888504753,0.971830985915493,0.23076923076923078,0.9401408450704225,0.24546240276577355,1.0,0.2411408815903198,0.9823943661971831,0.2428694900605013,0.9894366197183099
92,0.22564102564102564,0.9295774647887324,0.22564102564102564,0.9295774647887324,0.2341880341880342,0.9647887323943662,0.2358974358974359,0.971830985915493,0.2230769230769231,0.9190140845070423,0.23675213675213674,0.9753521126760564,0.2358974358974359,0.971830985915493,0.23675213675213674,0.9753521126760564,0.2341880341880342,0.9647887323943662,0.22564102564102564,0.9295774647887324,0.22735042735042735,0.9366197183098591,0.2341880341880342,0.9647887323943662,0.2299145299145299,0.9471830985915493,0.2299145299145299,0.9471830985915493,0.23931623931623933,0.9859154929577465,0.23931623931623933,0.9859154929577465,0.2247863247863248,0.926056338028169,0.24102564102564103,0.9929577464788732,0.24188034188034188,0.9964788732394366,0.2376068376068376,0.9788732394366197,0.24017094017094018,0.9894366197183099,0.2299145299145299,0.9471830985915493,0.23675213675213674,0.9753521126760564,0.24188034188034188,0.9964788732394366,0.23333333333333334,0.9612676056338029,0.23333333333333334,0.9612676056338029,0.23333333333333334,0.9612676056338029,0.2341880341880342,0.9647887323943662,0.21623931623931625,0.8908450704225352,0.2341880341880342,0.9647887323943662,0.2341880341880342,0.9647887323943662,0.23504273504273504,0.9683098591549296,0.2222222222222222,0.9154929577464789,0.23333333333333334,0.9612676056338029,0.2341880341880342,0.9647887323943662,0.23504273504273504,0.9683098591549296,0.24273504273504273,1.0,0.24273504273504273,1.0,0.2376068376068376,0.9788732394366197,0.23931623931623933,0.9859154929577465,0.2376068376068376,0.9788732394366197,0.24102564102564103,0.9929577464788732,0.24102564102564103,0.9929577464788732,0.23162393162393163,0.954225352112676,0.2222222222222222,0.9154929577464789,0.24273504273504273,1.0,0.23931623931623933,0.9859154929577465,0.24188034188034188,0.9964788732394366,0.2247863247863248,0.926056338028169,0.2247863247863248,0.926056338028169,0.2341880341880342,0.9647887323943662,0.23675213675213674,0.9753521126760564,0.21965811965811965,0.9049295774647887,0.23504273504273504,0.9683098591549296,0.2341880341880342,0.9647887323943662,0.2358974358974359,0.971830985915493,0.2222222222222222,0.9154929577464789,0.2247863247863248,0.926056338028169,0.22136752136752136,0.9119718309859155,0.23504273504273504,0.9683098591549296,0.23076923076923078,0.9507042253521126,0.23076923076923078,0.9507042253521126,0.24017094017094018,0.9894366197183099,0.2376068376068376,0.9788732394366197,0.2205128205128205,0.9084507042253521,0.24188034188034188,0.9964788732394366,0.24188034188034188,0.9964788732394366,0.2358974358974359,0.971830985915493,0.20512820512820512,0.8450704225352113,0.23076923076923078,0.9507042253521126,0.23675213675213674,0.9753521126760564,0.24102564102564103,0.9929577464788732,0.24188034188034188,0.9964788732394366,0.24273504273504273,1.0,0.24273504273504273,1.0,0.24273504273504273,1.0,0.2264957264957265,0.9330985915492958,0.24102564102564103,0.9929577464788732,0.24273504273504273,1.0,0.2358974358974359,0.971830985915493,0.23333333333333334,0.9612676056338029,0.24273504273504273,1.0,0.23931623931623933,0.9859154929577465,0.24102564102564103,0.9929577464788732,0.24273504273504273,1.0,0.24273504273504273,1.0,0.24188034188034188,0.9964788732394366,0.24273504273504273,1.0,0.22564102564102564,0.9295774647887324,0.24188034188034188,0.9964788732394366,0.24102564102564103,0.9929577464788732,0.23675213675213674,0.9753521126760564,0.23247863247863249,0.9577464788732394,0.24273504273504273,1.0,0.23931623931623933,0.9859154929577465,0.24017094017094018,0.9894366197183099
93,0.22419627749576987,0.9330985915492958,0.22419627749576987,0.9330985915492958,0.23181049069373943,0.9647887323943662,0.233502538071066,0.971830985915493,0.2225042301184433,0.926056338028169,0.23519458544839256,0.9788732394366197,0.233502538071066,0.971830985915493,0.23434856175972926,0.9753521126760564,0.2326565143824027,0.9683098591549296,0.22419627749576987,0.9330985915492958,0.22842639593908629,0.9507042253521126,0.2326565143824027,0.9683098591549296,0.22758037225042302,0.9471830985915493,0.22758037225042302,0.9471830985915493,0.23688663282571912,0.9859154929577465,0.23688663282571912,0.9859154929577465,0.22419627749576987,0.9330985915492958,0.23942470389170897,0.9964788732394366,0.23942470389170897,0.9964788732394366,0.23519458544839256,0.9788732394366197,0.2377326565143824,0.9894366197183099,0.22758037225042302,0.9471830985915493,0.23434856175972926,0.9753521126760564,0.23942470389170897,0.9964788732394366,0.23096446700507614,0.9612676056338029,0.23096446700507614,0.9612676056338029,0.23096446700507614,0.9612676056338029,0.2326565143824027,0.9683098591549296,0.2225042301184433,0.926056338028169,0.23519458544839256,0.9788732394366197,0.2326565143824027,0.9683098591549296,0.233502538071066,0.971830985915493,0.22165820642978004,0.9225352112676056,0.23096446700507614,0.9612676056338029,0.2326565143824027,0.9683098591549296,0.2326565143824027,0.9683098591549296,0.24027072758037224,1.0,0.24027072758037224,1.0,0.23688663282571912,0.9859154929577465,0.2377326565143824,0.9894366197183099,0.23688663282571912,0.9859154929577465,0.23942470389170897,0.9964788732394366,0.23857868020304568,0.9929577464788732,0.2326565143824027,0.9683098591549296,0.2233502538071066,0.9295774647887324,0.24027072758037224,1.0,0.23688663282571912,0.9859154929577465,0.24027072758037224,1.0,0.22419627749576987,0.9330985915492958,0.22419627749576987,0.9330985915492958,0.23181049069373943,0.9647887323943662,0.23434856175972926,0.9753521126760564,0.22081218274111675,0.9190140845070423,0.233502538071066,0.971830985915493,0.2326565143824027,0.9683098591549296,0.233502538071066,0.971830985915493,0.22165820642978004,0.9225352112676056,0.22419627749576987,0.9330985915492958,0.22165820642978004,0.9225352112676056,0.233502538071066,0.971830985915493,0.22927241962774958,0.954225352112676,0.22927241962774958,0.954225352112676,0.2377326565143824,0.9894366197183099,0.23604060913705585,0.9823943661971831,0.22165820642978004,0.9225352112676056,0.23942470389170897,0.9964788732394366,0.23942470389170897,0.9964788732394366,0.233502538071066,0.971830985915493,0.20304568527918782,0.8450704225352113,0.23011844331641285,0.9577464788732394,0.23434856175972926,0.9753521126760564,0.23942470389170897,0.9964788732394366,0.24027072758037224,1.0,0.24027072758037224,1.0,0.24027072758037224,1.0,0.24027072758037224,1.0,0.22673434856175972,0.9436619718309859,0.23857868020304568,0.9929577464788732,0.24027072758037224,1.0,0.23604060913705585,0.9823943661971831,0.2326565143824027,0.9683098591549296,0.24027072758037224,1.0,0.23942470389170897,0.9964788732394366,0.24027072758037224,1.0,0.24027072758037224,1.0,0.24027072758037224,1.0,0.24027072758037224,1.0,0.24027072758037224,1.0,0.22673434856175972,0.9436619718309859,0.23942470389170897,0.9964788732394366,0.23857868020304568,0.9929577464788732,0.23604060913705585,0.9823943661971831,0.233502538071066,0.971830985915493,0.24027072758037224,1.0,0.23942470389170897,0.9964788732394366,0.23857868020304568,0.9929577464788732
94,0.22259414225941423,0.9366197183098591,0.22259414225941423,0.9366197183098591,0.2292887029288703,0.9647887323943662,0.2309623430962343,0.971830985915493,0.2217573221757322,0.9330985915492958,0.23263598326359833,0.9788732394366197,0.23263598326359833,0.9788732394366197,0.2317991631799163,0.9753521126760564,0.2309623430962343,0.971830985915493,0.22259414225941423,0.9366197183098591,0.2292887029288703,0.9647887323943662,0.2301255230125523,0.9683098591549296,0.22594142259414227,0.9507042253521126,0.22594142259414227,0.9507042253521126,0.23430962343096234,0.9859154929577465,0.23514644351464434,0.9894366197183099,0.22426778242677825,0.9436619718309859,0.23682008368200838,0.9964788732394366,0.23765690376569037,1.0,0.23263598326359833,0.9788732394366197,0.23514644351464434,0.9894366197183099,0.22594142259414227,0.9507042253521126,0.2317991631799163,0.9753521126760564,0.23765690376569037,1.0,0.2292887029288703,0.9647887323943662,0.2292887029288703,0.9647887323943662,0.2317991631799163,0.9753521126760564,0.2301255230125523,0.9683098591549296,0.22677824267782426,0.954225352112676,0.23347280334728032,0.9823943661971831,0.23347280334728032,0.9823943661971831,0.23263598326359833,0.9788732394366197,0.2217573221757322,0.9330985915492958,0.2292887029288703,0.9647887323943662,0.2301255230125523,0.9683098591549296,0.2301255230125523,0.9683098591549296,0.23765690376569037,1.0,0.23765690376569037,1.0,0.23430962343096234,0.9859154929577465,0.23514644351464434,0.9894366197183099,0.23598326359832636,0.9929577464788732,0.23682008368200838,0.9964788732394366,0.23682008368200838,0.9964788732394366,0.2317991631799163,0.9753521126760564,0.22510460251046024,0.9471830985915493,0.23765690376569037,1.0,0.23598326359832636,0.9929577464788732,0.23765690376569037,1.0,0.22343096234309623,0.9401408450704225,0.22343096234309623,0.9401408450704225,0.2301255230125523,0.9683098591549296,0.2317991631799163,0.9753521126760564,0.22092050209205022,0.9295774647887324,0.2309623430962343,0.971830985915493,0.23347280334728032,0.9823943661971831,0.2309623430962343,0.971830985915493,0.2200836820083682,0.926056338028169,0.22343096234309623,0.9401408450704225,0.2217573221757322,0.9330985915492958,0.23263598326359833,0.9788732394366197,0.22761506276150628,0.9577464788732394,0.22761506276150628,0.9577464788732394,0.23514644351464434,0.9894366197183099,0.23347280334728032,0.9823943661971831,0.22343096234309623,0.9401408450704225,0.23682008368200838,0.9964788732394366,0.23765690376569037,1.0,0.2317991631799163,0.9753521126760564,0.20585774058577405,0.8661971830985915,0.22845188284518828,0.9612676056338029,0.2317991631799163,0.9753521126760564,0.23682008368200838,0.9964788732394366,0.23765690376569037,1.0,0.23765690376569037,1.0,0.23765690376569037,1.0,0.23765690376569037,1.0,0.22677824267782426,0.954225352112676,0.23765690376569037,1.0,0.23765690376569037,1.0,0.23347280334728032,0.9823943661971831,0.23347280334728032,0.9823943661971831,0.23765690376569037,1.0,0.23682008368200838,0.9964788732394366,0.23765690376569037,1.0,0.23765690376569037,1.0,0.23765690376569037,1.0,0.23765690376569037,1.0,0.23765690376569037,1.0,0.22594142259414227,0.9507042253521126,0.23682008368200838,0.9964788732394366,0.23598326359832636,0.9929577464788732,0.23347280334728032,0.9823943661971831,0.23347280334728032,0.9823943661971831,0.23765690376569037,1.0,0.23682008368200838,0.9964788732394366,0.23682008368200838,0.9964788732394366
95,0.222682119205298,0.9471830985915493,0.222682119205298,0.9471830985915493,0.22764900662251655,0.9683098591549296,0.22847682119205298,0.971830985915493,0.22185430463576158,0.9436619718309859,0.23096026490066227,0.9823943661971831,0.23178807947019867,0.9859154929577465,0.2293046357615894,0.9753521126760564,0.22847682119205298,0.971830985915493,0.22350993377483444,0.9507042253521126,0.22847682119205298,0.971830985915493,0.2293046357615894,0.9753521126760564,0.2251655629139073,0.9577464788732394,0.2251655629139073,0.9577464788732394,0.2326158940397351,0.9894366197183099,0.2326158940397351,0.9894366197183099,0.22433774834437087,0.954225352112676,0.23427152317880795,0.9964788732394366,0.23509933774834438,1.0,0.23013245033112584,0.9788732394366197,0.2326158940397351,0.9894366197183099,0.2251655629139073,0.9577464788732394,0.2293046357615894,0.9753521126760564,0.23509933774834438,1.0,0.2293046357615894,0.9753521126760564,0.2293046357615894,0.9753521126760564,0.2293046357615894,0.9753521126760564,0.2293046357615894,0.9753521126760564,0.22847682119205298,0.971830985915493,0.23096026490066227,0.9823943661971831,0.23096026490066227,0.9823943661971831,0.23096026490066227,0.9823943661971831,0.22019867549668873,0.9366197183098591,0.2293046357615894,0.9753521126760564,0.23096026490066227,0.9823943661971831,0.23013245033112584,0.9788732394366197,0.23509933774834438,1.0,0.23509933774834438,1.0,0.2326158940397351,0.9894366197183099,0.2326158940397351,0.9894366197183099,0.23344370860927152,0.9929577464788732,0.23427152317880795,0.9964788732394366,0.23509933774834438,1.0,0.23096026490066227,0.9823943661971831,0.22433774834437087,0.954225352112676,0.23509933774834438,1.0,0.23509933774834438,1.0,0.23509933774834438,1.0,0.22433774834437087,0.954225352112676,0.22433774834437087,0.954225352112676,0.22847682119205298,0.971830985915493,0.23013245033112584,0.9788732394366197,0.22185430463576158,0.9436619718309859,0.2293046357615894,0.9753521126760564,0.23344370860927152,0.9929577464788732,0.2293046357615894,0.9753521126760564,0.2185430463576159,0.9295774647887324,0.22350993377483444,0.9507042253521126,0.22433774834437087,0.954225352112676,0.23178807947019867,0.9859154929577465,0.2259933774834437,0.9612676056338029,0.2259933774834437,0.9612676056338029,0.2326158940397351,0.9894366197183099,0.23096026490066227,0.9823943661971831,0.22185430463576158,0.9436619718309859,0.23427152317880795,0.9964788732394366,0.23509933774834438,1.0,0.2293046357615894,0.9753521126760564,0.2119205298013245,0.9014084507042254,0.2259933774834437,0.9612676056338029,0.2293046357615894,0.9753521126760564,0.23509933774834438,1.0,0.23509933774834438,1.0,0.23509933774834438,1.0,0.23509933774834438,1.0,0.23509933774834438,1.0,0.2259933774834437,0.9612676056338029,0.23509933774834438,1.0,0.23509933774834438,1.0,0.23096026490066227,0.9823943661971831,0.23096026490066227,0.9823943661971831,0.23509933774834438,1.0,0.23427152317880795,0.9964788732394366,0.23509933774834438,1.0,0.23509933774834438,1.0,0.23509933774834438,1.0,0.23509933774834438,1.0,0.23509933774834438,1.0,0.2251655629139073,0.9577464788732394,0.23427152317880795,0.9964788732394366,0.23344370860927152,0.9929577464788732,0.23096026490066227,0.9823943661971831,0.23096026490066227,0.9823943661971831,0.23509933774834438,1.0,0.23427152317880795,0.9964788732394366,0.23509933774834438,1.0
96,0.22276822276822278,0.9577464788732394,0.22276822276822278,0.9577464788732394,0.22604422604422605,0.971830985915493,0.22604422604422605,0.971830985915493,0.2203112203112203,0.9471830985915493,0.2285012285012285,0.9823943661971831,0.23013923013923013,0.9894366197183099,0.22768222768222768,0.9788732394366197,0.22604422604422605,0.971830985915493,0.22276822276822278,0.9577464788732394,0.2285012285012285,0.9823943661971831,0.22768222768222768,0.9788732394366197,0.22276822276822278,0.9577464788732394,0.22276822276822278,0.9577464788732394,0.23013923013923013,0.9894366197183099,0.23013923013923013,0.9894366197183099,0.22358722358722358,0.9612676056338029,0.2325962325962326,1.0,0.2325962325962326,1.0,0.22932022932022933,0.9859154929577465,0.23013923013923013,0.9894366197183099,0.22276822276822278,0.9577464788732394,0.22768222768222768,0.9788732394366197,0.2325962325962326,1.0,0.22768222768222768,0.9788732394366197,0.22686322686322685,0.9753521126760564,0.22686322686322685,0.9753521126760564,0.2285012285012285,0.9823943661971831,0.22768222768222768,0.9788732394366197,0.2285012285012285,0.9823943661971831,0.2285012285012285,0.9823943661971831,0.2285012285012285,0.9823943661971831,0.22113022113022113,0.9507042253521126,0.22686322686322685,0.9753521126760564,0.2285012285012285,0.9823943661971831,0.2285012285012285,0.9823943661971831,0.2325962325962326,1.0,0.2325962325962326,1.0,0.23095823095823095,0.9929577464788732,0.23095823095823095,0.9929577464788732,0.23177723177723178,0.9964788732394366,0.2325962325962326,1.0,0.2325962325962326,1.0,0.2285012285012285,0.9823943661971831,0.22358722358722358,0.9612676056338029,0.2325962325962326,1.0,0.2325962325962326,1.0,0.2325962325962326,1.0,0.2244062244062244,0.9647887323943662,0.2244062244062244,0.9647887323943662,0.22686322686322685,0.9753521126760564,0.22768222768222768,0.9788732394366197,0.22113022113022113,0.9507042253521126,0.22686322686322685,0.9753521126760564,0.23095823095823095,0.9929577464788732,0.22686322686322685,0.9753521126760564,0.21785421785421785,0.9366197183098591,0.22522522522522523,0.9683098591549296,0.22768222768222768,0.9788732394366197,0.22932022932022933,0.9859154929577465,0.22522522522522523,0.9683098591549296,0.22522522522522523,0.9683098591549296,0.23013923013923013,0.9894366197183099,0.2285012285012285,0.9823943661971831,0.22194922194922195,0.954225352112676,0.2325962325962326,1.0,0.2325962325962326,1.0,0.22686322686322685,0.9753521126760564,0.21294021294021295,0.9154929577464789,0.22522522522522523,0.9683098591549296,0.22932022932022933,0.9859154929577465,0.2325962325962326,1.0,0.2325962325962326,1.0,0.2325962325962326,1.0,0.2325962325962326,1.0,0.2325962325962326,1.0,0.22686322686322685,0.9753521126760564,0.2325962325962326,1.0,0.2325962325962326,1.0,0.23013923013923013,0.9894366197183099,0.23013923013923013,0.9894366197183099,0.2325962325962326,1.0,0.23177723177723178,0.9964788732394366,0.2325962325962326,1.0,0.2325962325962326,1.0,0.2325962325962326,1.0,0.2325962325962326,1.0,0.2325962325962326,1.0,0.2244062244062244,0.9647887323943662,0.23177723177723178,0.9964788732394366,0.23095823095823095,0.9929577464788732,0.23013923013923013,0.9894366197183099,0.23013923013923013,0.9894366197183099,0.2325962325962326,1.0,0.23177723177723178,0.9964788732394366,0.2325962325962326,1.0
97,0.22060016220600162,0.9577464788732394,0.22060016220600162,0.9577464788732394,0.22384428223844283,0.971830985915493,0.22546634225466342,0.9788732394366197,0.2197891321978913,0.954225352112676,0.22627737226277372,0.9823943661971831,0.2278994322789943,0.9894366197183099,0.22627737226277372,0.9823943661971831,0.22384428223844283,0.971830985915493,0.22060016220600162,0.9577464788732394,0.22627737226277372,0.9823943661971831,0.22546634225466342,0.9788732394366197,0.22060016220600162,0.9577464788732394,0.22060016220600162,0.9577464788732394,0.2278994322789943,0.9894366197183099,0.22871046228710462,0.9929577464788732,0.2222222222222222,0.9647887323943662,0.2303325223033252,1.0,0.2303325223033252,1.0,0.22708840227088403,0.9859154929577465,0.2278994322789943,0.9894366197183099,0.22060016220600162,0.9577464788732394,0.22627737226277372,0.9823943661971831,0.2303325223033252,1.0,0.22627737226277372,0.9823943661971831,0.22627737226277372,0.9823943661971831,0.22627737226277372,0.9823943661971831,0.22627737226277372,0.9823943661971831,0.22871046228710462,0.9929577464788732,0.22627737226277372,0.9823943661971831,0.22627737226277372,0.9823943661971831,0.22627737226277372,0.9823943661971831,0.21897810218978103,0.9507042253521126,0.22627737226277372,0.9823943661971831,0.22627737226277372,0.9823943661971831,0.22627737226277372,0.9823943661971831,0.2303325223033252,1.0,0.2303325223033252,1.0,0.2303325223033252,1.0,0.2303325223033252,1.0,0.2303325223033252,1.0,0.2303325223033252,1.0,0.2303325223033252,1.0,0.22708840227088403,0.9859154929577465,0.22627737226277372,0.9823943661971831,0.2303325223033252,1.0,0.2303325223033252,1.0,0.2303325223033252,1.0,0.22384428223844283,0.971830985915493,0.22384428223844283,0.971830985915493,0.22546634225466342,0.9788732394366197,0.22627737226277372,0.9823943661971831,0.2222222222222222,0.9647887323943662,0.22627737226277372,0.9823943661971831,0.22871046228710462,0.9929577464788732,0.22627737226277372,0.9823943661971831,0.21654501216545013,0.9401408450704225,0.22384428223844283,0.971830985915493,0.22627737226277372,0.9823943661971831,0.22708840227088403,0.9859154929577465,0.22384428223844283,0.971830985915493,0.22384428223844283,0.971830985915493,0.22871046228710462,0.9929577464788732,0.22627737226277372,0.9823943661971831,0.2222222222222222,0.9647887323943662,0.2303325223033252,1.0,0.2303325223033252,1.0,0.22627737226277372,0.9823943661971831,0.21816707218167072,0.9471830985915493,0.22465531224655313,0.9753521126760564,0.2278994322789943,0.9894366197183099,0.2303325223033252,1.0,0.2303325223033252,1.0,0.2303325223033252,1.0,0.2303325223033252,1.0,0.2303325223033252,1.0,0.22627737226277372,0.9823943661971831,0.2303325223033252,1.0,0.2303325223033252,1.0,0.22952149229521493,0.9964788732394366,0.2278994322789943,0.9894366197183099,0.2303325223033252,1.0,0.22952149229521493,0.9964788732394366,0.2303325223033252,1.0,0.2303325223033252,1.0,0.2303325223033252,1.0,0.2303325223033252,1.0,0.2303325223033252,1.0,0.22546634225466342,0.9788732394366197,0.2303325223033252,1.0,0.2303325223033252,1.0,0.22952149229521493,0.9964788732394366,0.2278994322789943,0.9894366197183099,0.2303325223033252,1.0,0.22952149229521493,0.9964788732394366,0.2303325223033252,1.0
98,0.21910112359550563,0.9612676056338029,0.21910112359550563,0.9612676056338029,0.22391653290529695,0.9823943661971831,0.2247191011235955,0.9859154929577465,0.21990369181380418,0.9647887323943662,0.22391653290529695,0.9823943661971831,0.22552166934189405,0.9894366197183099,0.2247191011235955,0.9859154929577465,0.22552166934189405,0.9894366197183099,0.21910112359550563,0.9612676056338029,0.22391653290529695,0.9823943661971831,0.22552166934189405,0.9894366197183099,0.21910112359550563,0.9612676056338029,0.21910112359550563,0.9612676056338029,0.22632423756019263,0.9929577464788732,0.22712680577849118,0.9964788732394366,0.21990369181380418,0.9647887323943662,0.22792937399678972,1.0,0.22792937399678972,1.0,0.2247191011235955,0.9859154929577465,0.22552166934189405,0.9894366197183099,0.21910112359550563,0.9612676056338029,0.2247191011235955,0.9859154929577465,0.22792937399678972,1.0,0.22391653290529695,0.9823943661971831,0.22391653290529695,0.9823943661971831,0.22391653290529695,0.9823943661971831,0.22391653290529695,0.9823943661971831,0.22792937399678972,1.0,0.22391653290529695,0.9823943661971831,0.22391653290529695,0.9823943661971831,0.22391653290529695,0.9823943661971831,0.2174959871589085,0.954225352112676,0.22391653290529695,0.9823943661971831,0.22391653290529695,0.9823943661971831,0.22391653290529695,0.9823943661971831,0.22792937399678972,1.0,0.22792937399678972,1.0,0.22792937399678972,1.0,0.22792937399678972,1.0,0.22792937399678972,1.0,0.22792937399678972,1.0,0.22792937399678972,1.0,0.22632423756019263,0.9929577464788732,0.22552166934189405,0.9894366197183099,0.22792937399678972,1.0,0.22792937399678972,1.0,0.22792937399678972,1.0,0.2231139646869984,0.9788732394366197,0.2231139646869984,0.9788732394366197,0.22552166934189405,0.9894366197183099,0.22552166934189405,0.9894366197183099,0.22391653290529695,0.9823943661971831,0.22552166934189405,0.9894366197183099,0.22712680577849118,0.9964788732394366,0.22391653290529695,0.9823943661971831,0.21910112359550563,0.9612676056338029,0.22391653290529695,0.9823943661971831,0.22391653290529695,0.9823943661971831,0.2247191011235955,0.9859154929577465,0.2231139646869984,0.9788732394366197,0.2231139646869984,0.9788732394366197,0.22632423756019263,0.9929577464788732,0.2247191011235955,0.9859154929577465,0.22231139646869985,0.9753521126760564,0.22792937399678972,1.0,0.22792937399678972,1.0,0.22391653290529695,0.9823943661971831,0.2158908507223114,0.9471830985915493,0.2231139646869984,0.9788732394366197,0.22552166934189405,0.9894366197183099,0.22792937399678972,1.0,0.22792937399678972,1.0,0.22792937399678972,1.0,0.22792937399678972,1.0,0.22792937399678972,1.0,0.22552166934189405,0.9894366197183099,0.22792937399678972,1.0,0.22792937399678972,1.0,0.22712680577849118,0.9964788732394366,0.22632423756019263,0.9929577464788732,0.22792937399678972,1.0,0.22792937399678972,1.0,0.22792937399678972,1.0,0.22792937399678972,1.0,0.22792937399678972,1.0,0.22792937399678972,1.0,0.22792937399678972,1.0,0.22391653290529695,0.9823943661971831,0.22792937399678972,1.0,0.22792937399678972,1.0,0.22712680577849118,0.9964788732394366,0.22632423756019263,0.9929577464788732,0.22792937399678972,1.0,0.22792937399678972,1.0,0.22792937399678972,1.0
99,0.2200158856235107,0.9753521126760564,0.2200158856235107,0.9753521126760564,0.22319301032565528,0.9894366197183099,0.22319301032565528,0.9894366197183099,0.2200158856235107,0.9753521126760564,0.22319301032565528,0.9894366197183099,0.22398729150119143,0.9929577464788732,0.22239872915011913,0.9859154929577465,0.2255758538522637,1.0,0.2200158856235107,0.9753521126760564,0.221604447974583,0.9823943661971831,0.22398729150119143,0.9929577464788732,0.2200158856235107,0.9753521126760564,0.2200158856235107,0.9753521126760564,0.22478157267672755,0.9964788732394366,0.22478157267672755,0.9964788732394366,0.2200158856235107,0.9753521126760564,0.2255758538522637,1.0,0.2255758538522637,1.0,0.22239872915011913,0.9859154929577465,0.22319301032565528,0.9894366197183099,0.2200158856235107,0.9753521126760564,0.22398729150119143,0.9929577464788732,0.2255758538522637,1.0,0.221604447974583,0.9823943661971831,0.221604447974583,0.9823943661971831,0.221604447974583,0.9823943661971831,0.221604447974583,0.9823943661971831,0.2255758538522637,1.0,0.221604447974583,0.9823943661971831,0.221604447974583,0.9823943661971831,0.221604447974583,0.9823943661971831,0.2192216044479746,0.971830985915493,0.221604447974583,0.9823943661971831,0.221604447974583,0.9823943661971831,0.221604447974583,0.9823943661971831,0.2255758538522637,1.0,0.2255758538522637,1.0,0.2255758538522637,1.0,0.2255758538522637,1.0,0.2255758538522637,1.0,0.2255758538522637,1.0,0.2255758538522637,1.0,0.2255758538522637,1.0,0.22398729150119143,0.9929577464788732,0.2255758538522637,1.0,0.2255758538522637,1.0,0.2255758538522637,1.0,0.22239872915011913,0.9859154929577465,0.22239872915011913,0.9859154929577465,0.22478157267672755,0.9964788732394366,0.22478157267672755,0.9964788732394366,0.2255758538522637,1.0,0.22398729150119143,0.9929577464788732,0.22478157267672755,0.9964788732394366,0.221604447974583,0.9823943661971831,0.22239872915011913,0.9859154929577465,0.22239872915011913,0.9859154929577465,0.221604447974583,0.9823943661971831,0.22478157267672755,0.9964788732394366,0.22239872915011913,0.9859154929577465,0.22239872915011913,0.9859154929577465,0.22398729150119143,0.9929577464788732,0.22478157267672755,0.9964788732394366,0.221604447974583,0.9823943661971831,0.2255758538522637,1.0,0.2255758538522637,1.0,0.221604447974583,0.9823943661971831,0.21842732327243844,0.9683098591549296,0.22239872915011913,0.9859154929577465,0.22319301032565528,0.9894366197183099,0.2255758538522637,1.0,0.2255758538522637,1.0,0.2255758538522637,1.0,0.2255758538522637,1.0,0.2255758538522637,1.0,0.22478157267672755,0.9964788732394366,0.2255758538522637,1.0,0.2255758538522637,1.0,0.22478157267672755,0.9964788732394366,0.2255758538522637,1.0,0.2255758538522637,1.0,0.2255758538522637,1.0,0.2255758538522637,1.0,0.2255758538522637,1.0,0.2255758538522637,1.0,0.2255758538522637,1.0,0.2255758538522637,1.0,0.22398729150119143,0.9929577464788732,0.2255758538522637,1.0,0.2255758538522637,1.0,0.22478157267672755,0.9964788732394366,0.22478157267672755,0.9964788732394366,0.2255758538522637,1.0,0.2255758538522637,1.0,0.2255758538522637,1.0
100,0.22327044025157233,1.0,0.22327044025157233,1.0,0.22327044025157233,1.0,0.22327044025157233,1.0,0.22327044025157233,1.0,0.22327044025157233,1.0,0.22327044025157233,1.0,0.22327044025157233,1.0,0.22327044025157233,1.0,0.22327044025157233,1.0,0.22327044025157233,1.0,0.22327044025157233,1.0,0.22327044025157233,1.0,0.22327044025157233,1.0,0.22327044025157233,1.0,0.22327044025157233,1.0,0.22327044025157233,1.0,0.22327044025157233,1.0,0.22327044025157233,1.0,0.22327044025157233,1.0,0.22327044025157233,1.0,0.22327044025157233,1.0,0.22327044025157233,1.0,0.22327044025157233,1.0,0.22327044025157233,1.0,0.22327044025157233,1.0,0.22327044025157233,1.0,0.22327044025157233,1.0,0.22327044025157233,1.0,0.22327044025157233,1.0,0.22327044025157233,1.0,0.22327044025157233,1.0,0.22327044025157233,1.0,0.22327044025157233,1.0,0.22327044025157233,1.0,0.22327044025157233,1.0,0.22327044025157233,1.0,0.22327044025157233,1.0,0.22327044025157233,1.0,0.22327044025157233,1.0,0.22327044025157233,1.0,0.22327044025157233,1.0,0.22327044025157233,1.0,0.22327044025157233,1.0,0.22327044025157233,1.0,0.22327044025157233,1.0,0.22327044025157233,1.0,0.22327044025157233,1.0,0.22327044025157233,1.0,0.22327044025157233,1.0,0.22327044025157233,1.0,0.22327044025157233,1.0,0.22327044025157233,1.0,0.22327044025157233,1.0,0.22327044025157233,1.0,0.22327044025157233,1.0,0.22327044025157233,1.0,0.22327044025157233,1.0,0.22327044025157233,1.0,0.22327044025157233,1.0,0.22327044025157233,1.0,0.22327044025157233,1.0,0.22327044025157233,1.0,0.22327044025157233,1.0,0.22327044025157233,1.0,0.22327044025157233,1.0,0.22327044025157233,1.0,0.22327044025157233,1.0,0.22327044025157233,1.0,0.22327044025157233,1.0,0.22327044025157233,1.0,0.22327044025157233,1.0,0.22327044025157233,1.0,0.22327044025157233,1.0,0.22327044025157233,1.0,0.22327044025157233,1.0,0.22327044025157233,1.0,0.22327044025157233,1.0,0.22327044025157233,1.0,0.22327044025157233,1.0,0.22327044025157233,1.0,0.22327044025157233,1.0,0.22327044025157233,1.0,0.22327044025157233,1.0,0.22327044025157233,1.0,0.22327044025157233,1.0,0.22327044025157233,1.0,0.22327044025157233,1.0,0.22327044025157233,1.0,0.22327044025157233,1.0,0.22327044025157233,1.0,0.22327044025157233,1.0,0.22327044025157233,1.0,0.22327044025157233,1.0,0.22327044025157233,1.0,0.22327044025157233,1.0
