Top_Percent,aaindex_Linear_HitRate,aaindex_Linear_Recall,aaindex_Ridge_HitRate,aaindex_Ridge_Recall,aaindex_Lasso_HitRate,aaindex_Lasso_Recall,aaindex_ElasticNet_HitRate,aaindex_ElasticNet_Recall,aaindex_NeuralNet_HitRate,aaindex_NeuralNet_Recall,aaindex_RandomForest_HitRate,aaindex_RandomForest_Recall,aaindex_XGBoost_HitRate,aaindex_XGBoost_Recall,aaindex_KNN_HitRate,aaindex_KNN_Recall,aaindex_GaussianProcess_HitRate,aaindex_GaussianProcess_Recall,aaindex_PLSRegression_HitRate,aaindex_PLSRegression_Recall,aaindex_SVR_HitRate,aaindex_SVR_Recall,aaindex_ExtraTrees_HitRate,aaindex_ExtraTrees_Recall,aaindex_with_esm_Linear_HitRate,aaindex_with_esm_Linear_Recall,aaindex_with_esm_Ridge_HitRate,aaindex_with_esm_Ridge_Recall,aaindex_with_esm_Lasso_HitRate,aaindex_with_esm_Lasso_Recall,aaindex_with_esm_ElasticNet_HitRate,aaindex_with_esm_ElasticNet_Recall,aaindex_with_esm_NeuralNet_HitRate,aaindex_with_esm_NeuralNet_Recall,aaindex_with_esm_RandomForest_HitRate,aaindex_with_esm_RandomForest_Recall,aaindex_with_esm_XGBoost_HitRate,aaindex_with_esm_XGBoost_Recall,aaindex_with_esm_KNN_HitRate,aaindex_with_esm_KNN_Recall,aaindex_with_esm_GaussianProcess_HitRate,aaindex_with_esm_GaussianProcess_Recall,aaindex_with_esm_PLSRegression_HitRate,aaindex_with_esm_PLSRegression_Recall,aaindex_with_esm_SVR_HitRate,aaindex_with_esm_SVR_Recall,aaindex_with_esm_ExtraTrees_HitRate,aaindex_with_esm_ExtraTrees_Recall,onehot_Linear_HitRate,onehot_Linear_Recall,onehot_Ridge_HitRate,onehot_Ridge_Recall,onehot_Lasso_HitRate,onehot_Lasso_Recall,onehot_ElasticNet_HitRate,onehot_ElasticNet_Recall,onehot_NeuralNet_HitRate,onehot_NeuralNet_Recall,onehot_RandomForest_HitRate,onehot_RandomForest_Recall,onehot_XGBoost_HitRate,onehot_XGBoost_Recall,onehot_KNN_HitRate,onehot_KNN_Recall,onehot_GaussianProcess_HitRate,onehot_GaussianProcess_Recall,onehot_PLSRegression_HitRate,onehot_PLSRegression_Recall,onehot_SVR_HitRate,onehot_SVR_Recall,onehot_ExtraTrees_HitRate,onehot_ExtraTrees_Recall,onehot_with_esm_Linear_HitRate,onehot_with_esm_Linear_Recall,onehot_with_esm_Ridge_HitRate,onehot_with_esm_Ridge_Recall,onehot_with_esm_Lasso_HitRate,onehot_with_esm_Lasso_Recall,onehot_with_esm_ElasticNet_HitRate,onehot_with_esm_ElasticNet_Recall,onehot_with_esm_NeuralNet_HitRate,onehot_with_esm_NeuralNet_Recall,onehot_with_esm_RandomForest_HitRate,onehot_with_esm_RandomForest_Recall,onehot_with_esm_XGBoost_HitRate,onehot_with_esm_XGBoost_Recall,onehot_with_esm_KNN_HitRate,onehot_with_esm_KNN_Recall,onehot_with_esm_GaussianProcess_HitRate,onehot_with_esm_GaussianProcess_Recall,onehot_with_esm_PLSRegression_HitRate,onehot_with_esm_PLSRegression_Recall,onehot_with_esm_SVR_HitRate,onehot_with_esm_SVR_Recall,onehot_with_esm_ExtraTrees_HitRate,onehot_with_esm_ExtraTrees_Recall,georgiev_Linear_HitRate,georgiev_Linear_Recall,georgiev_Ridge_HitRate,georgiev_Ridge_Recall,georgiev_Lasso_HitRate,georgiev_Lasso_Recall,georgiev_ElasticNet_HitRate,georgiev_ElasticNet_Recall,georgiev_NeuralNet_HitRate,georgiev_NeuralNet_Recall,georgiev_RandomForest_HitRate,georgiev_RandomForest_Recall,georgiev_XGBoost_HitRate,georgiev_XGBoost_Recall,georgiev_KNN_HitRate,georgiev_KNN_Recall,georgiev_GaussianProcess_HitRate,georgiev_GaussianProcess_Recall,georgiev_PLSRegression_HitRate,georgiev_PLSRegression_Recall,georgiev_SVR_HitRate,georgiev_SVR_Recall,georgiev_ExtraTrees_HitRate,georgiev_ExtraTrees_Recall,georgiev_with_esm_Linear_HitRate,georgiev_with_esm_Linear_Recall,georgiev_with_esm_Ridge_HitRate,georgiev_with_esm_Ridge_Recall,georgiev_with_esm_Lasso_HitRate,georgiev_with_esm_Lasso_Recall,georgiev_with_esm_ElasticNet_HitRate,georgiev_with_esm_ElasticNet_Recall,georgiev_with_esm_NeuralNet_HitRate,georgiev_with_esm_NeuralNet_Recall,georgiev_with_esm_RandomForest_HitRate,georgiev_with_esm_RandomForest_Recall,georgiev_with_esm_XGBoost_HitRate,georgiev_with_esm_XGBoost_Recall,georgiev_with_esm_KNN_HitRate,georgiev_with_esm_KNN_Recall,georgiev_with_esm_GaussianProcess_HitRate,georgiev_with_esm_GaussianProcess_Recall,georgiev_with_esm_PLSRegression_HitRate,georgiev_with_esm_PLSRegression_Recall,georgiev_with_esm_SVR_HitRate,georgiev_with_esm_SVR_Recall,georgiev_with_esm_ExtraTrees_HitRate,georgiev_with_esm_ExtraTrees_Recall,prott5_Linear_HitRate,prott5_Linear_Recall,prott5_Ridge_HitRate,prott5_Ridge_Recall,prott5_Lasso_HitRate,prott5_Lasso_Recall,prott5_ElasticNet_HitRate,prott5_ElasticNet_Recall,prott5_NeuralNet_HitRate,prott5_NeuralNet_Recall,prott5_RandomForest_HitRate,prott5_RandomForest_Recall,prott5_XGBoost_HitRate,prott5_XGBoost_Recall,prott5_KNN_HitRate,prott5_KNN_Recall,prott5_GaussianProcess_HitRate,prott5_GaussianProcess_Recall,prott5_PLSRegression_HitRate,prott5_PLSRegression_Recall,prott5_SVR_HitRate,prott5_SVR_Recall,prott5_ExtraTrees_HitRate,prott5_ExtraTrees_Recall,prott5_with_esm_Linear_HitRate,prott5_with_esm_Linear_Recall,prott5_with_esm_Ridge_HitRate,prott5_with_esm_Ridge_Recall,prott5_with_esm_Lasso_HitRate,prott5_with_esm_Lasso_Recall,prott5_with_esm_ElasticNet_HitRate,prott5_with_esm_ElasticNet_Recall,prott5_with_esm_NeuralNet_HitRate,prott5_with_esm_NeuralNet_Recall,prott5_with_esm_RandomForest_HitRate,prott5_with_esm_RandomForest_Recall,prott5_with_esm_XGBoost_HitRate,prott5_with_esm_XGBoost_Recall,prott5_with_esm_KNN_HitRate,prott5_with_esm_KNN_Recall,prott5_with_esm_GaussianProcess_HitRate,prott5_with_esm_GaussianProcess_Recall,prott5_with_esm_PLSRegression_HitRate,prott5_with_esm_PLSRegression_Recall,prott5_with_esm_SVR_HitRate,prott5_with_esm_SVR_Recall,prott5_with_esm_ExtraTrees_HitRate,prott5_with_esm_ExtraTrees_Recall
1,0.09433962264150944,0.012195121951219513,0.31446540880503143,0.04065040650406504,0.4088050314465409,0.052845528455284556,0.41509433962264153,0.05365853658536585,0.41509433962264153,0.05365853658536585,0.5345911949685535,0.06910569105691057,0.5220125786163522,0.06747967479674796,0.2138364779874214,0.027642276422764227,0.3522012578616352,0.04552845528455285,0.29559748427672955,0.038211382113821135,0.5534591194968553,0.07154471544715447,0.5283018867924528,0.06829268292682927,0.09433962264150944,0.012195121951219513,0.34591194968553457,0.044715447154471545,0.4339622641509434,0.05609756097560976,0.389937106918239,0.05040650406504065,0.2830188679245283,0.036585365853658534,0.6918238993710691,0.08943089430894309,0.6226415094339622,0.08048780487804878,0.44025157232704404,0.056910569105691054,0.3270440251572327,0.04227642276422764,0.31446540880503143,0.04065040650406504,0.5911949685534591,0.07642276422764227,0.7924528301886793,0.1024390243902439,0.08176100628930817,0.01056910569105691,0.18867924528301888,0.024390243902439025,0.2138364779874214,0.027642276422764227,0.2138364779874214,0.027642276422764227,0.20754716981132076,0.026829268292682926,0.559748427672956,0.07235772357723577,0.5345911949685535,0.06910569105691057,0.16352201257861634,0.02113821138211382,0.20754716981132076,0.026829268292682926,0.20125786163522014,0.026016260162601626,0.31446540880503143,0.04065040650406504,0.6226415094339622,0.08048780487804878,0.09433962264150944,0.012195121951219513,0.22012578616352202,0.028455284552845527,0.2138364779874214,0.027642276422764227,0.23270440251572327,0.03008130081300813,0.24528301886792453,0.03170731707317073,0.8113207547169812,0.1048780487804878,0.6666666666666666,0.08617886178861789,0.27044025157232704,0.034959349593495934,0.2578616352201258,0.03333333333333333,0.25157232704402516,0.032520325203252036,0.4528301886792453,0.05853658536585366,0.7735849056603774,0.1,0.0880503144654088,0.011382113821138212,0.2830188679245283,0.036585365853658534,0.3584905660377358,0.046341463414634146,0.3522012578616352,0.04552845528455285,0.2389937106918239,0.030894308943089432,0.6289308176100629,0.08130081300813008,0.6163522012578616,0.07967479674796749,0.1761006289308176,0.022764227642276424,0.2893081761006289,0.03739837398373984,0.2830188679245283,0.036585365853658534,0.49056603773584906,0.06341463414634146,0.610062893081761,0.07886178861788617,0.11949685534591195,0.015447154471544716,0.31446540880503143,0.04065040650406504,0.32075471698113206,0.041463414634146344,0.32075471698113206,0.041463414634146344,0.1320754716981132,0.01707317073170732,0.6918238993710691,0.08943089430894309,0.6289308176100629,0.08130081300813008,0.3836477987421384,0.04959349593495935,0.33962264150943394,0.04390243902439024,0.3018867924528302,0.03902439024390244,0.6037735849056604,0.07804878048780488,0.7735849056603774,0.1,0.24528301886792453,0.03170731707317073,0.37735849056603776,0.04878048780487805,0.5345911949685535,0.06910569105691057,0.5157232704402516,0.06666666666666667,0.09433962264150944,0.012195121951219513,0.6226415094339622,0.08048780487804878,0.5345911949685535,0.06910569105691057,0.6415094339622641,0.08292682926829269,0.22641509433962265,0.02926829268292683,0.6037735849056604,0.07804878048780488,0.7169811320754716,0.09268292682926829,0.6855345911949685,0.0886178861788618,0.23270440251572327,0.03008130081300813,0.389937106918239,0.05040650406504065,0.5094339622641509,0.06585365853658537,0.5220125786163522,0.06747967479674796,0.20754716981132076,0.026829268292682926,0.6477987421383647,0.08373983739837398,0.5723270440251572,0.07398373983739838,0.6477987421383647,0.08373983739837398,0.22641509433962265,0.02926829268292683,0.6163522012578616,0.07967479674796749,0.7232704402515723,0.09349593495934959,0.6981132075471698,0.09024390243902439
2,0.12578616352201258,0.032520325203252036,0.29874213836477986,0.07723577235772358,0.3742138364779874,0.09674796747967479,0.3805031446540881,0.0983739837398374,0.3867924528301887,0.1,0.5,0.12926829268292683,0.4748427672955975,0.12276422764227642,0.25157232704402516,0.06504065040650407,0.27044025157232704,0.06991869918699187,0.27672955974842767,0.07154471544715447,0.46540880503144655,0.12032520325203253,0.5125786163522013,0.13252032520325202,0.11949685534591195,0.030894308943089432,0.3081761006289308,0.07967479674796749,0.36477987421383645,0.0943089430894309,0.34276729559748426,0.0886178861788618,0.2578616352201258,0.06666666666666667,0.5943396226415094,0.15365853658536585,0.5408805031446541,0.13983739837398373,0.4025157232704403,0.1040650406504065,0.2641509433962264,0.06829268292682927,0.3081761006289308,0.07967479674796749,0.559748427672956,0.14471544715447154,0.6981132075471698,0.18048780487804877,0.11320754716981132,0.02926829268292683,0.18238993710691823,0.04715447154471545,0.23270440251572327,0.06016260162601626,0.23270440251572327,0.06016260162601626,0.16981132075471697,0.04390243902439024,0.5660377358490566,0.14634146341463414,0.4937106918238994,0.12764227642276424,0.1540880503144654,0.03983739837398374,0.1918238993710692,0.04959349593495935,0.1949685534591195,0.05040650406504065,0.22955974842767296,0.05934959349593496,0.5,0.12926829268292683,0.11635220125786164,0.03008130081300813,0.20754716981132076,0.05365853658536585,0.22012578616352202,0.056910569105691054,0.22327044025157233,0.05772357723577236,0.22327044025157233,0.05772357723577236,0.6729559748427673,0.17398373983739837,0.6069182389937107,0.15691056910569107,0.24528301886792453,0.06341463414634146,0.1792452830188679,0.046341463414634146,0.22327044025157233,0.05772357723577236,0.3710691823899371,0.0959349593495935,0.660377358490566,0.17073170731707318,0.11635220125786164,0.03008130081300813,0.2672955974842767,0.06910569105691057,0.3522012578616352,0.0910569105691057,0.34276729559748426,0.0886178861788618,0.22955974842767296,0.05934959349593496,0.5345911949685535,0.13821138211382114,0.5440251572327044,0.14065040650406505,0.22641509433962265,0.05853658536585366,0.279874213836478,0.07235772357723577,0.2610062893081761,0.06747967479674796,0.4371069182389937,0.11300813008130081,0.5408805031446541,0.13983739837398373,0.11006289308176101,0.028455284552845527,0.2830188679245283,0.07317073170731707,0.3081761006289308,0.07967479674796749,0.3081761006289308,0.07967479674796749,0.12578616352201258,0.032520325203252036,0.6226415094339622,0.16097560975609757,0.5660377358490566,0.14634146341463414,0.3553459119496855,0.091869918699187,0.279874213836478,0.07235772357723577,0.2610062893081761,0.06747967479674796,0.5377358490566038,0.13902439024390245,0.7044025157232704,0.1821138211382114,0.21069182389937108,0.05447154471544716,0.29245283018867924,0.07560975609756097,0.41509433962264153,0.1073170731707317,0.39937106918238996,0.10325203252032521,0.09748427672955975,0.025203252032520326,0.5094339622641509,0.13170731707317074,0.46540880503144655,0.12032520325203253,0.5125786163522013,0.13252032520325202,0.22012578616352202,0.056910569105691054,0.5031446540880503,0.13008130081300814,0.5817610062893082,0.15040650406504066,0.5880503144654088,0.15203252032520326,0.21069182389937108,0.05447154471544716,0.3018867924528302,0.07804878048780488,0.42452830188679247,0.10975609756097561,0.4339622641509434,0.11219512195121951,0.20125786163522014,0.05203252032520325,0.5377358490566038,0.13902439024390245,0.4748427672955975,0.12276422764227642,0.5345911949685535,0.13821138211382114,0.22327044025157233,0.05772357723577236,0.5031446540880503,0.13008130081300814,0.5911949685534591,0.15284552845528454,0.6069182389937107,0.15691056910569107
3,0.1320754716981132,0.05121951219512195,0.26834381551362685,0.1040650406504065,0.32914046121593293,0.12764227642276424,0.3249475890985325,0.12601626016260162,0.3584905660377358,0.13902439024390245,0.4863731656184486,0.1886178861788618,0.43186582809224316,0.16747967479674797,0.19916142557651992,0.07723577235772358,0.23060796645702306,0.08943089430894309,0.2641509433962264,0.1024390243902439,0.4109014675052411,0.15934959349593497,0.49266247379454925,0.1910569105691057,0.12578616352201258,0.04878048780487805,0.2620545073375262,0.1016260162601626,0.32075471698113206,0.12439024390243902,0.3081761006289308,0.11951219512195121,0.23060796645702306,0.08943089430894309,0.5345911949685535,0.2073170731707317,0.5241090146750524,0.2032520325203252,0.4171907756813417,0.16178861788617885,0.24109014675052412,0.09349593495934959,0.27253668763102723,0.10569105691056911,0.4863731656184486,0.1886178861788618,0.6268343815513627,0.24308943089430896,0.13836477987421383,0.05365853658536585,0.1928721174004193,0.07479674796747968,0.1928721174004193,0.07479674796747968,0.20545073375262055,0.07967479674796749,0.14255765199161424,0.055284552845528454,0.5073375262054507,0.1967479674796748,0.43186582809224316,0.16747967479674797,0.18029350104821804,0.06991869918699187,0.1719077568134172,0.06666666666666667,0.18238993710691823,0.07073170731707316,0.22012578616352202,0.08536585365853659,0.4612159329140461,0.17886178861788618,0.12578616352201258,0.04878048780487805,0.20335429769392033,0.07886178861788617,0.20335429769392033,0.07886178861788617,0.20545073375262055,0.07967479674796749,0.19916142557651992,0.07723577235772358,0.5786163522012578,0.22439024390243903,0.5555555555555556,0.21544715447154472,0.27253668763102723,0.10569105691056911,0.16561844863731656,0.06422764227642276,0.19916142557651992,0.07723577235772358,0.3228511530398323,0.12520325203252033,0.5429769392033543,0.2105691056910569,0.13417190775681342,0.05203252032520325,0.24528301886792453,0.0951219512195122,0.31865828092243187,0.12357723577235773,0.3165618448637317,0.12276422764227642,0.22431865828092243,0.08699186991869919,0.5157232704402516,0.2,0.4947589098532495,0.191869918699187,0.18867924528301888,0.07317073170731707,0.22431865828092243,0.08699186991869919,0.24947589098532494,0.09674796747967479,0.40041928721174,0.15528455284552845,0.5115303983228512,0.1983739837398374,0.1278825995807128,0.04959349593495935,0.2578616352201258,0.1,0.2809224318658281,0.10894308943089431,0.2809224318658281,0.10894308943089431,0.13417190775681342,0.05203252032520325,0.5660377358490566,0.21951219512195122,0.5094339622641509,0.1975609756097561,0.37735849056603776,0.14634146341463414,0.23060796645702306,0.08943089430894309,0.25157232704402516,0.0975609756097561,0.48427672955974843,0.1878048780487805,0.610062893081761,0.23658536585365852,0.19916142557651992,0.07723577235772358,0.2851153039832285,0.11056910569105691,0.3857442348008386,0.14959349593495935,0.3710691823899371,0.14390243902439023,0.09014675052410902,0.034959349593495934,0.46331236897274636,0.1796747967479675,0.47379454926624737,0.183739837398374,0.5010482180293501,0.1943089430894309,0.20545073375262055,0.07967479674796749,0.42348008385744235,0.16422764227642275,0.4947589098532495,0.191869918699187,0.5387840670859538,0.20894308943089432,0.19916142557651992,0.07723577235772358,0.28721174004192873,0.11138211382113822,0.3710691823899371,0.14390243902439023,0.38155136268343814,0.14796747967479676,0.1761006289308176,0.06829268292682927,0.5010482180293501,0.1943089430894309,0.42348008385744235,0.16422764227642275,0.5052410901467506,0.19593495934959348,0.20335429769392033,0.07886178861788617,0.42557651991614254,0.16504065040650406,0.4968553459119497,0.1926829268292683,0.5262054507337526,0.2040650406504065
4,0.13836477987421383,0.07154471544715447,0.2389937106918239,0.12357723577235773,0.3128930817610063,0.16178861788617885,0.31446540880503143,0.16260162601626016,0.3128930817610063,0.16178861788617885,0.4811320754716981,0.24878048780487805,0.4088050314465409,0.21138211382113822,0.19025157232704404,0.0983739837398374,0.2169811320754717,0.11219512195121951,0.23270440251572327,0.12032520325203253,0.38522012578616355,0.1991869918699187,0.470125786163522,0.24308943089430896,0.1320754716981132,0.06829268292682927,0.24213836477987422,0.12520325203252033,0.28773584905660377,0.14878048780487804,0.2751572327044025,0.14227642276422764,0.22012578616352202,0.11382113821138211,0.5031446540880503,0.2601626016260163,0.4669811320754717,0.24146341463414633,0.3757861635220126,0.1943089430894309,0.25471698113207547,0.13170731707317074,0.24213836477987422,0.12520325203252033,0.43553459119496857,0.2252032520325203,0.550314465408805,0.2845528455284553,0.14150943396226415,0.07317073170731707,0.1761006289308176,0.0910569105691057,0.1949685534591195,0.1008130081300813,0.1949685534591195,0.1008130081300813,0.1320754716981132,0.06829268292682927,0.49056603773584906,0.25365853658536586,0.3867924528301887,0.2,0.18867924528301888,0.0975609756097561,0.15723270440251572,0.08130081300813008,0.1650943396226415,0.08536585365853659,0.19968553459119498,0.10325203252032521,0.47955974842767296,0.24796747967479674,0.1320754716981132,0.06829268292682927,0.18867924528301888,0.0975609756097561,0.18081761006289307,0.09349593495934959,0.17452830188679244,0.09024390243902439,0.19654088050314467,0.1016260162601626,0.5172955974842768,0.26747967479674795,0.5235849056603774,0.2707317073170732,0.2641509433962264,0.13658536585365855,0.1650943396226415,0.08536585365853659,0.18553459119496854,0.0959349593495935,0.3018867924528302,0.15609756097560976,0.45125786163522014,0.23333333333333334,0.13679245283018868,0.07073170731707316,0.22641509433962265,0.11707317073170732,0.28773584905660377,0.14878048780487804,0.28459119496855345,0.14715447154471545,0.23270440251572327,0.12032520325203253,0.49056603773584906,0.25365853658536586,0.4528301886792453,0.23414634146341465,0.1792452830188679,0.09268292682926829,0.21855345911949686,0.11300813008130081,0.23270440251572327,0.12032520325203253,0.36477987421383645,0.1886178861788618,0.4858490566037736,0.25121951219512195,0.12421383647798742,0.06422764227642276,0.23427672955974843,0.12113821138211382,0.25943396226415094,0.13414634146341464,0.2641509433962264,0.13658536585365855,0.14465408805031446,0.07479674796747968,0.5172955974842768,0.26747967479674795,0.4968553459119497,0.25691056910569104,0.360062893081761,0.1861788617886179,0.2468553459119497,0.12764227642276424,0.24842767295597484,0.12845528455284552,0.43553459119496857,0.2252032520325203,0.559748427672956,0.2894308943089431,0.1918238993710692,0.0991869918699187,0.25943396226415094,0.13414634146341464,0.35377358490566035,0.18292682926829268,0.34591194968553457,0.17886178861788618,0.0959119496855346,0.04959349593495935,0.44339622641509435,0.22926829268292684,0.47641509433962265,0.24634146341463414,0.4748427672955975,0.24552845528455283,0.20125786163522014,0.1040650406504065,0.3789308176100629,0.19593495934959348,0.45440251572327045,0.23495934959349593,0.5047169811320755,0.26097560975609757,0.1871069182389937,0.09674796747967479,0.26257861635220126,0.13577235772357724,0.3474842767295597,0.1796747967479675,0.3553459119496855,0.183739837398374,0.1650943396226415,0.08536585365853659,0.4638364779874214,0.23983739837398374,0.43238993710691825,0.22357723577235772,0.47955974842767296,0.24796747967479674,0.19968553459119498,0.10325203252032521,0.37735849056603776,0.1951219512195122,0.4591194968553459,0.23739837398373984,0.5078616352201258,0.26260162601626014
5,0.12955974842767295,0.08373983739837398,0.22138364779874214,0.14308943089430895,0.2993710691823899,0.19349593495934958,0.3018867924528302,0.1951219512195122,0.30062893081761005,0.1943089430894309,0.4578616352201258,0.2959349593495935,0.3672955974842767,0.23739837398373984,0.20125786163522014,0.13008130081300814,0.22012578616352202,0.14227642276422764,0.22264150943396227,0.14390243902439023,0.34591194968553457,0.22357723577235772,0.44150943396226416,0.28536585365853656,0.13459119496855346,0.08699186991869919,0.22767295597484277,0.14715447154471545,0.27169811320754716,0.17560975609756097,0.2540880503144654,0.16422764227642275,0.2289308176100629,0.14796747967479676,0.4679245283018868,0.3024390243902439,0.4477987421383648,0.2894308943089431,0.3433962264150943,0.22195121951219512,0.24150943396226415,0.15609756097560976,0.23144654088050315,0.14959349593495935,0.3987421383647799,0.2577235772357724,0.49559748427672956,0.3203252032520325,0.12452830188679245,0.08048780487804878,0.1610062893081761,0.1040650406504065,0.21132075471698114,0.13658536585365855,0.19622641509433963,0.12682926829268293,0.1320754716981132,0.08536585365853659,0.4691823899371069,0.3032520325203252,0.37735849056603776,0.24390243902439024,0.189937106918239,0.12276422764227642,0.1471698113207547,0.0951219512195122,0.15345911949685534,0.0991869918699187,0.19245283018867926,0.12439024390243902,0.44528301886792454,0.28780487804878047,0.1371069182389937,0.0886178861788618,0.18238993710691823,0.11788617886178862,0.17232704402515722,0.11138211382113822,0.17358490566037735,0.11219512195121951,0.189937106918239,0.12276422764227642,0.47547169811320755,0.3073170731707317,0.4817610062893082,0.31138211382113823,0.2591194968553459,0.16747967479674797,0.16729559748427672,0.108130081300813,0.18364779874213835,0.11869918699186992,0.2830188679245283,0.18292682926829268,0.3786163522012579,0.24471544715447155,0.12452830188679245,0.08048780487804878,0.2188679245283019,0.14146341463414633,0.2729559748427673,0.17642276422764228,0.26540880503144654,0.17154471544715447,0.2289308176100629,0.14796747967479676,0.4628930817610063,0.2991869918699187,0.41635220125786165,0.26910569105691057,0.1861635220125786,0.12032520325203253,0.20628930817610064,0.13333333333333333,0.21509433962264152,0.13902439024390245,0.3320754716981132,0.2146341463414634,0.4779874213836478,0.3089430894308943,0.12955974842767295,0.08373983739837398,0.22264150943396227,0.14390243902439023,0.24528301886792453,0.15853658536585366,0.24654088050314465,0.15934959349593497,0.15849056603773584,0.1024390243902439,0.48050314465408805,0.3105691056910569,0.4540880503144654,0.2934959349593496,0.34465408805031444,0.22276422764227644,0.24528301886792453,0.15853658536585366,0.22641509433962265,0.14634146341463414,0.4088050314465409,0.26422764227642276,0.5081761006289308,0.3284552845528455,0.18364779874213835,0.11869918699186992,0.24528301886792453,0.15853658536585366,0.34465408805031444,0.22276422764227644,0.3320754716981132,0.2146341463414634,0.0880503144654088,0.056910569105691054,0.410062893081761,0.26504065040650404,0.4490566037735849,0.29024390243902437,0.46163522012578617,0.2983739837398374,0.189937106918239,0.12276422764227642,0.3522012578616352,0.22764227642276422,0.4276729559748428,0.2764227642276423,0.46540880503144655,0.3008130081300813,0.17861635220125785,0.11544715447154472,0.25031446540880503,0.16178861788617885,0.32452830188679244,0.2097560975609756,0.33081761006289306,0.2138211382113821,0.15974842767295597,0.10325203252032521,0.4377358490566038,0.28292682926829266,0.4540880503144654,0.2934959349593496,0.4666666666666667,0.3016260162601626,0.19245283018867926,0.12439024390243902,0.3484276729559748,0.2252032520325203,0.43018867924528303,0.2780487804878049,0.47547169811320755,0.3073170731707317
6,0.12054507337526206,0.09349593495934959,0.21593291404612158,0.16747967479674797,0.2851153039832285,0.22113821138211381,0.2882599580712788,0.22357723577235772,0.28197064989517817,0.2186991869918699,0.40461215932914046,0.31382113821138213,0.3333333333333333,0.25853658536585367,0.1918238993710692,0.14878048780487804,0.2138364779874214,0.16585365853658537,0.21069182389937108,0.16341463414634147,0.3259958071278826,0.2528455284552846,0.40146750524109015,0.31138211382113823,0.129979035639413,0.1008130081300813,0.22536687631027252,0.17479674796747968,0.2610062893081761,0.20243902439024392,0.24737945492662475,0.191869918699187,0.20649895178197064,0.16016260162601625,0.43186582809224316,0.33495934959349594,0.4129979035639413,0.3203252032520325,0.3333333333333333,0.25853658536585367,0.24109014675052412,0.18699186991869918,0.23270440251572327,0.18048780487804877,0.370020964360587,0.2869918699186992,0.4570230607966457,0.3544715447154472,0.12054507337526206,0.09349593495934959,0.15932914046121593,0.12357723577235773,0.1918238993710692,0.14878048780487804,0.1928721174004193,0.14959349593495935,0.1310272536687631,0.1016260162601626,0.4140461215932914,0.32113821138211385,0.35639412997903563,0.2764227642276423,0.17819706498951782,0.13821138211382114,0.14675052410901468,0.11382113821138211,0.1509433962264151,0.11707317073170732,0.18658280922431866,0.14471544715447154,0.38259958071278827,0.2967479674796748,0.1289308176100629,0.1,0.1761006289308176,0.13658536585365855,0.1792452830188679,0.13902439024390245,0.18134171907756813,0.14065040650406505,0.1928721174004193,0.14959349593495935,0.4329140461215933,0.3357723577235772,0.44549266247379454,0.34552845528455284,0.2610062893081761,0.20243902439024392,0.15618448637316562,0.12113821138211382,0.1740041928721174,0.13495934959349593,0.26834381551362685,0.208130081300813,0.3228511530398323,0.25040650406504067,0.12264150943396226,0.0951219512195122,0.20020964360587,0.15528455284552845,0.2557651991614256,0.1983739837398374,0.25681341719077566,0.1991869918699187,0.2180293501048218,0.16910569105691056,0.4056603773584906,0.3146341463414634,0.37631027253668764,0.291869918699187,0.1960167714884696,0.15203252032520326,0.20545073375262055,0.15934959349593497,0.20335429769392033,0.15772357723577235,0.319706498951782,0.24796747967479674,0.4360587002096436,0.3382113821138211,0.129979035639413,0.1008130081300813,0.21174004192872117,0.16422764227642275,0.22955974842767296,0.17804878048780487,0.23165618448637318,0.1796747967479675,0.16352201257861634,0.12682926829268293,0.4371069182389937,0.33902439024390246,0.4171907756813417,0.3235772357723577,0.31551362683438156,0.24471544715447155,0.2358490566037736,0.18292682926829268,0.20964360587002095,0.16260162601626016,0.38155136268343814,0.2959349593495935,0.469601677148847,0.3642276422764228,0.1708595387840671,0.13252032520325202,0.2358490566037736,0.18292682926829268,0.3113207547169811,0.24146341463414633,0.3029350104821803,0.23495934959349593,0.08909853249475891,0.06910569105691057,0.39308176100628933,0.3048780487804878,0.41823899371069184,0.32439024390243903,0.4171907756813417,0.3235772357723577,0.1761006289308176,0.13658536585365855,0.32075471698113206,0.24878048780487805,0.3972746331236897,0.308130081300813,0.4308176100628931,0.33414634146341465,0.16876310272536688,0.13089430894308943,0.2431865828092243,0.1886178861788618,0.29979035639413,0.23252032520325203,0.3018867924528302,0.23414634146341465,0.1540880503144654,0.11951219512195121,0.42348008385744235,0.3284552845528455,0.4412997903563941,0.34227642276422765,0.42452830188679247,0.32926829268292684,0.1750524109014675,0.13577235772357724,0.32075471698113206,0.24878048780487805,0.39937106918238996,0.3097560975609756,0.44234800838574423,0.34308943089430893
7,0.11769991015274034,0.10650406504065041,0.20754716981132076,0.1878048780487805,0.26864330637915546,0.24308943089430896,0.2695417789757412,0.24390243902439024,0.26504941599281223,0.23983739837398374,0.35938903863432164,0.3252032520325203,0.3018867924528302,0.2731707317073171,0.19137466307277629,0.17317073170731706,0.20754716981132076,0.1878048780487805,0.20664869721473494,0.18699186991869918,0.31176999101527403,0.2821138211382114,0.3674752920035939,0.33252032520325203,0.12398921832884097,0.11219512195121951,0.2183288409703504,0.1975609756097561,0.24438454627133874,0.22113821138211381,0.23539982030548068,0.21300813008130082,0.1985624438454627,0.1796747967479675,0.39892183288409705,0.36097560975609755,0.3863432165318958,0.34959349593495936,0.3279424977538185,0.2967479674796748,0.2389937106918239,0.216260162601626,0.22731356693620844,0.2056910569105691,0.35669362084456424,0.3227642276422764,0.42048517520215634,0.3804878048780488,0.11680143755615453,0.10569105691056911,0.15363881401617252,0.13902439024390245,0.1976639712488769,0.17886178861788618,0.18957771787960467,0.17154471544715447,0.1293800539083558,0.11707317073170732,0.3755615453728661,0.33983739837398375,0.33782569631626236,0.3056910569105691,0.18059299191374664,0.16341463414634147,0.14016172506738545,0.12682926829268293,0.1509433962264151,0.13658536585365855,0.18149146451033243,0.16422764227642275,0.33513027852650495,0.3032520325203252,0.12668463611859837,0.11463414634146342,0.16981132075471697,0.15365853658536585,0.18059299191374664,0.16341463414634147,0.18598382749326145,0.16829268292682928,0.18957771787960467,0.17154471544715447,0.39802336028751123,0.36016260162601627,0.4168912848158131,0.3772357723577236,0.25696316262353996,0.23252032520325203,0.1500449236298293,0.13577235772357724,0.16891284815813118,0.15284552845528454,0.2578616352201258,0.23333333333333334,0.29020664869721474,0.26260162601626014,0.11949685534591195,0.108130081300813,0.1976639712488769,0.17886178861788618,0.24887690925426775,0.2252032520325203,0.24528301886792453,0.22195121951219512,0.2165318957771788,0.19593495934959348,0.3638814016172507,0.32926829268292684,0.34860736747529203,0.3154471544715447,0.1940700808625337,0.17560975609756097,0.1985624438454627,0.1796747967479675,0.20754716981132076,0.1878048780487805,0.3045822102425876,0.275609756097561,0.3836477987421384,0.34715447154471546,0.12848158131176998,0.11626016260162601,0.20664869721473494,0.18699186991869918,0.2210242587601078,0.2,0.22012578616352202,0.1991869918699187,0.16082659478885894,0.14552845528455285,0.4025157232704403,0.3642276422764228,0.3890386343216532,0.35203252032520327,0.2973944294699012,0.26910569105691057,0.22911051212938005,0.2073170731707317,0.20215633423180593,0.18292682926829268,0.3656783468104223,0.3308943089430894,0.42946990116801437,0.3886178861788618,0.16891284815813118,0.15284552845528454,0.23539982030548068,0.21300813008130082,0.2893081761006289,0.26178861788617885,0.28481581311769993,0.2577235772357724,0.09074573225516622,0.08211382113821138,0.3692722371967655,0.33414634146341465,0.3971248876909254,0.359349593495935,0.3971248876909254,0.359349593495935,0.16981132075471697,0.15365853658536585,0.3036837376460018,0.27479674796747966,0.3665768194070081,0.33170731707317075,0.40431266846361186,0.36585365853658536,0.16711590296495957,0.15121951219512195,0.2371967654986523,0.2146341463414634,0.27583108715184185,0.24959349593495936,0.27672955974842767,0.25040650406504067,0.14914645103324348,0.13495934959349593,0.40161725067385445,0.36341463414634145,0.42138364779874216,0.38130081300813007,0.40610961365678344,0.367479674796748,0.17160826594788858,0.15528455284552845,0.302785265049416,0.2739837398373984,0.3656783468104223,0.3308943089430894,0.4141958670260557,0.3747967479674797
8,0.11713836477987422,0.12113821138211382,0.20361635220125787,0.2105691056910569,0.2562893081761006,0.26504065040650404,0.2578616352201258,0.26666666666666666,0.25707547169811323,0.2658536585365854,0.33176100628930816,0.34308943089430893,0.2869496855345912,0.2967479674796748,0.18632075471698112,0.1926829268292683,0.20440251572327045,0.21138211382113822,0.2028301886792453,0.2097560975609756,0.29638364779874216,0.3065040650406504,0.33176100628930816,0.34308943089430893,0.12264150943396226,0.12682926829268293,0.2099056603773585,0.21707317073170732,0.23349056603773585,0.24146341463414633,0.2240566037735849,0.23170731707317074,0.19418238993710693,0.2008130081300813,0.37028301886792453,0.3829268292682927,0.3608490566037736,0.37317073170731707,0.3136792452830189,0.32439024390243903,0.23113207547169812,0.23902439024390243,0.2130503144654088,0.22032520325203253,0.3443396226415094,0.35609756097560974,0.3836477987421384,0.3967479674796748,0.1179245283018868,0.12195121951219512,0.14937106918238993,0.15447154471544716,0.19968553459119498,0.20650406504065041,0.19732704402515724,0.2040650406504065,0.12657232704402516,0.13089430894308943,0.3341194968553459,0.34552845528455284,0.3081761006289308,0.31869918699186994,0.1721698113207547,0.17804878048780487,0.13443396226415094,0.13902439024390245,0.14544025157232704,0.15040650406504066,0.1761006289308176,0.1821138211382114,0.30345911949685533,0.31382113821138213,0.12578616352201258,0.13008130081300814,0.17374213836477986,0.1796747967479675,0.16823899371069181,0.17398373983739837,0.17531446540880502,0.18130081300813009,0.1800314465408805,0.1861788617886179,0.37971698113207547,0.3926829268292683,0.3781446540880503,0.3910569105691057,0.24921383647798742,0.2577235772357724,0.14937106918238993,0.15447154471544716,0.16352201257861634,0.16910569105691056,0.24528301886792453,0.25365853658536586,0.2830188679245283,0.2926829268292683,0.1179245283018868,0.12195121951219512,0.19654088050314467,0.2032520325203252,0.23427672955974843,0.24227642276422764,0.22955974842767296,0.23739837398373984,0.20833333333333334,0.21544715447154472,0.33176100628930816,0.34308943089430893,0.32075471698113206,0.33170731707317075,0.19103773584905662,0.1975609756097561,0.19418238993710693,0.2008130081300813,0.2059748427672956,0.21300813008130082,0.2893081761006289,0.2991869918699187,0.3419811320754717,0.35365853658536583,0.12421383647798742,0.12845528455284552,0.19811320754716982,0.2048780487804878,0.20833333333333334,0.21544715447154472,0.21147798742138366,0.2186991869918699,0.1619496855345912,0.16747967479674797,0.3710691823899371,0.383739837398374,0.3632075471698113,0.375609756097561,0.2869496855345912,0.2967479674796748,0.21933962264150944,0.22682926829268293,0.20676100628930819,0.2138211382113821,0.345125786163522,0.3569105691056911,0.4025157232704403,0.416260162601626,0.1611635220125786,0.16666666666666666,0.22720125786163523,0.23495934959349593,0.27044025157232704,0.27967479674796747,0.264937106918239,0.2739837398373984,0.09512578616352202,0.0983739837398374,0.3498427672955975,0.3617886178861789,0.3757861635220126,0.3886178861788618,0.3828616352201258,0.3959349593495935,0.15644654088050314,0.16178861788617885,0.28459119496855345,0.2943089430894309,0.3411949685534591,0.35284552845528455,0.38207547169811323,0.3951219512195122,0.16352201257861634,0.16910569105691056,0.22720125786163523,0.23495934959349593,0.2578616352201258,0.26666666666666666,0.2586477987421384,0.26747967479674795,0.14544025157232704,0.15040650406504066,0.3789308176100629,0.39186991869918697,0.39622641509433965,0.4097560975609756,0.38757861635220126,0.4008130081300813,0.15723270440251572,0.16260162601626016,0.2830188679245283,0.2926829268292683,0.34276729559748426,0.3544715447154472,0.3922955974842767,0.4056910569105691
9,0.1187980433263452,0.13821138211382114,0.20055904961565338,0.23333333333333334,0.24598183088749126,0.2861788617886179,0.24737945492662475,0.28780487804878047,0.2431865828092243,0.28292682926829266,0.30677847658979734,0.3569105691056911,0.2781271837875611,0.3235772357723577,0.1795946890286513,0.20894308943089432,0.19916142557651992,0.23170731707317074,0.19776380153738643,0.23008130081300812,0.2830188679245283,0.32926829268292684,0.3060796645702306,0.35609756097560974,0.11809923130677848,0.13739837398373983,0.20894479385045422,0.24308943089430896,0.22641509433962265,0.2634146341463415,0.21663172606568834,0.25203252032520324,0.19007686932215234,0.22113821138211381,0.3480083857442348,0.40487804878048783,0.336827393431167,0.39186991869918697,0.30328441649196364,0.35284552845528455,0.22152341020265548,0.2577235772357724,0.20754716981132076,0.24146341463414633,0.32634521313766596,0.3796747967479675,0.3591893780573026,0.41788617886178864,0.11809923130677848,0.13739837398373983,0.1509433962264151,0.17560975609756097,0.2194269741439553,0.2552845528455285,0.20475192173305382,0.23821138211382115,0.1278825995807128,0.14878048780487804,0.3060796645702306,0.35609756097560974,0.2851153039832285,0.33170731707317075,0.16981132075471697,0.1975609756097561,0.13067784765897975,0.15203252032520326,0.14046121593291405,0.16341463414634147,0.1663172606568833,0.19349593495934958,0.2830188679245283,0.32926829268292684,0.12718378756114604,0.14796747967479676,0.16911250873515024,0.1967479674796748,0.16491963661774983,0.191869918699187,0.17260656883298392,0.2008130081300813,0.1761006289308176,0.2048780487804878,0.3577917540181691,0.416260162601626,0.3535988819007687,0.4113821138211382,0.2375960866526904,0.2764227642276423,0.14605171208944795,0.16991869918699187,0.15932914046121593,0.18536585365853658,0.2389937106918239,0.2780487804878049,0.2851153039832285,0.33170731707317075,0.11740041928721175,0.13658536585365855,0.18867924528301888,0.21951219512195122,0.22082459818308875,0.25691056910569104,0.22292103424178897,0.25934959349593495,0.20125786163522014,0.23414634146341465,0.31236897274633124,0.36341463414634145,0.29559748427672955,0.3439024390243902,0.1893780573025856,0.22032520325203253,0.1949685534591195,0.22682926829268293,0.19916142557651992,0.23170731707317074,0.27603074772886094,0.32113821138211385,0.3074772886093641,0.35772357723577236,0.1243885394828791,0.14471544715447154,0.19566736547868624,0.22764227642276422,0.19986023759608665,0.23252032520325203,0.20335429769392033,0.23658536585365852,0.16561844863731656,0.1926829268292683,0.34870719776380155,0.4056910569105691,0.33193570929419985,0.3861788617886179,0.2830188679245283,0.32926829268292684,0.21313766596785463,0.24796747967479674,0.1984626135569532,0.23089430894308943,0.3249475890985325,0.3780487804878049,0.3787561146051712,0.44065040650406506,0.15583508036338226,0.18130081300813009,0.2194269741439553,0.2552845528455285,0.25506638714185886,0.2967479674796748,0.24947589098532494,0.29024390243902437,0.09224318658280922,0.1073170731707317,0.33473095737246683,0.38943089430894307,0.3480083857442348,0.40487804878048783,0.3640810621942697,0.42357723577235773,0.14814814814814814,0.17235772357723578,0.27113906359189377,0.3154471544715447,0.3193570929419986,0.37154471544715445,0.35988819007686934,0.4186991869918699,0.15373864430468204,0.17886178861788618,0.21663172606568834,0.25203252032520324,0.2487770789657582,0.2894308943089431,0.2508735150244584,0.291869918699187,0.1418588399720475,0.16504065040650406,0.35988819007686934,0.4186991869918699,0.37945492662473795,0.44146341463414634,0.36547868623340324,0.42520325203252035,0.15024458420684836,0.17479674796747968,0.2697414395527603,0.31382113821138213,0.32354996505939904,0.37642276422764226,0.3745632424877708,0.43577235772357725
10,0.12012578616352201,0.15528455284552845,0.19433962264150945,0.25121951219512195,0.23459119496855346,0.3032520325203252,0.2358490566037736,0.3048780487804878,0.22767295597484277,0.2943089430894309,0.2880503144654088,0.3723577235772358,0.279874213836478,0.3617886178861789,0.17484276729559747,0.22601626016260162,0.18930817610062894,0.24471544715447155,0.19245283018867926,0.24878048780487805,0.26666666666666666,0.34471544715447155,0.2849056603773585,0.36829268292682926,0.1220125786163522,0.15772357723577235,0.19748427672955976,0.2552845528455285,0.21823899371069183,0.2821138211382114,0.2088050314465409,0.26991869918699185,0.17987421383647798,0.23252032520325203,0.32578616352201256,0.4211382113821138,0.3150943396226415,0.4073170731707317,0.29245283018867924,0.3780487804878049,0.2088050314465409,0.26991869918699185,0.20125786163522014,0.2601626016260163,0.3119496855345912,0.4032520325203252,0.33584905660377357,0.43414634146341463,0.11886792452830189,0.15365853658536585,0.14968553459119496,0.19349593495934958,0.23018867924528302,0.2975609756097561,0.22138364779874214,0.2861788617886179,0.12327044025157233,0.15934959349593497,0.28742138364779873,0.37154471544715445,0.2660377358490566,0.3439024390243902,0.17232704402515722,0.22276422764227644,0.1270440251572327,0.16422764227642275,0.13773584905660377,0.17804878048780487,0.15660377358490565,0.20243902439024392,0.28238993710691823,0.3650406504065041,0.1270440251572327,0.16422764227642275,0.1641509433962264,0.2121951219512195,0.16540880503144653,0.2138211382113821,0.17547169811320754,0.22682926829268293,0.16981132075471697,0.21951219512195122,0.3421383647798742,0.44227642276422763,0.3220125786163522,0.416260162601626,0.22767295597484277,0.2943089430894309,0.14276729559748427,0.18455284552845527,0.15849056603773584,0.2048780487804878,0.23333333333333334,0.3016260162601626,0.28238993710691823,0.3650406504065041,0.11823899371069183,0.15284552845528454,0.1861635220125786,0.24065040650406505,0.2088050314465409,0.26991869918699185,0.2069182389937107,0.26747967479674795,0.19811320754716982,0.25609756097560976,0.2893081761006289,0.37398373983739835,0.27547169811320754,0.35609756097560974,0.18176100628930816,0.23495934959349593,0.18805031446540882,0.24308943089430896,0.1968553459119497,0.25447154471544714,0.26666666666666666,0.34471544715447155,0.2849056603773585,0.36829268292682926,0.12389937106918239,0.16016260162601625,0.19371069182389938,0.25040650406504067,0.19622641509433963,0.25365853658536586,0.19937106918238995,0.2577235772357724,0.1710691823899371,0.22113821138211381,0.3352201257861635,0.43333333333333335,0.31257861635220124,0.4040650406504065,0.2761006289308176,0.3569105691056911,0.20943396226415095,0.2707317073170732,0.19308176100628932,0.24959349593495936,0.30943396226415093,0.4,0.3553459119496855,0.45934959349593496,0.1490566037735849,0.1926829268292683,0.20754716981132076,0.2682926829268293,0.2440251572327044,0.3154471544715447,0.23773584905660378,0.3073170731707317,0.09559748427672957,0.12357723577235773,0.3169811320754717,0.4097560975609756,0.3333333333333333,0.43089430894308944,0.34088050314465407,0.44065040650406506,0.14276729559748427,0.18455284552845527,0.26163522012578616,0.3382113821138211,0.31069182389937106,0.4016260162601626,0.3433962264150943,0.44390243902439025,0.14842767295597484,0.191869918699187,0.20628930817610064,0.26666666666666666,0.23836477987421384,0.308130081300813,0.2408805031446541,0.31138211382113823,0.13836477987421383,0.17886178861788618,0.34088050314465407,0.44065040650406506,0.35660377358490564,0.4609756097560976,0.3421383647798742,0.44227642276422763,0.1440251572327044,0.1861788617886179,0.26163522012578616,0.3382113821138211,0.3119496855345912,0.4032520325203252,0.35157232704402513,0.45447154471544715
11,0.12178387650085763,0.17317073170731706,0.19153802172670098,0.27235772357723576,0.22584333905088622,0.32113821138211385,0.22641509433962265,0.32195121951219513,0.21555174385363066,0.3065040650406504,0.2698684962835906,0.383739837398374,0.2670097198399085,0.3796747967479675,0.17095483133218983,0.24308943089430896,0.18467695826186392,0.26260162601626014,0.18524871355060035,0.2634146341463415,0.2584333905088622,0.367479674796748,0.2641509433962264,0.375609756097561,0.12064036592338478,0.17154471544715447,0.18982275586049172,0.26991869918699185,0.20983419096626643,0.2983739837398374,0.20411663807890223,0.29024390243902437,0.1761006289308176,0.25040650406504067,0.31446540880503143,0.44715447154471544,0.2978845054316752,0.42357723577235773,0.2801600914808462,0.3983739837398374,0.1978273299028016,0.2813008130081301,0.19039451114922812,0.2707317073170732,0.2950257289879931,0.4195121951219512,0.31446540880503143,0.44715447154471544,0.12121212121212122,0.17235772357723578,0.1509433962264151,0.2146341463414634,0.23270440251572327,0.3308943089430894,0.23041738136077758,0.3276422764227642,0.12464265294453973,0.1772357723577236,0.2687249857061178,0.3821138211382114,0.2532875929102344,0.36016260162601627,0.16866781017724414,0.23983739837398374,0.12521440823327615,0.17804878048780487,0.13664951400800457,0.1943089430894309,0.15323041738136078,0.21788617886178863,0.27044025157232704,0.3845528455284553,0.12178387650085763,0.17317073170731706,0.15894797026872498,0.22601626016260162,0.16923956546598057,0.24065040650406505,0.17495711835334476,0.24878048780487805,0.16923956546598057,0.24065040650406505,0.324757004002287,0.46178861788617886,0.3081761006289308,0.43821138211382116,0.22469982847341338,0.3195121951219512,0.14065180102915953,0.2,0.15837621497998858,0.2252032520325203,0.22641509433962265,0.32195121951219513,0.27101200686106347,0.3853658536585366,0.12121212121212122,0.17235772357723578,0.18753573470554602,0.26666666666666666,0.2058319039451115,0.2926829268292683,0.198399085191538,0.2821138211382114,0.19325328759291024,0.27479674796747966,0.27672955974842767,0.3934959349593496,0.2584333905088622,0.367479674796748,0.17724413950829046,0.25203252032520324,0.18296169239565466,0.2601626016260163,0.19039451114922812,0.2707317073170732,0.25614636935391655,0.3642276422764228,0.27787307032590053,0.3951219512195122,0.12521440823327615,0.17804878048780487,0.18925100057175528,0.26910569105691057,0.19039451114922812,0.2707317073170732,0.19096626643796455,0.27154471544715447,0.16580903373356204,0.23577235772357724,0.3184676958261864,0.45284552845528453,0.2938822184105203,0.41788617886178864,0.2664379645511721,0.37886178861788616,0.2035448827901658,0.2894308943089431,0.18582046883933676,0.26422764227642276,0.2910234419668382,0.4138211382113821,0.33276157804459694,0.47317073170731705,0.14351057747284163,0.2040650406504065,0.20011435105774728,0.2845528455284553,0.230989136649514,0.3284552845528455,0.22412807318467695,0.31869918699186994,0.09433962264150944,0.13414634146341464,0.3081761006289308,0.43821138211382116,0.3190394511149228,0.45365853658536587,0.3230417381360778,0.45934959349593496,0.1400800457404231,0.1991869918699187,0.2498570611778159,0.35528455284552846,0.29273870783304745,0.416260162601626,0.324757004002287,0.46178861788617886,0.14465408805031446,0.2056910569105691,0.20125786163522014,0.2861788617886179,0.22927387078330475,0.3260162601626016,0.23041738136077758,0.3276422764227642,0.13664951400800457,0.1943089430894309,0.3276157804459691,0.4658536585365854,0.33390508862206975,0.47479674796747967,0.3276157804459691,0.4658536585365854,0.14065180102915953,0.2,0.24928530588907946,0.3544715447154472,0.29559748427672955,0.42032520325203254,0.3333333333333333,0.4739837398373984
12,0.12211740041928722,0.18943089430894308,0.18343815513626835,0.2845528455284553,0.2148846960167715,0.3333333333333333,0.21593291404612158,0.33495934959349594,0.20911949685534592,0.32439024390243903,0.2520964360587002,0.3910569105691057,0.2520964360587002,0.3910569105691057,0.16719077568134172,0.25934959349593495,0.18238993710691823,0.28292682926829266,0.18134171907756813,0.2813008130081301,0.24161425576519915,0.3747967479674797,0.2489517819706499,0.3861788617886179,0.11635220125786164,0.18048780487804877,0.18553459119496854,0.28780487804878047,0.20335429769392033,0.3154471544715447,0.1970649895178197,0.3056910569105691,0.17348008385744235,0.26910569105691057,0.300314465408805,0.4658536585365854,0.2851153039832285,0.44227642276422763,0.26781970649895176,0.41544715447154473,0.18972746331236898,0.2943089430894309,0.1829140461215933,0.283739837398374,0.279874213836478,0.43414634146341463,0.29821802935010483,0.46260162601626015,0.12159329140461216,0.1886178861788618,0.14779874213836477,0.22926829268292684,0.22117400419287211,0.34308943089430893,0.21436058700209643,0.33252032520325203,0.12683438155136267,0.1967479674796748,0.25052410901467503,0.3886178861788618,0.24737945492662475,0.383739837398374,0.16666666666666666,0.25853658536585367,0.12368972746331237,0.191869918699187,0.13836477987421383,0.2146341463414634,0.1530398322851153,0.23739837398373984,0.2557651991614256,0.3967479674796748,0.12264150943396226,0.1902439024390244,0.15932914046121593,0.24715447154471545,0.16981132075471697,0.2634146341463415,0.17819706498951782,0.2764227642276423,0.16352201257861634,0.25365853658536586,0.30712788259958074,0.4764227642276423,0.2966457023060797,0.46016260162601624,0.22064989517819705,0.34227642276422765,0.13731656184486374,0.21300813008130082,0.15251572327044025,0.23658536585365852,0.22379454926624737,0.34715447154471546,0.26048218029350106,0.4040650406504065,0.12054507337526206,0.18699186991869918,0.18238993710691823,0.28292682926829266,0.19758909853249476,0.3065040650406504,0.1949685534591195,0.3024390243902439,0.19129979035639413,0.2967479674796748,0.2620545073375262,0.4065040650406504,0.24737945492662475,0.383739837398374,0.17138364779874213,0.2658536585365854,0.18081761006289307,0.2804878048780488,0.18343815513626835,0.2845528455284553,0.2458071278825996,0.38130081300813007,0.2641509433962264,0.4097560975609756,0.12054507337526206,0.18699186991869918,0.1860587002096436,0.2886178861788618,0.18238993710691823,0.28292682926829266,0.18396226415094338,0.28536585365853656,0.1640461215932914,0.25447154471544714,0.3029350104821803,0.46991869918699186,0.2772536687631027,0.4300813008130081,0.26048218029350106,0.4040650406504065,0.20125786163522014,0.3121951219512195,0.18238993710691823,0.28292682926829266,0.279874213836478,0.43414634146341463,0.3118448637316562,0.483739837398374,0.1420335429769392,0.22032520325203253,0.19392033542976939,0.3008130081300813,0.22117400419287211,0.34308943089430893,0.21593291404612158,0.33495934959349594,0.09276729559748427,0.14390243902439023,0.29245283018867924,0.45365853658536587,0.3029350104821803,0.46991869918699186,0.30974842767295596,0.48048780487804876,0.139937106918239,0.21707317073170732,0.24161425576519915,0.3747967479674797,0.28197064989517817,0.4373983739837398,0.30922431865828093,0.4796747967479675,0.14098532494758909,0.2186991869918699,0.19339622641509435,0.3,0.21750524109014674,0.33739837398373984,0.2180293501048218,0.3382113821138211,0.13574423480083858,0.2105691056910569,0.31446540880503143,0.4878048780487805,0.3139412997903564,0.4869918699186992,0.31341719077568136,0.4861788617886179,0.13836477987421383,0.2146341463414634,0.24109014675052412,0.37398373983739835,0.2856394129979036,0.44308943089430897,0.31865828092243187,0.4943089430894309
13,0.11998064828253507,0.2016260162601626,0.17803580067731012,0.2991869918699187,0.21141751330430575,0.35528455284552846,0.20996613449443638,0.35284552845528455,0.19932268988872762,0.33495934959349594,0.2370585389453314,0.3983739837398374,0.2389937106918239,0.4016260162601626,0.16352201257861634,0.27479674796747966,0.18045476536042573,0.3032520325203252,0.17658442186744072,0.2967479674796748,0.2312530237058539,0.3886178861788618,0.2351233671988389,0.3951219512195122,0.11804547653604257,0.1983739837398374,0.1794871794871795,0.3016260162601626,0.19835510401548137,0.3333333333333333,0.18964683115626513,0.31869918699186994,0.16932752781809385,0.2845528455284553,0.28737300435413643,0.48292682926829267,0.274310595065312,0.4609756097560976,0.2607643928398645,0.43821138211382116,0.18626028059990324,0.3130081300813008,0.17851959361393324,0.3,0.2656023222060958,0.44634146341463415,0.2868892114175133,0.4821138211382114,0.11998064828253507,0.2016260162601626,0.14852443154329947,0.24959349593495936,0.2065795839380745,0.34715447154471546,0.20609579100145137,0.3463414634146341,0.12578616352201258,0.21138211382113822,0.23463957426221577,0.3943089430894309,0.23270440251572327,0.3910569105691057,0.1606192549588776,0.26991869918699185,0.12191582002902758,0.2048780487804878,0.13642960812772134,0.22926829268292684,0.1490082244799226,0.25040650406504067,0.24238026124818576,0.4073170731707317,0.12191582002902758,0.2048780487804878,0.15578132559264635,0.26178861788617885,0.1702951136913401,0.2861788617886179,0.17803580067731012,0.2991869918699187,0.1625544267053701,0.2731707317073171,0.29221093372036766,0.49105691056910566,0.2830188679245283,0.47560975609756095,0.21480406386066764,0.36097560975609755,0.1340106434446057,0.2252032520325203,0.1509433962264151,0.25365853658536586,0.22060957910014514,0.37073170731707317,0.25157232704402516,0.42276422764227645,0.11998064828253507,0.2016260162601626,0.17658442186744072,0.2967479674796748,0.19013062409288825,0.3195121951219512,0.18867924528301888,0.3170731707317073,0.18674407353652636,0.31382113821138213,0.2506047411707789,0.4211382113821138,0.2370585389453314,0.3983739837398374,0.16545718432510886,0.2780487804878049,0.1761006289308176,0.2959349593495935,0.1794871794871795,0.3016260162601626,0.235607160135462,0.3959349593495935,0.2544750846637639,0.4276422764227642,0.11901306240928883,0.2,0.18093855829704886,0.3040650406504065,0.17658442186744072,0.2967479674796748,0.17803580067731012,0.2991869918699187,0.16400580551523947,0.275609756097561,0.2897919690372521,0.4869918699186992,0.26318335752298017,0.44227642276422763,0.24915336236090954,0.4186991869918699,0.19593613933236576,0.32926829268292684,0.17513304305757135,0.2943089430894309,0.26656990807934206,0.4479674796747967,0.29511369134010645,0.4959349593495935,0.1378809869375907,0.23170731707317074,0.1877116594097726,0.3154471544715447,0.21432027092404451,0.36016260162601627,0.20948234155781326,0.35203252032520327,0.09143686502177069,0.15365853658536585,0.2810836961780358,0.47235772357723577,0.2888243831640058,0.4853658536585366,0.3018867924528302,0.5073170731707317,0.13449443638122882,0.22601626016260162,0.2312530237058539,0.3886178861788618,0.2733430091920658,0.45934959349593496,0.2980164489598452,0.5008130081300813,0.1378809869375907,0.23170731707317074,0.1877116594097726,0.3154471544715447,0.20754716981132076,0.348780487804878,0.20706337687469764,0.34796747967479674,0.13159167876149008,0.22113821138211381,0.30527334300919207,0.5130081300813009,0.2999516207063377,0.5040650406504065,0.3096274794388002,0.5203252032520326,0.1354620222544751,0.22764227642276422,0.23028543783260763,0.38699186991869916,0.27382680212868893,0.46016260162601624,0.30043541364296084,0.5048780487804878
14,0.11814914645103325,0.2138211382113821,0.17295597484276728,0.3130081300813008,0.20260557053009884,0.36666666666666664,0.20260557053009884,0.36666666666666664,0.19227313566936208,0.34796747967479674,0.22596585804132974,0.4089430894308943,0.22731356693620844,0.4113821138211382,0.15813117699910154,0.2861788617886179,0.1765498652291105,0.3195121951219512,0.16981132075471697,0.3073170731707317,0.22192273135669363,0.4016260162601626,0.22461814914645103,0.4065040650406504,0.11769991015274034,0.21300813008130082,0.1747529200359389,0.31626016260162604,0.19047619047619047,0.34471544715447155,0.18463611859838275,0.33414634146341465,0.16666666666666666,0.3016260162601626,0.27672955974842767,0.5008130081300813,0.2628032345013477,0.47560975609756095,0.25426774483378256,0.46016260162601624,0.1792452830188679,0.32439024390243903,0.1747529200359389,0.31626016260162604,0.2578616352201258,0.4666666666666667,0.2771787960467206,0.5016260162601626,0.11814914645103325,0.2138211382113821,0.14465408805031446,0.26178861788617885,0.20260557053009884,0.36666666666666664,0.1999101527403414,0.3617886178861789,0.12398921832884097,0.22439024390243903,0.22551662174303683,0.408130081300813,0.22012578616352202,0.3983739837398374,0.15813117699910154,0.2861788617886179,0.11859838274932614,0.2146341463414634,0.13432165318957773,0.24308943089430896,0.14779874213836477,0.26747967479674795,0.23315363881401618,0.4219512195121951,0.12039532794249776,0.21788617886178863,0.1554357592093441,0.2813008130081301,0.1707097933513028,0.3089430894308943,0.17834681042228212,0.3227642276422764,0.16037735849056603,0.29024390243902437,0.2803234501347709,0.5073170731707317,0.27583108715184185,0.4991869918699187,0.20844564240790656,0.3772357723577236,0.13252470799640612,0.23983739837398374,0.1486972147349506,0.26910569105691057,0.2174303683737646,0.3934959349593496,0.24528301886792453,0.44390243902439025,0.11680143755615453,0.21138211382113822,0.17160826594788858,0.3105691056910569,0.18778077268643306,0.33983739837398375,0.18553459119496854,0.3357723577235772,0.17879604672057503,0.3235772357723577,0.2362982929020665,0.4276422764227642,0.22596585804132974,0.4089430894308943,0.16352201257861634,0.2959349593495935,0.17160826594788858,0.3105691056910569,0.1747529200359389,0.31626016260162604,0.22731356693620844,0.4113821138211382,0.24752920035938905,0.4479674796747967,0.11949685534591195,0.216260162601626,0.17295597484276728,0.3130081300813008,0.1725067385444744,0.3121951219512195,0.1734052111410602,0.31382113821138213,0.16262353998203055,0.2943089430894309,0.2785265049415993,0.5040650406504065,0.2529200359389039,0.45772357723577234,0.24348607367475292,0.44065040650406506,0.18778077268643306,0.33983739837398375,0.1711590296495957,0.3097560975609756,0.2560646900269542,0.4634146341463415,0.2807726864330638,0.508130081300813,0.13432165318957773,0.24308943089430896,0.18149146451033243,0.3284552845528455,0.20440251572327045,0.3699186991869919,0.19946091644204852,0.36097560975609755,0.09119496855345911,0.16504065040650406,0.27403414195867026,0.4959349593495935,0.2771787960467206,0.5016260162601626,0.29559748427672955,0.5349593495934959,0.13117699910152741,0.23739837398373984,0.22282120395327942,0.4032520325203252,0.26235399820305483,0.47479674796747967,0.28481581311769993,0.5154471544715448,0.13432165318957773,0.24308943089430896,0.18059299191374664,0.32682926829268294,0.19811320754716982,0.35853658536585364,0.20170709793351302,0.3650406504065041,0.13117699910152741,0.23739837398373984,0.2920035938903863,0.5284552845528455,0.2852650494159928,0.516260162601626,0.3005390835579515,0.5439024390243903,0.13117699910152741,0.23739837398373984,0.22147349505840072,0.4008130081300813,0.26549865229110514,0.48048780487804876,0.2893081761006289,0.5235772357723577
15,0.1169811320754717,0.22682926829268293,0.1681341719077568,0.3260162601626016,0.19371069182389938,0.375609756097561,0.1949685534591195,0.3780487804878049,0.1870020964360587,0.36260162601626017,0.21928721174004193,0.42520325203252035,0.21677148846960168,0.42032520325203254,0.15849056603773584,0.3073170731707317,0.17232704402515722,0.33414634146341465,0.16352201257861634,0.3170731707317073,0.21341719077568133,0.4138211382113821,0.21257861635220127,0.4121951219512195,0.11572327044025157,0.22439024390243903,0.1710691823899371,0.33170731707317075,0.18490566037735848,0.35853658536585364,0.17777777777777778,0.34471544715447155,0.16142557651991615,0.3130081300813008,0.2641509433962264,0.5121951219512195,0.25031446540880503,0.4853658536585366,0.24779874213836478,0.48048780487804876,0.17358490566037735,0.33658536585365856,0.17023060796645703,0.3300813008130081,0.24779874213836478,0.48048780487804876,0.2662473794549266,0.516260162601626,0.11865828092243187,0.23008130081300812,0.14171907756813418,0.27479674796747966,0.1970649895178197,0.3821138211382114,0.19412997903563942,0.37642276422764226,0.12117400419287212,0.23495934959349593,0.2180293501048218,0.42276422764227645,0.2088050314465409,0.40487804878048783,0.15429769392033543,0.2991869918699187,0.1148846960167715,0.22276422764227644,0.13417190775681342,0.2601626016260163,0.14842767295597484,0.28780487804878047,0.22557651991614255,0.4373983739837398,0.11949685534591195,0.23170731707317074,0.1538784067085954,0.2983739837398374,0.1681341719077568,0.3260162601626016,0.1790356394129979,0.34715447154471546,0.15513626834381553,0.3008130081300813,0.2708595387840671,0.5252032520325203,0.26540880503144654,0.5146341463414634,0.20461215932914045,0.3967479674796748,0.13039832285115305,0.2528455284552846,0.1480083857442348,0.2869918699186992,0.21090146750524108,0.4089430894308943,0.23857442348008387,0.46260162601626015,0.11614255765199162,0.2252032520325203,0.16645702306079666,0.3227642276422764,0.1840670859538784,0.3569105691056911,0.17987421383647798,0.348780487804878,0.17358490566037735,0.33658536585365856,0.22473794549266246,0.43577235772357725,0.21425576519916142,0.41544715447154473,0.15974842767295597,0.3097560975609756,0.16729559748427672,0.32439024390243903,0.16981132075471697,0.32926829268292684,0.22264150943396227,0.4317073170731707,0.239832285115304,0.46504065040650405,0.11740041928721175,0.22764227642276422,0.16855345911949685,0.32682926829268294,0.16939203354297694,0.3284552845528455,0.17023060796645703,0.3300813008130081,0.16142557651991615,0.3130081300813008,0.2658280922431866,0.5154471544715448,0.24528301886792453,0.47560975609756095,0.24150943396226415,0.4682926829268293,0.18448637316561844,0.35772357723577236,0.1668763102725367,0.3235772357723577,0.24570230607966456,0.4764227642276423,0.2670859538784067,0.5178861788617887,0.1320754716981132,0.25609756097560976,0.17568134171907757,0.34065040650406503,0.1979035639412998,0.383739837398374,0.19371069182389938,0.375609756097561,0.09056603773584905,0.17560975609756097,0.2658280922431866,0.5154471544715448,0.2645702306079665,0.5130081300813009,0.2859538784067086,0.5544715447154471,0.1278825995807128,0.24796747967479674,0.2129979035639413,0.41300813008130083,0.25324947589098534,0.49105691056910566,0.2779874213836478,0.5390243902439025,0.1312368972746331,0.25447154471544714,0.1740041928721174,0.33739837398373984,0.19161425576519917,0.37154471544715445,0.1949685534591195,0.3780487804878049,0.12830188679245283,0.24878048780487805,0.2809224318658281,0.5447154471544715,0.27337526205450735,0.5300813008130081,0.2863731656184486,0.5552845528455285,0.12830188679245283,0.24878048780487805,0.2121593291404612,0.4113821138211382,0.2561844863731656,0.4967479674796748,0.27672955974842767,0.5365853658536586
16,0.11713836477987422,0.24227642276422764,0.16273584905660377,0.33658536585365856,0.18907232704402516,0.3910569105691057,0.19025157232704404,0.3934959349593496,0.18199685534591195,0.37642276422764226,0.21029874213836477,0.4349593495934959,0.20833333333333334,0.43089430894308944,0.15683962264150944,0.32439024390243903,0.16863207547169812,0.348780487804878,0.15998427672955975,0.3308943089430894,0.20400943396226415,0.4219512195121951,0.2028301886792453,0.4195121951219512,0.11517295597484277,0.23821138211382115,0.16784591194968554,0.34715447154471546,0.1792452830188679,0.37073170731707317,0.17452830188679244,0.36097560975609755,0.15683962264150944,0.32439024390243903,0.2539308176100629,0.5252032520325203,0.23977987421383648,0.4959349593495935,0.24017295597484276,0.4967479674796748,0.1694182389937107,0.35040650406504065,0.16705974842767296,0.34552845528455284,0.23663522012578617,0.4894308943089431,0.2562893081761006,0.5300813008130081,0.11556603773584906,0.23902439024390243,0.13875786163522014,0.2869918699186992,0.18828616352201258,0.38943089430894307,0.1843553459119497,0.38130081300813007,0.11910377358490566,0.24634146341463414,0.21147798742138366,0.4373983739837398,0.20125786163522014,0.416260162601626,0.1501572327044025,0.3105691056910569,0.11242138364779874,0.23252032520325203,0.13364779874213836,0.2764227642276423,0.14465408805031446,0.2991869918699187,0.21933962264150944,0.45365853658536587,0.11674528301886793,0.24146341463414633,0.15330188679245282,0.3170731707317073,0.16784591194968554,0.34715447154471546,0.1761006289308176,0.3642276422764228,0.1501572327044025,0.3105691056910569,0.2606132075471698,0.5390243902439025,0.25589622641509435,0.5292682926829269,0.19772012578616352,0.4089430894308943,0.12657232704402516,0.26178861788617885,0.14819182389937108,0.3065040650406504,0.20715408805031446,0.42845528455284554,0.22916666666666666,0.4739837398373984,0.11713836477987422,0.24227642276422764,0.16352201257861634,0.3382113821138211,0.17767295597484276,0.367479674796748,0.17492138364779874,0.3617886178861789,0.1690251572327044,0.34959349593495936,0.21540880503144655,0.44552845528455287,0.20636792452830188,0.4268292682926829,0.15487421383647798,0.3203252032520325,0.16273584905660377,0.33658536585365856,0.16745283018867924,0.3463414634146341,0.2134433962264151,0.44146341463414634,0.23073899371069181,0.4772357723577236,0.11674528301886793,0.24146341463414633,0.16430817610062892,0.33983739837398375,0.16745283018867924,0.3463414634146341,0.1694182389937107,0.35040650406504065,0.1584119496855346,0.3276422764227642,0.25707547169811323,0.5317073170731708,0.23977987421383648,0.4959349593495935,0.23388364779874213,0.483739837398374,0.1800314465408805,0.3723577235772358,0.16312893081761007,0.33739837398373984,0.23742138364779874,0.49105691056910566,0.2598270440251572,0.5373983739837398,0.12696540880503146,0.26260162601626014,0.16863207547169812,0.348780487804878,0.18946540880503146,0.39186991869918697,0.18671383647798742,0.3861788617886179,0.09119496855345911,0.1886178861788618,0.2574685534591195,0.532520325203252,0.25589622641509435,0.5292682926829269,0.2708333333333333,0.5601626016260163,0.1253930817610063,0.25934959349593495,0.20479559748427673,0.42357723577235773,0.24410377358490565,0.5048780487804878,0.2672955974842767,0.5528455284552846,0.12735849056603774,0.2634146341463415,0.1690251572327044,0.34959349593495936,0.18553459119496854,0.383739837398374,0.18592767295597484,0.3845528455284553,0.1281446540880503,0.26504065040650404,0.2696540880503145,0.5577235772357724,0.26022012578616355,0.5382113821138211,0.2716194968553459,0.5617886178861788,0.12617924528301888,0.26097560975609757,0.2059748427672956,0.42601626016260163,0.2456761006289308,0.508130081300813,0.2672955974842767,0.5528455284552846
17,0.11727709951905291,0.2577235772357724,0.1605623381428043,0.35284552845528455,0.18238993710691823,0.4008130081300813,0.18386977432482426,0.4040650406504065,0.1761006289308176,0.38699186991869916,0.20384757676655568,0.4479674796747967,0.20199778024417314,0.44390243902439025,0.15501294857565667,0.34065040650406503,0.16463189049204588,0.3617886178861789,0.15760266370699222,0.3463414634146341,0.19718830928597855,0.43333333333333335,0.19385867554568997,0.42601626016260163,0.1124676285608583,0.24715447154471545,0.16463189049204588,0.3617886178861789,0.17314095449500555,0.3804878048780488,0.1716611172770995,0.3772357723577236,0.15390307066222716,0.3382113821138211,0.24676285608583057,0.5422764227642276,0.23011468738438773,0.5056910569105691,0.2341842397336293,0.5146341463414634,0.16352201257861634,0.359349593495935,0.16463189049204588,0.3617886178861789,0.22678505364409915,0.4983739837398374,0.2493525712171661,0.5479674796747968,0.11542730299667037,0.25365853658536586,0.13725490196078433,0.3016260162601626,0.18091009988901222,0.3975609756097561,0.18017018128005918,0.3959349593495935,0.11838697743248243,0.2601626016260163,0.20569737328893822,0.45203252032520325,0.19385867554568997,0.42601626016260163,0.14872364039955605,0.32682926829268294,0.10913799482056974,0.23983739837398374,0.1317055123936367,0.2894308943089431,0.14206437291897892,0.3121951219512195,0.2093969663337033,0.46016260162601624,0.11468738438771735,0.25203252032520324,0.15168331483536812,0.3333333333333333,0.16611172770995192,0.3650406504065041,0.17314095449500555,0.3804878048780488,0.14761376248612654,0.32439024390243903,0.25231224565297816,0.5544715447154471,0.24713281539030707,0.5430894308943089,0.19274879763226044,0.42357723577235773,0.12541620421753608,0.275609756097561,0.146503884572697,0.32195121951219513,0.20199778024417314,0.44390243902439025,0.22123566407695153,0.4861788617886179,0.11764705882352941,0.25853658536585367,0.1605623381428043,0.35284552845528455,0.17240103588605254,0.37886178861788616,0.17203107658157601,0.3780487804878049,0.16278209396966334,0.35772357723577236,0.20791712911579727,0.45691056910569106,0.19829818719940806,0.43577235772357725,0.15390307066222716,0.3382113821138211,0.16241213466518684,0.3569105691056911,0.16426193118756938,0.36097560975609755,0.20384757676655568,0.4479674796747967,0.22308546059933407,0.4902439024390244,0.11579726230114687,0.25447154471544714,0.16315205327413984,0.35853658536585364,0.16389197188309285,0.36016260162601627,0.16426193118756938,0.36097560975609755,0.1557528671846097,0.34227642276422765,0.2504624491305956,0.5504065040650407,0.23233444321124677,0.510569105691057,0.2282648908620052,0.5016260162601626,0.1761006289308176,0.38699186991869916,0.15945246022937476,0.35040650406504065,0.2282648908620052,0.5016260162601626,0.25009248982611915,0.5495934959349593,0.12430632630410655,0.2731707317073171,0.16426193118756938,0.36097560975609755,0.1849796522382538,0.4065040650406504,0.1805401405845357,0.3967479674796748,0.09137994820569738,0.2008130081300813,0.25083240843507215,0.551219512195122,0.24565297817240103,0.5398373983739837,0.2578616352201258,0.5666666666666667,0.12134665186829449,0.26666666666666666,0.19792822789493156,0.4349593495934959,0.23603403625601183,0.5186991869918699,0.2571217166111728,0.5650406504065041,0.1220865704772475,0.2682926829268293,0.16426193118756938,0.36097560975609755,0.17758046614872364,0.3902439024390244,0.17943026267110618,0.3943089430894309,0.12578616352201258,0.2764227642276423,0.2582315945246023,0.567479674796748,0.2486126526082131,0.5463414634146342,0.2593414724380318,0.5699186991869919,0.1220865704772475,0.2682926829268293,0.19681834998150202,0.432520325203252,0.23751387347391786,0.5219512195121951,0.2589715131335553,0.5691056910569106
18,0.11635220125786164,0.2707317073170732,0.15618448637316562,0.36341463414634145,0.17819706498951782,0.4146341463414634,0.1792452830188679,0.4170731707317073,0.17016072676450034,0.3959349593495935,0.19776380153738643,0.46016260162601624,0.19636617749825297,0.45691056910569106,0.1509433962264151,0.35121951219512193,0.16037735849056603,0.37317073170731707,0.1509433962264151,0.35121951219512193,0.19112508735150244,0.44471544715447153,0.18763102725366876,0.43658536585365854,0.11041229909154437,0.25691056910569104,0.1610761705101328,0.3747967479674797,0.16876310272536688,0.3926829268292683,0.16596785464709993,0.3861788617886179,0.14814814814814814,0.34471544715447155,0.23969252271139063,0.5577235772357724,0.22082459818308875,0.5138211382113821,0.2278127183787561,0.5300813008130081,0.15828092243186584,0.36829268292682926,0.1586303284416492,0.36910569105691055,0.21837875611460517,0.508130081300813,0.24213836477987422,0.5634146341463414,0.11600279524807827,0.26991869918699185,0.136617749825297,0.3178861788617886,0.176450034940601,0.4105691056910569,0.17435359888190077,0.4056910569105691,0.11740041928721175,0.2731707317073171,0.20055904961565338,0.4666666666666667,0.18798043326345212,0.4373983739837398,0.14675052410901468,0.34146341463414637,0.10761705101327743,0.25040650406504067,0.13242487770789657,0.308130081300813,0.14150943396226415,0.32926829268292684,0.20055904961565338,0.4666666666666667,0.11320754716981132,0.2634146341463415,0.1484975541579315,0.34552845528455284,0.16317260656883298,0.3796747967479675,0.16876310272536688,0.3926829268292683,0.14360587002096437,0.33414634146341465,0.24528301886792453,0.5707317073170731,0.23724668064290705,0.5520325203252032,0.1893780573025856,0.44065040650406506,0.12264150943396226,0.28536585365853656,0.143256464011181,0.3333333333333333,0.1984626135569532,0.46178861788617886,0.21313766596785463,0.4959349593495935,0.11425576519916142,0.2658536585365854,0.16037735849056603,0.37317073170731707,0.16876310272536688,0.3926829268292683,0.16771488469601678,0.3902439024390244,0.1610761705101328,0.3747967479674797,0.19916142557651992,0.4634146341463415,0.19217330538085256,0.44715447154471544,0.15129280223619845,0.35203252032520327,0.1596785464709993,0.37154471544715445,0.16142557651991615,0.375609756097561,0.19776380153738643,0.46016260162601624,0.21593291404612158,0.5024390243902439,0.11250873515024458,0.26178861788617885,0.15793151642208245,0.367479674796748,0.16177498252969952,0.37642276422764226,0.16177498252969952,0.37642276422764226,0.15583508036338226,0.36260162601626017,0.24178895877009085,0.5626016260162602,0.2236198462613557,0.5203252032520326,0.2222222222222222,0.5170731707317073,0.17295597484276728,0.4024390243902439,0.1554856743535989,0.3617886178861789,0.2190775681341719,0.5097560975609756,0.24178895877009085,0.5626016260162602,0.1222921034241789,0.2845528455284553,0.15897973445143257,0.3699186991869919,0.17994409503843467,0.4186991869918699,0.17540181691125087,0.408130081300813,0.09049615653389238,0.2105691056910569,0.24353598881900768,0.5666666666666667,0.23549965059399022,0.5479674796747968,0.24912648497554157,0.5796747967479675,0.11914744933612859,0.27723577235772356,0.19217330538085256,0.44715447154471544,0.226764500349406,0.5276422764227642,0.2498252969951083,0.5813008130081301,0.12124388539482879,0.2821138211382114,0.15897973445143257,0.3699186991869919,0.17435359888190077,0.4056910569105691,0.1750524109014675,0.4073170731707317,0.12368972746331237,0.28780487804878047,0.25122292103424176,0.5845528455284553,0.23654786862334032,0.5504065040650407,0.24807826694619148,0.5772357723577236,0.11949685534591195,0.2780487804878049,0.1914744933612858,0.44552845528455287,0.22851153039832284,0.5317073170731708,0.24598183088749126,0.5723577235772358
19,0.11519364448857994,0.28292682926829266,0.1532605097649785,0.37642276422764226,0.17245945051307515,0.42357723577235773,0.17411453161204898,0.4276422764227642,0.16683217477656406,0.4097560975609756,0.1906653426017875,0.4682926829268293,0.1916583912611718,0.47073170731707314,0.1476332340284674,0.36260162601626017,0.15590863952333664,0.3829268292682927,0.1476332340284674,0.36260162601626017,0.182720953326713,0.44878048780487806,0.1807348560079444,0.44390243902439025,0.10956636875206885,0.26910569105691057,0.1575637206223105,0.38699186991869916,0.1651770936775902,0.4056910569105691,0.16219794769943727,0.3983739837398374,0.14498510427010924,0.35609756097560974,0.23204237007613374,0.5699186991869919,0.21251241310824232,0.5219512195121951,0.22277391592188017,0.5471544715447154,0.1532605097649785,0.37642276422764226,0.15557762330354188,0.3821138211382114,0.20986428334988413,0.5154471544715448,0.23270440251572327,0.5715447154471545,0.11254551473022179,0.2764227642276423,0.13604766633565044,0.33414634146341465,0.16981132075471697,0.4170731707317073,0.16881827209533268,0.4146341463414634,0.11883482290632241,0.291869918699187,0.19430652101952997,0.4772357723577236,0.18106587222773915,0.44471544715447153,0.14498510427010924,0.35609756097560974,0.1046011254551473,0.25691056910569104,0.1297583581595498,0.31869918699186994,0.14233697451175106,0.34959349593495936,0.1939755047997352,0.4764227642276423,0.11420059582919563,0.2804878048780488,0.14630916914928832,0.359349593495935,0.15888778550148958,0.3902439024390244,0.16484607745779542,0.40487804878048783,0.14366103939093017,0.35284552845528455,0.23866269447202912,0.5861788617886179,0.23171135385633895,0.5691056910569106,0.1850380668652764,0.45447154471544715,0.11850380668652764,0.2910569105691057,0.13836477987421383,0.33983739837398375,0.19463753723932473,0.47804878048780486,0.2062231049321417,0.5065040650406504,0.11055941741145316,0.27154471544715447,0.15690168818272096,0.3853658536585366,0.16352201257861634,0.4016260162601626,0.16252896391923205,0.3991869918699187,0.15888778550148958,0.3902439024390244,0.19331347236014565,0.47479674796747967,0.18338298576630255,0.4504065040650406,0.15127441244620987,0.37154471544715445,0.15822575306190004,0.3886178861788618,0.15822575306190004,0.3886178861788618,0.19132737504137703,0.46991869918699186,0.2092022509102946,0.5138211382113821,0.11188348229063225,0.27479674796747966,0.15491559086395235,0.3804878048780488,0.15690168818272096,0.3853658536585366,0.1575637206223105,0.38699186991869916,0.15557762330354188,0.3821138211382114,0.23369745117510757,0.5739837398373984,0.2168156239655743,0.532520325203252,0.21946375372393248,0.5390243902439025,0.16782522343594836,0.4121951219512195,0.15557762330354188,0.3821138211382114,0.2135054617676266,0.524390243902439,0.23535253227408143,0.5780487804878048,0.11916583912611718,0.2926829268292683,0.15557762330354188,0.3821138211382114,0.17477656405163852,0.4292682926829268,0.16981132075471697,0.4170731707317073,0.0913604766633565,0.22439024390243903,0.23601456471367097,0.5796747967479675,0.2247600132406488,0.5520325203252032,0.2399867593512082,0.5894308943089431,0.11817279046673287,0.29024390243902437,0.18735518040383978,0.46016260162601624,0.21847070506454816,0.5365853658536586,0.23932472691161866,0.5878048780487805,0.11916583912611718,0.2926829268292683,0.15392254220456802,0.3780487804878049,0.16981132075471697,0.4170731707317073,0.17113538563389605,0.42032520325203254,0.12313803376365443,0.3024390243902439,0.24329692154915591,0.5975609756097561,0.22873220787818604,0.5617886178861788,0.24064879179079776,0.5910569105691057,0.11850380668652764,0.2910569105691057,0.18669314796425024,0.4585365853658537,0.21946375372393248,0.5390243902439025,0.2389937106918239,0.5869918699186992
20,0.11226415094339623,0.29024390243902437,0.15,0.3878048780487805,0.17075471698113207,0.44146341463414634,0.170125786163522,0.4398373983739837,0.1632075471698113,0.4219512195121951,0.18490566037735848,0.47804878048780486,0.18490566037735848,0.47804878048780486,0.1440251572327044,0.3723577235772358,0.15220125786163521,0.3934959349593496,0.14685534591194968,0.3796747967479675,0.1770440251572327,0.45772357723577234,0.17358490566037735,0.44878048780487806,0.10817610062893082,0.27967479674796747,0.15377358490566037,0.3975609756097561,0.16226415094339622,0.4195121951219512,0.15723270440251572,0.4065040650406504,0.14245283018867924,0.36829268292682926,0.22358490566037736,0.5780487804878048,0.20408805031446542,0.5276422764227642,0.21477987421383649,0.5552845528455285,0.14968553459119496,0.38699186991869916,0.15283018867924528,0.3951219512195122,0.20440251572327045,0.5284552845528455,0.22641509433962265,0.5853658536585366,0.11226415094339623,0.29024390243902437,0.13364779874213836,0.34552845528455284,0.1650943396226415,0.4268292682926829,0.1650943396226415,0.4268292682926829,0.11823899371069183,0.3056910569105691,0.18930817610062894,0.4894308943089431,0.1751572327044025,0.45284552845528453,0.14339622641509434,0.37073170731707317,0.10283018867924529,0.2658536585365854,0.1279874213836478,0.3308943089430894,0.13930817610062893,0.36016260162601627,0.18584905660377357,0.48048780487804876,0.11415094339622642,0.2951219512195122,0.14245283018867924,0.36829268292682926,0.15723270440251572,0.4065040650406504,0.1610062893081761,0.416260162601626,0.14088050314465408,0.3642276422764228,0.23081761006289309,0.5967479674796748,0.2229559748427673,0.5764227642276423,0.18050314465408804,0.4666666666666667,0.11477987421383648,0.2967479674796748,0.1361635220125786,0.35203252032520327,0.19025157232704404,0.491869918699187,0.20220125786163523,0.5227642276422764,0.1119496855345912,0.2894308943089431,0.15157232704402515,0.39186991869918697,0.1591194968553459,0.4113821138211382,0.1581761006289308,0.4089430894308943,0.15534591194968553,0.4016260162601626,0.18742138364779873,0.4845528455284553,0.17893081761006288,0.46260162601626015,0.15125786163522012,0.3910569105691057,0.15377358490566037,0.3975609756097561,0.15471698113207547,0.4,0.18742138364779873,0.4845528455284553,0.20251572327044026,0.5235772357723577,0.10911949685534592,0.2821138211382114,0.15188679245283018,0.3926829268292683,0.1550314465408805,0.4008130081300813,0.15471698113207547,0.4,0.15440251572327043,0.3991869918699187,0.2248427672955975,0.5813008130081301,0.2119496855345912,0.5479674796747968,0.2138364779874214,0.5528455284552846,0.1632075471698113,0.4219512195121951,0.15534591194968553,0.4016260162601626,0.2069182389937107,0.5349593495934959,0.22830188679245284,0.5902439024390244,0.1169811320754717,0.3024390243902439,0.14937106918238993,0.3861788617886179,0.1691823899371069,0.4373983739837398,0.16540880503144653,0.4276422764227642,0.09245283018867924,0.23902439024390243,0.229874213836478,0.5943089430894309,0.21572327044025158,0.5577235772357724,0.23050314465408805,0.5959349593495935,0.11540880503144654,0.2983739837398374,0.18270440251572326,0.47235772357723577,0.2119496855345912,0.5479674796747968,0.23364779874213837,0.6040650406504066,0.1160377358490566,0.3,0.15031446540880503,0.3886178861788618,0.16540880503144653,0.4276422764227642,0.16635220125786163,0.4300813008130081,0.12264150943396226,0.3170731707317073,0.23364779874213837,0.6040650406504066,0.22044025157232705,0.5699186991869919,0.23144654088050315,0.5983739837398374,0.11572327044025157,0.2991869918699187,0.1820754716981132,0.47073170731707314,0.2119496855345912,0.5479674796747968,0.23270440251572327,0.6016260162601627
21,0.11200958370769691,0.3040650406504065,0.14585205151242886,0.3959349593495935,0.16651692123390235,0.45203252032520325,0.16651692123390235,0.45203252032520325,0.15932914046121593,0.432520325203252,0.17879604672057503,0.4853658536585366,0.18089248277927522,0.49105691056910566,0.14016172506738545,0.3804878048780488,0.1485474693021863,0.4032520325203252,0.14405510631925728,0.3910569105691057,0.17280622941000298,0.4691056910569106,0.16831386642707397,0.45691056910569106,0.1087151841868823,0.2951219512195122,0.1497454327643007,0.4065040650406504,0.15902964959568733,0.4317073170731707,0.1527403414195867,0.4146341463414634,0.13956274333632823,0.37886178861788616,0.215633423180593,0.5853658536585366,0.1973644803833483,0.5357723577235772,0.20844564240790656,0.5658536585365853,0.14525306978137167,0.3943089430894309,0.1503444144953579,0.408130081300813,0.2000598981731057,0.5430894308943089,0.2195268044324648,0.5959349593495935,0.11290805630428272,0.3065040650406504,0.1323749625636418,0.359349593495935,0.15873015873015872,0.43089430894308944,0.15902964959568733,0.4317073170731707,0.11769991015274034,0.3195121951219512,0.18119197364480383,0.491869918699187,0.17160826594788858,0.4658536585365854,0.14375561545372867,0.3902439024390244,0.10092842168313866,0.2739837398373984,0.12728361784965558,0.34552845528455284,0.13926325247079965,0.3780487804878049,0.17939502845163222,0.4869918699186992,0.11290805630428272,0.3065040650406504,0.14106019766397124,0.3829268292682927,0.1539383048817011,0.41788617886178864,0.15723270440251572,0.4268292682926829,0.14195867026055706,0.3853658536585366,0.22252171308775082,0.6040650406504066,0.2174303683737646,0.5902439024390244,0.17729859239293203,0.4813008130081301,0.11260856543875412,0.3056910569105691,0.13656783468104222,0.37073170731707317,0.18508535489667566,0.5024390243902439,0.1943695717280623,0.5276422764227642,0.11320754716981132,0.3073170731707317,0.14824797843665768,0.4024390243902439,0.1557352500748727,0.42276422764227645,0.1542377957472297,0.4186991869918699,0.1524408505540581,0.4138211382113821,0.18179095537586104,0.49349593495934957,0.1737047020065888,0.4715447154471545,0.1503444144953579,0.408130081300813,0.1509433962264151,0.4097560975609756,0.1512428870919437,0.4105691056910569,0.18119197364480383,0.491869918699187,0.1973644803833483,0.5357723577235772,0.11021263851452531,0.2991869918699187,0.14944594189877208,0.4056910569105691,0.1509433962264151,0.4097560975609756,0.15064390536088648,0.4089430894308943,0.1524408505540581,0.4138211382113821,0.217130877508236,0.5894308943089431,0.20395327942497754,0.5536585365853659,0.20904462413896377,0.567479674796748,0.16112608565438755,0.4373983739837398,0.1530398322851153,0.41544715447154473,0.20065887990416292,0.5447154471544715,0.22012578616352202,0.5975609756097561,0.11799940101826895,0.3203252032520325,0.14585205151242886,0.3959349593495935,0.16501946690625935,0.4479674796747967,0.16082659478885894,0.43658536585365854,0.09254267744833783,0.25121951219512195,0.22371967654986524,0.6073170731707317,0.20874513327343516,0.5666666666666667,0.2222222222222222,0.6032520325203252,0.11171009284216832,0.3032520325203252,0.18029350104821804,0.4894308943089431,0.20545073375262055,0.5577235772357724,0.22641509433962265,0.6146341463414634,0.11680143755615453,0.3170731707317073,0.14495357891584307,0.3934959349593496,0.16052710392333033,0.43577235772357725,0.16112608565438755,0.4373983739837398,0.12099430967355496,0.3284552845528455,0.22611560347409404,0.6138211382113821,0.21144055106319257,0.5739837398373984,0.22282120395327942,0.6048780487804878,0.11320754716981132,0.3073170731707317,0.17729859239293203,0.4813008130081301,0.20664869721473494,0.5609756097560976,0.22491764001197964,0.6105691056910569
22,0.11377930245854774,0.3235772357723577,0.14465408805031446,0.4113821138211382,0.164379645511721,0.46747967479674796,0.16295025728987994,0.4634146341463415,0.15465980560320183,0.4398373983739837,0.17409948542024015,0.4951219512195122,0.17667238421955403,0.5024390243902439,0.13836477987421383,0.3934959349593496,0.14493996569468268,0.4121951219512195,0.1423670668953688,0.40487804878048783,0.1675242995997713,0.4764227642276423,0.16352201257861634,0.46504065040650405,0.10891938250428816,0.3097560975609756,0.1460834762721555,0.41544715447154473,0.1563750714694111,0.44471544715447153,0.15008576329331047,0.4268292682926829,0.13750714694110922,0.3910569105691057,0.20926243567753003,0.5951219512195122,0.19210977701543738,0.5463414634146342,0.20440251572327045,0.5813008130081301,0.14150943396226415,0.4024390243902439,0.1460834762721555,0.41544715447154473,0.1926815323041738,0.5479674796747968,0.21297884505431675,0.6056910569105691,0.11492281303602059,0.32682926829268294,0.1312178387650086,0.37317073170731707,0.1540880503144654,0.43821138211382116,0.15437392795883362,0.43902439024390244,0.11749571183533447,0.33414634146341465,0.1761006289308176,0.5008130081300813,0.16638078902229847,0.47317073170731705,0.14150943396226415,0.4024390243902439,0.10062893081761007,0.2861788617886179,0.12464265294453973,0.3544715447154472,0.137221269296741,0.3902439024390244,0.17181246426529445,0.4886178861788618,0.11292166952544311,0.32113821138211385,0.13979416809605488,0.3975609756097561,0.15008576329331047,0.4268292682926829,0.15437392795883362,0.43902439024390244,0.13979416809605488,0.3975609756097561,0.21640937678673527,0.6154471544715447,0.21012006861063465,0.5975609756097561,0.17467124070897655,0.4967479674796748,0.11092052601486564,0.3154471544715447,0.13407661520869069,0.38130081300813007,0.18038879359634077,0.5130081300813009,0.18896512292738707,0.5373983739837398,0.11463693539165237,0.3260162601626016,0.14493996569468268,0.4121951219512195,0.15151515151515152,0.43089430894308944,0.15065751858204687,0.42845528455284554,0.14979988564894225,0.42601626016260163,0.17495711835334476,0.4975609756097561,0.17124070897655802,0.4869918699186992,0.14665523156089194,0.4170731707317073,0.14722698684962837,0.4186991869918699,0.1512292738707833,0.4300813008130081,0.1755288736420812,0.4991869918699187,0.19210977701543738,0.5463414634146342,0.11149228130360206,0.3170731707317073,0.14636935391652373,0.416260162601626,0.14751286449399656,0.4195121951219512,0.148084619782733,0.4211382113821138,0.15523156089193826,0.44146341463414634,0.20983419096626643,0.5967479674796748,0.19811320754716982,0.5634146341463414,0.20440251572327045,0.5813008130081301,0.15751858204688393,0.4479674796747967,0.15008576329331047,0.4268292682926829,0.19439679817038308,0.5528455284552846,0.21326472269868496,0.6065040650406504,0.115494568324757,0.3284552845528455,0.14436821040594625,0.4105691056910569,0.1615208690680389,0.45934959349593496,0.1566609491137793,0.44552845528455287,0.0906232132647227,0.2577235772357724,0.21612349914236706,0.6146341463414634,0.20125786163522014,0.5723577235772358,0.214694110920526,0.6105691056910569,0.11034877072612921,0.31382113821138213,0.17495711835334476,0.4975609756097561,0.19897084048027444,0.5658536585365853,0.2198399085191538,0.6252032520325204,0.11435105774728416,0.3252032520325203,0.14379645511720984,0.4089430894308943,0.1566609491137793,0.44552845528455287,0.15751858204688393,0.4479674796747967,0.120926243567753,0.3439024390243902,0.21869639794168097,0.6219512195121951,0.20497427101200685,0.5829268292682926,0.21526586620926244,0.6121951219512195,0.1097770154373928,0.3121951219512195,0.17438536306460833,0.4959349593495935,0.2006861063464837,0.5707317073170731,0.21869639794168097,0.6219512195121951
23,0.1140278917145201,0.33902439024390246,0.14082581350834017,0.4186991869918699,0.15969373803664205,0.47479674796747967,0.15969373803664205,0.47479674796747967,0.1509433962264151,0.44878048780487806,0.16789718348372984,0.4991869918699187,0.17090511348099535,0.508130081300813,0.13727098714793545,0.408130081300813,0.14219305441618812,0.42276422764227645,0.13836477987421383,0.4113821138211382,0.16379546076018595,0.4869918699186992,0.15914684167350288,0.47317073170731705,0.10828547990155865,0.32195121951219513,0.14246650259775773,0.42357723577235773,0.15340442986054142,0.4560975609756098,0.14820891441071918,0.44065040650406506,0.13426305715066994,0.3991869918699187,0.20207820617992892,0.6008130081300813,0.18649165983046212,0.5544715447154471,0.19934372436423298,0.5926829268292683,0.13809133169264423,0.4105691056910569,0.14410719168717528,0.42845528455284554,0.1873120043751709,0.556910569105691,0.20809406617445994,0.6186991869918699,0.1140278917145201,0.33902439024390246,0.12961443806398687,0.3853658536585366,0.1512168444079847,0.44959349593495934,0.1503964998632759,0.44715447154471544,0.11648892534864644,0.3463414634146341,0.1725458025704129,0.5130081300813009,0.16270166803390756,0.483739837398374,0.14055236532677057,0.41788617886178864,0.09789444900191414,0.2910569105691057,0.12469237079573421,0.37073170731707317,0.13426305715066994,0.3991869918699187,0.16680339075745146,0.4959349593495935,0.11129340989882418,0.3308943089430894,0.13672409078479628,0.4065040650406504,0.14793546622914958,0.4398373983739837,0.1501230516817063,0.44634146341463415,0.13480995351380914,0.4008130081300813,0.20836751435602954,0.6195121951219512,0.20399234345091605,0.6065040650406504,0.17555373256767842,0.5219512195121951,0.10883237626469784,0.3235772357723577,0.13098167897183483,0.38943089430894307,0.1761006289308176,0.5235772357723577,0.184577522559475,0.5487804878048781,0.11430133989608969,0.33983739837398375,0.1432868471424665,0.42601626016260163,0.14766201804757997,0.43902439024390244,0.14766201804757997,0.43902439024390244,0.15066994804484551,0.4479674796747967,0.1692644243915778,0.5032520325203252,0.16871752802843862,0.5016260162601626,0.14465408805031446,0.4300813008130081,0.14465408805031446,0.4300813008130081,0.14766201804757997,0.43902439024390244,0.17172545802570413,0.510569105691057,0.1875854525567405,0.5577235772357724,0.11074651353568499,0.32926829268292684,0.1430133989608969,0.42520325203252035,0.14547443259502324,0.432520325203252,0.14602132895816242,0.43414634146341463,0.15777960076565492,0.4691056910569106,0.20426579163248565,0.6073170731707317,0.190593382554006,0.5666666666666667,0.20071096527208093,0.5967479674796748,0.15313098167897182,0.45528455284552843,0.14766201804757997,0.43902439024390244,0.18840579710144928,0.5601626016260163,0.2059064807219032,0.6121951219512195,0.11539513262236806,0.34308943089430893,0.14109926168990977,0.4195121951219512,0.15613891167623736,0.46422764227642277,0.15285753349740225,0.45447154471544715,0.09051134809953514,0.26910569105691057,0.21082854799015588,0.6268292682926829,0.19551544982225869,0.5813008130081301,0.20754716981132076,0.6170731707317073,0.10883237626469784,0.3235772357723577,0.17172545802570413,0.510569105691057,0.19360131255127153,0.5756097560975609,0.2130161334427126,0.6333333333333333,0.1137544435329505,0.3382113821138211,0.140278917145201,0.4170731707317073,0.15313098167897182,0.45528455284552843,0.15586546349466776,0.4634146341463415,0.11977030352748154,0.35609756097560974,0.2124692370795734,0.6317073170731707,0.1985233798195242,0.5902439024390244,0.20836751435602954,0.6195121951219512,0.10910582444626743,0.32439024390243903,0.17145200984413453,0.5097560975609756,0.19387476073284113,0.5764227642276423,0.21192234071643423,0.6300813008130082
24,0.1139937106918239,0.35365853658536583,0.13836477987421383,0.4292682926829268,0.15670859538784068,0.4861788617886179,0.1569706498951782,0.4869918699186992,0.14806079664570232,0.45934959349593496,0.1629979035639413,0.5056910569105691,0.16666666666666666,0.5170731707317073,0.13574423480083858,0.4211382113821138,0.1370545073375262,0.42520325203252035,0.1360062893081761,0.4219512195121951,0.15932914046121593,0.4943089430894309,0.15539832285115304,0.4821138211382114,0.10718029350104821,0.33252032520325203,0.13941299790356393,0.432520325203252,0.15041928721174005,0.4666666666666667,0.1459643605870021,0.45284552845528453,0.1310272536687631,0.4065040650406504,0.19523060796645703,0.6056910569105691,0.18134171907756813,0.5626016260162602,0.19523060796645703,0.6056910569105691,0.134958071278826,0.4186991869918699,0.14255765199161424,0.44227642276422763,0.18160377358490565,0.5634146341463414,0.20151991614255765,0.6252032520325204,0.11504192872117401,0.3569105691056911,0.12866876310272538,0.3991869918699187,0.14753668763102726,0.45772357723577234,0.14727463312368974,0.45691056910569106,0.11451781970649895,0.35528455284552846,0.16823899371069181,0.5219512195121951,0.1569706498951782,0.4869918699186992,0.13784067085953877,0.4276422764227642,0.09643605870020965,0.2991869918699187,0.12237945492662473,0.3796747967479675,0.13364779874213836,0.4146341463414634,0.16063941299790357,0.4983739837398374,0.11032494758909853,0.34227642276422765,0.13417190775681342,0.416260162601626,0.1441299790356394,0.44715447154471544,0.14675052410901468,0.45528455284552843,0.13050314465408805,0.40487804878048783,0.20256813417190775,0.6284552845528455,0.19837526205450734,0.6154471544715447,0.1719077568134172,0.5333333333333333,0.1069182389937107,0.33170731707317075,0.12866876310272538,0.3991869918699187,0.17164570230607967,0.532520325203252,0.1792452830188679,0.5560975609756098,0.11373165618448637,0.35284552845528455,0.14124737945492663,0.43821138211382116,0.14570230607966456,0.45203252032520325,0.14491614255765198,0.44959349593495934,0.14858490566037735,0.4609756097560976,0.16535639412997905,0.5130081300813009,0.16430817610062892,0.5097560975609756,0.14334381551362682,0.44471544715447153,0.1428197064989518,0.44308943089430897,0.14517819706498952,0.4504065040650406,0.16719077568134172,0.5186991869918699,0.18265199161425577,0.5666666666666667,0.10953878406708595,0.33983739837398375,0.14098532494758909,0.4373983739837398,0.1430817610062893,0.44390243902439025,0.14386792452830188,0.44634146341463415,0.16273584905660377,0.5048780487804878,0.19942348008385744,0.6186991869918699,0.18684486373165618,0.5796747967479675,0.19444444444444445,0.6032520325203252,0.1501572327044025,0.4658536585365854,0.14439203354297694,0.4479674796747967,0.18422431865828093,0.5715447154471545,0.20151991614255765,0.6252032520325204,0.11425576519916142,0.3544715447154472,0.13810272536687632,0.42845528455284554,0.15251572327044025,0.47317073170731705,0.14910901467505241,0.46260162601626015,0.09067085953878407,0.2813008130081301,0.2030922431865828,0.6300813008130082,0.18972746331236898,0.5886178861788618,0.20204402515723272,0.6268292682926829,0.10770440251572327,0.33414634146341465,0.1679769392033543,0.5211382113821138,0.18736897274633124,0.5813008130081301,0.20571278825995806,0.6382113821138211,0.11373165618448637,0.35284552845528455,0.1370545073375262,0.42520325203252035,0.15120545073375263,0.4691056910569106,0.15172955974842767,0.47073170731707314,0.1179245283018868,0.36585365853658536,0.20754716981132076,0.6439024390243903,0.1931341719077568,0.5991869918699188,0.20230607966457023,0.6276422764227643,0.10796645702306079,0.33495934959349594,0.1669287211740042,0.5178861788617887,0.18867924528301888,0.5853658536585366,0.20518867924528303,0.6365853658536585
25,0.11393360160965794,0.36829268292682926,0.1358148893360161,0.43902439024390244,0.15241448692152917,0.4926829268292683,0.15241448692152917,0.4926829268292683,0.14310865191146882,0.46260162601626015,0.1574446680080483,0.5089430894308943,0.1619718309859155,0.5235772357723577,0.13506036217303824,0.43658536585365854,0.13329979879275655,0.43089430894308944,0.1335513078470825,0.4317073170731707,0.15643863179074446,0.5056910569105691,0.15165995975855132,0.4902439024390244,0.1056338028169014,0.34146341463414637,0.13682092555331993,0.44227642276422763,0.14864185110663983,0.48048780487804876,0.14336016096579476,0.4634146341463415,0.1312877263581489,0.424390243902439,0.18963782696177062,0.6130081300813008,0.18033199195171026,0.5829268292682926,0.19064386317907445,0.616260162601626,0.13304828973843058,0.4300813008130081,0.14059356136820925,0.45447154471544715,0.17756539235412475,0.5739837398373984,0.19491951710261568,0.6300813008130082,0.11317907444668009,0.36585365853658536,0.12625754527162977,0.408130081300813,0.14512072434607645,0.4691056910569106,0.14386317907444668,0.46504065040650405,0.11493963782696177,0.37154471544715445,0.16272635814889336,0.5260162601626016,0.15417505030181086,0.4983739837398374,0.136317907444668,0.44065040650406506,0.09683098591549295,0.3130081300813008,0.12122736418511067,0.39186991869918697,0.1317907444668008,0.42601626016260163,0.15543259557344064,0.5024390243902439,0.10890342052313884,0.35203252032520327,0.13279678068410464,0.4292682926829268,0.14109657947686116,0.4560975609756098,0.14185110663983905,0.4585365853658537,0.1272635814889336,0.4113821138211382,0.1966800804828974,0.6357723577235772,0.19416498993963782,0.6276422764227643,0.17002012072434608,0.5495934959349593,0.10437625754527163,0.33739837398373984,0.12600603621730383,0.4073170731707317,0.16725352112676056,0.540650406504065,0.17655935613682092,0.5707317073170731,0.11292756539235413,0.3650406504065041,0.13933601609657947,0.4504065040650406,0.1426056338028169,0.4609756097560976,0.142102615694165,0.45934959349593496,0.14637826961770622,0.47317073170731705,0.16146881287726358,0.5219512195121951,0.1602112676056338,0.5178861788617887,0.13958752515090544,0.45121951219512196,0.1403420523138833,0.45365853658536587,0.14361167002012074,0.46422764227642277,0.16172032193158953,0.5227642276422764,0.17857142857142858,0.5772357723577236,0.10814889336016097,0.34959349593495936,0.13908450704225353,0.44959349593495934,0.14235412474849093,0.46016260162601624,0.14185110663983905,0.4585365853658537,0.16247484909456741,0.5252032520325203,0.1926559356136821,0.6227642276422765,0.181841046277666,0.5878048780487805,0.18938631790744467,0.6121951219512195,0.14688128772635814,0.47479674796747967,0.1426056338028169,0.4609756097560976,0.18033199195171026,0.5829268292682926,0.19567404426559357,0.6325203252032521,0.11292756539235413,0.3650406504065041,0.13506036217303824,0.43658536585365854,0.14839034205231388,0.4796747967479675,0.14587525150905434,0.4715447154471545,0.0902917505030181,0.291869918699187,0.19793762575452717,0.6398373983739838,0.1841046277665996,0.5951219512195122,0.1959255533199195,0.6333333333333333,0.10613682092555332,0.34308943089430893,0.1637323943661972,0.5292682926829269,0.181841046277666,0.5878048780487805,0.20020120724346077,0.6471544715447154,0.11292756539235413,0.3650406504065041,0.13531187122736418,0.4373983739837398,0.14813883299798794,0.4788617886178862,0.15015090543259557,0.4853658536585366,0.11820925553319919,0.3821138211382114,0.2012072434607646,0.6504065040650406,0.18737424547283701,0.6056910569105691,0.19617706237424548,0.6341463414634146,0.1068913480885312,0.34552845528455284,0.16348088531187122,0.5284552845528455,0.18335010060362172,0.5926829268292683,0.198943661971831,0.6430894308943089
26,0.11342200725513905,0.38130081300813007,0.13422007255139057,0.45121951219512196,0.14897218863361547,0.5008130081300813,0.1487303506650544,0.5,0.13833131801692866,0.46504065040650405,0.15332527206771462,0.5154471544715448,0.15671100362756954,0.526829268292683,0.13494558645707377,0.45365853658536587,0.13010882708585247,0.4373983739837398,0.13059250302297462,0.43902439024390244,0.1521160822249093,0.5113821138211382,0.1467956469165659,0.49349593495934957,0.10471584038694075,0.35203252032520327,0.13494558645707377,0.45365853658536587,0.14727932285368803,0.4951219512195122,0.14171704957678355,0.4764227642276423,0.12817412333736397,0.43089430894308944,0.18428053204353084,0.6195121951219512,0.17557436517533254,0.5902439024390244,0.18500604594921402,0.6219512195121951,0.13010882708585247,0.4373983739837398,0.1373639661426844,0.46178861788617886,0.17243047158403868,0.5796747967479675,0.19008464328899638,0.6390243902439025,0.11269649334945586,0.37886178861788616,0.12623941958887544,0.424390243902439,0.1422007255139057,0.47804878048780486,0.14099153567110037,0.4739837398373984,0.11535671100362757,0.3878048780487805,0.15864570737605804,0.5333333333333333,0.150906892382104,0.5073170731707317,0.13639661426844016,0.4585365853658537,0.09576783555018138,0.32195121951219513,0.11995163240628778,0.4032520325203252,0.132043530834341,0.44390243902439025,0.1501813784764208,0.5048780487804878,0.10810157194679565,0.36341463414634145,0.12962515114873036,0.43577235772357725,0.13833131801692866,0.46504065040650405,0.1407496977025393,0.47317073170731705,0.12575574365175332,0.42276422764227645,0.1905683192261185,0.640650406504065,0.18935912938331317,0.6365853658536585,0.16735187424425635,0.5626016260162602,0.10326481257557436,0.34715447154471546,0.12551390568319226,0.4219512195121951,0.16444981862152358,0.5528455284552846,0.1731559854897219,0.5821138211382114,0.11293833131801694,0.3796747967479675,0.13615477629987907,0.45772357723577234,0.13929866989117293,0.4682926829268293,0.13929866989117293,0.4682926829268293,0.14510278113663846,0.4878048780487805,0.15792019347037484,0.5308943089430894,0.1569528415961306,0.5276422764227642,0.13833131801692866,0.46504065040650405,0.13833131801692866,0.46504065040650405,0.14050785973397822,0.47235772357723577,0.15792019347037484,0.5308943089430894,0.17557436517533254,0.5902439024390244,0.10713422007255138,0.36016260162601627,0.13639661426844016,0.4585365853658537,0.13929866989117293,0.4682926829268293,0.1400241837968561,0.47073170731707314,0.15840386940749698,0.532520325203252,0.18621523579201935,0.6260162601626016,0.17629987908101571,0.5926829268292683,0.18742442563482467,0.6300813008130082,0.1441354292623942,0.4845528455284553,0.13929866989117293,0.4682926829268293,0.17629987908101571,0.5926829268292683,0.19105199516324062,0.6422764227642277,0.11076178960096736,0.3723577235772358,0.132043530834341,0.44390243902439025,0.143409915356711,0.4821138211382114,0.1422007255139057,0.47804878048780486,0.09117291414752116,0.3065040650406504,0.19298669891172915,0.6487804878048781,0.18016928657799275,0.6056910569105691,0.19008464328899638,0.6390243902439025,0.10278113663845223,0.34552845528455284,0.16009673518742443,0.5382113821138211,0.17823458282950425,0.5991869918699188,0.1946795646916566,0.6544715447154471,0.11172914147521161,0.375609756097561,0.1332527206771463,0.4479674796747967,0.14510278113663846,0.4878048780487805,0.14631197097944376,0.491869918699187,0.1158403869407497,0.38943089430894307,0.19540507859733977,0.656910569105691,0.18137847642079807,0.6097560975609756,0.1905683192261185,0.640650406504065,0.1037484885126965,0.348780487804878,0.16009673518742443,0.5382113821138211,0.17896009673518742,0.6016260162601627,0.1951632406287787,0.6560975609756098
27,0.11271541686073591,0.3934959349593496,0.13064741499767116,0.4560975609756098,0.14508616674429436,0.5065040650406504,0.14508616674429436,0.5065040650406504,0.13553795994410806,0.47317073170731705,0.14951094550535632,0.5219512195121951,0.15323707498835584,0.5349593495934959,0.13367489520260828,0.4666666666666667,0.12738705170004658,0.44471544715447153,0.12855146716348392,0.44878048780487806,0.1481136469492315,0.5170731707317073,0.1432231020027946,0.5,0.10386585933861202,0.36260162601626017,0.13297624592454588,0.46422764227642277,0.14508616674429436,0.5065040650406504,0.13949697251979506,0.4869918699186992,0.12598975314392175,0.4398373983739837,0.17885421518397765,0.624390243902439,0.17186772240335352,0.6,0.18118304611085234,0.6325203252032521,0.12855146716348392,0.44878048780487806,0.13483931066604565,0.47073170731707314,0.16767582673497905,0.5853658536585366,0.183977643223102,0.6422764227642277,0.11248253376804844,0.3926829268292683,0.12459245458779693,0.4349593495934959,0.13926408942710758,0.4861788617886179,0.13809967396367023,0.4821138211382114,0.11387983232417327,0.3975609756097561,0.15510013972985562,0.5414634146341464,0.14671634839310665,0.5121951219512195,0.1343735444806707,0.4691056910569106,0.0952491849091756,0.33252032520325203,0.11900326036329763,0.41544715447154473,0.1311131811830461,0.45772357723577234,0.14578481602235677,0.5089430894308943,0.10759198882161156,0.375609756097561,0.12831858407079647,0.4479674796747967,0.1369352585002329,0.47804878048780486,0.1376339077782953,0.48048780487804876,0.12435957149510946,0.43414634146341463,0.18607359105728924,0.6495934959349593,0.18607359105728924,0.6495934959349593,0.16511411271541687,0.5764227642276423,0.10176991150442478,0.35528455284552846,0.1248253376804844,0.43577235772357725,0.16068933395435492,0.5609756097560976,0.16930600838379134,0.5910569105691057,0.11224965067536097,0.39186991869918697,0.13390777829529577,0.46747967479674796,0.13879832324173266,0.4845528455284553,0.13903120633442012,0.4853658536585366,0.14415463437354448,0.5032520325203252,0.15463437354448067,0.5398373983739837,0.15253842571029344,0.532520325203252,0.13577084303679554,0.4739837398373984,0.13577084303679554,0.4739837398373984,0.13740102468560783,0.4796747967479675,0.15416860735910573,0.5382113821138211,0.17070330693991617,0.5959349593495935,0.1064275733581742,0.37154471544715445,0.13390777829529577,0.46747967479674796,0.13786679087098277,0.4813008130081301,0.13740102468560783,0.4796747967479675,0.15579878900791802,0.5439024390243903,0.180018630647415,0.6284552845528455,0.17256637168141592,0.6024390243902439,0.183977643223102,0.6422764227642277,0.14205868653935724,0.4959349593495935,0.13646949231485794,0.4764227642276423,0.1727992547741034,0.6032520325203252,0.18584070796460178,0.6487804878048781,0.1087564042850489,0.3796747967479675,0.1294829995342338,0.45203252032520325,0.14019562179785747,0.4894308943089431,0.13879832324173266,0.4845528455284553,0.09082440614811364,0.3170731707317073,0.18770377270610153,0.6552845528455284,0.17466231951560315,0.6097560975609756,0.1849091755938519,0.6455284552845528,0.10153702841173731,0.3544715447154472,0.15719608756404285,0.5487804878048781,0.1744294364229157,0.6089430894308943,0.19073125291103865,0.6658536585365854,0.10898928737773637,0.3804878048780488,0.12994876571960876,0.45365853658536587,0.1408942710759199,0.491869918699187,0.14299021891010713,0.4991869918699187,0.11457848160223567,0.4,0.1895668374476013,0.6617886178861788,0.17605961807172799,0.6146341463414634,0.183977643223102,0.6422764227642277,0.10200279459711226,0.35609756097560974,0.15696320447135537,0.5479674796747968,0.17605961807172799,0.6146341463414634,0.18979972054028876,0.6626016260162602
28,0.11273298899618235,0.408130081300813,0.12912643161913318,0.46747967479674796,0.1414776555131372,0.5121951219512195,0.1412530878059735,0.5113821138211382,0.13316865034807995,0.4821138211382114,0.1459690096564114,0.5284552845528455,0.14956209297103076,0.5414634146341464,0.13114754098360656,0.47479674796747967,0.12620705142600494,0.45691056910569106,0.12732988996182348,0.4609756097560976,0.14417246799910172,0.5219512195121951,0.14013024927015494,0.5073170731707317,0.10397484841679766,0.37642276422764226,0.1322703795194251,0.4788617886178862,0.14304962946328317,0.5178861788617887,0.13721086907702673,0.4967479674796748,0.12485964518302269,0.45203252032520325,0.17426454075903886,0.6308943089430894,0.16775207725129127,0.6073170731707317,0.17695935324500336,0.640650406504065,0.12553334830451382,0.45447154471544715,0.13271951493375253,0.48048780487804876,0.1637098585223445,0.5926829268292683,0.17920503031664048,0.6487804878048781,0.11093644733887267,0.4016260162601626,0.12306310352571301,0.44552845528455287,0.13631259824837189,0.49349593495934957,0.13586346283404446,0.491869918699187,0.1140803952391646,0.41300813008130083,0.15135863462834045,0.5479674796747968,0.14304962946328317,0.5178861788617887,0.13137210869077026,0.47560975609756095,0.09297103076577588,0.33658536585365856,0.11969458791825735,0.43333333333333335,0.13182124410509768,0.4772357723577236,0.14215135863462833,0.5146341463414634,0.10644509319559847,0.3853658536585366,0.12665618684033236,0.4585365853658537,0.13586346283404446,0.491869918699187,0.1360880305412082,0.4926829268292683,0.12261396811138559,0.44390243902439025,0.18122613968111387,0.6560975609756098,0.18145070738827757,0.656910569105691,0.16079047832921625,0.5821138211382114,0.10105546822366944,0.36585365853658536,0.12418594206153155,0.44959349593495934,0.15764653042892432,0.5707317073170731,0.1661801033011453,0.6016260162601627,0.11228385358185493,0.4065040650406504,0.131596676397934,0.4764227642276423,0.13586346283404446,0.491869918699187,0.13541432741971704,0.4902439024390244,0.14102852009880978,0.510569105691057,0.15180777004266788,0.5495934959349593,0.14956209297103076,0.5414634146341464,0.1345160565910622,0.4869918699186992,0.1340669211767348,0.4853658536585366,0.13541432741971704,0.4902439024390244,0.15090949921401303,0.5463414634146342,0.16662923871547272,0.6032520325203252,0.10577139007410734,0.3829268292682927,0.1324949472265888,0.4796747967479675,0.1342914888838985,0.4861788617886179,0.13563889512688077,0.49105691056910566,0.1527060408713227,0.5528455284552846,0.17471367617336628,0.6325203252032521,0.1682012126656187,0.6089430894308943,0.17965416573096787,0.6504065040650406,0.1390074107343364,0.5032520325203252,0.13518975971255334,0.4894308943089431,0.16842578037278239,0.6097560975609756,0.17965416573096787,0.6504065040650406,0.10936447338872671,0.3959349593495935,0.12710532225465979,0.46016260162601624,0.13855827532000897,0.5016260162601626,0.13586346283404446,0.491869918699187,0.09005165057264765,0.3260162601626016,0.18279811363125983,0.6617886178861788,0.16932405120143723,0.6130081300813008,0.17830675948798563,0.6455284552845528,0.10128003593083315,0.36666666666666664,0.1527060408713227,0.5528455284552846,0.16999775432292835,0.6154471544715447,0.18526835841006065,0.6707317073170732,0.10801706714574444,0.3910569105691057,0.1277790253761509,0.46260162601626015,0.1390074107343364,0.5032520325203252,0.1390074107343364,0.5032520325203252,0.11273298899618235,0.408130081300813,0.1845946552885695,0.6682926829268293,0.17179429598023804,0.6219512195121951,0.17763305636649449,0.6430894308943089,0.10083090051650573,0.3650406504065041,0.15203233774983158,0.5504065040650407,0.17044688973725577,0.6170731707317073,0.1843700875814058,0.667479674796748
29,0.11101474414570685,0.416260162601626,0.1266261925411969,0.47479674796747967,0.13746747614917607,0.5154471544715448,0.13790112749349523,0.5170731707317073,0.1303122289679098,0.4886178861788618,0.1435385949696444,0.5382113821138211,0.14852558542931482,0.556910569105691,0.1316131830008673,0.49349593495934957,0.1235906331309627,0.4634146341463415,0.1251084128360798,0.4691056910569106,0.1409366869037294,0.5284552845528455,0.13898525585429314,0.5211382113821138,0.10385949696444059,0.38943089430894307,0.13139635732870772,0.4926829268292683,0.14006938421509108,0.5252032520325203,0.13768430182133565,0.516260162601626,0.12250650477016478,0.45934959349593496,0.1702081526452732,0.6382113821138211,0.16457068516912401,0.6170731707317073,0.1728100607111882,0.6479674796747967,0.12467476149176063,0.46747967479674796,0.13096270598438856,0.49105691056910566,0.16045099739809193,0.6016260162601627,0.17432784041630528,0.6536585365853659,0.11188204683434519,0.4195121951219512,0.12142237640936687,0.45528455284552843,0.13638334778837816,0.5113821138211382,0.13660017346053774,0.5121951219512195,0.11231569817866435,0.4211382113821138,0.14787510841283608,0.5544715447154471,0.1396357328707719,0.5235772357723577,0.12857762359063313,0.4821138211382114,0.09106678230702515,0.34146341463414637,0.11860364267129228,0.44471544715447153,0.1303122289679098,0.4886178861788618,0.13898525585429314,0.5211382113821138,0.10602775368603642,0.3975609756097561,0.1251084128360798,0.4691056910569106,0.1329141370338248,0.4983739837398374,0.13508239375542064,0.5065040650406504,0.12142237640936687,0.45528455284552843,0.17714657415437987,0.6642276422764227,0.17627927146574154,0.6609756097560976,0.15871639202081528,0.5951219512195122,0.09908933217692975,0.37154471544715445,0.12272333044232438,0.46016260162601624,0.154163052905464,0.5780487804878048,0.16305290546400694,0.6113821138211382,0.1103642671292281,0.4138211382113821,0.1303122289679098,0.4886178861788618,0.1331309627059844,0.4991869918699187,0.1331309627059844,0.4991869918699187,0.1394189071986123,0.5227642276422764,0.14830875975715524,0.5560975609756098,0.14614050303555942,0.5479674796747968,0.13248048568950563,0.4967479674796748,0.1316131830008673,0.49349593495934957,0.13356461405030357,0.5008130081300813,0.14787510841283608,0.5544715447154471,0.16326973113616652,0.6121951219512195,0.10537727666955768,0.3951219512195122,0.13117953165654814,0.491869918699187,0.1326973113616652,0.4975609756097561,0.1331309627059844,0.4991869918699187,0.14852558542931482,0.556910569105691,0.1702081526452732,0.6382113821138211,0.16392020815264527,0.6146341463414634,0.17584562012142238,0.6593495934959349,0.13594969644405897,0.5097560975609756,0.1329141370338248,0.4983739837398374,0.16565481352992195,0.6211382113821138,0.17497831743278405,0.6560975609756098,0.10732870771899393,0.4024390243902439,0.12489158716392021,0.4682926829268293,0.13638334778837816,0.5113821138211382,0.1342150910667823,0.5032520325203252,0.08868169991326973,0.33252032520325203,0.1782307025151778,0.6682926829268293,0.1652211621856028,0.6195121951219512,0.1730268863833478,0.6487804878048781,0.09995663486556808,0.3747967479674797,0.15047701647875109,0.5642276422764227,0.16500433651344318,0.6186991869918699,0.18039895923677363,0.6764227642276422,0.10689505637467477,0.4008130081300813,0.12554206418039895,0.47073170731707314,0.13594969644405897,0.5097560975609756,0.13638334778837816,0.5113821138211382,0.11231569817866435,0.4211382113821138,0.1808326105810928,0.6780487804878049,0.16695576756287944,0.6260162601626016,0.1730268863833478,0.6487804878048781,0.0997398091934085,0.37398373983739835,0.1502601908065915,0.5634146341463414,0.16608846487424112,0.6227642276422765,0.1782307025151778,0.6682926829268293
30,0.11087822259484385,0.4300813008130081,0.1242926011318382,0.4821138211382114,0.13519178369314608,0.524390243902439,0.13540138335778662,0.5252032520325203,0.12764619576608677,0.4951219512195122,0.14022217564451897,0.5439024390243903,0.14546216726053238,0.5642276422764227,0.12974219241249213,0.5032520325203252,0.12114860616223014,0.46991869918699186,0.12303500314399497,0.4772357723577236,0.13728778033955147,0.532520325203252,0.13561098302242716,0.5260162601626016,0.10333263466778453,0.4008130081300813,0.12911339341857053,0.5008130081300813,0.13791657933347307,0.5349593495934959,0.13477258436386502,0.5227642276422764,0.12093900649758961,0.4691056910569106,0.16537413540138335,0.6414634146341464,0.16034374345001048,0.6219512195121951,0.16830853070635088,0.6528455284552845,0.12240620415007336,0.47479674796747967,0.1282749947600084,0.4975609756097561,0.1576189478096835,0.6113821138211382,0.16914692936491302,0.6560975609756098,0.11045902326556277,0.42845528455284554,0.11926220918046532,0.46260162601626015,0.1335149863760218,0.5178861788617887,0.13456298469922448,0.5219512195121951,0.11171662125340599,0.43333333333333335,0.14483336826661078,0.5617886178861788,0.1358205826870677,0.526829268292683,0.1278557954307273,0.4959349593495935,0.08991825613079019,0.348780487804878,0.11758541186334102,0.4560975609756098,0.12890379375393,0.5,0.13707818067491093,0.5317073170731708,0.1047998323202683,0.4065040650406504,0.1242926011318382,0.4821138211382114,0.13246698805281912,0.5138211382113821,0.13393418570530288,0.5195121951219512,0.120310207503668,0.4666666666666667,0.17229092433452106,0.6682926829268293,0.17333892265772374,0.6723577235772358,0.15573255082791868,0.6040650406504066,0.09851184238105219,0.3821138211382114,0.12051980716830853,0.46747967479674796,0.15279815552295117,0.5926829268292683,0.15887654579752672,0.616260162601626,0.10941102494236009,0.424390243902439,0.1284845944246489,0.4983739837398374,0.1307901907356948,0.5073170731707317,0.13099979040033535,0.508130081300813,0.13728778033955147,0.532520325203252,0.14525256759589183,0.5634146341463414,0.14315657094948647,0.5552845528455285,0.1318381890588975,0.5113821138211382,0.12953259274785162,0.5024390243902439,0.13141898972961644,0.5097560975609756,0.14462376860197024,0.5609756097560976,0.16034374345001048,0.6219512195121951,0.10438063299098721,0.40487804878048783,0.13037099140641376,0.5056910569105691,0.1318381890588975,0.5113821138211382,0.13309578704674072,0.516260162601626,0.14588136658981346,0.5658536585365853,0.1655837350660239,0.6422764227642277,0.15971494445608886,0.6195121951219512,0.17208132466988052,0.667479674796748,0.1341437853699434,0.5203252032520326,0.1318381890588975,0.5113821138211382,0.16243974009641585,0.6300813008130082,0.17103332634667784,0.6634146341463415,0.10542863131418989,0.4089430894308943,0.12240620415007336,0.47479674796747967,0.13393418570530288,0.5195121951219512,0.13267658771745966,0.5146341463414634,0.08845105847830644,0.34308943089430893,0.17354852232236428,0.6731707317073171,0.16034374345001048,0.6219512195121951,0.16872773003563193,0.6544715447154471,0.09893104171033326,0.383739837398374,0.14692936491301614,0.5699186991869919,0.16034374345001048,0.6219512195121951,0.17627331796269127,0.683739837398374,0.10584783064347097,0.4105691056910569,0.1232446028086355,0.47804878048780486,0.13267658771745966,0.5146341463414634,0.13393418570530288,0.5195121951219512,0.11150702158876546,0.432520325203252,0.1771117166212534,0.6869918699186992,0.16369733808425907,0.634959349593496,0.16830853070635088,0.6528455284552845,0.09872144204569272,0.3829268292682927,0.1467197652483756,0.5691056910569106,0.1616013414378537,0.6268292682926829,0.17375812198700483,0.6739837398373983
31,0.10953346855983773,0.43902439024390244,0.12210953346855984,0.4894308943089431,0.13225152129817444,0.5300813008130081,0.13245436105476674,0.5308943089430894,0.12535496957403652,0.5024390243902439,0.13732251521298175,0.5504065040650407,0.14259634888438133,0.5715447154471545,0.12758620689655173,0.5113821138211382,0.11947261663286005,0.4788617886178862,0.12271805273833672,0.491869918699187,0.13488843813387424,0.540650406504065,0.1332657200811359,0.5341463414634147,0.10182555780933063,0.408130081300813,0.12697768762677486,0.5089430894308943,0.13732251521298175,0.5504065040650407,0.13367139959432048,0.5357723577235772,0.11845841784989858,0.47479674796747967,0.1614604462474645,0.6471544715447154,0.1565922920892495,0.6276422764227643,0.1643002028397566,0.6585365853658537,0.12008113590263692,0.4813008130081301,0.12636916835699796,0.5065040650406504,0.15415821501014199,0.6178861788617886,0.16551724137931034,0.6634146341463415,0.10973630831643003,0.4398373983739837,0.11866125760649088,0.47560975609756095,0.1308316430020284,0.524390243902439,0.1308316430020284,0.524390243902439,0.11115618661257606,0.44552845528455287,0.14198782961460446,0.5691056910569106,0.13184584178498987,0.5284552845528455,0.1259634888438134,0.5048780487804878,0.08864097363083165,0.35528455284552846,0.11622718052738337,0.4658536585365854,0.12697768762677486,0.5089430894308943,0.13387423935091278,0.5365853658536586,0.10304259634888438,0.41300813008130083,0.12393509127789047,0.4967479674796748,0.13184584178498987,0.5284552845528455,0.13204868154158214,0.5292682926829269,0.12170385395537525,0.4878048780487805,0.16835699797160245,0.6747967479674797,0.16916835699797161,0.6780487804878049,0.15253549695740365,0.6113821138211382,0.0973630831643002,0.3902439024390244,0.11866125760649088,0.47560975609756095,0.15050709939148074,0.6032520325203252,0.1565922920892495,0.6276422764227643,0.10973630831643003,0.4398373983739837,0.12758620689655173,0.5113821138211382,0.1283975659229209,0.5146341463414634,0.1279918864097363,0.5130081300813009,0.13711967545638945,0.5495934959349593,0.14320486815415823,0.5739837398373984,0.1415821501014199,0.567479674796748,0.13144016227180527,0.526829268292683,0.1281947261663286,0.5138211382113821,0.13022312373225153,0.5219512195121951,0.14198782961460446,0.5691056910569106,0.1563894523326572,0.6268292682926829,0.10304259634888438,0.41300813008130083,0.1281947261663286,0.5138211382113821,0.13144016227180527,0.526829268292683,0.1310344827586207,0.5252032520325203,0.14279918864097363,0.5723577235772358,0.16227180527383367,0.6504065040650406,0.15720081135902636,0.6300813008130082,0.16815415821501015,0.6739837398373983,0.13164300202839757,0.5276422764227642,0.12961460446247464,0.5195121951219512,0.1592292089249493,0.6382113821138211,0.16754563894523328,0.6715447154471544,0.10425963488843813,0.41788617886178864,0.1204868154158215,0.48292682926829267,0.13184584178498987,0.5284552845528455,0.1306288032454361,0.5235772357723577,0.08843813387423935,0.3544715447154472,0.16937119675456389,0.6788617886178862,0.15720081135902636,0.6300813008130082,0.16450304259634888,0.6593495934959349,0.09837728194726167,0.3943089430894309,0.14482758620689656,0.5804878048780487,0.15760649087221096,0.6317073170731707,0.17261663286004056,0.691869918699187,0.10446247464503043,0.4186991869918699,0.12210953346855984,0.4894308943089431,0.1308316430020284,0.524390243902439,0.13164300202839757,0.5276422764227642,0.10953346855983773,0.43902439024390244,0.17281947261663286,0.6926829268292682,0.16004056795131846,0.6414634146341464,0.16470588235294117,0.6601626016260163,0.09918864097363084,0.3975609756097561,0.14442190669371197,0.5788617886178862,0.1588235294117647,0.6365853658536585,0.17038539553752535,0.6829268292682927
32,0.109451758695225,0.45284552845528453,0.12104539202200826,0.5008130081300813,0.13067400275103164,0.540650406504065,0.13008449597170368,0.5382113821138211,0.12438593043820004,0.5146341463414634,0.13637256828453528,0.5642276422764227,0.13951660444095107,0.5772357723577236,0.12615445077618392,0.5219512195121951,0.11731184908626449,0.4853658536585366,0.12104539202200826,0.5008130081300813,0.13185301630968757,0.5455284552845528,0.13067400275103164,0.540650406504065,0.10080565926508155,0.4170731707317073,0.12615445077618392,0.5219512195121951,0.1357830615052073,0.5617886178861788,0.13165651404991158,0.5447154471544715,0.11731184908626449,0.4853658536585366,0.15680880330123798,0.6487804878048781,0.15346826488504617,0.634959349593496,0.1607388484967577,0.6650406504065041,0.1188838671644724,0.491869918699187,0.12379642365887207,0.5121951219512195,0.15228925132639026,0.6300813008130082,0.16211436431518964,0.6707317073170732,0.109451758695225,0.45284552845528453,0.11829436038514443,0.4894308943089431,0.1298879937119277,0.5373983739837398,0.1296914914521517,0.5365853658536586,0.11063077225388092,0.45772357723577234,0.13873059540184712,0.5739837398373984,0.1298879937119277,0.5373983739837398,0.12438593043820004,0.5146341463414634,0.08803301237964237,0.3642276422764228,0.11338180389074475,0.4691056910569106,0.12556494399685597,0.5195121951219512,0.13047750049125564,0.5398373983739837,0.1029671841226174,0.42601626016260163,0.12379642365887207,0.5121951219512195,0.13028099823147965,0.5390243902439025,0.13106700727058362,0.5422764227642276,0.1202593829829043,0.4975609756097561,0.16368638239339753,0.6772357723577236,0.16545490273138141,0.6845528455284553,0.15032422872863038,0.6219512195121951,0.09726861858911377,0.4024390243902439,0.11731184908626449,0.4853658536585366,0.14757319709176656,0.6105691056910569,0.15248575358616623,0.6308943089430894,0.10866574965612105,0.44959349593495934,0.12576144625663196,0.5203252032520326,0.12576144625663196,0.5203252032520326,0.12517193947730398,0.5178861788617887,0.1342110434269994,0.5552845528455285,0.14089212025938297,0.5829268292682926,0.13912359992139908,0.5756097560975609,0.1298879937119277,0.5373983739837398,0.1265474552957359,0.5235772357723577,0.1294949891923757,0.5357723577235772,0.13951660444095107,0.5772357723577236,0.15287875810571822,0.6325203252032521,0.10178817056396149,0.4211382113821138,0.1265474552957359,0.5235772357723577,0.1294949891923757,0.5357723577235772,0.13028099823147965,0.5390243902439025,0.14010611122027902,0.5796747967479675,0.15916683041854982,0.6585365853658537,0.15366476714482216,0.6357723577235772,0.16545490273138141,0.6845528455284553,0.1298879937119277,0.5373983739837398,0.12674395755551188,0.524390243902439,0.15700530556101394,0.6495934959349593,0.16348988013362153,0.6764227642276422,0.10552171349970525,0.43658536585365854,0.11750835134604048,0.4861788617886179,0.1298879937119277,0.5373983739837398,0.12870898015327176,0.532520325203252,0.08803301237964237,0.3642276422764228,0.16525840047160542,0.683739837398374,0.15366476714482216,0.6357723577235772,0.1611318530163097,0.6666666666666666,0.09844763214776969,0.4073170731707317,0.14266064059736688,0.5902439024390244,0.15405777166437415,0.6373983739837399,0.16938494792690115,0.7008130081300813,0.10571821575948123,0.4373983739837398,0.11966987620357634,0.4951219512195122,0.1283159756337198,0.5308943089430894,0.13008449597170368,0.5382113821138211,0.10866574965612105,0.44959349593495934,0.16820593436824524,0.6959349593495935,0.15759481234034192,0.6520325203252032,0.1609353507565337,0.6658536585365854,0.09746512084888977,0.4032520325203252,0.1422676360778149,0.5886178861788618,0.15523678522303005,0.6422764227642277,0.16584790725093337,0.6861788617886179
33,0.1091844512195122,0.4658536585365854,0.11871189024390244,0.5065040650406504,0.12842987804878048,0.5479674796747968,0.12823932926829268,0.5471544715447154,0.12233231707317073,0.5219512195121951,0.13376524390243902,0.5707317073170731,0.13814786585365854,0.5894308943089431,0.12461890243902439,0.5317073170731708,0.11490091463414634,0.4902439024390244,0.12023628048780488,0.5130081300813009,0.13033536585365854,0.5560975609756098,0.1290015243902439,0.5504065040650407,0.09965701219512195,0.42520325203252035,0.12366615853658537,0.5276422764227642,0.1324314024390244,0.5650406504065041,0.12938262195121952,0.5520325203252032,0.11623475609756098,0.4959349593495935,0.15320121951219512,0.6536585365853659,0.14996189024390244,0.6398373983739838,0.15739329268292682,0.6715447154471544,0.11890243902439024,0.5073170731707317,0.12290396341463415,0.524390243902439,0.14977134146341464,0.6390243902439025,0.15853658536585366,0.6764227642276422,0.10842225609756098,0.46260162601626015,0.1171875,0.5,0.12976371951219512,0.5536585365853659,0.12995426829268292,0.5544715447154471,0.1095655487804878,0.46747967479674796,0.1364329268292683,0.5821138211382114,0.12728658536585366,0.5430894308943089,0.12290396341463415,0.524390243902439,0.08689024390243902,0.37073170731707317,0.1131859756097561,0.48292682926829267,0.12385670731707317,0.5284552845528455,0.12747713414634146,0.5439024390243903,0.10346798780487805,0.44146341463414634,0.12176067073170732,0.5195121951219512,0.12823932926829268,0.5471544715447154,0.12938262195121952,0.5520325203252032,0.11833079268292683,0.5048780487804878,0.1598704268292683,0.6821138211382114,0.16234756097560976,0.6926829268292682,0.14786585365853658,0.6308943089430894,0.09508384146341463,0.4056910569105691,0.11680640243902439,0.4983739837398374,0.1446265243902439,0.6170731707317073,0.14919969512195122,0.6365853658536585,0.10766006097560976,0.45934959349593496,0.12366615853658537,0.5276422764227642,0.12328506097560976,0.5260162601626016,0.12328506097560976,0.5260162601626016,0.13357469512195122,0.5699186991869919,0.13852896341463414,0.5910569105691057,0.13624237804878048,0.5813008130081301,0.12938262195121952,0.5520325203252032,0.1248094512195122,0.532520325203252,0.12785823170731708,0.5455284552845528,0.1370045731707317,0.5845528455284553,0.14977134146341464,0.6390243902439025,0.10194359756097561,0.4349593495934959,0.12652439024390244,0.5398373983739837,0.12804878048780488,0.5463414634146342,0.12804878048780488,0.5463414634146342,0.13776676829268292,0.5878048780487805,0.15529725609756098,0.6626016260162602,0.14996189024390244,0.6398373983739838,0.16234756097560976,0.6926829268292682,0.12728658536585366,0.5430894308943089,0.1251905487804878,0.5341463414634147,0.15339176829268292,0.6544715447154471,0.1598704268292683,0.6821138211382114,0.10384908536585366,0.44308943089430897,0.11623475609756098,0.4959349593495935,0.12728658536585366,0.5430894308943089,0.12690548780487804,0.5414634146341464,0.08841463414634146,0.3772357723577236,0.16139481707317074,0.6886178861788618,0.15015243902439024,0.640650406504065,0.15720274390243902,0.6707317073170732,0.09622713414634146,0.4105691056910569,0.13986280487804878,0.5967479674796748,0.1520579268292683,0.6487804878048781,0.16520579268292682,0.7048780487804878,0.10403963414634146,0.44390243902439025,0.11794969512195122,0.5032520325203252,0.12633384146341464,0.5390243902439025,0.12690548780487804,0.5414634146341464,0.10899390243902439,0.46504065040650405,0.1638719512195122,0.6991869918699187,0.15396341463414634,0.656910569105691,0.15720274390243902,0.6707317073170732,0.09679878048780488,0.41300813008130083,0.13967225609756098,0.5959349593495935,0.1522484756097561,0.6495934959349593,0.16177591463414634,0.6902439024390243
34,0.10800813759940818,0.47479674796747967,0.11836508230072129,0.5203252032520326,0.12576289994451637,0.5528455284552846,0.12576289994451637,0.5528455284552846,0.12021453671167005,0.5284552845528455,0.1320510449417422,0.5804878048780487,0.13630479008692437,0.5991869918699188,0.1222489365637137,0.5373983739837398,0.11374144627334937,0.5,0.11928980950619567,0.524390243902439,0.12927686332531904,0.5682926829268292,0.12650268170889586,0.5560975609756098,0.09987053819123358,0.43902439024390244,0.12206399112261883,0.5365853658536586,0.13001664508969854,0.5715447154471545,0.12742740891437027,0.5601626016260163,0.11522100980210838,0.5065040650406504,0.15017569816904014,0.6601626016260163,0.147401516552617,0.6479674796747967,0.15387460699093766,0.6764227642276422,0.1174403550952469,0.516260162601626,0.12132420935823932,0.5333333333333333,0.1472165711115221,0.6471544715447154,0.1546143887553172,0.6796747967479675,0.10763824671721842,0.47317073170731705,0.11725540965415203,0.5154471544715448,0.1287220270020344,0.5658536585365853,0.1287220270020344,0.5658536585365853,0.10837802848159793,0.4764227642276423,0.1337155539115961,0.5878048780487805,0.1246532272979471,0.5479674796747968,0.12169410024042908,0.5349593495934959,0.08673941187349732,0.38130081300813007,0.11207693730349547,0.4926829268292683,0.12187904568152395,0.5357723577235772,0.12483817273904198,0.5487804878048781,0.10264471980765674,0.45121951219512196,0.1198446458294803,0.526829268292683,0.12650268170889586,0.5560975609756098,0.12761235435546514,0.5609756097560976,0.11781024597743665,0.5178861788617887,0.15627889772517106,0.6869918699186992,0.1586831884594045,0.697560975609756,0.14555206214166821,0.6398373983739838,0.09413722951729239,0.4138211382113821,0.11559090068429813,0.508130081300813,0.1424079896430553,0.6260162601626016,0.1462918439060477,0.6430894308943089,0.10782319215831329,0.4739837398373984,0.12150915479933419,0.5341463414634147,0.12058442759385982,0.5300813008130081,0.12169410024042908,0.5349593495934959,0.13223599038283707,0.5813008130081301,0.1361198446458295,0.5983739837398374,0.13427039023488072,0.5902439024390244,0.12742740891437027,0.5601626016260163,0.12243388200480858,0.5382113821138211,0.12539300906232662,0.551219512195122,0.13464028111707046,0.591869918699187,0.14666173478823746,0.6447154471544716,0.10190493804327723,0.4479674796747967,0.12539300906232662,0.551219512195122,0.12705751803218052,0.5585365853658537,0.12742740891437027,0.5601626016260163,0.13593489920473462,0.5975609756097561,0.15184020713889404,0.667479674796748,0.14777140743480674,0.6495934959349593,0.1592380247826891,0.7,0.12576289994451637,0.5528455284552846,0.12317366376918809,0.5414634146341464,0.1505455890512299,0.6617886178861788,0.15646384316626596,0.6878048780487804,0.1020898834843721,0.44878048780487806,0.11540595524320325,0.5073170731707317,0.12668762714999074,0.556910569105691,0.1246532272979471,0.5479674796747968,0.08877381172554097,0.3902439024390244,0.1583132975772147,0.6959349593495935,0.1472165711115221,0.6471544715447154,0.1535047161087479,0.6747967479674797,0.09524690216386165,0.4186991869918699,0.13704457185130386,0.6024390243902439,0.1481412983169965,0.651219512195122,0.1610874791936379,0.708130081300813,0.10227482892546699,0.44959349593495934,0.11633068244867764,0.5113821138211382,0.12428333641575735,0.5463414634146342,0.12576289994451637,0.5528455284552846,0.10800813759940818,0.47479674796747967,0.16034769742925836,0.7048780487804878,0.1512853708156094,0.6650406504065041,0.15313482522655816,0.6731707317073171,0.09561679304605142,0.42032520325203254,0.136859626410209,0.6016260162601627,0.1486961346402811,0.6536585365853659,0.1584982430183096,0.6967479674796748
35,0.10725835429392741,0.4853658536585366,0.11767876392382322,0.532520325203252,0.12324829320876751,0.5577235772357724,0.12324829320876751,0.5577235772357724,0.11803808839381962,0.5341463414634147,0.12989579590370104,0.5878048780487805,0.13420768954365792,0.6073170731707317,0.12127200862378729,0.5487804878048781,0.11300754581386993,0.5113821138211382,0.11857707509881422,0.5365853658536586,0.1268415379087316,0.5739837398373984,0.12360761767876392,0.5593495934959349,0.10007186489399929,0.45284552845528453,0.12163133309378368,0.5504065040650407,0.1273805246137262,0.5764227642276423,0.12594322673374056,0.5699186991869919,0.11300754581386993,0.5113821138211382,0.14750269493352497,0.667479674796748,0.1437297879985627,0.6504065040650406,0.15001796622349983,0.6788617886178862,0.11624146604383759,0.5260162601626016,0.12019403521379805,0.5439024390243903,0.1442687747035573,0.6528455284552845,0.15109593963348905,0.683739837398374,0.10779734099892202,0.4878048780487805,0.1169601149838304,0.5292682926829269,0.128099173553719,0.5796747967479675,0.1286381602587136,0.5821138211382114,0.10725835429392741,0.4853658536585366,0.13133309378368666,0.5943089430894309,0.1227093065037729,0.5552845528455285,0.11911606180380883,0.5390243902439025,0.08623787279913762,0.3902439024390244,0.11246855910887532,0.5089430894308943,0.12163133309378368,0.5504065040650407,0.1227093065037729,0.5552845528455285,0.10222781171397773,0.46260162601626015,0.11839741286381603,0.5357723577235772,0.12468559108875314,0.5642276422764227,0.12702120014372978,0.5747967479674797,0.11713977721882861,0.5300813008130081,0.15307222421846928,0.6926829268292682,0.15612648221343872,0.7065040650406504,0.1435501257635645,0.6495934959349593,0.09270571325907294,0.4195121951219512,0.11426518145885735,0.5170731707317073,0.14031620553359683,0.634959349593496,0.1433704635285663,0.6487804878048781,0.10761767876392382,0.4869918699186992,0.12109234638878907,0.5479674796747968,0.11875673733381244,0.5373983739837398,0.11911606180380883,0.5390243902439025,0.13079410707869205,0.591869918699187,0.13384836507366152,0.6056910569105691,0.13151275601868487,0.5951219512195122,0.12630255120373698,0.5715447154471545,0.12055335968379446,0.5455284552845528,0.12396694214876033,0.5609756097560976,0.1329500538986705,0.6016260162601627,0.1437297879985627,0.6504065040650406,0.1015091627739849,0.45934959349593496,0.12324829320876751,0.5577235772357724,0.12540424002874595,0.567479674796748,0.12612288896873877,0.5707317073170731,0.1329500538986705,0.6016260162601627,0.148401006108516,0.6715447154471544,0.14480776140855192,0.6552845528455284,0.15594681997844054,0.7056910569105691,0.12414660438375853,0.5617886178861788,0.12288896873877111,0.5560975609756098,0.14768235716852318,0.6682926829268293,0.15307222421846928,0.6926829268292682,0.1009701760689903,0.45691056910569106,0.11426518145885735,0.5170731707317073,0.12540424002874595,0.567479674796748,0.1223499820337765,0.5536585365853659,0.08785483291412145,0.3975609756097561,0.15522817103844772,0.7024390243902439,0.14390945023356091,0.651219512195122,0.15001796622349983,0.6788617886178862,0.09432267337405677,0.4268292682926829,0.13492633848365074,0.6105691056910569,0.14516708587854832,0.656910569105691,0.15720445562342797,0.7113821138211383,0.1009701760689903,0.45691056910569106,0.11480416816385196,0.5195121951219512,0.12306863097376931,0.556910569105691,0.12324829320876751,0.5577235772357724,0.10707869205892921,0.4845528455284553,0.15756378009342437,0.7130081300813008,0.1489399928135106,0.6739837398373983,0.1496586417535034,0.6772357723577236,0.09396334890406037,0.42520325203252035,0.13492633848365074,0.6105691056910569,0.14570607258354293,0.6593495934959349,0.1550485088034495,0.7016260162601626
36,0.10620087336244541,0.4943089430894309,0.1159825327510917,0.5398373983739837,0.12262008733624453,0.5707317073170731,0.12244541484716157,0.5699186991869919,0.11650655021834061,0.5422764227642276,0.12786026200873363,0.5951219512195122,0.1332751091703057,0.6203252032520326,0.11947598253275109,0.5560975609756098,0.11248908296943232,0.5235772357723577,0.11650655021834061,0.5422764227642276,0.12471615720524018,0.5804878048780487,0.12139737991266375,0.5650406504065041,0.09868995633187773,0.45934959349593496,0.12,0.5585365853658537,0.12541484716157206,0.583739837398374,0.12454148471615721,0.5796747967479675,0.11126637554585153,0.5178861788617887,0.14480349344978166,0.6739837398373983,0.14148471615720523,0.6585365853658537,0.1479475982532751,0.6886178861788618,0.11510917030567686,0.5357723577235772,0.12,0.5585365853658537,0.14305676855895197,0.6658536585365854,0.14777292576419215,0.6878048780487804,0.10742358078602621,0.5,0.11580786026200873,0.5390243902439025,0.1273362445414847,0.5926829268292683,0.12698689956331877,0.5910569105691057,0.1068995633187773,0.4975609756097561,0.1285589519650655,0.5983739837398374,0.12192139737991266,0.567479674796748,0.11807860262008733,0.5495934959349593,0.0862882096069869,0.4016260162601626,0.11196506550218341,0.5211382113821138,0.12034934497816593,0.5601626016260163,0.12104803493449781,0.5634146341463414,0.10235807860262008,0.4764227642276423,0.11668122270742358,0.5430894308943089,0.1222707423580786,0.5691056910569106,0.125589519650655,0.5845528455284553,0.11493449781659389,0.5349593495934959,0.15021834061135372,0.6991869918699187,0.1526637554585153,0.7105691056910569,0.14200873362445415,0.6609756097560976,0.09152838427947599,0.42601626016260163,0.11423580786026201,0.5317073170731708,0.1388646288209607,0.6463414634146342,0.13991266375545852,0.651219512195122,0.10655021834061135,0.4959349593495935,0.11895196506550218,0.5536585365853659,0.11633187772925764,0.5414634146341464,0.11720524017467249,0.5455284552845528,0.12873362445414846,0.5991869918699188,0.13187772925764193,0.6138211382113821,0.12873362445414846,0.5991869918699188,0.12471615720524018,0.5804878048780487,0.11842794759825327,0.551219512195122,0.12157205240174672,0.5658536585365853,0.1308296943231441,0.6089430894308943,0.14078602620087335,0.6552845528455284,0.10078602620087336,0.4691056910569106,0.12174672489082969,0.5666666666666667,0.12471615720524018,0.5804878048780487,0.12471615720524018,0.5804878048780487,0.13013100436681221,0.6056910569105691,0.1451528384279476,0.675609756097561,0.1421834061135371,0.6617886178861788,0.15283842794759825,0.7113821138211383,0.12262008733624453,0.5707317073170731,0.12104803493449781,0.5634146341463414,0.14497816593886462,0.6747967479674797,0.1496943231441048,0.6967479674796748,0.09956331877729258,0.4634146341463415,0.1131877729257642,0.526829268292683,0.1234934497816594,0.5747967479674797,0.12087336244541484,0.5626016260162602,0.0885589519650655,0.4121951219512195,0.15196506550218342,0.7073170731707317,0.14043668122270742,0.6536585365853659,0.1467248908296943,0.6829268292682927,0.09344978165938865,0.4349593495934959,0.13344978165938864,0.6211382113821138,0.14270742358078603,0.6642276422764227,0.1531877729257642,0.7130081300813008,0.09973799126637554,0.46422764227642277,0.1137117903930131,0.5292682926829269,0.12087336244541484,0.5626016260162602,0.12122270742358078,0.5642276422764227,0.10637554585152838,0.4951219512195122,0.15493449781659388,0.7211382113821139,0.14655021834061135,0.6821138211382114,0.14655021834061135,0.6821138211382114,0.09310043668122271,0.43333333333333335,0.1331004366812227,0.6195121951219512,0.14410480349344978,0.6707317073170732,0.15161572052401748,0.7056910569105691
37,0.10690006798096532,0.5113821138211382,0.1142080217539089,0.5463414634146342,0.1208361658735554,0.5780487804878048,0.12134602311352821,0.5804878048780487,0.11556764106050306,0.5528455284552846,0.12559483344663494,0.6008130081300813,0.13205302515295717,0.6317073170731707,0.11930659415363698,0.5707317073170731,0.11165873555404486,0.5341463414634147,0.11556764106050306,0.5528455284552846,0.12338545207341944,0.5902439024390244,0.11998640380693405,0.5739837398373984,0.09891230455472468,0.47317073170731705,0.11879673691366417,0.5682926829268292,0.12389530931339225,0.5926829268292683,0.12236573759347383,0.5853658536585366,0.11012916383412645,0.526829268292683,0.14208021753908906,0.6796747967479675,0.1385112168592794,0.6626016260162602,0.14479945615227735,0.6926829268292682,0.11386811692726037,0.5447154471544715,0.11879673691366417,0.5682926829268292,0.14106050305914344,0.6747967479674797,0.1451393609789259,0.6943089430894309,0.1065601631543168,0.5097560975609756,0.11403806934058464,0.5455284552845528,0.12610469068660776,0.6032520325203252,0.12593473827328347,0.6024390243902439,0.10622025832766825,0.508130081300813,0.1257647858599592,0.6016260162601627,0.12015635622025833,0.5747967479674797,0.11658735554044868,0.5577235772357724,0.08531611148878314,0.408130081300813,0.11063902107409926,0.5292682926829269,0.11896668932698844,0.5691056910569106,0.11879673691366417,0.5682926829268292,0.10163154316791298,0.4861788617886179,0.11573759347382732,0.5536585365853659,0.12049626104690686,0.5764227642276423,0.12406526172671652,0.5934959349593496,0.11369816451393609,0.5439024390243903,0.14751869476546567,0.7056910569105691,0.1500679809653297,0.7178861788617886,0.13936097892590074,0.6666666666666666,0.08990482664853841,0.4300813008130081,0.11386811692726037,0.5447154471544715,0.1363018354860639,0.6520325203252032,0.13885112168592795,0.6642276422764227,0.10554044867437118,0.5048780487804878,0.11794697484704283,0.5642276422764227,0.11488783140720599,0.5495934959349593,0.11488783140720599,0.5495934959349593,0.12729435757987764,0.6089430894308943,0.12933378653976887,0.6186991869918699,0.12763426240652617,0.6105691056910569,0.12355540448674371,0.5910569105691057,0.11794697484704283,0.5642276422764227,0.12066621346023114,0.5772357723577236,0.12933378653976887,0.6186991869918699,0.1380013596193066,0.6601626016260163,0.10078178110129164,0.4821138211382114,0.1208361658735554,0.5780487804878048,0.12287559483344664,0.5878048780487805,0.12338545207341944,0.5902439024390244,0.128144119646499,0.6130081300813008,0.14208021753908906,0.6796747967479675,0.13936097892590074,0.6666666666666666,0.14921821889870837,0.7138211382113822,0.12049626104690686,0.5764227642276423,0.1208361658735554,0.5780487804878048,0.14157036029911624,0.6772357723577236,0.14700883752549287,0.7032520325203252,0.09908225696804894,0.4739837398373984,0.1114887831407206,0.5333333333333333,0.12202583276682528,0.583739837398374,0.11879673691366417,0.5682926829268292,0.08752549286199864,0.4186991869918699,0.14938817131203264,0.7146341463414634,0.13817131203263086,0.6609756097560976,0.14360978925900747,0.6869918699186992,0.09211420802175391,0.44065040650406506,0.13103331067301155,0.6268292682926829,0.14089055064581918,0.6739837398373983,0.150237933378654,0.71869918699187,0.09874235214140041,0.47235772357723577,0.11233854520734195,0.5373983739837398,0.11930659415363698,0.5707317073170731,0.11964649898028552,0.5723577235772358,0.10622025832766825,0.508130081300813,0.1517675050985724,0.7260162601626017,0.14394969408565603,0.6886178861788618,0.14326988443235894,0.6853658536585366,0.09211420802175391,0.44065040650406506,0.1318830727396329,0.6308943089430894,0.1412304554724677,0.675609756097561,0.14819850441876276,0.7089430894308943
38,0.10574218103590932,0.5195121951219512,0.11302333278173093,0.5552845528455285,0.11914611947708093,0.5853658536585366,0.11947708092007281,0.5869918699186992,0.11385073638921066,0.5593495934959349,0.1241105411219593,0.6097560975609756,0.13023332781730929,0.6398373983739838,0.11831871586960119,0.5813008130081301,0.11153400628826741,0.5479674796747968,0.1140162171107066,0.5601626016260163,0.12179381102101605,0.5983739837398374,0.11815323514810525,0.5804878048780487,0.09928843289756743,0.4878048780487805,0.1179877544266093,0.5796747967479675,0.12245573390699983,0.6016260162601627,0.12046996524904849,0.591869918699187,0.10855535330134039,0.5333333333333333,0.1396657289425782,0.6861788617886179,0.1353632301836836,0.6650406504065041,0.1429753433724971,0.7024390243902439,0.11351977494621876,0.5577235772357724,0.11699487009763362,0.5747967479674797,0.13834188317061064,0.6796747967479675,0.14181697832202547,0.6967479674796748,0.10541121959291742,0.5178861788617887,0.11285785206023498,0.5544715447154471,0.12361409895747145,0.6073170731707317,0.12295217607148767,0.6040650406504066,0.10590766175740526,0.5203252032520326,0.12328313751447956,0.6056910569105691,0.11964256164156875,0.5878048780487805,0.1161674664901539,0.5707317073170731,0.08571901373489989,0.4211382113821138,0.10921727618732417,0.5365853658536586,0.11815323514810525,0.5804878048780487,0.11649842793314578,0.5723577235772358,0.10011583650504716,0.491869918699187,0.1161674664901539,0.5707317073170731,0.11947708092007281,0.5869918699186992,0.12212477246400795,0.6,0.11269237133873904,0.5536585365853659,0.14429918914446466,0.7089430894308943,0.1466159192454079,0.7203252032520325,0.13718351812013901,0.6739837398373983,0.09018699321529042,0.44308943089430897,0.11318881350322688,0.5560975609756098,0.13519774946218766,0.6642276422764227,0.1368525566771471,0.6723577235772358,0.10474929670693364,0.5146341463414634,0.11633294721164984,0.5715447154471545,0.11302333278173093,0.5552845528455285,0.1140162171107066,0.5601626016260163,0.12659275194439848,0.6219512195121951,0.12742015555187822,0.6260162601626016,0.12477246400794308,0.6130081300813008,0.12162833029952011,0.5975609756097561,0.11649842793314578,0.5723577235772358,0.11898063875558497,0.5845528455284553,0.12692371338739036,0.6235772357723577,0.13585967234817145,0.667479674796748,0.10044679794803905,0.49349593495934957,0.11947708092007281,0.5869918699186992,0.12179381102101605,0.5983739837398374,0.12162833029952011,0.5975609756097561,0.1262617905014066,0.6203252032520326,0.1393347674995863,0.6845528455284553,0.13635611451265928,0.6699186991869919,0.14611947708092007,0.7178861788617886,0.11881515803408903,0.583739837398374,0.11898063875558497,0.5845528455284553,0.1396657289425782,0.6861788617886179,0.14429918914446466,0.7089430894308943,0.09813006784709581,0.4821138211382114,0.10921727618732417,0.5365853658536586,0.12080092669204037,0.5934959349593496,0.1179877544266093,0.5796747967479675,0.08720834022836339,0.42845528455284554,0.1466159192454079,0.7203252032520325,0.13635611451265928,0.6699186991869919,0.14032765182856197,0.6894308943089431,0.0911798775442661,0.4479674796747967,0.12973688565282146,0.6373983739837399,0.13834188317061064,0.6796747967479675,0.14711236140989575,0.7227642276422764,0.09829554856859175,0.48292682926829267,0.11169948700976336,0.5487804878048781,0.11732583154062552,0.5764227642276423,0.11848419659109714,0.5821138211382114,0.1060731424789012,0.5211382113821138,0.14827072646036737,0.7284552845528456,0.14181697832202547,0.6967479674796748,0.14016217110706602,0.6886178861788618,0.09167631970875394,0.4504065040650406,0.1292404434883336,0.634959349593496,0.13883832533509846,0.6821138211382114,0.1451265927519444,0.7130081300813008
39,0.10496613995485328,0.5292682926829269,0.11125443405353112,0.5609756097560976,0.118187681393099,0.5959349593495935,0.11802644308287649,0.5951219512195122,0.11173814898419865,0.5634146341463414,0.12237987745888423,0.6170731707317073,0.12786198000644952,0.6447154471544716,0.118187681393099,0.5959349593495935,0.11060948081264109,0.5577235772357724,0.11238310222508868,0.5666666666666667,0.12044501773621412,0.6073170731707317,0.1162528216704289,0.5861788617886179,0.09803289261528539,0.4943089430894309,0.11609158336020639,0.5853658536585366,0.12108997097710417,0.6105691056910569,0.11851015801354402,0.5975609756097561,0.10770719122863592,0.5430894308943089,0.13689132537891002,0.6902439024390243,0.1326991293131248,0.6691056910569105,0.14027732989358271,0.7073170731707317,0.11367300870686875,0.573170731707317,0.11544663011931634,0.5821138211382114,0.13544018058690746,0.6829268292682927,0.13914866172202514,0.7016260162601626,0.10448242502418574,0.526829268292683,0.11141567236375363,0.5617886178861788,0.12108997097710417,0.6105691056910569,0.12092873266688164,0.6097560975609756,0.10448242502418574,0.526829268292683,0.12157368590777169,0.6130081300813008,0.11947758787487907,0.6024390243902439,0.11399548532731377,0.5747967479674797,0.08481135117703967,0.4276422764227642,0.10835214446952596,0.5463414634146342,0.11770396646243148,0.5934959349593496,0.11560786842953887,0.5829268292682926,0.09932279909706546,0.5008130081300813,0.11512415349887133,0.5804878048780487,0.118187681393099,0.5959349593495935,0.12076749435665914,0.6089430894308943,0.11254434053531119,0.567479674796748,0.14156723637536278,0.7138211382113822,0.1436633344082554,0.724390243902439,0.13495646565623992,0.6804878048780488,0.08932602386326992,0.4504065040650406,0.11141567236375363,0.5617886178861788,0.1326991293131248,0.6691056910569105,0.13415027410512737,0.6764227642276422,0.1036762334730732,0.5227642276422764,0.11544663011931634,0.5821138211382114,0.11157691067397614,0.5626016260162602,0.11318929377620122,0.5707317073170731,0.1256046436633344,0.6333333333333333,0.1254434053531119,0.6325203252032521,0.12318606900999678,0.6211382113821138,0.12044501773621412,0.6073170731707317,0.11576910673976137,0.583739837398374,0.11851015801354402,0.5975609756097561,0.1251209287326669,0.6308943089430894,0.13398903579490487,0.675609756097561,0.09867784585617542,0.4975609756097561,0.11770396646243148,0.5934959349593496,0.1201225411157691,0.6056910569105691,0.11980006449532409,0.6040650406504066,0.12431473718155434,0.6268292682926829,0.1364076104482425,0.6878048780487804,0.13334408255401484,0.6723577235772358,0.14350209609803288,0.7235772357723578,0.11738148984198646,0.591869918699187,0.11802644308287649,0.5951219512195122,0.13705256368913254,0.6910569105691057,0.14124475975491776,0.7121951219512195,0.09787165430506288,0.49349593495934957,0.10851338277974847,0.5471544715447154,0.11947758787487907,0.6024390243902439,0.11689777491131893,0.5894308943089431,0.0873911641405998,0.44065040650406506,0.14398581102870042,0.7260162601626017,0.13398903579490487,0.675609756097561,0.13769751693002258,0.6943089430894309,0.09158336020638504,0.46178861788617886,0.12786198000644952,0.6447154471544716,0.13544018058690746,0.6829268292682927,0.14414704933892292,0.7268292682926829,0.09754917768461786,0.491869918699187,0.1107707191228636,0.5585365853658537,0.11593034504998388,0.5845528455284553,0.11722025153176395,0.5910569105691057,0.1054498548855208,0.5317073170731708,0.14511447920025797,0.7317073170731707,0.1397936149629152,0.7048780487804878,0.13753627861980006,0.6934959349593496,0.0907771686552725,0.45772357723577234,0.12802321831667204,0.6455284552845528,0.13592389551757497,0.6853658536585366,0.14205095130603032,0.7162601626016261
40,0.10422889482785726,0.5390243902439025,0.11036000628831945,0.5707317073170731,0.11649111774878164,0.6024390243902439,0.11586228580411885,0.5991869918699188,0.11051721427448515,0.5715447154471545,0.12042131740292407,0.6227642276422765,0.12592359691872348,0.651219512195122,0.11664832573494734,0.6032520325203252,0.10941675837132527,0.5658536585365853,0.11177487816381072,0.5780487804878048,0.11963527747209558,0.6186991869918699,0.11460462191479327,0.5926829268292683,0.09715453545040088,0.5024390243902439,0.11554786983178746,0.5975609756097561,0.1188492375412671,0.6146341463414634,0.11696274170727873,0.6048780487804878,0.10690143059267411,0.5528455284552846,0.13378399622700834,0.691869918699187,0.1304826285175287,0.6747967479674797,0.13818581983964787,0.7146341463414634,0.11224650212230781,0.5804878048780487,0.11350416601163339,0.5869918699186992,0.13331237226851125,0.6894308943089431,0.1366137399779909,0.7065040650406504,0.10375727086936017,0.5365853658536586,0.11036000628831945,0.5707317073170731,0.11979248545826128,0.6195121951219512,0.11979248545826128,0.6195121951219512,0.10360006288319447,0.5357723577235772,0.1190064455274328,0.6154471544715447,0.11790598962427291,0.6097560975609756,0.1130325420531363,0.5845528455284553,0.08410627259864802,0.4349593495934959,0.1075302625373369,0.5560975609756098,0.11633390976261594,0.6016260162601627,0.11554786983178746,0.5975609756097561,0.09966986322905204,0.5154471544715448,0.11413299795629618,0.5902439024390244,0.11727715767961013,0.6065040650406504,0.11947806948592989,0.6178861788617886,0.11208929413614212,0.5796747967479675,0.13897185977047635,0.71869918699187,0.14085835560446472,0.7284552845528456,0.13268354032384846,0.6861788617886179,0.08787926426662475,0.45447154471544715,0.11020279830215375,0.5699186991869919,0.1307970444898601,0.6764227642276422,0.13189750039301998,0.6821138211382114,0.10422889482785726,0.5390243902439025,0.11413299795629618,0.5902439024390244,0.11114604621914793,0.5747967479674797,0.11161767017764503,0.5772357723577236,0.12482314101556359,0.6455284552845528,0.12262222920924383,0.6341463414634146,0.12246502122307813,0.6333333333333333,0.11932086149976419,0.6170731707317073,0.11444741392862758,0.591869918699187,0.11696274170727873,0.6048780487804878,0.12482314101556359,0.6455284552845528,0.13205470837918568,0.6829268292682927,0.09794057538122937,0.5065040650406504,0.11696274170727873,0.6048780487804878,0.11822040559660431,0.6113821138211382,0.11822040559660431,0.6113821138211382,0.12277943719540953,0.634959349593496,0.13457003615783683,0.6959349593495935,0.1304826285175287,0.6747967479674797,0.14054393963213332,0.7268292682926829,0.11633390976261594,0.6016260162601627,0.11727715767961013,0.6065040650406504,0.13472724414400253,0.6967479674796748,0.13834302782581356,0.7154471544715447,0.09762615940889798,0.5048780487804878,0.10674422260650841,0.5520325203252032,0.11743436566577582,0.6073170731707317,0.11586228580411885,0.5991869918699188,0.08662160037729917,0.4479674796747967,0.1416443955352932,0.732520325203252,0.13174029240685428,0.6813008130081301,0.13488445213016823,0.697560975609756,0.0907090080176073,0.4691056910569106,0.12608080490488918,0.6520325203252032,0.13362678824084265,0.6910569105691057,0.14054393963213332,0.7268292682926829,0.09699732746423519,0.5016260162601626,0.10973117434365666,0.567479674796748,0.11491903788712467,0.5943089430894309,0.11633390976261594,0.6016260162601627,0.10532935073101714,0.5447154471544715,0.1425876434522874,0.7373983739837399,0.13724257192265368,0.7097560975609756,0.13488445213016823,0.697560975609756,0.090866216003773,0.46991869918699186,0.12608080490488918,0.6520325203252032,0.13409841219933974,0.6934959349593496,0.13928627574280775,0.7203252032520325
41,0.10368098159509202,0.5495934959349593,0.10935582822085889,0.5796747967479675,0.1147239263803681,0.608130081300813,0.11441717791411044,0.6065040650406504,0.10858895705521472,0.5756097560975609,0.11886503067484662,0.6300813008130082,0.124079754601227,0.6577235772357723,0.11702453987730062,0.6203252032520326,0.10889570552147239,0.5772357723577236,0.10996932515337424,0.5829268292682926,0.11840490797546012,0.6276422764227643,0.11303680981595092,0.5991869918699188,0.09677914110429447,0.5130081300813009,0.11457055214723927,0.6073170731707317,0.11717791411042945,0.6211382113821138,0.11625766871165644,0.616260162601626,0.1062883435582822,0.5634146341463414,0.1312883435582822,0.6959349593495935,0.12929447852760736,0.6853658536585366,0.1357361963190184,0.7195121951219512,0.11196319018404909,0.5934959349593496,0.11196319018404909,0.5934959349593496,0.13144171779141103,0.6967479674796748,0.13450920245398773,0.7130081300813008,0.10383435582822086,0.5504065040650407,0.10950920245398774,0.5804878048780487,0.11855828220858895,0.6284552845528455,0.11825153374233129,0.6268292682926829,0.10276073619631902,0.5447154471544715,0.11641104294478527,0.6170731707317073,0.11809815950920245,0.6260162601626016,0.11180981595092025,0.5926829268292683,0.0834355828220859,0.44227642276422763,0.1067484662576687,0.5658536585365853,0.1142638036809816,0.6056910569105691,0.11625766871165644,0.616260162601626,0.09938650306748466,0.526829268292683,0.11303680981595092,0.5991869918699188,0.1161042944785276,0.6154471544715447,0.11748466257668712,0.6227642276422765,0.11211656441717792,0.5943089430894309,0.13634969325153373,0.7227642276422764,0.13865030674846626,0.734959349593496,0.1317484662576687,0.6983739837398374,0.08680981595092024,0.46016260162601624,0.10996932515337424,0.5829268292682926,0.1289877300613497,0.683739837398374,0.12929447852760736,0.6853658536585366,0.10322085889570552,0.5471544715447154,0.11319018404907975,0.6,0.1098159509202454,0.5821138211382114,0.11012269938650307,0.583739837398374,0.12300613496932515,0.6520325203252032,0.12070552147239264,0.6398373983739838,0.12131901840490797,0.6430894308943089,0.11809815950920245,0.6260162601626016,0.11273006134969325,0.5975609756097561,0.11503067484662577,0.6097560975609756,0.12269938650306748,0.6504065040650406,0.1289877300613497,0.683739837398374,0.09815950920245399,0.5203252032520326,0.11533742331288344,0.6113821138211382,0.11733128834355828,0.6219512195121951,0.11687116564417178,0.6195121951219512,0.12116564417177914,0.6422764227642277,0.1317484662576687,0.6983739837398374,0.12791411042944786,0.6780487804878049,0.13757668711656443,0.7292682926829268,0.11549079754601227,0.6121951219512195,0.1151840490797546,0.6105691056910569,0.13236196319018406,0.7016260162601626,0.1357361963190184,0.7195121951219512,0.09631901840490797,0.510569105691057,0.10552147239263804,0.5593495934959349,0.11625766871165644,0.616260162601626,0.1151840490797546,0.6105691056910569,0.08619631901840491,0.45691056910569106,0.13849693251533743,0.7341463414634146,0.12960122699386503,0.6869918699186992,0.13282208588957056,0.7040650406504065,0.09064417177914111,0.48048780487804876,0.12484662576687117,0.6617886178861788,0.13159509202453987,0.697560975609756,0.13803680981595093,0.7317073170731707,0.09647239263803681,0.5113821138211382,0.10828220858895705,0.5739837398373984,0.11441717791411044,0.6065040650406504,0.11579754601226994,0.6138211382113821,0.10475460122699387,0.5552845528455285,0.1401840490797546,0.7430894308943089,0.1352760736196319,0.7170731707317073,0.13312883435582823,0.7056910569105691,0.09018404907975461,0.47804878048780486,0.12484662576687117,0.6617886178861788,0.13205521472392637,0.7,0.1366564417177914,0.724390243902439
42,0.10330887857463693,0.5609756097560976,0.10824973798472826,0.5878048780487805,0.11378948944452763,0.6178861788617886,0.1134900434196736,0.616260162601626,0.10705195388531218,0.5813008130081301,0.11843090282976493,0.6430894308943089,0.12172480910315915,0.6609756097560976,0.11528671956879773,0.6260162601626016,0.10795029195987424,0.5861788617886179,0.1089983530468633,0.591869918699187,0.1163347806557868,0.6317073170731707,0.11094475220841443,0.6024390243902439,0.09731995807755651,0.5284552845528455,0.11319059739481958,0.6146341463414634,0.11603533463093277,0.6300813008130082,0.11513699655637072,0.6252032520325204,0.10480610869890702,0.5691056910569106,0.12891151369965564,0.7,0.12741428357538553,0.691869918699187,0.13355292708489294,0.7252032520325203,0.11124419823326845,0.6040650406504066,0.11064530618356042,0.6008130081300813,0.12921095972450966,0.7016260162601626,0.1328043120227579,0.7211382113821139,0.10375804761191795,0.5634146341463414,0.10869890702200928,0.5902439024390244,0.11723311873034885,0.6365853658536585,0.11678394969306782,0.6341463414634146,0.10256026351250187,0.556910569105691,0.11558616559365174,0.6276422764227643,0.11708339571792184,0.6357723577235772,0.11124419823326845,0.6040650406504066,0.08279682587213655,0.44959349593495934,0.10570444677346909,0.5739837398373984,0.11289115136996557,0.6130081300813008,0.11528671956879773,0.6260162601626016,0.09896691121425363,0.5373983739837398,0.11139392124569546,0.6048780487804878,0.11498727354394371,0.624390243902439,0.11723311873034885,0.6365853658536585,0.11169336727054949,0.6065040650406504,0.13370265009731996,0.7260162601626017,0.1357987722712981,0.7373983739837399,0.12936068273693666,0.7024390243902439,0.0865399011828118,0.46991869918699186,0.10854918400958227,0.5894308943089431,0.1269651145381045,0.6894308943089431,0.12666566851325048,0.6878048780487804,0.10285970953735589,0.5585365853658537,0.11244198233268453,0.6105691056910569,0.10914807605929032,0.5926829268292683,0.10884863003443629,0.5910569105691057,0.12127564006587813,0.6585365853658537,0.11962868692918102,0.6495934959349593,0.11977840994160803,0.6504065040650406,0.11693367270549483,0.634959349593496,0.11109447522084144,0.6032520325203252,0.11408893546938165,0.6195121951219512,0.12097619404102411,0.656910569105691,0.1268153915256775,0.6886178861788618,0.09776912711483755,0.5308943089430894,0.11378948944452763,0.6178861788617886,0.11588561161850576,0.6292682926829268,0.11618505764335979,0.6308943089430894,0.119478963916754,0.6487804878048781,0.1296601287617907,0.7040650406504065,0.1256176074262614,0.6821138211382114,0.13534960323401707,0.734959349593496,0.11438838149423566,0.6211382113821138,0.11393921245695464,0.6186991869918699,0.13040874382392573,0.708130081300813,0.13325348106003893,0.7235772357723578,0.09642162000299447,0.5235772357723577,0.10465638568648002,0.5682926829268292,0.11468782751908968,0.6227642276422765,0.11408893546938165,0.6195121951219512,0.0866896241952388,0.47073170731707314,0.13684683335828718,0.7430894308943089,0.12771372960023955,0.6934959349593496,0.13070818984877977,0.7097560975609756,0.09073214553076808,0.4926829268292683,0.1223237011528672,0.6642276422764227,0.1296601287617907,0.7040650406504065,0.13564904925887108,0.7365853658536585,0.09567300494085941,0.5195121951219512,0.10645306183560413,0.5780487804878048,0.11378948944452763,0.6178861788617886,0.11378948944452763,0.6178861788617886,0.10405749363677197,0.5650406504065041,0.13804461745770324,0.7495934959349594,0.13325348106003893,0.7235772357723578,0.13025902081149873,0.7073170731707317,0.09043269950591407,0.49105691056910566,0.12262314717772121,0.6658536585365854,0.1296601287617907,0.7040650406504065,0.134301542147028,0.7292682926829268
43,0.10310032173150044,0.573170731707317,0.10734132787364727,0.5967479674796748,0.11245978356244515,0.6252032520325204,0.11216730038022814,0.6235772357723577,0.10573267037145365,0.5878048780487805,0.11640830652237497,0.6471544715447154,0.12050307107341328,0.6699186991869919,0.11406844106463879,0.6341463414634146,0.10675636150921322,0.5934959349593496,0.10719508628253875,0.5959349593495935,0.11494589061128985,0.6390243902439025,0.10953495174027493,0.6089430894308943,0.09666569172272595,0.5373983739837398,0.11187481719801111,0.6219512195121951,0.11509213220239836,0.6398373983739838,0.1143609242468558,0.6357723577235772,0.10456273764258556,0.5813008130081301,0.12693770108218777,0.7056910569105691,0.12532904357999414,0.6967479674796748,0.13161743199766013,0.7317073170731707,0.11085112606025153,0.616260162601626,0.10938871014916643,0.608130081300813,0.1285463585843814,0.7146341463414634,0.13000877449546652,0.7227642276422764,0.10310032173150044,0.573170731707317,0.10865750219362387,0.6040650406504066,0.11509213220239836,0.6398373983739838,0.11465340742907283,0.6373983739837399,0.10193038900263235,0.5666666666666667,0.11421468265574729,0.634959349593496,0.1156770985668324,0.6430894308943089,0.110412401286926,0.6138211382113821,0.08233401579409184,0.45772357723577234,0.10500146241591109,0.583739837398374,0.11216730038022814,0.6235772357723577,0.1130447499268792,0.6284552845528455,0.09929804036267914,0.5520325203252032,0.11143609242468558,0.6195121951219512,0.11362971629131324,0.6317073170731707,0.1156770985668324,0.6430894308943089,0.11099736765136005,0.6170731707317073,0.1310324656332261,0.7284552845528456,0.1339572974553963,0.7447154471544716,0.1272301842644048,0.7073170731707317,0.08613629716291313,0.4788617886178862,0.10748756946475578,0.5975609756097561,0.12547528517110265,0.697560975609756,0.12445159403334308,0.691869918699187,0.10324656332260895,0.5739837398373984,0.11114360924246856,0.6178861788617886,0.10821877742029833,0.6016260162601627,0.10807253582918983,0.6008130081300813,0.1194793799356537,0.6642276422764227,0.11772448084235157,0.6544715447154471,0.11757823925124306,0.6536585365853659,0.11553085697572389,0.6422764227642277,0.11085112606025153,0.616260162601626,0.11275226674466218,0.6268292682926829,0.11904065516232816,0.6617886178861788,0.1247440772155601,0.6934959349593496,0.097543141269377,0.5422764227642276,0.11216730038022814,0.6235772357723577,0.1143609242468558,0.6357723577235772,0.11450716583796432,0.6365853658536585,0.11743199766013454,0.6528455284552845,0.12781515062883883,0.7105691056910569,0.12401286926001755,0.6894308943089431,0.13307984790874525,0.7398373983739838,0.11348347470020474,0.6308943089430894,0.11245978356244515,0.6252032520325204,0.12913132494881543,0.7178861788617886,0.1313249488154431,0.7300813008130081,0.09593448376718339,0.5333333333333333,0.10368528809593448,0.5764227642276423,0.1130447499268792,0.6284552845528455,0.11231354197133665,0.624390243902439,0.08672126352734717,0.4821138211382114,0.13410353904650482,0.7455284552845528,0.1260602515355367,0.7008130081300813,0.1285463585843814,0.7146341463414634,0.09052354489616847,0.5032520325203252,0.12035682948230476,0.6691056910569105,0.12752266744662183,0.7089430894308943,0.13293360631763673,0.7390243902439024,0.09491079262942381,0.5276422764227642,0.10573267037145365,0.5878048780487805,0.11245978356244515,0.6252032520325204,0.11216730038022814,0.6235772357723577,0.10324656332260895,0.5739837398373984,0.1351272301842644,0.751219512195122,0.13190991517987716,0.7333333333333333,0.12796139221994735,0.7113821138211383,0.08993857853173443,0.5,0.1206493126645218,0.6707317073170732,0.12781515062883883,0.7105691056910569,0.13161743199766013,0.7317073170731707
44,0.10232956981563528,0.5821138211382114,0.10676004001715021,0.6073170731707317,0.11133342861226239,0.6333333333333333,0.11147634700585965,0.6341463414634146,0.10518793768758039,0.5983739837398374,0.11462055166499928,0.6520325203252032,0.11833642989852794,0.6731707317073171,0.11290553094183221,0.6422764227642277,0.10690295841074747,0.608130081300813,0.10604544804916392,0.6032520325203252,0.11347720451622124,0.6455284552845528,0.1080463055595255,0.6146341463414634,0.09689867085893955,0.551219512195122,0.10976132628269258,0.624390243902439,0.11404887809061026,0.6487804878048781,0.1126196941546377,0.640650406504065,0.10390167214520508,0.5910569105691057,0.12548234957839074,0.7138211382113822,0.12319565528083465,0.7008130081300813,0.12905530941832213,0.7341463414634146,0.11019008146348436,0.6268292682926829,0.10861797913391454,0.6178861788617886,0.12676861512076604,0.7211382113821139,0.12762612548234958,0.7260162601626017,0.10261540660282978,0.583739837398374,0.1087608975275118,0.6186991869918699,0.11362012290981849,0.6463414634146342,0.11276261254823496,0.6414634146341464,0.1019008146348435,0.5796747967479675,0.11290553094183221,0.6422764227642277,0.11547806202658283,0.656910569105691,0.10890381592110905,0.6195121951219512,0.08232099471201944,0.4682926829268293,0.10447334571959412,0.5943089430894309,0.11190510218665142,0.6365853658536585,0.11090467343147063,0.6308943089430894,0.09904244676289839,0.5634146341463414,0.11090467343147063,0.6308943089430894,0.11247677576104044,0.6398373983739838,0.11419179648420752,0.6495934959349593,0.1103329998570816,0.6276422764227643,0.12876947263112762,0.732520325203252,0.1324853508646563,0.7536585365853659,0.1253394311847935,0.7130081300813008,0.0850364441903673,0.483739837398374,0.10633128483635844,0.6048780487804878,0.12319565528083465,0.7008130081300813,0.1223381449192511,0.6959349593495935,0.10332999857081607,0.5878048780487805,0.11019008146348436,0.6268292682926829,0.10733171359153923,0.6105691056910569,0.10690295841074747,0.608130081300813,0.11962269544090325,0.6804878048780488,0.11633557238816636,0.6617886178861788,0.11604973560097184,0.6601626016260163,0.11376304130341575,0.6471544715447154,0.11061883664427612,0.6292682926829268,0.11104759182506789,0.6317073170731707,0.11790767471773617,0.6707317073170732,0.12262398170644562,0.697560975609756,0.09747034443332857,0.5544715447154471,0.11119051021866515,0.6325203252032521,0.11304844933542947,0.6430894308943089,0.11290553094183221,0.6422764227642277,0.11604973560097184,0.6601626016260163,0.12591110475918252,0.7162601626016261,0.12190938973845934,0.6934959349593496,0.13034157496069745,0.7414634146341463,0.11304844933542947,0.6430894308943089,0.11219093897384594,0.6382113821138211,0.12734028869515507,0.724390243902439,0.1291982278119194,0.734959349593496,0.09461197656138345,0.5382113821138211,0.10247248820923253,0.5829268292682926,0.11219093897384594,0.6382113821138211,0.11133342861226239,0.6333333333333333,0.0863227097327426,0.49105691056910566,0.13191367729026726,0.7504065040650406,0.12391024724882092,0.7048780487804878,0.126196941546377,0.7178861788617886,0.09018150635986852,0.5130081300813009,0.11862226668572246,0.6747967479674797,0.12491067600400171,0.7105691056910569,0.13105616692868371,0.7455284552845528,0.09489781334857796,0.5398373983739837,0.10375875375160783,0.5902439024390244,0.11147634700585965,0.6341463414634146,0.11133342861226239,0.6333333333333333,0.10275832499642704,0.5845528455284553,0.13277118765185078,0.7552845528455284,0.12976990138630842,0.7382113821138211,0.12576818636558526,0.7154471544715447,0.09032442475346578,0.5138211382113821,0.11876518507931971,0.675609756097561,0.12519651279119623,0.7121951219512195,0.1294840645991139,0.7365853658536585
45,0.10187255449972052,0.5926829268292683,0.10620458356623812,0.6178861788617886,0.10983789826718837,0.6390243902439025,0.10983789826718837,0.6390243902439025,0.10396869759642258,0.6048780487804878,0.11319172722191169,0.6585365853658537,0.11640581330352152,0.6772357723577236,0.11137506987143656,0.6479674796747967,0.10662381218557854,0.6203252032520326,0.10494689770821689,0.6105691056910569,0.11235326998323085,0.6536585365853659,0.10760201229737283,0.6260162601626016,0.09740078256008944,0.5666666666666667,0.10858021240916713,0.6317073170731707,0.11333147009502516,0.6593495934959349,0.11095584125209615,0.6455284552845528,0.10299049748462828,0.5991869918699188,0.12353269983230855,0.71869918699187,0.12101732811626607,0.7040650406504065,0.12688652878703185,0.7382113821138211,0.10997764114030184,0.6398373983739838,0.1073225265511459,0.624390243902439,0.12451089994410285,0.724390243902439,0.1256288429290106,0.7308943089430894,0.10229178311906093,0.5951219512195122,0.10788149804359978,0.6276422764227643,0.11179429849077697,0.6504065040650406,0.11081609837898267,0.6447154471544716,0.1010340972610397,0.5878048780487805,0.11137506987143656,0.6479674796747967,0.11416992733370598,0.6642276422764227,0.10760201229737283,0.6260162601626016,0.08230855226383454,0.4788617886178862,0.10368921185019564,0.6032520325203252,0.11039686975964226,0.6422764227642277,0.10927892677473448,0.6357723577235772,0.0980994969256568,0.5707317073170731,0.1096981553940749,0.6382113821138211,0.11109558412520962,0.6463414634146342,0.1130519843487982,0.6577235772357723,0.10858021240916713,0.6317073170731707,0.12674678591391839,0.7373983739837399,0.13191727221911684,0.767479674796748,0.12423141419787591,0.7227642276422764,0.08440469536053662,0.49105691056910566,0.10592509782001118,0.616260162601626,0.12199552822806037,0.7097560975609756,0.12073784237003912,0.7024390243902439,0.10257126886528788,0.5967479674796748,0.10885969815539408,0.6333333333333333,0.10564561207378424,0.6146341463414634,0.10606484069312465,0.6170731707317073,0.11822247065399664,0.6878048780487804,0.11500838457238681,0.6691056910569105,0.11444941307993292,0.6658536585365854,0.11389044158747903,0.6626016260162602,0.11011738401341531,0.640650406504065,0.10955841252096143,0.6373983739837399,0.11640581330352152,0.6772357723577236,0.12115707098937954,0.7048780487804878,0.09726103968697597,0.5658536585365853,0.11011738401341531,0.640650406504065,0.11137506987143656,0.6479674796747967,0.11137506987143656,0.6479674796747967,0.11458915595304639,0.6666666666666666,0.12381218557853549,0.7203252032520325,0.12045835662381219,0.7008130081300813,0.12800447177193963,0.7447154471544716,0.11207378423700391,0.6520325203252032,0.11137506987143656,0.6479674796747967,0.12548910005589714,0.7300813008130081,0.1277249860257127,0.7430894308943089,0.09376746785913918,0.5455284552845528,0.10159306875349357,0.5910569105691057,0.11053661263275573,0.6430894308943089,0.10983789826718837,0.6390243902439025,0.08580212409167133,0.4991869918699187,0.12982112912241475,0.7552845528455284,0.12199552822806037,0.7097560975609756,0.12437115707098938,0.7235772357723578,0.08957518166573505,0.5211382113821138,0.11738401341531582,0.6829268292682927,0.12297372833985466,0.7154471544715447,0.12926215762996088,0.7520325203252033,0.09390721073225265,0.5463414634146342,0.1024315259921744,0.5959349593495935,0.11025712688652879,0.6414634146341464,0.11053661263275573,0.6430894308943089,0.10201229737283399,0.5934959349593496,0.13038010061486865,0.7585365853658537,0.1277249860257127,0.7430894308943089,0.12353269983230855,0.71869918699187,0.08943543879262157,0.5203252032520326,0.11724427054220235,0.6821138211382114,0.12353269983230855,0.71869918699187,0.12702627166014532,0.7390243902439024
46,0.10143540669856459,0.6032520325203252,0.10608339029391661,0.6308943089430894,0.10868079289131921,0.6463414634146342,0.10827067669172932,0.6439024390243903,0.10321257689678742,0.6138211382113821,0.11127819548872181,0.6617886178861788,0.11469583048530417,0.6821138211382114,0.11032125768967874,0.6560975609756098,0.10580997949419002,0.6292682926829268,0.10334928229665072,0.6146341463414634,0.11086807928913192,0.6593495934959349,0.10690362269309638,0.6357723577235772,0.09665071770334928,0.5747967479674797,0.10704032809295967,0.6365853658536585,0.11168831168831168,0.6642276422764227,0.10963773069036227,0.6520325203252032,0.10225563909774436,0.608130081300813,0.1215311004784689,0.7227642276422764,0.11893369788106631,0.7073170731707317,0.12467532467532468,0.7414634146341463,0.10950102529049897,0.651219512195122,0.10690362269309638,0.6357723577235772,0.12235133287764867,0.7276422764227642,0.12385509227614491,0.7365853658536585,0.10170881749829118,0.6048780487804878,0.10717703349282297,0.6373983739837399,0.11073137388926863,0.6585365853658537,0.10881749829118251,0.6471544715447154,0.10102529049897471,0.6008130081300813,0.11018455228981545,0.6552845528455284,0.11360218728639782,0.675609756097561,0.10608339029391661,0.6308943089430894,0.08147641831852358,0.4845528455284553,0.10280246069719753,0.6113821138211382,0.10909090909090909,0.6487804878048781,0.10731373889268626,0.6382113821138211,0.09760765550239234,0.5804878048780487,0.10868079289131921,0.6463414634146342,0.11004784688995216,0.6544715447154471,0.11196172248803828,0.6658536585365854,0.10717703349282297,0.6373983739837399,0.12481203007518797,0.7422764227642277,0.12987012987012986,0.7723577235772358,0.12248803827751197,0.7284552845528456,0.08407382091592618,0.5,0.10498974709501026,0.624390243902439,0.12016404647983596,0.7146341463414634,0.11907040328092959,0.708130081300813,0.10116199589883801,0.6016260162601627,0.10786056049213943,0.6414634146341464,0.10512645249487355,0.6252032520325204,0.10594668489405332,0.6300813008130082,0.11688311688311688,0.6951219512195121,0.11442241968557758,0.6804878048780488,0.11278195488721804,0.6707317073170732,0.11346548188653452,0.6747967479674797,0.10881749829118251,0.6471544715447154,0.10827067669172932,0.6439024390243903,0.11483253588516747,0.6829268292682927,0.11948051948051948,0.7105691056910569,0.09651401230348598,0.5739837398373984,0.10922761449077238,0.6495934959349593,0.11086807928913192,0.6593495934959349,0.11127819548872181,0.6617886178861788,0.11455912508544087,0.6813008130081301,0.12194121667805878,0.7252032520325203,0.11907040328092959,0.708130081300813,0.12590567327409433,0.748780487804878,0.11196172248803828,0.6658536585365854,0.11018455228981545,0.6552845528455284,0.12317156527682843,0.732520325203252,0.12549555707450444,0.7463414634146341,0.09295967190704033,0.5528455284552846,0.10102529049897471,0.6008130081300813,0.11004784688995216,0.6544715447154471,0.10840738209159262,0.6447154471544716,0.08489405331510595,0.5048780487804878,0.12850307587149692,0.7642276422764228,0.12016404647983596,0.7146341463414634,0.12235133287764867,0.7276422764227642,0.0887218045112782,0.5276422764227642,0.11619958988380041,0.6910569105691057,0.12139439507860561,0.7219512195121951,0.127136021872864,0.7560975609756098,0.09282296650717703,0.5520325203252032,0.10198222829801777,0.6065040650406504,0.10922761449077238,0.6495934959349593,0.10991114149008886,0.6536585365853659,0.10252904989747096,0.6097560975609756,0.12809295967190704,0.7617886178861789,0.12535885167464114,0.7455284552845528,0.12139439507860561,0.7219512195121951,0.08885850991114148,0.5284552845528455,0.11537935748462064,0.6861788617886179,0.1215311004784689,0.7227642276422764,0.12508544087491455,0.7439024390243902
47,0.10128445276960128,0.6154471544715447,0.10516457051110517,0.6390243902439025,0.10703773080010703,0.6504065040650406,0.1073053251271073,0.6520325203252032,0.10208723575060209,0.6203252032520326,0.10957987690660959,0.6658536585365854,0.11305860315761306,0.6869918699186992,0.10891089108910891,0.6617886178861788,0.10503077334760504,0.6382113821138211,0.10222103291410223,0.6211382113821138,0.10931228257960932,0.6642276422764227,0.10529836767460529,0.6398373983739838,0.09646775488359646,0.5861788617886179,0.10703773080010703,0.6504065040650406,0.11024886272411025,0.6699186991869919,0.10904468825260905,0.6626016260162602,0.10115065560610115,0.6146341463414634,0.11934706984211935,0.7252032520325203,0.11707251806261708,0.7113821138211383,0.12282579609312283,0.7463414634146341,0.10917848541610918,0.6634146341463415,0.10623494781910624,0.6455284552845528,0.12055124431362055,0.732520325203252,0.12215681027562215,0.7422764227642277,0.10048166978860049,0.6105691056910569,0.10596735349210597,0.6439024390243903,0.10904468825260905,0.6626016260162602,0.1069039336366069,0.6495934959349593,0.10074926411560074,0.6121951219512195,0.1085094995986085,0.6593495934959349,0.11319240032111319,0.6878048780487804,0.10543216483810543,0.640650406504065,0.08108108108108109,0.4926829268292683,0.10222103291410223,0.6211382113821138,0.10810810810810811,0.656910569105691,0.10529836767460529,0.6398373983739838,0.09713674070109714,0.5902439024390244,0.10757291945410757,0.6536585365853659,0.10931228257960932,0.6642276422764227,0.11105164570511106,0.6747967479674797,0.10636874498260637,0.6463414634146342,0.12282579609312283,0.7463414634146341,0.12804388546962805,0.7780487804878049,0.12081883864062082,0.7341463414634146,0.08375702435108376,0.5089430894308943,0.10355900454910356,0.6292682926829268,0.11841048969761842,0.7195121951219512,0.11747390955311747,0.7138211382113822,0.10021407546160022,0.6089430894308943,0.10677013647310676,0.6487804878048781,0.10436178753010436,0.6341463414634146,0.10409419320310409,0.6325203252032521,0.11680492373561681,0.7097560975609756,0.11279100883061279,0.6853658536585366,0.11118544286861119,0.675609756097561,0.11265721166711266,0.6845528455284553,0.10810810810810811,0.656910569105691,0.10663633930960664,0.6479674796747967,0.11332619748461333,0.6886178861788618,0.1176077067166176,0.7146341463414634,0.0957987690660958,0.5821138211382114,0.10877709392560878,0.6609756097560976,0.1097136740701097,0.6666666666666666,0.10984747123360984,0.667479674796748,0.11345999464811346,0.6894308943089431,0.11988225849611989,0.7284552845528456,0.1172063152261172,0.7121951219512195,0.12362857907412363,0.751219512195122,0.11091784854161092,0.6739837398373983,0.1085094995986085,0.6593495934959349,0.1214878244581215,0.7382113821138211,0.12349478191062349,0.7504065040650406,0.09258763714209259,0.5626016260162602,0.09981268397109981,0.6065040650406504,0.1085094995986085,0.6593495934959349,0.10743912229060744,0.6528455284552845,0.08442601016858442,0.5130081300813009,0.12603692801712604,0.7658536585365854,0.11841048969761842,0.7195121951219512,0.12001605565962002,0.7292682926829268,0.08830612791008831,0.5365853658536586,0.11453037195611453,0.6959349593495935,0.11921327267861921,0.724390243902439,0.12523414503612523,0.7609756097560976,0.09218624565159218,0.5601626016260163,0.10101685844260101,0.6138211382113821,0.10837570243510837,0.6585365853658537,0.10931228257960932,0.6642276422764227,0.10101685844260101,0.6138211382113821,0.12617072518062616,0.7666666666666667,0.1238961734011239,0.7528455284552845,0.11921327267861921,0.724390243902439,0.08830612791008831,0.5365853658536586,0.11426277762911426,0.6943089430894309,0.11948086700561948,0.7260162601626017,0.12336098474712336,0.7495934959349594
48,0.10022271714922049,0.6219512195121951,0.1040220096947465,0.6455284552845528,0.10651120136250491,0.6609756097560976,0.10611817109917464,0.6585365853658537,0.10153281802698808,0.6300813008130082,0.10821433250360278,0.6715447154471544,0.111358574610245,0.6910569105691057,0.10873837285470982,0.6747967479674797,0.10493908030918381,0.651219512195122,0.1011397877636578,0.6276422764227643,0.10834534259137954,0.6723577235772358,0.1040220096947465,0.6455284552845528,0.0957683741648107,0.5943089430894309,0.10611817109917464,0.6585365853658537,0.10965544346914713,0.6804878048780488,0.10808332241582602,0.6707317073170732,0.10035372723699724,0.6227642276422765,0.11738503864797589,0.7284552845528456,0.11541988733132451,0.7162601626016261,0.12131534128127866,0.7528455284552845,0.10821433250360278,0.6715447154471544,0.10520110048473733,0.6528455284552845,0.11921917987685052,0.7398373983739838,0.12013625049128783,0.7455284552845528,0.09930564653478317,0.616260162601626,0.10467706013363029,0.6495934959349593,0.10703524171361195,0.6642276422764227,0.1055941307480676,0.6552845528455284,0.100484737324774,0.6235772357723577,0.10677322153805843,0.6626016260162602,0.11188261496135203,0.6943089430894309,0.10467706013363029,0.6495934959349593,0.08161928468492075,0.5065040650406504,0.10100877767588104,0.6268292682926829,0.10690423162583519,0.6634146341463415,0.10362897943141622,0.6430894308943089,0.09629241451591773,0.5975609756097561,0.10716625180138871,0.6650406504065041,0.10808332241582602,0.6707317073170732,0.10939342329359361,0.6788617886178862,0.10585615092362112,0.656910569105691,0.12105332110572514,0.751219512195122,0.12668675488012576,0.7861788617886178,0.11856412943796672,0.7357723577235772,0.08358443600157212,0.5186991869918699,0.10231887855364863,0.634959349593496,0.11699200838464562,0.7260162601626017,0.11594392768243154,0.7195121951219512,0.10035372723699724,0.6227642276422765,0.10572514083584436,0.6560975609756098,0.10349796934363946,0.6422764227642277,0.1040220096947465,0.6455284552845528,0.11463382680466395,0.7113821138211383,0.11109655443469148,0.6894308943089431,0.10952443338137037,0.6796747967479675,0.11175160487357527,0.6934959349593496,0.10742827197694223,0.6666666666666666,0.10546312066029084,0.6544715447154471,0.11175160487357527,0.6934959349593496,0.11633695794576182,0.7219512195121951,0.0951133237259269,0.5902439024390244,0.10742827197694223,0.6666666666666666,0.10873837285470982,0.6747967479674797,0.1091314031180401,0.6772357723577236,0.11188261496135203,0.6943089430894309,0.11869513952574348,0.7365853658536585,0.11515786715577099,0.7146341463414634,0.12210140180793921,0.7577235772357723,0.10952443338137037,0.6796747967479675,0.10716625180138871,0.6650406504065041,0.12026726057906459,0.7463414634146341,0.12144635136905542,0.7536585365853659,0.09170706144373117,0.5691056910569106,0.09878160618367614,0.6130081300813008,0.10729726188916547,0.6658536585365854,0.1062491811869514,0.6593495934959349,0.08423948644045591,0.5227642276422764,0.12419756321236736,0.7707317073170732,0.1167299882090921,0.724390243902439,0.11804008908685969,0.732520325203252,0.08764574872265164,0.5439024390243903,0.11306170575134285,0.7016260162601626,0.11751604873575265,0.7292682926829268,0.12328049259793004,0.765040650406504,0.09210009170706145,0.5715447154471545,0.09956766671033669,0.6178861788617886,0.1084763526791563,0.6731707317073171,0.10873837285470982,0.6747967479674797,0.09956766671033669,0.6178861788617886,0.12432857330014412,0.7715447154471544,0.12223241189571597,0.7585365853658537,0.11751604873575265,0.7292682926829268,0.0877767588104284,0.5447154471544715,0.11345473601467312,0.7040650406504065,0.11764705882352941,0.7300813008130081,0.12170837154460894,0.7552845528455284
49,0.09933264887063654,0.6292682926829268,0.1034394250513347,0.6552845528455284,0.1056211498973306,0.6691056910569105,0.10549281314168378,0.6682926829268293,0.10151437371663244,0.6430894308943089,0.10728952772073921,0.6796747967479675,0.11036960985626283,0.6991869918699187,0.10767453798767967,0.6821138211382114,0.10331108829568789,0.6544715447154471,0.09997433264887064,0.6333333333333333,0.10728952772073921,0.6796747967479675,0.10292607802874744,0.6520325203252032,0.09509753593429159,0.6024390243902439,0.10549281314168378,0.6682926829268293,0.1085728952772074,0.6878048780487804,0.1079312114989733,0.683739837398374,0.09946098562628337,0.6300813008130082,0.11550308008213553,0.7317073170731707,0.1138347022587269,0.7211382113821139,0.11909650924024641,0.7544715447154472,0.10690451745379877,0.6772357723577236,0.10395277207392196,0.6585365853658537,0.11768480492813142,0.7455284552845528,0.11794147843942505,0.7471544715447155,0.09920431211498973,0.6284552845528455,0.10369609856262833,0.656910569105691,0.10536447638603696,0.667479674796748,0.10382443531827515,0.6577235772357723,0.10023100616016427,0.634959349593496,0.1056211498973306,0.6691056910569105,0.10998459958932238,0.6967479674796748,0.1040811088295688,0.6593495934959349,0.0803388090349076,0.5089430894308943,0.10023100616016427,0.634959349593496,0.10651950718685832,0.6747967479674797,0.10215605749486653,0.6471544715447154,0.0959958932238193,0.608130081300813,0.10613449691991786,0.6723577235772358,0.1071611909650924,0.6788617886178862,0.1079312114989733,0.683739837398374,0.10472279260780287,0.6634146341463415,0.11909650924024641,0.7544715447154472,0.12474332648870637,0.7902439024390244,0.11742813141683778,0.7439024390243902,0.0834188911704312,0.5284552845528455,0.10151437371663244,0.6430894308943089,0.11614476386036961,0.7357723577235772,0.11434804928131417,0.724390243902439,0.09933264887063654,0.6292682926829268,0.1049794661190965,0.6650406504065041,0.10241273100616016,0.6487804878048781,0.10228439425051335,0.6479674796747967,0.11396303901437371,0.7219512195121951,0.10972792607802875,0.6951219512195121,0.10831622176591375,0.6861788617886179,0.11036960985626283,0.6991869918699187,0.10600616016427104,0.6715447154471544,0.10600616016427104,0.6715447154471544,0.10998459958932238,0.6967479674796748,0.11486139630390144,0.7276422764227642,0.0944558521560575,0.5983739837398374,0.10600616016427104,0.6715447154471544,0.10741786447638604,0.6804878048780488,0.10754620123203286,0.6813008130081301,0.1101129363449692,0.697560975609756,0.11717145790554415,0.7422764227642277,0.11370636550308008,0.7203252032520325,0.11999486652977413,0.7601626016260162,0.1085728952772074,0.6878048780487804,0.10587782340862423,0.6707317073170732,0.11871149897330595,0.7520325203252033,0.11935318275154004,0.7560975609756098,0.09253080082135523,0.5861788617886179,0.09843429158110883,0.6235772357723577,0.10613449691991786,0.6723577235772358,0.10510780287474332,0.6658536585365854,0.08354722792607804,0.5292682926829269,0.12217659137577003,0.7739837398373983,0.11498973305954825,0.7284552845528456,0.11614476386036961,0.7357723577235772,0.08726899383983573,0.5528455284552846,0.11178131416837782,0.708130081300813,0.11588809034907598,0.7341463414634146,0.12153490759753593,0.7699186991869919,0.09163244353182752,0.5804878048780487,0.09869096509240247,0.6252032520325204,0.10767453798767967,0.6821138211382114,0.10780287474332649,0.6829268292682927,0.09843429158110883,0.6235772357723577,0.12256160164271047,0.7764227642276422,0.11999486652977413,0.7601626016260162,0.11588809034907598,0.7341463414634146,0.08739733059548255,0.5536585365853659,0.1122946611909651,0.7113821138211383,0.11652977412731007,0.7382113821138211,0.11999486652977413,0.7601626016260162
50,0.09922032193158954,0.6414634146341464,0.10211267605633803,0.6601626016260163,0.10437625754527163,0.6747967479674797,0.10425050301810865,0.6739837398373983,0.1006036217303823,0.6504065040650406,0.10626257545271629,0.6869918699186992,0.10877766599597585,0.7032520325203252,0.1073943661971831,0.6943089430894309,0.102238430583501,0.6609756097560976,0.09909456740442656,0.640650406504065,0.10588531187122736,0.6845528455284553,0.10173541247484909,0.6577235772357723,0.09419014084507042,0.6089430894308943,0.10425050301810865,0.6739837398373983,0.10789738430583501,0.697560975609756,0.10638832997987928,0.6878048780487804,0.09846579476861167,0.6365853658536585,0.11343058350100603,0.7333333333333333,0.11255030181086519,0.7276422764227642,0.11732897384305835,0.7585365853658537,0.10626257545271629,0.6869918699186992,0.10362173038229376,0.6699186991869919,0.11619718309859155,0.751219512195122,0.11607142857142858,0.7504065040650406,0.0988430583501006,0.6390243902439025,0.10236418511066399,0.6617886178861788,0.10374748490945675,0.6707317073170732,0.10274144869215292,0.6642276422764227,0.0999748490945674,0.6463414634146342,0.10462776659959759,0.6764227642276422,0.10902917505030181,0.7048780487804878,0.10387323943661972,0.6715447154471544,0.08035714285714286,0.5195121951219512,0.0999748490945674,0.6463414634146342,0.1056338028169014,0.6829268292682927,0.10010060362173039,0.6471544715447154,0.0954476861167002,0.6170731707317073,0.10487927565392353,0.6780487804878049,0.10601106639839034,0.6853658536585366,0.10714285714285714,0.6926829268292682,0.10425050301810865,0.6739837398373983,0.11707746478873239,0.7569105691056911,0.12336519114688128,0.7975609756097561,0.11632293762575453,0.7520325203252033,0.08350100603621731,0.5398373983739837,0.10098088531187123,0.6528455284552845,0.11506539235412475,0.7439024390243902,0.11229879275653923,0.7260162601626017,0.09808853118712274,0.6341463414634146,0.10412474849094568,0.6731707317073171,0.10173541247484909,0.6577235772357723,0.10098088531187123,0.6528455284552845,0.11217303822937626,0.7252032520325203,0.10902917505030181,0.7048780487804878,0.10676559356136821,0.6902439024390243,0.10915492957746478,0.7056910569105691,0.10538229376257545,0.6813008130081301,0.10412474849094568,0.6731707317073171,0.10915492957746478,0.7056910569105691,0.11292756539235413,0.7300813008130081,0.09419014084507042,0.6089430894308943,0.10437625754527163,0.6747967479674797,0.10638832997987928,0.6878048780487804,0.10638832997987928,0.6878048780487804,0.10890342052313884,0.7040650406504065,0.11519114688128773,0.7447154471544716,0.11229879275653923,0.7260162601626017,0.11858651911468814,0.7666666666666667,0.10814889336016097,0.6991869918699187,0.10475352112676056,0.6772357723577236,0.11657444668008048,0.7536585365853659,0.11745472837022133,0.759349593495935,0.09167505030181086,0.5926829268292683,0.09745975855130784,0.6300813008130082,0.10475352112676056,0.6772357723577236,0.10387323943661972,0.6715447154471544,0.08350100603621731,0.5398373983739837,0.12110160965794768,0.7829268292682927,0.11380784708249497,0.7357723577235772,0.11443661971830986,0.7398373983739838,0.08664486921529176,0.5601626016260163,0.11116700201207244,0.71869918699187,0.11431086519114689,0.7390243902439024,0.11959255533199195,0.7731707317073171,0.09117203219315895,0.5894308943089431,0.09783702213279678,0.6325203252032521,0.1068913480885312,0.6910569105691057,0.10714285714285714,0.6926829268292682,0.09695674044265594,0.6268292682926829,0.12085010060362172,0.78130081300813,0.11833501006036218,0.765040650406504,0.11431086519114689,0.7390243902439024,0.08664486921529176,0.5601626016260163,0.1107897384305835,0.7162601626016261,0.11493963782696177,0.7430894308943089,0.11820925553319919,0.7642276422764228
51,0.0983849093823203,0.6487804878048781,0.10109727530514116,0.6666666666666666,0.10331648378744915,0.6813008130081301,0.10331648378744915,0.6813008130081301,0.09974109234373074,0.6577235772357723,0.10516582418937245,0.6934959349593496,0.10726174331155221,0.7073170731707317,0.1066452965109111,0.7032520325203252,0.10085069658488473,0.6650406504065041,0.09801504130193564,0.6463414634146342,0.10491924546911602,0.691869918699187,0.10085069658488473,0.6650406504065041,0.09382320305757613,0.6186991869918699,0.10331648378744915,0.6813008130081301,0.1066452965109111,0.7032520325203252,0.10504253482924424,0.6926829268292682,0.09752188386142276,0.6430894308943089,0.11219331771668105,0.7398373983739838,0.1113302921957835,0.7341463414634146,0.11650844532116879,0.7682926829268293,0.10442608802860313,0.6886178861788618,0.10208359018616693,0.6731707317073171,0.11502897299963014,0.7585365853658537,0.11441252619898903,0.7544715447154472,0.09801504130193564,0.6463414634146342,0.1012205646652694,0.667479674796748,0.10196030082603871,0.6723577235772358,0.10085069658488473,0.6650406504065041,0.09912464554308963,0.6536585365853659,0.10343977314757737,0.6821138211382114,0.10837134755270621,0.7146341463414634,0.10393293058809025,0.6853658536585366,0.0795216372827025,0.524390243902439,0.09875477746270497,0.651219512195122,0.1047959561089878,0.6910569105691057,0.09924793490321786,0.6544715447154471,0.09517938601898657,0.6276422764227643,0.10417950930834668,0.6869918699186992,0.10442608802860313,0.6886178861788618,0.10565898162988534,0.6967479674796748,0.10356306250770558,0.6829268292682927,0.11502897299963014,0.7585365853658537,0.12217975588706695,0.8056910569105691,0.1142892368388608,0.7536585365853659,0.08334360744667735,0.5495934959349593,0.09998767106398718,0.6593495934959349,0.11379607939834792,0.7504065040650406,0.11096042411539885,0.7317073170731707,0.09739859450129454,0.6422764227642277,0.10282332634693626,0.6780487804878049,0.10072740722475651,0.6642276422764227,0.09998767106398718,0.6593495934959349,0.11083713475527061,0.7308943089430894,0.10812476883244976,0.7130081300813008,0.10615213907039822,0.7,0.10812476883244976,0.7130081300813008,0.10504253482924424,0.6926829268292682,0.10282332634693626,0.6780487804878049,0.10763161139193687,0.7097560975609756,0.11207002835655283,0.7390243902439024,0.09394649241770435,0.6195121951219512,0.10343977314757737,0.6821138211382114,0.10528911354950068,0.6943089430894309,0.10516582418937245,0.6934959349593496,0.10750832203180866,0.7089430894308943,0.11416594747873259,0.7528455284552845,0.11059055603501418,0.7292682926829268,0.11650844532116879,0.7682926829268293,0.10750832203180866,0.7089430894308943,0.1036863518678338,0.683739837398374,0.11502897299963014,0.7585365853658537,0.11589199852052767,0.7642276422764228,0.09098754777462705,0.6,0.09653556898039699,0.6365853658536585,0.10405621994821847,0.6861788617886179,0.10270003698680803,0.6772357723577236,0.0829737393662927,0.5471544715447154,0.11922081124398964,0.7861788617886178,0.11219331771668105,0.7398373983739838,0.1130563432375786,0.7455284552845528,0.08642584144988287,0.5699186991869919,0.10997410923437308,0.7252032520325203,0.1130563432375786,0.7455284552845528,0.11774133892245099,0.7764227642276422,0.09049439033411416,0.5967479674796748,0.09702872642090987,0.6398373983739838,0.10578227099001355,0.697560975609756,0.10590556035014179,0.6983739837398374,0.09579583281962767,0.6317073170731707,0.11885094316360498,0.7837398373983739,0.11613857724078412,0.7658536585365854,0.11280976451732215,0.7439024390243902,0.08642584144988287,0.5699186991869919,0.1100973985945013,0.7260162601626017,0.11330292195783503,0.7471544715447155,0.11650844532116879,0.7682926829268293
52,0.0973397823458283,0.6544715447154471,0.10024183796856106,0.6739837398373983,0.10290205562273277,0.691869918699187,0.10290205562273277,0.691869918699187,0.09939540507859734,0.6682926829268293,0.10362756952841597,0.6967479674796748,0.10556227327690447,0.7097560975609756,0.10544135429262394,0.7089430894308943,0.0996372430471584,0.6699186991869919,0.09721886336154777,0.6536585365853659,0.10386940749697703,0.6983739837398374,0.09975816203143893,0.6707317073170732,0.09383313180169287,0.6308943089430894,0.10217654171704958,0.6869918699186992,0.10495767835550181,0.7056910569105691,0.10386940749697703,0.6983739837398374,0.09673518742442563,0.6504065040650406,0.11088270858524789,0.7455284552845528,0.1094316807738815,0.7357723577235772,0.11463119709794438,0.7707317073170732,0.1033857315598549,0.6951219512195121,0.10108827085852479,0.6796747967479675,0.11366384522370013,0.7642276422764228,0.11281741233373639,0.7585365853658537,0.0969770253929867,0.6520325203252032,0.10048367593712212,0.675609756097561,0.10024183796856106,0.6739837398373983,0.1007255139056832,0.6772357723577236,0.09866989117291415,0.6634146341463415,0.10253929866989117,0.6894308943089431,0.1067714631197098,0.7178861788617886,0.1030229746070133,0.6926829268292682,0.07883917775090689,0.5300813008130081,0.09830713422007255,0.6609756097560976,0.1033857315598549,0.6951219512195121,0.09782345828295043,0.6577235772357723,0.09480048367593712,0.6373983739837399,0.10386940749697703,0.6983739837398374,0.10350665054413542,0.6959349593495935,0.10423216444981862,0.7008130081300813,0.10314389359129383,0.6934959349593496,0.11354292623941958,0.7634146341463415,0.12007255139056831,0.8073170731707318,0.11281741233373639,0.7585365853658537,0.08270858524788392,0.5560975609756098,0.09879081015719468,0.6642276422764227,0.1120918984280532,0.7536585365853659,0.10955259975816203,0.7365853658536585,0.09685610640870616,0.651219512195122,0.10241837968561064,0.6886178861788618,0.1,0.6723577235772358,0.0996372430471584,0.6699186991869919,0.1090689238210399,0.7333333333333333,0.10689238210399032,0.71869918699187,0.10580411124546554,0.7113821138211383,0.10761789600967352,0.7235772357723578,0.10411124546553809,0.7,0.10217654171704958,0.6869918699186992,0.10628778718258766,0.7146341463414634,0.11051995163240629,0.7430894308943089,0.09334945586457073,0.6276422764227643,0.10290205562273277,0.691869918699187,0.10459492140266022,0.7032520325203252,0.10435308343409916,0.7016260162601626,0.10652962515114874,0.7162601626016261,0.11269649334945586,0.7577235772357723,0.10918984280532043,0.7341463414634146,0.11571946795646916,0.7780487804878049,0.10701330108827085,0.7195121951219512,0.10241837968561064,0.6886178861788618,0.11330108827085852,0.7617886178861789,0.11426844014510278,0.7682926829268293,0.09105199516324063,0.6121951219512195,0.09516324062877872,0.6398373983739838,0.10278113663845223,0.6910569105691057,0.10133010882708585,0.6813008130081301,0.08270858524788392,0.5560975609756098,0.11704957678355501,0.7869918699186992,0.11100362756952842,0.7463414634146341,0.11185006045949214,0.7520325203252033,0.08633615477629988,0.5804878048780487,0.1090689238210399,0.7333333333333333,0.11136638452237001,0.748780487804878,0.11608222490931076,0.7804878048780488,0.09044740024183796,0.608130081300813,0.09673518742442563,0.6504065040650406,0.10435308343409916,0.7016260162601626,0.10519951632406288,0.7073170731707317,0.09467956469165659,0.6365853658536585,0.11692865779927449,0.7861788617886178,0.11438935912938332,0.7691056910569106,0.11197097944377267,0.7528455284552845,0.08621523579201934,0.5796747967479675,0.10894800483675937,0.732520325203252,0.11172914147521161,0.751219512195122,0.11487303506650544,0.7723577235772358
53,0.09621544667220311,0.6593495934959349,0.09953731166211888,0.6821138211382114,0.1020287104045557,0.6991869918699187,0.1016727962984933,0.6967479674796748,0.0989441214853482,0.6780487804878049,0.10238462451061811,0.7016260162601626,0.10428283307628426,0.7146341463414634,0.10487602325305492,0.71869918699187,0.09870684541463993,0.6764227642276422,0.09633408470755725,0.6601626016260163,0.10250326254597224,0.7024390243902439,0.09846956934393167,0.6747967479674797,0.09336813382370387,0.6398373983739838,0.10119824415707676,0.6934959349593496,0.10452010914699253,0.7162601626016261,0.10297781468738877,0.7056910569105691,0.09692727488432791,0.6642276422764227,0.10950290663186618,0.7504065040650406,0.10831652627832483,0.7422764227642277,0.11270613358642781,0.7723577235772358,0.10262190058132638,0.7032520325203252,0.10013050183888955,0.6861788617886179,0.11223158144501127,0.7691056910569106,0.11116383912682407,0.7617886178861789,0.09609680863684897,0.6585365853658537,0.09953731166211888,0.6821138211382114,0.09941867362676474,0.6813008130081301,0.10013050183888955,0.6861788617886179,0.0982322932732234,0.6731707317073171,0.10155415826313917,0.6959349593495935,0.10677423181872109,0.7317073170731707,0.10238462451061811,0.7016260162601626,0.0790129315458536,0.5414634146341464,0.09763910309645273,0.6691056910569105,0.10309645272274291,0.7065040650406504,0.09692727488432791,0.6642276422764227,0.09443587614189108,0.6471544715447154,0.10262190058132638,0.7032520325203252,0.10309645272274291,0.7065040650406504,0.10357100486415945,0.7097560975609756,0.10262190058132638,0.7032520325203252,0.11211294340965713,0.7682926829268293,0.11840075928342626,0.8113821138211382,0.11140111519753233,0.7634146341463415,0.08233479653576936,0.5642276422764227,0.09835093130857753,0.6739837398373983,0.11116383912682407,0.7617886178861789,0.1078419741369083,0.7390243902439024,0.09609680863684897,0.6585365853658537,0.10155415826313917,0.6959349593495935,0.0985882073792858,0.675609756097561,0.0989441214853482,0.6780487804878049,0.10796061217226242,0.7398373983739838,0.10570648950053387,0.724390243902439,0.10428283307628426,0.7146341463414634,0.10665559378336695,0.7308943089430894,0.10357100486415945,0.7097560975609756,0.10131688219243089,0.6943089430894309,0.1051132993237632,0.7203252032520325,0.10950290663186618,0.7504065040650406,0.09313085775299561,0.6382113821138211,0.1020287104045557,0.6991869918699187,0.10380828093486771,0.7113821138211383,0.10392691897022185,0.7121951219512195,0.10594376557124215,0.7260162601626017,0.11104520109146993,0.7609756097560976,0.10831652627832483,0.7422764227642277,0.11377387590461502,0.7796747967479675,0.105825127535888,0.7252032520325203,0.10131688219243089,0.6943089430894309,0.11187566733894887,0.7666666666666667,0.11223158144501127,0.7691056910569106,0.09063945901055878,0.6211382113821138,0.09431723810653696,0.6463414634146342,0.1020287104045557,0.6991869918699187,0.10060505398030609,0.6894308943089431,0.0820975204650611,0.5626016260162602,0.1150788942935105,0.7886178861788617,0.10950290663186618,0.7504065040650406,0.11128247716217819,0.7626016260162601,0.08648712777316407,0.5926829268292683,0.10807925020761656,0.740650406504065,0.10962154466722031,0.751219512195122,0.11424842804603155,0.7829268292682927,0.09040218293985051,0.6195121951219512,0.09609680863684897,0.6585365853658537,0.10392691897022185,0.7121951219512195,0.10428283307628426,0.7146341463414634,0.09455451417724522,0.6479674796747967,0.1150788942935105,0.7886178861788617,0.11270613358642781,0.7723577235772358,0.11104520109146993,0.7609756097560976,0.08589393759639341,0.5886178861788618,0.10748606003084589,0.7365853658536585,0.11009609680863684,0.7544715447154472,0.11318068572784434,0.775609756097561
54,0.09536562645551933,0.6658536585365854,0.09827666511411272,0.6861788617886179,0.1008383791336749,0.7040650406504065,0.1008383791336749,0.7040650406504065,0.09816022356776898,0.6853658536585366,0.10095482068001863,0.7048780487804878,0.1031672100605496,0.7203252032520325,0.10444806707033069,0.7292682926829268,0.09769445738239403,0.6821138211382114,0.0952491849091756,0.6650406504065041,0.10165346995808104,0.7097560975609756,0.09746157428970657,0.6804878048780488,0.09280391243595715,0.6479674796747967,0.10013972985561248,0.6991869918699187,0.10305076851420587,0.7195121951219512,0.10200279459711226,0.7121951219512195,0.09606427573358174,0.6707317073170732,0.1084070796460177,0.7569105691056911,0.10747554727526781,0.7504065040650406,0.1116674429436423,0.7796747967479675,0.10142058686539357,0.708130081300813,0.09920819748486259,0.6926829268292682,0.11085235211923615,0.7739837398373983,0.11027014438751746,0.7699186991869919,0.09594783418723801,0.6699186991869919,0.09897531439217513,0.6910569105691057,0.09839310666045645,0.6869918699186992,0.09944108057755006,0.6943089430894309,0.09804378202142525,0.6845528455284553,0.10025617140195622,0.7,0.10572892408011178,0.7382113821138211,0.10142058686539357,0.708130081300813,0.07929669306008384,0.5536585365853659,0.09711224965067536,0.6780487804878049,0.10176991150442478,0.7105691056910569,0.09653004191895669,0.6739837398373983,0.09385188635305076,0.6552845528455284,0.10142058686539357,0.708130081300813,0.10176991150442478,0.7105691056910569,0.10270144387517466,0.7170731707317073,0.10176991150442478,0.7105691056910569,0.11073591057289241,0.7731707317073171,0.11702375407545412,0.8170731707317073,0.11015370284117373,0.7691056910569106,0.08278993945039591,0.5780487804878048,0.09781089892873777,0.6829268292682927,0.10992081974848626,0.767479674796748,0.10631113181183047,0.7422764227642277,0.09571495109455054,0.6682926829268293,0.10037261294829995,0.7008130081300813,0.0975780158360503,0.6813008130081301,0.09827666511411272,0.6861788617886179,0.1067768979972054,0.7455284552845528,0.10444806707033069,0.7292682926829268,0.10363297624592455,0.7235772357723578,0.10572892408011178,0.7382113821138211,0.10328365160689335,0.7211382113821139,0.1004890544946437,0.7016260162601626,0.10351653469958082,0.7227642276422764,0.10794131346064276,0.7536585365853659,0.09315323707498836,0.6504065040650406,0.1011877037727061,0.7065040650406504,0.10293432696786213,0.71869918699187,0.1028178854215184,0.7178861788617886,0.10526315789473684,0.734959349593496,0.10933861201676759,0.7634146341463415,0.10700978108989287,0.7471544715447155,0.11224965067536097,0.7837398373983739,0.10572892408011178,0.7382113821138211,0.1008383791336749,0.7040650406504065,0.11027014438751746,0.7699186991869919,0.11061946902654868,0.7723577235772358,0.0903586399627387,0.6308943089430894,0.09350256171401956,0.6528455284552845,0.10130414531904984,0.7073170731707317,0.09944108057755006,0.6943089430894309,0.08174196553330228,0.5707317073170731,0.11341406613879833,0.791869918699187,0.10898928737773637,0.7609756097560976,0.10980437820214252,0.7666666666666667,0.0863996273870517,0.6032520325203252,0.1067768979972054,0.7455284552845528,0.10817419655333023,0.7552845528455284,0.11271541686073591,0.7869918699186992,0.0896599906846763,0.6260162601626016,0.09536562645551933,0.6658536585365854,0.10270144387517466,0.7170731707317073,0.10328365160689335,0.7211382113821139,0.09338612016767582,0.6520325203252032,0.11376339077782953,0.7943089430894309,0.11096879366557988,0.7747967479674797,0.10945505356311132,0.7642276422764228,0.08651606893339543,0.6040650406504066,0.10654401490451793,0.7439024390243902,0.1087564042850489,0.759349593495935,0.11143455985095482,0.7780487804878049
55,0.09511832628329712,0.6764227642276422,0.09694752486566822,0.6894308943089431,0.10003429747341946,0.7113821138211383,0.09991997256202126,0.7105691056910569,0.09774779924545558,0.6951219512195121,0.09991997256202126,0.7105691056910569,0.10232079570138333,0.7276422764227642,0.10392134446095805,0.7390243902439024,0.09637590030867726,0.6853658536585366,0.09500400137189893,0.675609756097561,0.10014862238481766,0.7121951219512195,0.09637590030867726,0.6853658536585366,0.09283182805533326,0.6601626016260163,0.09946267291642849,0.7073170731707317,0.10209214587858695,0.7260162601626017,0.10129187149879959,0.7203252032520325,0.09546130101749171,0.6788617886178862,0.10700811706870927,0.7609756097560976,0.10597919286612553,0.7536585365853659,0.1100948896764605,0.7829268292682927,0.10003429747341946,0.7113821138211383,0.09854807362524294,0.7008130081300813,0.10952326511946953,0.7788617886178861,0.10872299073968218,0.7731707317073171,0.09546130101749171,0.6788617886178862,0.09831942380244656,0.6991869918699187,0.09729049959986281,0.691869918699187,0.09877672344803932,0.7024390243902439,0.09706184977706642,0.6902439024390243,0.09957699782782668,0.708130081300813,0.10495026866354179,0.7463414634146341,0.10072024694180862,0.7162601626016261,0.08014176289013376,0.5699186991869919,0.09614725048588087,0.683739837398374,0.1010632216760032,0.71869918699187,0.0955756259288899,0.6796747967479675,0.09340345261232423,0.6642276422764227,0.10072024694180862,0.7162601626016261,0.100948896764605,0.7178861788617886,0.10197782096718876,0.7252032520325203,0.10129187149879959,0.7203252032520325,0.10952326511946953,0.7788617886178861,0.11535383560077742,0.8203252032520325,0.10918029038527495,0.7764227642276422,0.08254258602949582,0.5869918699186992,0.09717617468846462,0.6910569105691057,0.10860866582828398,0.7723577235772358,0.1046072939293472,0.7439024390243902,0.09546130101749171,0.6788617886178862,0.0993483480050303,0.7065040650406504,0.09717617468846462,0.6910569105691057,0.0975191494226592,0.6934959349593496,0.10552189322053275,0.7504065040650406,0.10380701954955984,0.7382113821138211,0.10220647078998514,0.7268292682926829,0.1046072939293472,0.7439024390243902,0.10174917114439236,0.7235772357723578,0.09980564765062307,0.7097560975609756,0.10243512061278152,0.7284552845528456,0.10632216760032011,0.7560975609756098,0.09248885332113868,0.6577235772357723,0.10003429747341946,0.7113821138211383,0.10209214587858695,0.7260162601626017,0.10232079570138333,0.7276422764227642,0.10392134446095805,0.7390243902439024,0.10780839144849663,0.7666666666666667,0.10540756830913456,0.7495934959349594,0.11100948896764605,0.7894308943089431,0.1046072939293472,0.7439024390243902,0.10049159711901223,0.7146341463414634,0.10883731565108037,0.7739837398373983,0.10929461529667314,0.7772357723577236,0.0904310049159712,0.6430894308943089,0.09363210243512061,0.6658536585365854,0.10072024694180862,0.7162601626016261,0.0993483480050303,0.7065040650406504,0.08139933691551389,0.5788617886178862,0.1119240882588316,0.7959349593495935,0.10757974162570023,0.765040650406504,0.10838001600548759,0.7707317073170732,0.08642963301703441,0.6146341463414634,0.10529324339773637,0.748780487804878,0.10677946724591289,0.759349593495935,0.11123813879044243,0.7910569105691057,0.08974505544758203,0.6382113821138211,0.09534697610609352,0.6780487804878049,0.10140619641019778,0.7211382113821139,0.10186349605579055,0.724390243902439,0.09248885332113868,0.6577235772357723,0.11203841317022979,0.7967479674796748,0.10929461529667314,0.7772357723577236,0.10792271635989482,0.767479674796748,0.08711558248542357,0.6195121951219512,0.10540756830913456,0.7495934959349594,0.10712244198010747,0.7617886178861789,0.10963759003086773,0.7796747967479675
56,0.09443072086234,0.683739837398374,0.09611497866606782,0.6959349593495935,0.09869750729845048,0.7146341463414634,0.09880979115203234,0.7154471544715447,0.09622726251964968,0.6967479674796748,0.09858522344486863,0.7138211382113822,0.10105546822366944,0.7317073170731707,0.10296429373456097,0.7455284552845528,0.09577812710532226,0.6934959349593496,0.09465528856950371,0.6853658536585366,0.09982034583426903,0.7227642276422764,0.09566584325174039,0.6926829268292682,0.09229732764428475,0.6682926829268293,0.09836065573770492,0.7121951219512195,0.101392319784415,0.7341463414634146,0.10026948124859646,0.7260162601626017,0.09465528856950371,0.6853658536585366,0.10554682236694363,0.7642276422764228,0.10431169997754323,0.7552845528455284,0.10925218953514484,0.7910569105691057,0.09880979115203234,0.7154471544715447,0.09836065573770492,0.7121951219512195,0.10779249943858073,0.7804878048780488,0.10756793173141702,0.7788617886178861,0.09521670783741298,0.6894308943089431,0.0979115203233775,0.7089430894308943,0.09633954637323153,0.697560975609756,0.09858522344486863,0.7138211382113822,0.09656411408039524,0.6991869918699187,0.09880979115203234,0.7154471544715447,0.10386256456321581,0.7520325203252033,0.09970806198068717,0.7219512195121951,0.08039523916460813,0.5821138211382114,0.09611497866606782,0.6959349593495935,0.10026948124859646,0.7260162601626017,0.09420615315517629,0.6821138211382114,0.0934201661801033,0.6764227642276422,0.1001571973950146,0.7252032520325203,0.09993262968785088,0.7235772357723578,0.10172917134516056,0.7365853658536585,0.10094318437008758,0.7308943089430894,0.10801706714574444,0.7821138211382114,0.11396811138558276,0.8252032520325203,0.10768021558499888,0.7796747967479675,0.08230406467549967,0.5959349593495935,0.0969009656411408,0.7016260162601626,0.10734336402425332,0.7772357723577236,0.10341342914888839,0.748780487804878,0.09476757242308556,0.6861788617886179,0.09824837188412307,0.7113821138211383,0.09600269481248597,0.6951219512195121,0.09656411408039524,0.6991869918699187,0.10476083539187064,0.7585365853658537,0.10273972602739725,0.7439024390243902,0.10161688749157871,0.7357723577235772,0.10453626768470695,0.7569105691056911,0.10026948124859646,0.7260162601626017,0.09925892656635976,0.71869918699187,0.10128003593083315,0.7333333333333333,0.10442398383112508,0.7560975609756098,0.09207275993712104,0.6666666666666666,0.09970806198068717,0.7219512195121951,0.10116775207725129,0.732520325203252,0.10150460363799686,0.734959349593496,0.10251515832023356,0.7422764227642277,0.10644509319559847,0.7707317073170732,0.10431169997754323,0.7552845528455284,0.10936447338872671,0.791869918699187,0.10419941612396137,0.7544715447154472,0.09959577812710532,0.7211382113821139,0.10734336402425332,0.7772357723577236,0.10768021558499888,0.7796747967479675,0.08971479901190209,0.6495934959349593,0.09353245003368515,0.6772357723577236,0.09970806198068717,0.7219512195121951,0.09858522344486863,0.7138211382113822,0.08106894228609926,0.5869918699186992,0.11048731192454525,0.8,0.10678194475634403,0.7731707317073171,0.1068942286099259,0.7739837398373983,0.08701998652593756,0.6300813008130082,0.10442398383112508,0.7560975609756098,0.1058836739276892,0.7666666666666667,0.10970132494947227,0.7943089430894309,0.08949023130473838,0.6479674796747967,0.09454300471592185,0.6845528455284553,0.10026948124859646,0.7260162601626017,0.10105546822366944,0.7317073170731707,0.0911744891084662,0.6601626016260163,0.1103750280709634,0.7991869918699187,0.10790478329216259,0.78130081300813,0.10633280934201662,0.7699186991869919,0.08690770267235572,0.6292682926829268,0.10431169997754323,0.7552845528455284,0.1058836739276892,0.7666666666666667,0.10835391870649001,0.7845528455284553
57,0.09464975179260894,0.697560975609756,0.09553226696083839,0.7040650406504065,0.09817981246552675,0.7235772357723578,0.09773855488141202,0.7203252032520325,0.0954219525648097,0.7032520325203252,0.09773855488141202,0.7203252032520325,0.09994484280198566,0.7365853658536585,0.10204081632653061,0.7520325203252033,0.09453943739658026,0.6967479674796748,0.09420849420849421,0.6943089430894309,0.09829012686155543,0.724390243902439,0.09509100937672366,0.7008130081300813,0.09211252068394926,0.6788617886178862,0.09762824048538334,0.7195121951219512,0.10071704357418643,0.7422764227642277,0.09994484280198566,0.7365853658536585,0.09376723662437948,0.6910569105691057,0.10424710424710425,0.7682926829268293,0.10358521787093215,0.7634146341463415,0.10777716492002207,0.7943089430894309,0.0978488692774407,0.7211382113821139,0.0978488692774407,0.7211382113821139,0.1063430777716492,0.7837398373983739,0.10590182018753447,0.7804878048780488,0.0948703805846663,0.6991869918699187,0.0972972972972973,0.7170731707317073,0.09641478212906784,0.7105691056910569,0.0978488692774407,0.7211382113821139,0.09619415333701048,0.7089430894308943,0.09751792608935467,0.71869918699187,0.10303364589078874,0.759349593495935,0.09873138444567016,0.7276422764227642,0.07986762272476558,0.5886178861788618,0.09531163816878102,0.7024390243902439,0.0990623276337562,0.7300813008130081,0.0936569222283508,0.6902439024390243,0.09288472145615002,0.6845528455284553,0.09939327082184225,0.732520325203252,0.09873138444567016,0.7276422764227642,0.10049641478212906,0.740650406504065,0.0997242140099283,0.734959349593496,0.10689464975179261,0.7878048780487805,0.1124103695532267,0.8284552845528456,0.10667402095973524,0.7861788617886178,0.08174296745725317,0.6024390243902439,0.09586321014892443,0.7065040650406504,0.1063430777716492,0.7837398373983739,0.10237175951461666,0.7544715447154472,0.09498069498069497,0.7,0.09762824048538334,0.7195121951219512,0.09498069498069497,0.7,0.09564258135686707,0.7048780487804878,0.10369553226696084,0.7642276422764228,0.10159955874241589,0.748780487804878,0.10093767236624379,0.7439024390243902,0.10402647545504688,0.7666666666666667,0.09983452840595698,0.7357723577235772,0.0985107556536128,0.7260162601626017,0.10038610038610038,0.7398373983739838,0.10369553226696084,0.7642276422764228,0.09178157749586321,0.6764227642276422,0.09928295642581357,0.7317073170731707,0.10071704357418643,0.7422764227642277,0.10060672917815774,0.7414634146341463,0.10193050193050193,0.751219512195122,0.10546056260341975,0.7772357723577236,0.10336458907887479,0.7617886178861789,0.10788747931605075,0.7951219512195122,0.10380584666298952,0.765040650406504,0.0985107556536128,0.7260162601626017,0.10612244897959183,0.7821138211382114,0.10612244897959183,0.7821138211382114,0.09012686155543298,0.6642276422764227,0.09310535024820739,0.6861788617886179,0.0990623276337562,0.7300813008130081,0.09829012686155543,0.724390243902439,0.0809707666850524,0.5967479674796748,0.10899062327633756,0.8032520325203252,0.10579150579150579,0.7796747967479675,0.10557087699944843,0.7780487804878049,0.08747931605074462,0.6447154471544716,0.10358521787093215,0.7634146341463415,0.10479867622724766,0.7723577235772358,0.10832873690016546,0.7983739837398374,0.08968560397131825,0.6609756097560976,0.09420849420849421,0.6943089430894309,0.09961389961389962,0.7341463414634146,0.10005515719801435,0.7373983739837399,0.09012686155543298,0.6642276422764227,0.10865968008825151,0.8008130081300813,0.10645339216767788,0.7845528455284553,0.10523993381136239,0.775609756097561,0.0875896304467733,0.6455284552845528,0.10347490347490347,0.7626016260162601,0.10479867622724766,0.7723577235772358,0.10700496414782129,0.7886178861788617
58,0.0944275802254987,0.708130081300813,0.09464440589765828,0.7097560975609756,0.09702948829141371,0.7276422764227642,0.0969210754553339,0.7268292682926829,0.09431916738941891,0.7073170731707317,0.0969210754553339,0.7268292682926829,0.0996313963573287,0.7471544715447155,0.10082393755420642,0.7560975609756098,0.09366869037294015,0.7024390243902439,0.09377710320901995,0.7032520325203252,0.09724631396357329,0.7292682926829268,0.09486123156981786,0.7113821138211383,0.09193408499566348,0.6894308943089431,0.09637901127493495,0.7227642276422764,0.10006504770164787,0.7504065040650406,0.09941457068516912,0.7455284552845528,0.09345186470078057,0.7008130081300813,0.10299219427580225,0.7723577235772358,0.1024501300954033,0.7682926829268293,0.10656981786643538,0.7991869918699187,0.09659583694709453,0.724390243902439,0.09681266261925411,0.7260162601626017,0.10548568950563747,0.7910569105691057,0.10461838681699913,0.7845528455284553,0.09431916738941891,0.7073170731707317,0.09637901127493495,0.7227642276422764,0.09562012142237641,0.7170731707317073,0.0971379011274935,0.7284552845528456,0.09627059843885516,0.7219512195121951,0.09659583694709453,0.724390243902439,0.10158282740676496,0.7617886178861789,0.09800520381613183,0.734959349593496,0.07957502168256722,0.5967479674796748,0.09475281873373807,0.7105691056910569,0.09843885516045099,0.7382113821138211,0.09269297484822203,0.6951219512195121,0.09204249783174327,0.6902439024390243,0.09865568083261059,0.7398373983739838,0.0983304423243712,0.7373983739837399,0.0997398091934085,0.7479674796747967,0.09887250650477017,0.7414634146341463,0.10526886383347789,0.7894308943089431,0.11101474414570685,0.832520325203252,0.10559410234171726,0.791869918699187,0.08185169124024284,0.6138211382113821,0.09496964440589765,0.7121951219512195,0.1051604509973981,0.7886178861788617,0.10147441457068516,0.7609756097560976,0.09410234171725933,0.7056910569105691,0.09724631396357329,0.7292682926829268,0.09486123156981786,0.7113821138211383,0.09496964440589765,0.7121951219512195,0.1024501300954033,0.7682926829268293,0.10071552471812663,0.7552845528455284,0.10006504770164787,0.7504065040650406,0.10385949696444059,0.7788617886178861,0.09887250650477017,0.7414634146341463,0.09767996530789246,0.732520325203252,0.09941457068516912,0.7455284552845528,0.10223330442324371,0.7666666666666667,0.09095836947094536,0.6821138211382114,0.09876409366869038,0.740650406504065,0.0997398091934085,0.7479674796747967,0.09952298352124891,0.7463414634146341,0.10082393755420642,0.7560975609756098,0.10396790980052038,0.7796747967479675,0.10201647875108413,0.765040650406504,0.106244579358196,0.7967479674796748,0.10310060711188204,0.7731707317073171,0.09767996530789246,0.732520325203252,0.1049436253252385,0.7869918699186992,0.10483521248915871,0.7861788617886178,0.08965741543798786,0.6723577235772358,0.09258456201214224,0.6943089430894309,0.09887250650477017,0.7414634146341463,0.09724631396357329,0.7292682926829268,0.08076756287944492,0.6056910569105691,0.1076539462272333,0.8073170731707318,0.1050520381613183,0.7878048780487805,0.10450997398091934,0.7837398373983739,0.08705550737207285,0.6528455284552845,0.10212489158716392,0.7658536585365854,0.10331743278404162,0.7747967479674797,0.10667823070251518,0.8,0.08954900260190807,0.6715447154471544,0.09334345186470078,0.7,0.09843885516045099,0.7382113821138211,0.09908933217692975,0.7430894308943089,0.08900693842150911,0.667479674796748,0.10732870771899393,0.8048780487804879,0.10526886383347789,0.7894308943089431,0.10450997398091934,0.7837398373983739,0.08770598438855161,0.6577235772357723,0.10266695576756288,0.7699186991869919,0.10353425845620122,0.7764227642276422,0.10581092801387684,0.7934959349593496
59,0.09368005968240435,0.7146341463414634,0.09421293829265694,0.71869918699187,0.09623787701161675,0.7341463414634146,0.09602472556751572,0.732520325203252,0.09410636257060642,0.7178861788617886,0.0959181498454652,0.7317073170731707,0.09868911861877865,0.7528455284552845,0.09986145156133433,0.7617886178861789,0.09304060535010125,0.7097560975609756,0.09325375679420228,0.7113821138211383,0.0965576041777683,0.7365853658536585,0.09378663540445487,0.7154471544715447,0.09112224235319194,0.6951219512195121,0.09581157412341469,0.7308943089430894,0.09911542150698072,0.7560975609756098,0.09879569434082916,0.7536585365853659,0.09250772673984867,0.7056910569105691,0.10188639028029414,0.7772357723577236,0.10124693594799104,0.7723577235772358,0.1052968133859107,0.8032520325203252,0.09634445273366728,0.734959349593496,0.0959181498454652,0.7317073170731707,0.10455078333155707,0.7975609756097561,0.10337845038900138,0.7886178861788617,0.09410636257060642,0.7178861788617886,0.09581157412341469,0.7308943089430894,0.09485239262496004,0.7235772357723578,0.0959181498454652,0.7317073170731707,0.09538527123521262,0.7276422764227642,0.0952786955131621,0.7268292682926829,0.10060748161568794,0.767479674796748,0.0971970585100714,0.7414634146341463,0.07918576148353405,0.6040650406504066,0.09389321112650538,0.7162601626016261,0.09804966428647555,0.7479674796747967,0.09154854524139401,0.6983739837398374,0.09122881807524245,0.6959349593495935,0.09762336139827348,0.7447154471544716,0.09730363423212192,0.7422764227642277,0.09858254289672813,0.7520325203252033,0.09836939145262709,0.7504065040650406,0.10444420760950655,0.7967479674796748,0.10966641798998188,0.8365853658536585,0.10423105616540553,0.7951219512195122,0.08142385164659491,0.6211382113821138,0.09474581690290952,0.7227642276422764,0.10433763188745604,0.7959349593495935,0.10146008739209209,0.7739837398373983,0.0933603325162528,0.7121951219512195,0.09613130128956623,0.7333333333333333,0.09442608973675796,0.7203252032520325,0.094639241180859,0.7219512195121951,0.10146008739209209,0.7739837398373983,0.09964830011723329,0.7601626016260162,0.09858254289672813,0.7520325203252033,0.1034850261110519,0.7894308943089431,0.09804966428647555,0.7479674796747967,0.09730363423212192,0.7422764227642277,0.09815624000852606,0.748780487804878,0.10124693594799104,0.7723577235772358,0.09026963657678781,0.6886178861788618,0.09762336139827348,0.7447154471544716,0.09922199722903123,0.7569105691056911,0.09890227006287967,0.7544715447154472,0.10007460300543536,0.7634146341463415,0.10305872322284984,0.7861788617886178,0.1009272087818395,0.7699186991869919,0.10519023766386017,0.802439024390244,0.1022061174464457,0.7796747967479675,0.0971970585100714,0.7414634146341463,0.1034850261110519,0.7894308943089431,0.1034850261110519,0.7894308943089431,0.08984333368858574,0.6853658536585366,0.09112224235319194,0.6951219512195121,0.09836939145262709,0.7504065040650406,0.09613130128956623,0.7333333333333333,0.08057124587019077,0.6146341463414634,0.10582969199616328,0.8073170731707318,0.10380475327720345,0.791869918699187,0.10337845038900138,0.7886178861788617,0.0877118192475754,0.6691056910569105,0.10146008739209209,0.7739837398373983,0.10241926889054673,0.78130081300813,0.1052968133859107,0.8032520325203252,0.08963018224448471,0.683739837398374,0.09261430246189918,0.7065040650406504,0.09741020995417243,0.7430894308943089,0.09804966428647555,0.7479674796747967,0.08792497069167643,0.6707317073170732,0.1059362677182138,0.808130081300813,0.10401790472130448,0.7934959349593496,0.10305872322284984,0.7861788617886178,0.08792497069167643,0.6707317073170732,0.10135351167004157,0.7731707317073171,0.10252584461259726,0.7821138211382114,0.10433763188745604,0.7959349593495935
60,0.09358625026199958,0.7260162601626017,0.09306225110039824,0.7219512195121951,0.09536784741144415,0.7398373983739838,0.0951582477468036,0.7382113821138211,0.09327185076503877,0.7235772357723578,0.0948438482498428,0.7357723577235772,0.09725424439320897,0.7544715447154472,0.09882624187801299,0.7666666666666667,0.09211905260951582,0.7146341463414634,0.09232865227415636,0.7162601626016261,0.09599664640536575,0.7447154471544716,0.09327185076503877,0.7235772357723578,0.090232655627751,0.7,0.0954726472437644,0.740650406504065,0.09840704254873192,0.7634146341463415,0.09819744288409138,0.7617886178861789,0.09211905260951582,0.7146341463414634,0.10071263885977783,0.78130081300813,0.10018863969817648,0.7772357723577236,0.10406623349402641,0.8073170731707318,0.09536784741144415,0.7398373983739838,0.094529448752882,0.7333333333333333,0.10322783483546426,0.8008130081300813,0.1020750366799413,0.791869918699187,0.09327185076503877,0.7235772357723578,0.09536784741144415,0.7398373983739838,0.09431984908824145,0.7317073170731707,0.0948438482498428,0.7357723577235772,0.0948438482498428,0.7357723577235772,0.09390064975896038,0.7284552845528456,0.09997904003353594,0.775609756097561,0.09735904422552924,0.7552845528455284,0.07891427373716202,0.6121951219512195,0.09306225110039824,0.7219512195121951,0.09735904422552924,0.7552845528455284,0.09065185495703207,0.7032520325203252,0.0905470551247118,0.7024390243902439,0.09693984489624817,0.7520325203252033,0.0971494445608887,0.7536585365853659,0.09756864389016978,0.7569105691056911,0.09756864389016978,0.7569105691056911,0.10333263466778453,0.8016260162601626,0.10815342695451688,0.8390243902439024,0.10322783483546426,0.8008130081300813,0.08111507021588765,0.6292682926829268,0.09379584992664011,0.7276422764227642,0.103123035003144,0.8,0.10050303919513728,0.7796747967479675,0.0928526514357577,0.7203252032520325,0.09599664640536575,0.7447154471544716,0.09348145042967931,0.7252032520325203,0.09400544959128065,0.7292682926829268,0.10050303919513728,0.7796747967479675,0.09872144204569272,0.7658536585365854,0.09767344372249004,0.7577235772357723,0.10249423600922239,0.7951219512195122,0.0971494445608887,0.7536585365853659,0.09652064556696709,0.748780487804878,0.09767344372249004,0.7577235772357723,0.10029343953049676,0.7780487804878049,0.08960385663382939,0.6951219512195121,0.09746384405784951,0.7560975609756098,0.09809264305177112,0.7609756097560976,0.09798784321945085,0.7601626016260162,0.0994550408719346,0.7715447154471544,0.1017606371829805,0.7894308943089431,0.09966464053657514,0.7731707317073171,0.1037518339970656,0.8048780487804879,0.10144623768601971,0.7869918699186992,0.09631104590232656,0.7471544715447155,0.10249423600922239,0.7951219512195122,0.10238943617690212,0.7943089430894309,0.08949905680150912,0.6943089430894309,0.09044225529239153,0.7016260162601626,0.09777824355481031,0.7585365853658537,0.09536784741144415,0.7398373983739838,0.08090547055124712,0.6276422764227643,0.10448543282330748,0.8105691056910569,0.10280863550618319,0.7975609756097561,0.10249423600922239,0.7951219512195122,0.08761265981974428,0.6796747967479675,0.10039823936281701,0.7788617886178861,0.10123663802137917,0.7853658536585366,0.10396143366170614,0.8065040650406504,0.08960385663382939,0.6951219512195121,0.09180465311255502,0.7121951219512195,0.09693984489624817,0.7520325203252033,0.09704464472856844,0.7528455284552845,0.08666946132886187,0.6723577235772358,0.10490463215258855,0.8138211382113821,0.103123035003144,0.8,0.10249423600922239,0.7951219512195122,0.08761265981974428,0.6796747967479675,0.10029343953049676,0.7780487804878049,0.10134143785369944,0.7861788617886178,0.1034374345001048,0.802439024390244
61,0.0928770229873209,0.732520325203252,0.09277394083084219,0.7317073170731707,0.09452633749098031,0.7455284552845528,0.0944232553345016,0.7447154471544716,0.09267085867436346,0.7308943089430894,0.09401092670858674,0.7414634146341463,0.09617565199463973,0.7585365853658537,0.09875270590660756,0.7788617886178861,0.09122770848366148,0.7195121951219512,0.09205236573549119,0.7260162601626017,0.09555715905576745,0.7536585365853659,0.09236161220492732,0.7284552845528456,0.08968147613648078,0.7073170731707317,0.09462941964745902,0.7463414634146341,0.09813421296773528,0.7739837398373983,0.09761880218534172,0.7699186991869919,0.09164003710957633,0.7227642276422764,0.09947428100195856,0.7845528455284553,0.098958870219565,0.7804878048780488,0.10308215647871354,0.8130081300813008,0.09432017317802288,0.7439024390243902,0.0937016802391506,0.7390243902439024,0.10297907432223483,0.8121951219512196,0.10091743119266056,0.7959349593495935,0.09236161220492732,0.7284552845528456,0.09473250180393773,0.7471544715447155,0.0937016802391506,0.7390243902439024,0.09401092670858674,0.7414634146341463,0.09411400886506546,0.7422764227642277,0.09390784455210803,0.740650406504065,0.098958870219565,0.7804878048780488,0.096794144933512,0.7634146341463415,0.07854860323677972,0.6195121951219512,0.09277394083084219,0.7317073170731707,0.09648489846407587,0.7609756097560976,0.09019688691887434,0.7113821138211383,0.08978455829295949,0.708130081300813,0.09648489846407587,0.7609756097560976,0.09607256983816101,0.7577235772357723,0.096794144933512,0.7634146341463415,0.09730955571590558,0.767479674796748,0.10236058138336254,0.8073170731707318,0.10699927842490464,0.8439024390243902,0.10184517060096897,0.8032520325203252,0.08030099989691784,0.6333333333333333,0.09349551592619318,0.7373983739837399,0.1020513349139264,0.8048780487804879,0.0997835274713947,0.7869918699186992,0.0921554478919699,0.7268292682926829,0.09535099474281002,0.7520325203252033,0.0928770229873209,0.732520325203252,0.09359859808267189,0.7382113821138211,0.09937119884547985,0.7837398373983739,0.09741263787238429,0.7682926829268293,0.09658798062055458,0.7617886178861789,0.10163900628801155,0.8016260162601626,0.09658798062055458,0.7617886178861789,0.09545407689928874,0.7528455284552845,0.09689722708999073,0.7642276422764228,0.09916503453252241,0.7821138211382114,0.08865065457169365,0.6991869918699187,0.09689722708999073,0.7642276422764228,0.09720647355942687,0.7666666666666667,0.09700030924646943,0.765040650406504,0.09885578806308629,0.7796747967479675,0.10081434903618183,0.7951219512195122,0.09916503453252241,0.7821138211382114,0.10215441707040511,0.8056910569105691,0.10081434903618183,0.7951219512195122,0.09566024121224616,0.7544715447154472,0.10112359550561797,0.7975609756097561,0.10143284197505412,0.8,0.08937222966704464,0.7048780487804878,0.08947531182352335,0.7056910569105691,0.09720647355942687,0.7666666666666667,0.09555715905576745,0.7536585365853659,0.08102257499226884,0.6390243902439025,0.10328832079167097,0.8146341463414634,0.10163900628801155,0.8016260162601626,0.10194825275744769,0.8040650406504065,0.08792907947634264,0.6934959349593496,0.09916503453252241,0.7821138211382114,0.09988660962787342,0.7878048780487805,0.10266982785279868,0.8097560975609757,0.08895990104112977,0.7016260162601626,0.09081537985774663,0.7162601626016261,0.09638181630759715,0.7601626016260162,0.09648489846407587,0.7609756097560976,0.0860736006597258,0.6788617886178862,0.10380373157406453,0.8186991869918699,0.10215441707040511,0.8056910569105691,0.10163900628801155,0.8016260162601626,0.0883414081022575,0.6967479674796748,0.09926811668900114,0.7829268292682927,0.09998969178435213,0.7886178861788617,0.10184517060096897,0.8032520325203252
62,0.09208924949290061,0.7382113821138211,0.09269776876267749,0.7430894308943089,0.09391480730223124,0.7528455284552845,0.0936105476673428,0.7504065040650406,0.09249492900608519,0.7414634146341463,0.09290060851926978,0.7447154471544716,0.09563894523326572,0.7666666666666667,0.0975659229208925,0.7821138211382114,0.0907707910750507,0.7276422764227642,0.09137931034482759,0.732520325203252,0.09452332657200811,0.7577235772357723,0.09168356997971602,0.734959349593496,0.0885395537525355,0.7097560975609756,0.09391480730223124,0.7528455284552845,0.09705882352941177,0.7780487804878049,0.09665314401622718,0.7747967479674797,0.09117647058823529,0.7308943089430894,0.0984787018255578,0.7894308943089431,0.09787018255578094,0.7845528455284553,0.10192697768762678,0.8170731707317073,0.09371196754563894,0.751219512195122,0.09371196754563894,0.751219512195122,0.10192697768762678,0.8170731707317073,0.0997971602434077,0.8,0.09188640973630832,0.7365853658536585,0.09442190669371196,0.7569105691056911,0.09290060851926978,0.7447154471544716,0.09269776876267749,0.7430894308943089,0.09452332657200811,0.7577235772357723,0.09259634888438134,0.7422764227642277,0.0973630831643002,0.7804878048780488,0.09645030425963488,0.7731707317073171,0.07778904665314401,0.6235772357723577,0.09259634888438134,0.7422764227642277,0.09574036511156186,0.767479674796748,0.0896551724137931,0.71869918699187,0.08914807302231237,0.7146341463414634,0.09594320486815416,0.7691056910569106,0.09614604462474645,0.7707317073170732,0.09563894523326572,0.7666666666666667,0.09665314401622718,0.7747967479674797,0.10162271805273834,0.8146341463414634,0.10567951318458418,0.8471544715447155,0.10101419878296146,0.8097560975609757,0.08002028397565923,0.6414634146341464,0.09249492900608519,0.7414634146341463,0.10111561866125761,0.8105691056910569,0.09918864097363084,0.7951219512195122,0.09148073022312374,0.7333333333333333,0.09472616632860041,0.759349593495935,0.09208924949290061,0.7382113821138211,0.09279918864097363,0.7439024390243902,0.0986815415821501,0.7910569105691057,0.09695740365111562,0.7772357723577236,0.09563894523326572,0.7666666666666667,0.10091277890466531,0.8089430894308943,0.09645030425963488,0.7731707317073171,0.09452332657200811,0.7577235772357723,0.09655172413793103,0.7739837398373983,0.09817444219066937,0.7869918699186992,0.08813387423935092,0.7065040650406504,0.09614604462474645,0.7707317073170732,0.0962474645030426,0.7715447154471544,0.0962474645030426,0.7715447154471544,0.09787018255578094,0.7845528455284553,0.0997971602434077,0.8,0.09827586206896552,0.7878048780487805,0.10070993914807302,0.8073170731707318,0.09949290060851927,0.7975609756097561,0.0949290060851927,0.7609756097560976,0.10060851926977687,0.8065040650406504,0.09989858012170386,0.8008130081300813,0.08874239350912778,0.7113821138211383,0.08935091277890467,0.7162601626016261,0.0962474645030426,0.7715447154471544,0.09503042596348885,0.7617886178861789,0.08103448275862069,0.6495934959349593,0.10233265720081136,0.8203252032520325,0.10060851926977687,0.8065040650406504,0.10091277890466531,0.8089430894308943,0.0883367139959432,0.708130081300813,0.09817444219066937,0.7869918699186992,0.09908722109533469,0.7943089430894309,0.10162271805273834,0.8146341463414634,0.0883367139959432,0.708130081300813,0.09026369168356999,0.7235772357723578,0.09574036511156186,0.767479674796748,0.09584178498985801,0.7682926829268293,0.08478701825557809,0.6796747967479675,0.10223123732251521,0.8195121951219512,0.10111561866125761,0.8105691056910569,0.10070993914807302,0.8073170731707318,0.08823529411764706,0.7073170731707317,0.09817444219066937,0.7869918699186992,0.09918864097363084,0.7951219512195122,0.10070993914807302,0.8073170731707318
63,0.09142629004890708,0.7447154471544716,0.09162591076953788,0.7463414634146341,0.09292344545363809,0.7569105691056911,0.09292344545363809,0.7569105691056911,0.09122666932827628,0.7430894308943089,0.09182553149016869,0.7479674796747967,0.0948198422996307,0.7723577235772358,0.09691585986625412,0.7894308943089431,0.08972951392354526,0.7308943089430894,0.09052799680606848,0.7373983739837399,0.0940213594171075,0.7658536585365854,0.09122666932827628,0.7430894308943089,0.08793292743786806,0.7162601626016261,0.0931230661742689,0.7585365853658537,0.09621718734404631,0.7837398373983739,0.09551851482183851,0.7780487804878049,0.09042818644575307,0.7365853658536585,0.09761453238846192,0.7951219512195122,0.09711548058688492,0.7910569105691057,0.10050903283760855,0.8186991869918699,0.09302325581395349,0.7577235772357723,0.09302325581395349,0.7577235772357723,0.10080846391855475,0.8211382113821138,0.09901187743287754,0.8065040650406504,0.09112685896796087,0.7422764227642277,0.09352230761553049,0.7617886178861789,0.09212496257111488,0.7504065040650406,0.09182553149016869,0.7479674796747967,0.0942209801377383,0.767479674796748,0.09252420401237649,0.7536585365853659,0.09711548058688492,0.7910569105691057,0.09601756662341551,0.7821138211382114,0.07745283960475097,0.6308943089430894,0.09242439365206108,0.7528455284552845,0.0950194630202615,0.7739837398373983,0.08923046212196827,0.7268292682926829,0.08863159996007586,0.7219512195121951,0.09511927338057691,0.7747967479674797,0.0950194630202615,0.7739837398373983,0.0947200319393153,0.7715447154471544,0.0957181355424693,0.7796747967479675,0.10090827427887014,0.8219512195121951,0.10450144725022457,0.8512195121951219,0.09981036031540073,0.8130081300813008,0.07974847789200519,0.6495934959349593,0.09212496257111488,0.7504065040650406,0.10000998103603154,0.8146341463414634,0.09821339455035433,0.8,0.09092723824733007,0.740650406504065,0.0942209801377383,0.767479674796748,0.09192534185048408,0.748780487804878,0.09182553149016869,0.7479674796747967,0.09801377382972352,0.7983739837398374,0.0957181355424693,0.7796747967479675,0.0948198422996307,0.7723577235772358,0.10030941211697775,0.8170731707317073,0.0961173769837309,0.7829268292682927,0.0936221179758459,0.7626016260162601,0.0954187044615231,0.7772357723577236,0.09701567022656951,0.7902439024390244,0.08733406527597565,0.7113821138211383,0.0954187044615231,0.7772357723577236,0.0959177562631001,0.78130081300813,0.09601756662341551,0.7821138211382114,0.09701567022656951,0.7902439024390244,0.09881225671224673,0.8048780487804879,0.09731510130751572,0.7926829268292683,0.09971054995508534,0.8121951219512196,0.09851282563130052,0.802439024390244,0.0944206008583691,0.7691056910569106,0.09961073959476993,0.8113821138211382,0.09861263599161593,0.8032520325203252,0.08803273779818345,0.7170731707317073,0.08873141032039125,0.7227642276422764,0.09601756662341551,0.7821138211382114,0.0943207904980537,0.7682926829268293,0.0807465814951592,0.6577235772357723,0.10110789499950094,0.8235772357723578,0.09941111887413913,0.8097560975609757,0.10000998103603154,0.8146341463414634,0.08833216887912966,0.7195121951219512,0.09721529094720031,0.791869918699187,0.09821339455035433,0.8,0.10050903283760855,0.8186991869918699,0.08773330671723725,0.7146341463414634,0.08972951392354526,0.7308943089430894,0.09511927338057691,0.7747967479674797,0.0950194630202615,0.7739837398373983,0.08473899590777523,0.6902439024390243,0.10110789499950094,0.8235772357723578,0.10020960175666234,0.816260162601626,0.10010979139634694,0.8154471544715447,0.08873141032039125,0.7227642276422764,0.09711548058688492,0.7910569105691057,0.09821339455035433,0.8,0.09921149815350834,0.808130081300813
64,0.0904892906268422,0.748780487804878,0.0907840440165062,0.751219512195122,0.09166830418549814,0.7585365853658537,0.09166830418549814,0.7585365853658537,0.0905875417567302,0.7495934959349594,0.09137355079583415,0.7560975609756098,0.09422283356258597,0.7796747967479675,0.0969738651994498,0.802439024390244,0.08931027706818628,0.7390243902439024,0.08999803497740225,0.7447154471544716,0.09333857339359403,0.7723577235772358,0.0905875417567302,0.7495934959349594,0.0873452544704264,0.7227642276422764,0.09294556887404205,0.7691056910569106,0.09579485164079386,0.7926829268292683,0.09461583808213794,0.7829268292682927,0.08970328158773826,0.7422764227642277,0.0970721163293378,0.8032520325203252,0.09579485164079386,0.7926829268292683,0.09952839457653763,0.8235772357723578,0.09225781096482609,0.7634146341463415,0.09245431322460208,0.765040650406504,0.1000196502259776,0.8276422764227642,0.09766162310866575,0.808130081300813,0.09019453723717823,0.7463414634146341,0.09333857339359403,0.7723577235772358,0.09196305757516211,0.7609756097560976,0.0921595598349381,0.7626016260162601,0.093928080172922,0.7772357723577236,0.09147180192572214,0.7569105691056911,0.0967773629396738,0.8008130081300813,0.09550009825112989,0.7902439024390244,0.0765376301827471,0.6333333333333333,0.09176655531538613,0.759349593495935,0.09471408921202594,0.7837398373983739,0.08872077028885832,0.7341463414634146,0.08803301237964237,0.7284552845528456,0.09432108469247397,0.7804878048780488,0.093829829043034,0.7764227642276422,0.09432108469247397,0.7804878048780488,0.09461583808213794,0.7829268292682927,0.09962664570642563,0.824390243902439,0.10385144429160935,0.859349593495935,0.09874238553743368,0.8170731707317073,0.07928866181961093,0.6560975609756098,0.09137355079583415,0.7560975609756098,0.09893888779720966,0.8186991869918699,0.09717036745922578,0.8040650406504065,0.09039103949695422,0.7479674796747967,0.093633326783258,0.7747967479674797,0.09107879740617017,0.7536585365853659,0.09147180192572214,0.7569105691056911,0.09717036745922578,0.8040650406504065,0.09461583808213794,0.7829268292682927,0.09402633130280998,0.7780487804878049,0.09923364118687365,0.8211382113821138,0.0953035959913539,0.7886178861788617,0.09294556887404205,0.7691056910569106,0.09471408921202594,0.7837398373983739,0.09599135390056986,0.7943089430894309,0.08685399882098645,0.71869918699187,0.09451758695224995,0.7821138211382114,0.09510709373157791,0.7869918699186992,0.09569660051090588,0.791869918699187,0.09628610729023383,0.7967479674796748,0.09805462762821772,0.8113821138211382,0.09628610729023383,0.7967479674796748,0.09825112988799371,0.8130081300813008,0.09736686971900177,0.8056910569105691,0.09402633130280998,0.7780487804878049,0.09844763214776969,0.8146341463414634,0.09717036745922578,0.8040650406504065,0.0873452544704264,0.7227642276422764,0.08832776576930634,0.7308943089430894,0.09510709373157791,0.7869918699186992,0.09412458243269797,0.7788617886178861,0.08056592650815485,0.6666666666666666,0.0998231479662016,0.8260162601626017,0.09815287875810572,0.8121951219512196,0.09933189231676165,0.8219512195121951,0.08901552367852231,0.7365853658536585,0.09648260955000983,0.7983739837398374,0.0970721163293378,0.8032520325203252,0.09962664570642563,0.824390243902439,0.08714875221065042,0.7211382113821139,0.08901552367852231,0.7365853658536585,0.09422283356258597,0.7796747967479675,0.09422283356258597,0.7796747967479675,0.08420121831401062,0.6967479674796748,0.1000196502259776,0.8276422764227642,0.09893888779720966,0.8186991869918699,0.09903713892709766,0.8195121951219512,0.08940852819807428,0.7398373983739838,0.09658086067989782,0.7991869918699187,0.09746512084888977,0.8065040650406504,0.09864413440754569,0.816260162601626
65,0.08958111637805939,0.7528455284552845,0.0901615555770533,0.7577235772357723,0.09122569410854213,0.7666666666666667,0.09103221437554417,0.765040650406504,0.08948437651156041,0.7520325203252033,0.09054851504304924,0.7609756097560976,0.09345071103801877,0.7853658536585366,0.09683660636548322,0.8138211382113821,0.08880719744606752,0.7463414634146341,0.08919415691206346,0.7495934959349594,0.09258005223952791,0.7780487804878049,0.08987133597755635,0.7552845528455284,0.08667892038308987,0.7284552845528456,0.09287027183902487,0.7804878048780488,0.09470832930250556,0.7959349593495935,0.0938376705040147,0.7886178861788617,0.08880719744606752,0.7463414634146341,0.09606268743349135,0.8073170731707318,0.0950952887685015,0.7991869918699187,0.09857792396246493,0.8284552845528456,0.09180613330753604,0.7715447154471544,0.09190287317403502,0.7723577235772358,0.09906162329495985,0.832520325203252,0.09664312663248524,0.8121951219512196,0.08958111637805939,0.7528455284552845,0.09267679210602689,0.7788617886178861,0.0914191738415401,0.7682926829268293,0.09132243397504111,0.767479674796748,0.09364419077101674,0.7869918699186992,0.09035503531005128,0.759349593495935,0.09538550836799846,0.8016260162601626,0.09490180903550353,0.7975609756097561,0.07652123440069653,0.6430894308943089,0.09132243397504111,0.767479674796748,0.09345071103801877,0.7853658536585366,0.0877430589145787,0.7373983739837399,0.08764631904807971,0.7365853658536585,0.0938376705040147,0.7886178861788617,0.09296701170552385,0.78130081300813,0.0938376705040147,0.7886178861788617,0.0938376705040147,0.7886178861788617,0.09857792396246493,0.8284552845528456,0.10264099835542227,0.8626016260162601,0.09799748476347103,0.8235772357723578,0.07961691012866402,0.6691056910569105,0.09045177517655026,0.7601626016260162,0.09828770436296798,0.8260162601626017,0.09625616716648931,0.8089430894308943,0.08909741704556448,0.748780487804878,0.09335397117151978,0.7845528455284553,0.09054851504304924,0.7609756097560976,0.09103221437554417,0.765040650406504,0.09654638676598626,0.8113821138211382,0.09364419077101674,0.7869918699186992,0.0932572313050208,0.7837398373983739,0.09838444422946696,0.8268292682926829,0.09412789010351166,0.7910569105691057,0.09248331237302893,0.7772357723577236,0.0938376705040147,0.7886178861788617,0.09499854890200252,0.7983739837398374,0.08648544065009191,0.7268292682926829,0.09364419077101674,0.7869918699186992,0.09461158943600657,0.7951219512195122,0.09480506916900455,0.7967479674796748,0.09577246783399439,0.8048780487804879,0.09732030569797814,0.8178861788617886,0.09538550836799846,0.8016260162601626,0.09703008609848118,0.8154471544715447,0.0969333462319822,0.8146341463414634,0.09374093063751572,0.7878048780487805,0.09780400503047305,0.8219512195121951,0.09577246783399439,0.8048780487804879,0.08667892038308987,0.7284552845528456,0.08783979878107769,0.7382113821138211,0.09422462997001065,0.791869918699187,0.0932572313050208,0.7837398373983739,0.07981038986166199,0.6707317073170732,0.09867466382896392,0.8292682926829268,0.09712682596498017,0.816260162601626,0.098190964496469,0.8252032520325203,0.08938763664506143,0.751219512195122,0.09596594756699235,0.8065040650406504,0.09644964689948728,0.8105691056910569,0.09857792396246493,0.8284552845528456,0.08658218051659089,0.7276422764227642,0.08842023798007159,0.7430894308943089,0.09345071103801877,0.7853658536585366,0.09354745090451776,0.7861788617886178,0.08397020412111832,0.7056910569105691,0.09896488342846087,0.8317073170731707,0.09799748476347103,0.8235772357723578,0.09799748476347103,0.8235772357723578,0.08967785624455839,0.7536585365853659,0.09596594756699235,0.8065040650406504,0.09654638676598626,0.8113821138211382,0.09770726516397407,0.8211382113821138
66,0.08908155487804878,0.7601626016260162,0.0900342987804878,0.7682926829268293,0.09060594512195122,0.7731707317073171,0.09070121951219512,0.7739837398373983,0.08927210365853659,0.7617886178861789,0.0899390243902439,0.767479674796748,0.09279725609756098,0.791869918699187,0.09632240853658537,0.8219512195121951,0.08803353658536585,0.751219512195122,0.08879573170731707,0.7577235772357723,0.09165396341463415,0.7821138211382114,0.08917682926829268,0.7609756097560976,0.08660442073170732,0.7390243902439024,0.09241615853658537,0.7886178861788617,0.0938452743902439,0.8008130081300813,0.09298780487804878,0.7934959349593496,0.08879573170731707,0.7577235772357723,0.09508384146341463,0.8113821138211382,0.0939405487804878,0.8016260162601626,0.09737042682926829,0.8308943089430895,0.09146341463414634,0.7804878048780488,0.09136814024390244,0.7796747967479675,0.09794207317073171,0.8357723577235773,0.09536966463414634,0.8138211382113821,0.08879573170731707,0.7577235772357723,0.09203506097560976,0.7853658536585366,0.09117759146341463,0.7780487804878049,0.09117759146341463,0.7780487804878049,0.09336890243902439,0.7967479674796748,0.08936737804878049,0.7626016260162601,0.09479801829268293,0.8089430894308943,0.09432164634146341,0.8048780487804879,0.07593368902439024,0.6479674796747967,0.09070121951219512,0.7739837398373983,0.09232088414634146,0.7878048780487805,0.08708079268292683,0.7430894308943089,0.08689024390243902,0.7414634146341463,0.09298780487804878,0.7934959349593496,0.09184451219512195,0.7837398373983739,0.09251143292682927,0.7894308943089431,0.09289253048780488,0.7926829268292683,0.09765625,0.8333333333333334,0.1016577743902439,0.8674796747967479,0.09679878048780488,0.8260162601626017,0.07888719512195122,0.6731707317073171,0.09041539634146341,0.7715447154471544,0.0975609756097561,0.832520325203252,0.09536966463414634,0.8138211382113821,0.08850990853658537,0.7552845528455284,0.09260670731707317,0.7902439024390244,0.09032012195121951,0.7707317073170732,0.09098704268292683,0.7764227642276422,0.09565548780487805,0.816260162601626,0.09270198170731707,0.7910569105691057,0.09251143292682927,0.7894308943089431,0.0978467987804878,0.8349593495934959,0.09375,0.8,0.09213033536585366,0.7861788617886178,0.0936547256097561,0.7991869918699187,0.09432164634146341,0.8048780487804879,0.0857469512195122,0.7317073170731707,0.09298780487804878,0.7934959349593496,0.0935594512195122,0.7983739837398374,0.0938452743902439,0.8008130081300813,0.09489329268292683,0.8097560975609757,0.09632240853658537,0.8219512195121951,0.09451219512195122,0.8065040650406504,0.09613185975609756,0.8203252032520325,0.09622713414634146,0.8211382113821138,0.09308307926829268,0.7943089430894309,0.09689405487804878,0.8268292682926829,0.09470274390243902,0.808130081300813,0.08622332317073171,0.7357723577235772,0.08708079268292683,0.7430894308943089,0.09327362804878049,0.7959349593495935,0.09241615853658537,0.7886178861788617,0.07945884146341463,0.6780487804878049,0.0974657012195122,0.8317073170731707,0.09622713414634146,0.8211382113821138,0.09717987804878049,0.8292682926829268,0.09089176829268293,0.775609756097561,0.09527439024390244,0.8130081300813008,0.09536966463414634,0.8138211382113821,0.09737042682926829,0.8308943089430895,0.0861280487804878,0.734959349593496,0.08755716463414634,0.7471544715447155,0.09251143292682927,0.7894308943089431,0.09270198170731707,0.7910569105691057,0.08346036585365854,0.7121951219512195,0.09813262195121951,0.8373983739837398,0.09679878048780488,0.8260162601626017,0.09717987804878049,0.8292682926829268,0.09127286585365854,0.7788617886178861,0.09517911585365854,0.8121951219512196,0.09546493902439024,0.8146341463414634,0.09670350609756098,0.8252032520325203
67,0.08812763960581886,0.7634146341463415,0.08953542937587987,0.775609756097561,0.09056780854059127,0.7845528455284553,0.09038010323791647,0.7829268292682927,0.08878460816518066,0.7691056910569106,0.08953542937587987,0.775609756097561,0.09150633505396527,0.7926829268292683,0.09535429375879868,0.8260162601626017,0.08756452369779447,0.7585365853658537,0.08793993430314406,0.7617886178861789,0.09113092444861567,0.7894308943089431,0.08897231346785546,0.7707317073170732,0.08606288127639605,0.7455284552845528,0.09160018770530268,0.7934959349593496,0.09328953542937587,0.808130081300813,0.09216330361332707,0.7983739837398374,0.08822149225715627,0.7642276422764228,0.09422806194274988,0.816260162601626,0.09291412482402628,0.8048780487804879,0.09666823087752228,0.8373983739837398,0.09075551384326608,0.7861788617886178,0.09056780854059127,0.7845528455284553,0.09713749413420929,0.8414634146341463,0.09450961989676208,0.8186991869918699,0.08793993430314406,0.7617886178861789,0.09169404035664007,0.7943089430894309,0.09066166119192867,0.7853658536585366,0.09094321914594088,0.7878048780487805,0.09272641952135148,0.8032520325203252,0.08878460816518066,0.7691056910569106,0.09375879868606288,0.8121951219512196,0.09347724073205069,0.8097560975609757,0.07555138432660723,0.6544715447154471,0.09019239793524167,0.78130081300813,0.09150633505396527,0.7926829268292683,0.08615673392773346,0.7463414634146341,0.08615673392773346,0.7463414634146341,0.09206945096198968,0.7975609756097561,0.09178789300797748,0.7951219512195122,0.09197559831065227,0.7967479674796748,0.09216330361332707,0.7983739837398374,0.0968559361801971,0.8390243902439024,0.1006100422336931,0.8715447154471545,0.0957297043641483,0.8292682926829268,0.07846081651806663,0.6796747967479675,0.08991083998122947,0.7788617886178861,0.09713749413420929,0.8414634146341463,0.09441576724542468,0.8178861788617886,0.08840919755983107,0.7658536585365854,0.09197559831065227,0.7967479674796748,0.09103707179727827,0.7886178861788617,0.09047395588925387,0.7837398373983739,0.09460347254809949,0.8195121951219512,0.09216330361332707,0.7983739837398374,0.09169404035664007,0.7943089430894309,0.0970436414828719,0.8406504065040651,0.09310183012670108,0.8065040650406504,0.09150633505396527,0.7926829268292683,0.09328953542937587,0.808130081300813,0.09366494603472549,0.8113821138211382,0.08521820741435945,0.7382113821138211,0.09272641952135148,0.8032520325203252,0.09310183012670108,0.8065040650406504,0.09338338808071328,0.8089430894308943,0.09450961989676208,0.8186991869918699,0.09544814641013609,0.8268292682926829,0.09357109338338808,0.8105691056910569,0.09516658845612389,0.824390243902439,0.0957297043641483,0.8292682926829268,0.09253871421867668,0.8016260162601626,0.09619896762083528,0.8333333333333334,0.09394650398873768,0.8138211382113821,0.08596902862505866,0.7447154471544716,0.08625058657907086,0.7471544715447155,0.09244486156733928,0.8008130081300813,0.09178789300797748,0.7951219512195122,0.07949319568277805,0.6886178861788618,0.09657437822618489,0.8365853658536585,0.09544814641013609,0.8268292682926829,0.09666823087752228,0.8373983739837398,0.09075551384326608,0.7861788617886178,0.09441576724542468,0.8178861788617886,0.09488503050211168,0.8219512195121951,0.09666823087752228,0.8373983739837398,0.08549976536837166,0.740650406504065,0.08700140778977006,0.7536585365853659,0.09178789300797748,0.7951219512195122,0.09197559831065227,0.7967479674796748,0.08305959643359925,0.7195121951219512,0.09694978883153449,0.8398373983739837,0.0957297043641483,0.8292682926829268,0.09657437822618489,0.8365853658536585,0.09131862975129047,0.7910569105691057,0.09413420929141249,0.8154471544715447,0.09507273580478648,0.8235772357723578,0.09554199906147348,0.8276422764227642
68,0.0873867209173294,0.7682926829268293,0.08895875716663584,0.7821138211382114,0.09034584797484742,0.7943089430894309,0.0900684298132051,0.791869918699187,0.08821897540225633,0.775609756097561,0.08849639356389866,0.7780487804878049,0.0909931570186795,0.8,0.09478453856112447,0.8333333333333334,0.08683188459404476,0.7634146341463415,0.0876641390789717,0.7707317073170732,0.0900684298132051,0.791869918699187,0.08775661179951914,0.7715447154471544,0.08553726650638062,0.7520325203252033,0.09164046606251156,0.8056910569105691,0.09265766598853338,0.8146341463414634,0.09164046606251156,0.8056910569105691,0.08784908452006658,0.7723577235772358,0.09330497503236546,0.8203252032520325,0.0921953023857962,0.8105691056910569,0.09552432032550398,0.8398373983739837,0.09062326613648973,0.7967479674796748,0.0897910116515628,0.7894308943089431,0.09626410208988348,0.8463414634146341,0.09330497503236546,0.8203252032520325,0.08784908452006658,0.7723577235772358,0.09154799334196412,0.8048780487804879,0.09016090253375254,0.7926829268292683,0.09034584797484742,0.7943089430894309,0.0921953023857962,0.8105691056910569,0.08821897540225633,0.775609756097561,0.09302755687072313,0.8178861788617886,0.09275013870908082,0.8154471544715447,0.07545773996670982,0.6634146341463415,0.08942112076937303,0.7861788617886178,0.09053079341594229,0.7959349593495935,0.08544479378583318,0.751219512195122,0.08581468466802293,0.7544715447154472,0.09191788422415388,0.808130081300813,0.09090068429813206,0.7991869918699187,0.0912705751803218,0.802439024390244,0.09173293878305899,0.8065040650406504,0.09552432032550398,0.8398373983739837,0.09959312002959127,0.875609756097561,0.09469206584057703,0.832520325203252,0.0785093397447753,0.6902439024390243,0.08932864804882559,0.7853658536585366,0.09644904753097835,0.8479674796747968,0.09330497503236546,0.8203252032520325,0.08831144812280377,0.7764227642276422,0.09173293878305899,0.8065040650406504,0.09043832069539486,0.7951219512195122,0.09034584797484742,0.7943089430894309,0.09404475679674495,0.8268292682926829,0.0912705751803218,0.802439024390244,0.0909931570186795,0.8,0.09589421120769373,0.843089430894309,0.09238024782689107,0.8121951219512196,0.09071573885703717,0.7975609756097561,0.0924727205474385,0.8130081300813008,0.09293508415017569,0.8170731707317073,0.0847974847420011,0.7455284552845528,0.09210282966524876,0.8097560975609757,0.09238024782689107,0.8121951219512196,0.0924727205474385,0.8130081300813008,0.09330497503236546,0.8203252032520325,0.0945995931200296,0.8317073170731707,0.0924727205474385,0.8130081300813008,0.09404475679674495,0.8268292682926829,0.09469206584057703,0.832520325203252,0.09173293878305899,0.8065040650406504,0.09524690216386165,0.8373983739837398,0.09284261142962826,0.816260162601626,0.0852598483447383,0.7495934959349594,0.08535232106528574,0.7504065040650406,0.09154799334196412,0.8048780487804879,0.09117810245977437,0.8016260162601626,0.07961901239134456,0.7,0.09561679304605142,0.8406504065040651,0.09441464767893472,0.8300813008130081,0.09580173848714629,0.8422764227642277,0.09164046606251156,0.8056910569105691,0.09376733863510264,0.824390243902439,0.09413722951729239,0.8276422764227642,0.09570926576659886,0.8414634146341463,0.08553726650638062,0.7520325203252033,0.08664693915294988,0.7617886178861789,0.09136304790086924,0.8032520325203252,0.09117810245977437,0.8016260162601626,0.0828555576105049,0.7284552845528456,0.09626410208988348,0.8463414634146341,0.09469206584057703,0.832520325203252,0.09561679304605142,0.8406504065040651,0.09201035694470132,0.8089430894308943,0.09348992047346033,0.8219512195121951,0.09422970223783984,0.8284552845528456,0.09478453856112447,0.8333333333333334
69,0.08703180534038094,0.7764227642276422,0.08821653148637565,0.7869918699186992,0.0897657887542149,0.8008130081300813,0.0897657887542149,0.8008130081300813,0.08776086758407,0.7829268292682927,0.08812539870591451,0.7861788617886178,0.09022145265652055,0.8048780487804879,0.09432242777727148,0.8414634146341463,0.08612047753576961,0.7682926829268293,0.08748746924268659,0.7804878048780488,0.0894923904128315,0.7983739837398374,0.08712293812084207,0.7772357723577236,0.08511801695069716,0.759349593495935,0.09076824933928734,0.8097560975609757,0.09231750660712658,0.8235772357723578,0.09104164768067073,0.8121951219512196,0.0872140709013032,0.7780487804878049,0.09240863938758771,0.824390243902439,0.0914973115829764,0.816260162601626,0.09450469333819375,0.843089430894309,0.09022145265652055,0.8048780487804879,0.08912785929098697,0.7951219512195122,0.09541602114280506,0.8512195121951219,0.09268203772897111,0.8268292682926829,0.08821653148637565,0.7869918699186992,0.09131504602205413,0.8146341463414634,0.09013031987605942,0.8040650406504065,0.0894923904128315,0.7983739837398374,0.09158844436343754,0.8170731707317073,0.08730520368176434,0.7788617886178861,0.09167957714389866,0.8178861788617886,0.09177070992435979,0.8186991869918699,0.07500227831951153,0.6691056910569105,0.0889455937300647,0.7934959349593496,0.09022145265652055,0.8048780487804879,0.08457122026793037,0.7544715447154472,0.08511801695069716,0.759349593495935,0.09131504602205413,0.8146341463414634,0.08994805431513715,0.802439024390244,0.09049485099790394,0.8073170731707318,0.09113278046113187,0.8130081300813008,0.094686958899116,0.8447154471544716,0.09933473070263374,0.8861788617886179,0.09359336553358243,0.8349593495934959,0.07791852729426775,0.6951219512195121,0.08912785929098697,0.7951219512195122,0.09559828670372733,0.8528455284552846,0.09240863938758771,0.824390243902439,0.0886721953886813,0.7910569105691057,0.09049485099790394,0.8073170731707318,0.09003918709559829,0.8032520325203252,0.08985692153467602,0.8016260162601626,0.09331996719219904,0.832520325203252,0.09085938211974848,0.8105691056910569,0.08985692153467602,0.8016260162601626,0.0955071539232662,0.8520325203252033,0.09231750660712658,0.8235772357723578,0.09003918709559829,0.8032520325203252,0.09177070992435979,0.8186991869918699,0.09195297548528206,0.8203252032520325,0.08411555636562472,0.7504065040650406,0.0914973115829764,0.816260162601626,0.09213524104620432,0.8219512195121951,0.09167957714389866,0.8178861788617886,0.09249977216804885,0.8252032520325203,0.09386676387496583,0.8373983739837398,0.09177070992435979,0.8186991869918699,0.09350223275312129,0.8341463414634146,0.09432242777727148,0.8414634146341463,0.09076824933928734,0.8097560975609757,0.0940490294358881,0.8390243902439024,0.09204410826574319,0.8211382113821138,0.08475348582885264,0.7560975609756098,0.08484461860931378,0.7569105691056911,0.0914973115829764,0.816260162601626,0.09049485099790394,0.8073170731707318,0.07946778456210699,0.7089430894308943,0.09477809167957714,0.8455284552845529,0.09368449831404356,0.8357723577235773,0.09514262280142168,0.848780487804878,0.09140617880251527,0.8154471544715447,0.09304656885081564,0.8300813008130081,0.09368449831404356,0.8357723577235773,0.09459582611865489,0.8439024390243902,0.08448008748746924,0.7536585365853659,0.08602934475530849,0.767479674796748,0.09049485099790394,0.8073170731707318,0.09049485099790394,0.8073170731707318,0.08283969743916887,0.7390243902439024,0.09559828670372733,0.8528455284552846,0.09359336553358243,0.8349593495934959,0.09523375558188281,0.8495934959349594,0.09158844436343754,0.8170731707317073,0.09277317050943225,0.8276422764227642,0.09368449831404356,0.8357723577235773,0.0940490294358881,0.8390243902439024
70,0.08722601509162774,0.7894308943089431,0.08785483291412145,0.7951219512195122,0.08884297520661157,0.8040650406504065,0.08884297520661157,0.8040650406504065,0.08722601509162774,0.7894308943089431,0.08758533956162415,0.7926829268292683,0.08929213079410708,0.808130081300813,0.09369385555156307,0.8479674796747968,0.0850700682716493,0.7699186991869919,0.08686669062163134,0.7861788617886178,0.08866331297161337,0.802439024390244,0.08596837944664032,0.7780487804878049,0.0848904060366511,0.7682926829268293,0.0902802730865972,0.8170731707317073,0.09171757096658283,0.8300813008130081,0.0906395975565936,0.8203252032520325,0.08695652173913043,0.7869918699186992,0.09153790873158463,0.8284552845528456,0.09090909090909091,0.8227642276422764,0.09351419331656485,0.8463414634146341,0.08974128638160259,0.8121951219512196,0.08866331297161337,0.802439024390244,0.09423284225655768,0.8528455284552846,0.09162773984908372,0.8292682926829268,0.08794466403162056,0.7959349593495935,0.0905497664390945,0.8195121951219512,0.08983111749910169,0.8130081300813008,0.08947179302910528,0.8097560975609757,0.09108875314408911,0.824390243902439,0.08623787279913762,0.7804878048780488,0.0908192597915918,0.8219512195121951,0.09153790873158463,0.8284552845528456,0.0748293208767517,0.6772357723577236,0.08848365073661517,0.8008130081300813,0.08983111749910169,0.8130081300813008,0.08354293927416458,0.7560975609756098,0.08426158821415738,0.7626016260162601,0.09099892202659,0.8235772357723578,0.08938196191160618,0.8089430894308943,0.08983111749910169,0.8130081300813008,0.0904599353215954,0.8186991869918699,0.09396334890406037,0.8504065040650407,0.09845490477901545,0.8910569105691057,0.09279554437657205,0.8398373983739837,0.07770391663672296,0.7032520325203252,0.08893280632411067,0.8048780487804879,0.09477182896155228,0.8577235772357723,0.09153790873158463,0.8284552845528456,0.08848365073661517,0.8008130081300813,0.0903701042040963,0.8178861788617886,0.08938196191160618,0.8089430894308943,0.08920229967660798,0.8073170731707318,0.09270571325907294,0.8390243902439024,0.08983111749910169,0.8130081300813008,0.08911246855910887,0.8065040650406504,0.09477182896155228,0.8577235772357723,0.09198706431908013,0.832520325203252,0.08965145526410348,0.8113821138211382,0.09126841537908732,0.8260162601626017,0.09090909090909091,0.8227642276422764,0.08318361480416817,0.7528455284552845,0.0907294286740927,0.8211382113821138,0.09153790873158463,0.8284552845528456,0.09180740208408193,0.8308943089430895,0.09153790873158463,0.8284552845528456,0.09297520661157024,0.8414634146341463,0.09117858426158822,0.8252032520325203,0.09279554437657205,0.8398373983739837,0.09378368666906216,0.848780487804878,0.0905497664390945,0.8195121951219512,0.09315486884656846,0.843089430894309,0.09144807761408552,0.8276422764227642,0.08444125044915558,0.7642276422764228,0.08453108156665469,0.765040650406504,0.09099892202659,0.8235772357723578,0.08983111749910169,0.8130081300813008,0.0796802012217032,0.7211382113821139,0.09351419331656485,0.8463414634146341,0.09306503772906935,0.8422764227642277,0.09468199784405318,0.8569105691056911,0.0904599353215954,0.8186991869918699,0.09216672655407833,0.8341463414634146,0.09261588214157385,0.8382113821138212,0.09342436219906576,0.8455284552845529,0.08426158821415738,0.7626016260162601,0.08569888609414301,0.775609756097561,0.08938196191160618,0.8089430894308943,0.09001077973409989,0.8146341463414634,0.08246496586417534,0.7463414634146341,0.09432267337405677,0.8536585365853658,0.09270571325907294,0.8390243902439024,0.09468199784405318,0.8569105691056911,0.0905497664390945,0.8195121951219512,0.09189723320158102,0.8317073170731707,0.09306503772906935,0.8422764227642277,0.09333453108156665,0.8447154471544716
71,0.08723762288548402,0.8008130081300813,0.08732618900008857,0.8016260162601626,0.08794615180232043,0.8073170731707318,0.08812328403152954,0.8089430894308943,0.08706049065627491,0.7991869918699187,0.08679479231246125,0.7967479674796748,0.08918607740678416,0.8186991869918699,0.09317155256398901,0.8552845528455284,0.08440350721813834,0.7747967479674797,0.08626339562483394,0.791869918699187,0.08803471791692498,0.808130081300813,0.08573199893720662,0.7869918699186992,0.08413780887432468,0.7723577235772358,0.08971747409441148,0.8235772357723578,0.09095739969887522,0.8349593495934959,0.08998317243822514,0.8260162601626017,0.08644052785404305,0.7934959349593496,0.09113453192808431,0.8365853658536585,0.090603135240457,0.8317073170731707,0.09255158976175715,0.8495934959349594,0.08980604020901603,0.824390243902439,0.08785758568771589,0.8065040650406504,0.09361438313701177,0.859349593495935,0.09131166415729342,0.8382113821138212,0.08812328403152954,0.8089430894308943,0.08998317243822514,0.8260162601626017,0.08936320963599327,0.8203252032520325,0.08909751129217962,0.8178861788617886,0.09016030466743424,0.8276422764227642,0.08555486670799752,0.7853658536585366,0.09007173855282968,0.8268292682926829,0.09095739969887522,0.8349593495934959,0.07430697015321938,0.6821138211382114,0.08847754848994775,0.8121951219512196,0.08900894517757506,0.8170731707317073,0.0828093171552564,0.7601626016260162,0.08378354441590648,0.7691056910569106,0.09078026746966611,0.8333333333333334,0.08883181294836595,0.8154471544715447,0.08900894517757506,0.8170731707317073,0.08945177575059782,0.8211382113821138,0.09361438313701177,0.859349593495935,0.09786555663803029,0.8983739837398373,0.09219732530333895,0.8463414634146341,0.07687538747675139,0.7056910569105691,0.08838898237534319,0.8113821138211382,0.09405721371003455,0.8634146341463415,0.09086883358427066,0.8341463414634146,0.08759188734390222,0.8040650406504065,0.08998317243822514,0.8260162601626017,0.08865468071915684,0.8138211382113821,0.08865468071915684,0.8138211382113821,0.09175449473031617,0.8422764227642277,0.08909751129217962,0.8178861788617886,0.08847754848994775,0.8121951219512196,0.09396864759542999,0.8626016260162601,0.09086883358427066,0.8341463414634146,0.08900894517757506,0.8170731707317073,0.09051456912585244,0.8308943089430895,0.09033743689664335,0.8292682926829268,0.08263218492604729,0.7585365853658537,0.09016030466743424,0.8276422764227642,0.09148879638650252,0.8398373983739837,0.09193162695952528,0.8439024390243902,0.09104596581347976,0.8357723577235773,0.0922858914179435,0.8471544715447155,0.0904260030112479,0.8300813008130081,0.09193162695952528,0.8439024390243902,0.09352581702240723,0.8585365853658536,0.09007173855282968,0.8268292682926829,0.0924630236471526,0.848780487804878,0.09069170135506155,0.832520325203252,0.08387211053051102,0.7699186991869919,0.08440350721813834,0.7747967479674797,0.09007173855282968,0.8268292682926829,0.08892037906297051,0.816260162601626,0.07935523868567886,0.7284552845528456,0.09290585422017536,0.8528455284552846,0.0922858914179435,0.8471544715447155,0.09396864759542999,0.8626016260162601,0.08980604020901603,0.824390243902439,0.09148879638650252,0.8398373983739837,0.09219732530333895,0.8463414634146341,0.09281728810557081,0.8520325203252033,0.08387211053051102,0.7699186991869919,0.08520060224957932,0.7821138211382114,0.08900894517757506,0.8170731707317073,0.08945177575059782,0.8211382113821138,0.08218935435302453,0.7544715447154472,0.09343725090780268,0.8577235772357723,0.09175449473031617,0.8422764227642277,0.09396864759542999,0.8626016260162601,0.08980604020901603,0.824390243902439,0.09157736250110708,0.8406504065040651,0.0924630236471526,0.848780487804878,0.0924630236471526,0.848780487804878
72,0.08733624454148471,0.8130081300813008,0.08655021834061136,0.8056910569105691,0.08751091703056768,0.8146341463414634,0.08751091703056768,0.8146341463414634,0.08655021834061136,0.8056910569105691,0.08611353711790393,0.8016260162601626,0.0885589519650655,0.824390243902439,0.09240174672489083,0.8601626016260162,0.08427947598253276,0.7845528455284553,0.08585152838427948,0.7991869918699187,0.08751091703056768,0.8146341463414634,0.08532751091703057,0.7943089430894309,0.08349344978165939,0.7772357723577236,0.08943231441048034,0.832520325203252,0.09013100436681222,0.8390243902439024,0.08986899563318777,0.8365853658536585,0.0862882096069869,0.8032520325203252,0.09065502183406114,0.8439024390243902,0.08960698689956331,0.8341463414634146,0.09179039301310044,0.8544715447154472,0.09074235807860262,0.8447154471544716,0.08768558951965065,0.816260162601626,0.09283842794759825,0.8642276422764228,0.09065502183406114,0.8439024390243902,0.08724890829694323,0.8121951219512196,0.0891703056768559,0.8300813008130081,0.08838427947598253,0.8227642276422764,0.08847161572052402,0.8235772357723578,0.08986899563318777,0.8365853658536585,0.08471615720524017,0.7886178861788617,0.0891703056768559,0.8300813008130081,0.09021834061135371,0.8398373983739837,0.07406113537117905,0.6894308943089431,0.08759825327510917,0.8154471544715447,0.08820960698689956,0.8211382113821138,0.08192139737991266,0.7626016260162601,0.08340611353711791,0.7764227642276422,0.08995633187772925,0.8373983739837398,0.08838427947598253,0.8227642276422764,0.08847161572052402,0.8235772357723578,0.08925764192139737,0.8308943089430895,0.09266375545851528,0.8626016260162601,0.09729257641921397,0.9056910569105691,0.09152838427947599,0.8520325203252033,0.07668122270742359,0.7138211382113822,0.08768558951965065,0.816260162601626,0.09327510917030568,0.8682926829268293,0.09021834061135371,0.8398373983739837,0.08707423580786026,0.8105691056910569,0.08890829694323144,0.8276422764227642,0.08794759825327511,0.8186991869918699,0.08768558951965065,0.816260162601626,0.09117903930131005,0.848780487804878,0.08820960698689956,0.8211382113821138,0.08768558951965065,0.816260162601626,0.09344978165938865,0.8699186991869918,0.09004366812227074,0.8382113821138212,0.08882096069868996,0.8268292682926829,0.08934497816593887,0.8317073170731707,0.08951965065502183,0.8333333333333334,0.08183406113537117,0.7617886178861789,0.0896943231441048,0.8349593495934959,0.0914410480349345,0.8512195121951219,0.09152838427947599,0.8520325203252033,0.0903056768558952,0.8406504065040651,0.09126637554585153,0.8495934959349594,0.08986899563318777,0.8365853658536585,0.09126637554585153,0.8495934959349594,0.09301310043668122,0.8658536585365854,0.08978165938864628,0.8357723577235773,0.09187772925764193,0.8552845528455284,0.0896943231441048,0.8349593495934959,0.08331877729257642,0.775609756097561,0.08384279475982533,0.7804878048780488,0.08943231441048034,0.832520325203252,0.08820960698689956,0.8211382113821138,0.07956331877729257,0.740650406504065,0.0920524017467249,0.8569105691056911,0.09152838427947599,0.8520325203252033,0.09310043668122271,0.8666666666666667,0.0890829694323144,0.8292682926829268,0.09126637554585153,0.8495934959349594,0.09170305676855896,0.8536585365853658,0.09170305676855896,0.8536585365853658,0.08340611353711791,0.7764227642276422,0.0845414847161572,0.7869918699186992,0.08864628820960699,0.8252032520325203,0.0890829694323144,0.8292682926829268,0.08270742358078603,0.7699186991869919,0.09266375545851528,0.8626016260162601,0.09074235807860262,0.8447154471544716,0.09318777292576419,0.8674796747967479,0.0891703056768559,0.8300813008130081,0.09117903930131005,0.848780487804878,0.09170305676855896,0.8536585365853658,0.09152838427947599,0.8520325203252033
73,0.08648462399862177,0.816260162601626,0.08570936342492894,0.8089430894308943,0.08682918425359634,0.8195121951219512,0.08700146438108364,0.8211382113821138,0.08605392367990353,0.8121951219512196,0.08553708329744164,0.8073170731707318,0.08812128520975106,0.8317073170731707,0.09156688775949694,0.8642276422764228,0.08355586183133776,0.7886178861788617,0.08553708329744164,0.8073170731707318,0.08700146438108364,0.8211382113821138,0.08441726246877422,0.7967479674796748,0.08346972176759411,0.7878048780487805,0.08889654578344389,0.8390243902439024,0.08924110603841846,0.8422764227642277,0.0894995262296494,0.8447154471544716,0.08562322336118529,0.808130081300813,0.089844086484624,0.8479674796747968,0.08881040571970024,0.8382113821138212,0.09122232750452236,0.8609756097560975,0.09053320699457318,0.8544715447154472,0.08743216469980188,0.8252032520325203,0.09165302782324058,0.865040650406504,0.09001636661211129,0.8495934959349594,0.08657076406236541,0.8170731707317073,0.08863812559221294,0.8365853658536585,0.08812128520975106,0.8317073170731707,0.08812128520975106,0.8317073170731707,0.08941338616590576,0.8439024390243902,0.08424498234128694,0.7951219512195122,0.088379705400982,0.8341463414634146,0.08924110603841846,0.8422764227642277,0.07373589456456198,0.6959349593495935,0.08734602463605823,0.824390243902439,0.08794900508226376,0.8300813008130081,0.08097165991902834,0.7642276422764228,0.08303902144887587,0.7837398373983739,0.0894995262296494,0.8447154471544716,0.08803514514600741,0.8308943089430895,0.08803514514600741,0.8308943089430895,0.0885519855284693,0.8357723577235773,0.09165302782324058,0.865040650406504,0.09621845120165388,0.908130081300813,0.09070548712206047,0.8560975609756097,0.07640623654061504,0.7211382113821139,0.08725988457231458,0.8235772357723578,0.09242828839693341,0.8723577235772357,0.08975794642088035,0.8471544715447155,0.08700146438108364,0.8211382113821138,0.08829356533723835,0.8333333333333334,0.08700146438108364,0.8211382113821138,0.08691532431733999,0.8203252032520325,0.09087776724954777,0.8577235772357723,0.08751830476354552,0.8260162601626017,0.08725988457231458,0.8235772357723578,0.092772848651908,0.875609756097561,0.08932724610216211,0.843089430894309,0.08794900508226376,0.8300813008130081,0.08898268584718752,0.8398373983739837,0.0885519855284693,0.8357723577235773,0.08157464036523387,0.7699186991869919,0.08941338616590576,0.8439024390243902,0.09070548712206047,0.8560975609756097,0.09096390731329142,0.8585365853658536,0.0894995262296494,0.8447154471544716,0.09044706693082953,0.8536585365853658,0.08906882591093117,0.8406504065040651,0.09018864673959859,0.8512195121951219,0.09234214833318977,0.8715447154471545,0.08932724610216211,0.843089430894309,0.09096390731329142,0.8585365853658536,0.08915496597467482,0.8414634146341463,0.08338358170385046,0.7869918699186992,0.08372814195882505,0.7902439024390244,0.08872426565595659,0.8373983739837398,0.08786286501852011,0.8292682926829268,0.07976569902661727,0.7528455284552845,0.09096390731329142,0.8585365853658536,0.09070548712206047,0.8560975609756097,0.09182530795072788,0.8666666666666667,0.08846584546472565,0.8349593495934959,0.09053320699457318,0.8544715447154472,0.09096390731329142,0.8585365853658536,0.09070548712206047,0.8560975609756097,0.08286674132138858,0.7821138211382114,0.083986562150056,0.7926829268292683,0.08829356533723835,0.8333333333333334,0.0885519855284693,0.8357723577235773,0.08226376087518304,0.7764227642276422,0.09165302782324058,0.865040650406504,0.09010250667585494,0.8504065040650407,0.09191144801447153,0.8674796747967479,0.08846584546472565,0.8349593495934959,0.09079162718580412,0.8569105691056911,0.09079162718580412,0.8569105691056911,0.09061934705831683,0.8552845528455284
74,0.08633582596872875,0.8260162601626017,0.0854860639021074,0.8178861788617886,0.0866757307953773,0.8292682926829268,0.08625084976206662,0.8252032520325203,0.08591094493541808,0.8219512195121951,0.0854860639021074,0.8178861788617886,0.08769544527532291,0.8390243902439024,0.09092454112848403,0.8699186991869918,0.08285180149558123,0.7926829268292683,0.08514615907545887,0.8146341463414634,0.08659075458871517,0.8284552845528456,0.08412644459551326,0.8048780487804879,0.0827668252889191,0.791869918699187,0.08846023113528212,0.8463414634146341,0.0888851121685928,0.8504065040650407,0.08871515975526853,0.848780487804878,0.08540108769544527,0.8170731707317073,0.08956492182188987,0.8569105691056911,0.08837525492861999,0.8455284552845529,0.09049966009517335,0.8658536585365854,0.08990482664853841,0.8601626016260162,0.08684568320870156,0.8308943089430895,0.09075458871515976,0.8682926829268293,0.0893949694085656,0.8552845528455284,0.08650577838205302,0.8276422764227642,0.08786539768864718,0.8406504065040651,0.08769544527532291,0.8390243902439024,0.08778042148198505,0.8398373983739837,0.08922501699524134,0.8536585365853658,0.08327668252889191,0.7967479674796748,0.08803535010197144,0.8422764227642277,0.08880013596193066,0.8495934959349594,0.07341944255608429,0.7024390243902439,0.08710061182868797,0.8333333333333334,0.08803535010197144,0.8422764227642277,0.0800475866757308,0.7658536585365854,0.08242692046227057,0.7886178861788617,0.08905506458191706,0.8520325203252033,0.08786539768864718,0.8406504065040651,0.08761046906866078,0.8382113821138212,0.08803535010197144,0.8422764227642277,0.09092454112848403,0.8699186991869918,0.09508837525492862,0.9097560975609756,0.08998980285520054,0.8609756097560975,0.07579877634262407,0.7252032520325203,0.08659075458871517,0.8284552845528456,0.09185927940176751,0.8788617886178862,0.08863018354860638,0.8479674796747968,0.0869306594153637,0.8317073170731707,0.08778042148198505,0.8398373983739837,0.08608089734874236,0.8235772357723578,0.08650577838205302,0.8276422764227642,0.09049966009517335,0.8658536585365854,0.08659075458871517,0.8284552845528456,0.0866757307953773,0.8292682926829268,0.09211420802175391,0.8813008130081301,0.08897008837525493,0.8512195121951219,0.0871855880353501,0.8341463414634146,0.08837525492861999,0.8455284552845529,0.08769544527532291,0.8390243902439024,0.08140720598232495,0.7788617886178861,0.08871515975526853,0.848780487804878,0.09041468388851122,0.865040650406504,0.09032970768184909,0.8642276422764228,0.08871515975526853,0.848780487804878,0.08998980285520054,0.8609756097560975,0.08863018354860638,0.8479674796747968,0.08914004078857919,0.8528455284552846,0.09185927940176751,0.8788617886178862,0.08880013596193066,0.8495934959349594,0.09024473147518695,0.8634146341463415,0.08812032630863358,0.843089430894309,0.08285180149558123,0.7926829268292683,0.08302175390890551,0.7943089430894309,0.08795037389530931,0.8414634146341463,0.0871855880353501,0.8341463414634146,0.07962270564242012,0.7617886178861789,0.08998980285520054,0.8609756097560975,0.08990482664853841,0.8601626016260162,0.09075458871515976,0.8682926829268293,0.08803535010197144,0.8422764227642277,0.08998980285520054,0.8609756097560975,0.08998980285520054,0.8609756097560975,0.08998980285520054,0.8609756097560975,0.08259687287559483,0.7902439024390244,0.083956492182189,0.8032520325203252,0.08837525492861999,0.8455284552845529,0.08803535010197144,0.8422764227642277,0.08234194425560842,0.7878048780487805,0.0908395649218219,0.8691056910569106,0.08914004078857919,0.8528455284552846,0.0908395649218219,0.8691056910569106,0.08812032630863358,0.843089430894309,0.09024473147518695,0.8634146341463415,0.09015975526852481,0.8626016260162601,0.08998980285520054,0.8609756097560975
75,0.0863514419852448,0.8373983739837398,0.08584842387659289,0.832520325203252,0.08618376928236084,0.8357723577235773,0.08601609657947686,0.8341463414634146,0.08542924211938296,0.8284552845528456,0.08509389671361503,0.8252032520325203,0.0869382964453387,0.843089430894309,0.09045942320590208,0.8772357723577235,0.08241113346747149,0.7991869918699187,0.085177733065057,0.8260162601626017,0.08601609657947686,0.8341463414634146,0.08366867873910128,0.8113821138211382,0.08232729711602951,0.7983739837398374,0.08786049631120053,0.8520325203252033,0.08836351441985245,0.8569105691056911,0.08836351441985245,0.8569105691056911,0.08450704225352113,0.8195121951219512,0.08878269617706237,0.8609756097560975,0.08769282360831657,0.8504065040650407,0.08995640509725017,0.8723577235772357,0.08911804158283032,0.8642276422764228,0.08651911468812877,0.8390243902439024,0.08987256874580818,0.8715447154471545,0.08836351441985245,0.8569105691056911,0.0864352783366868,0.8382113821138212,0.08735747820254862,0.8471544715447155,0.08710596914822268,0.8447154471544716,0.08710596914822268,0.8447154471544716,0.08903420523138833,0.8634146341463415,0.08266264252179745,0.8016260162601626,0.0875251509054326,0.848780487804878,0.08786049631120053,0.8520325203252033,0.07318913480885311,0.7097560975609756,0.08660295103957076,0.8398373983739837,0.08744131455399061,0.8479674796747968,0.07964453386988599,0.7723577235772358,0.08266264252179745,0.8016260162601626,0.08827967806841046,0.8560975609756097,0.08727364185110664,0.8463414634146341,0.08702213279678069,0.8439024390243902,0.08735747820254862,0.8471544715447155,0.08995640509725017,0.8723577235772357,0.0943158953722334,0.9146341463414634,0.08928571428571429,0.8658536585365854,0.07587189805499665,0.7357723577235772,0.0864352783366868,0.8382113821138212,0.09113011401743797,0.883739837398374,0.0875251509054326,0.848780487804878,0.0869382964453387,0.843089430894309,0.08727364185110664,0.8463414634146341,0.08534540576794097,0.8276422764227642,0.08568075117370892,0.8308943089430895,0.08970489604292421,0.8699186991869918,0.08568075117370892,0.8308943089430895,0.08618376928236084,0.8357723577235773,0.09129778672032193,0.8853658536585366,0.08844735077129444,0.8577235772357723,0.08668678739101274,0.8406504065040651,0.08777665995975856,0.8512195121951219,0.08727364185110664,0.8463414634146341,0.08090207914151576,0.7845528455284553,0.08819584171696848,0.8552845528455284,0.08987256874580818,0.8715447154471545,0.08970489604292421,0.8699186991869918,0.08827967806841046,0.8560975609756097,0.08928571428571429,0.8658536585365854,0.08760898725687458,0.8495934959349594,0.08827967806841046,0.8560975609756097,0.09079476861167002,0.8804878048780488,0.08794433266264252,0.8528455284552846,0.08970489604292421,0.8699186991869918,0.08744131455399061,0.8479674796747968,0.08283031522468143,0.8032520325203252,0.08341716968477532,0.8089430894308943,0.08727364185110664,0.8463414634146341,0.08651911468812877,0.8390243902439024,0.07964453386988599,0.7723577235772358,0.08928571428571429,0.8658536585365854,0.08886653252850436,0.8617886178861789,0.08995640509725017,0.8723577235772357,0.08744131455399061,0.8479674796747968,0.08945338698859825,0.8674796747967479,0.0892018779342723,0.865040650406504,0.08928571428571429,0.8658536585365854,0.08232729711602951,0.7983739837398374,0.08366867873910128,0.8113821138211382,0.08794433266264252,0.8528455284552846,0.0880281690140845,0.8536585365853658,0.08224346076458752,0.7975609756097561,0.0903755868544601,0.8764227642276423,0.08836351441985245,0.8569105691056911,0.09012407780013414,0.8739837398373984,0.08769282360831657,0.8504065040650407,0.08945338698859825,0.8674796747967479,0.08945338698859825,0.8674796747967479,0.0892018779342723,0.865040650406504
76,0.08637379002233805,0.848780487804878,0.08546372135352032,0.8398373983739837,0.08571192189956152,0.8422764227642277,0.08562918838421445,0.8414634146341463,0.08471911971539671,0.832520325203252,0.08430545213866138,0.8284552845528456,0.08612558947629685,0.8463414634146341,0.08993133118226193,0.883739837398374,0.0819889137089435,0.8056910569105691,0.0842227186233143,0.8276422764227642,0.08562918838421445,0.8414634146341463,0.08331264995449657,0.8186991869918699,0.0824853148010259,0.8105691056910569,0.08728385869115579,0.8577235772357723,0.08802846032927938,0.865040650406504,0.08786299329858525,0.8634146341463415,0.08380905104657897,0.8235772357723578,0.08844212790601473,0.8691056910569106,0.08711839166046165,0.8560975609756097,0.08935219657483247,0.8780487804878049,0.08819392735997353,0.8666666666666667,0.08612558947629685,0.8463414634146341,0.0890212625134442,0.8747967479674796,0.08769752626789112,0.8617886178861789,0.08620832299164391,0.8471544715447155,0.08678745759907339,0.8528455284552846,0.08687019111442046,0.8536585365853658,0.08662199056837926,0.8512195121951219,0.08885579548275006,0.8731707317073171,0.0822371142549847,0.808130081300813,0.08695292462976752,0.8544715447154472,0.08736659220650285,0.8585365853658536,0.07297096053611318,0.7170731707317073,0.08612558947629685,0.8463414634146341,0.08678745759907339,0.8528455284552846,0.07950690824853147,0.78130081300813,0.08256804831637296,0.8113821138211382,0.0877802597832382,0.8626016260162601,0.08687019111442046,0.8536585365853658,0.08637379002233805,0.848780487804878,0.08670472408372631,0.8520325203252033,0.08968313063622073,0.8813008130081301,0.09348887234218582,0.9186991869918699,0.08852486142136179,0.8699186991869918,0.07636303466534293,0.7504065040650406,0.08604285596094978,0.8455284552845529,0.09051046578969141,0.8894308943089431,0.08695292462976752,0.8544715447154472,0.08612558947629685,0.8463414634146341,0.08678745759907339,0.8528455284552846,0.08488458674609084,0.8341463414634146,0.08471911971539671,0.832520325203252,0.0895176636055266,0.8796747967479674,0.08513278729213204,0.8365853658536585,0.08546372135352032,0.8398373983739837,0.09051046578969141,0.8894308943089431,0.08827666087532059,0.8674796747967479,0.08637379002233805,0.848780487804878,0.08711839166046165,0.8560975609756097,0.08695292462976752,0.8544715447154472,0.08083064449408456,0.7943089430894309,0.08761479275254405,0.8609756097560975,0.0890212625134442,0.8747967479674796,0.08893852899809714,0.8739837398373984,0.08761479275254405,0.8609756097560975,0.08869032845205593,0.8715447154471545,0.08703565814511459,0.8552845528455284,0.08769752626789112,0.8617886178861789,0.08993133118226193,0.883739837398374,0.08736659220650285,0.8585365853658536,0.0890212625134442,0.8747967479674796,0.08670472408372631,0.8520325203252033,0.08289898237776124,0.8146341463414634,0.08289898237776124,0.8146341463414634,0.08662199056837926,0.8512195121951219,0.08596012244560271,0.8447154471544716,0.07975510879457268,0.7837398373983739,0.08860759493670886,0.8707317073170732,0.08811119384462646,0.8658536585365854,0.08910399602879127,0.875609756097561,0.08720112517580872,0.8569105691056911,0.08852486142136179,0.8699186991869918,0.08869032845205593,0.8715447154471545,0.08860759493670886,0.8707317073170732,0.08256804831637296,0.8113821138211382,0.0832299164391495,0.8178861788617886,0.08736659220650285,0.8585365853658536,0.08736659220650285,0.8585365853658536,0.0819889137089435,0.8056910569105691,0.08960039712087367,0.8804878048780488,0.0877802597832382,0.8626016260162601,0.08935219657483247,0.8780487804878049,0.08728385869115579,0.8577235772357723,0.08860759493670886,0.8707317073170732,0.08893852899809714,0.8739837398373984,0.08885579548275006,0.8731707317073171
77,0.08574228319451249,0.8536585365853658,0.08508900865588764,0.8471544715447155,0.08517066797321575,0.8479674796747968,0.08508900865588764,0.8471544715447155,0.08443573411726278,0.8406504065040651,0.08370080026130981,0.8333333333333334,0.08574228319451249,0.8536585365853658,0.08933529315694921,0.8894308943089431,0.08165931732810713,0.8130081300813008,0.08378245957863792,0.8341463414634146,0.08525232729054386,0.848780487804878,0.08296586640535684,0.8260162601626017,0.082312591866732,0.8195121951219512,0.0870488322717622,0.8666666666666667,0.08721215090641843,0.8682926829268293,0.08721215090641843,0.8682926829268293,0.08370080026130981,0.8333333333333334,0.08794708476237138,0.875609756097561,0.08647721705046546,0.8609756097560975,0.08843704066634003,0.8804878048780488,0.08778376612771517,0.8739837398373984,0.08574228319451249,0.8536585365853658,0.0881920627143557,0.8780487804878049,0.08713049158909031,0.8674796747967479,0.08541564592520007,0.8504065040650407,0.08631389841580925,0.859349593495935,0.08623223909848114,0.8585365853658536,0.08623223909848114,0.8585365853658536,0.08843704066634003,0.8804878048780488,0.08182263596276335,0.8146341463414634,0.08664053568512167,0.8626016260162601,0.08713049158909031,0.8674796747967479,0.07251347378735913,0.7219512195121951,0.08566062387718439,0.8528455284552846,0.08606892046382492,0.8569105691056911,0.07929119712559203,0.7894308943089431,0.0823942511840601,0.8203252032520325,0.08688551363710599,0.865040650406504,0.08623223909848114,0.8585365853658536,0.0858239425118406,0.8544715447154472,0.08615057978115304,0.8577235772357723,0.08892699657030867,0.8853658536585366,0.09300996243671403,0.9260162601626016,0.08770210681038706,0.8731707317073171,0.07635146170178017,0.7601626016260162,0.08541564592520007,0.8504065040650407,0.08974358974358974,0.8934959349593496,0.08631389841580925,0.859349593495935,0.08549730524252817,0.8512195121951219,0.08639555773313735,0.8601626016260162,0.08410909684795036,0.8373983739837398,0.0847623713865752,0.8439024390243902,0.08868201861832435,0.8829268292682927,0.084599052751919,0.8422764227642277,0.0846807120692471,0.843089430894309,0.08949861179160543,0.8910569105691057,0.0881104033970276,0.8772357723577235,0.08623223909848114,0.8585365853658536,0.08664053568512167,0.8626016260162601,0.08598726114649681,0.8560975609756097,0.08076106483749795,0.8040650406504065,0.08737546954107464,0.8699186991869918,0.08835538134901193,0.8796747967479674,0.08851869998366814,0.8813008130081301,0.0870488322717622,0.8666666666666667,0.08770210681038706,0.8731707317073171,0.08647721705046546,0.8609756097560975,0.08753878817573085,0.8715447154471545,0.08925363383962111,0.8886178861788618,0.08680385431977788,0.8642276422764228,0.0881920627143557,0.8780487804878049,0.08598726114649681,0.8560975609756097,0.08337416299199739,0.8300813008130081,0.08263922913604442,0.8227642276422764,0.08647721705046546,0.8609756097560975,0.08574228319451249,0.8536585365853658,0.07937285644292014,0.7902439024390244,0.08835538134901193,0.8796747967479674,0.08770210681038706,0.8731707317073171,0.08860035930099625,0.8821138211382114,0.08680385431977788,0.8642276422764228,0.08753878817573085,0.8715447154471545,0.08843704066634003,0.8804878048780488,0.08778376612771517,0.8739837398373984,0.08280254777070063,0.824390243902439,0.0834558223093255,0.8308943089430895,0.08655887636779357,0.8617886178861789,0.08672219500244978,0.8634146341463415,0.08223093254940389,0.8186991869918699,0.08900865588763678,0.8861788617886179,0.08729381022374653,0.8691056910569106,0.08851869998366814,0.8813008130081301,0.08680385431977788,0.8642276422764228,0.08762044749305896,0.8723577235772357,0.0881920627143557,0.8780487804878049,0.0881920627143557,0.8780487804878049
78,0.08496573962112051,0.8569105691056911,0.08472390165255946,0.8544715447154472,0.08472390165255946,0.8544715447154472,0.08456267634018541,0.8528455284552846,0.08407900040306328,0.8479674796747968,0.08311164852881903,0.8382113821138212,0.0852881902458686,0.8601626016260162,0.08859330914953648,0.8934959349593496,0.08174123337363966,0.824390243902439,0.08343409915356712,0.8414634146341463,0.0848851269649335,0.8560975609756097,0.08246674727932285,0.8317073170731707,0.08214429665457477,0.8284552845528456,0.08625554212011285,0.8699186991869918,0.08657799274486094,0.8731707317073171,0.08673921805723499,0.8747967479674796,0.08351471180975413,0.8422764227642277,0.08690044336960903,0.8764227642276423,0.08617492946392584,0.8691056910569106,0.08778718258766627,0.8853658536585366,0.08722289399435712,0.8796747967479674,0.08504635227730754,0.8577235772357723,0.0875453446191052,0.8829268292682927,0.08673921805723499,0.8747967479674796,0.08472390165255946,0.8544715447154472,0.08593309149536477,0.8666666666666667,0.08536880290205562,0.8609756097560975,0.08553002821442966,0.8626016260162601,0.08778718258766627,0.8853658536585366,0.08117694478033051,0.8186991869918699,0.08585247883917775,0.8658536585365854,0.08649738008867393,0.8723577235772357,0.0720677146311971,0.7268292682926829,0.08504635227730754,0.8577235772357723,0.0856912535268037,0.8642276422764228,0.07867795243853284,0.7934959349593496,0.0823055219669488,0.8300813008130081,0.08649738008867393,0.8723577235772357,0.08577186618299074,0.865040650406504,0.08585247883917775,0.8658536585365854,0.0856912535268037,0.8642276422764228,0.08819024586860137,0.8894308943089431,0.09205965336557839,0.9284552845528455,0.08690044336960903,0.8764227642276423,0.07609834744054816,0.767479674796748,0.08496573962112051,0.8569105691056911,0.08891575977428456,0.8967479674796748,0.08553002821442966,0.8626016260162601,0.08504635227730754,0.8577235772357723,0.08585247883917775,0.8658536585365854,0.08415961305925031,0.848780487804878,0.08440145102781137,0.8512195121951219,0.08794840790004031,0.8869918699186992,0.08415961305925031,0.848780487804878,0.08424022571543732,0.8495934959349594,0.08915759774284562,0.8991869918699187,0.08762595727529222,0.883739837398374,0.08617492946392584,0.8691056910569106,0.08609431680773881,0.8682926829268293,0.08585247883917775,0.8658536585365854,0.08061265618702136,0.8130081300813008,0.086819830713422,0.875609756097561,0.08778718258766627,0.8853658536585366,0.08786779524385328,0.8861788617886179,0.08657799274486094,0.8731707317073171,0.08690044336960903,0.8764227642276423,0.08593309149536477,0.8666666666666667,0.086819830713422,0.875609756097561,0.08843208383716243,0.891869918699187,0.08649738008867393,0.8723577235772357,0.08730350665054414,0.8804878048780488,0.0852881902458686,0.8601626016260162,0.08343409915356712,0.8414634146341463,0.08246674727932285,0.8317073170731707,0.08609431680773881,0.8682926829268293,0.08512696493349456,0.8585365853658536,0.07891979040709392,0.7959349593495935,0.0875453446191052,0.8829268292682927,0.08690044336960903,0.8764227642276423,0.08802902055622733,0.8878048780487805,0.08609431680773881,0.8682926829268293,0.08698105602579605,0.8772357723577235,0.08786779524385328,0.8861788617886179,0.08746473196291818,0.8821138211382114,0.083031035872632,0.8373983739837398,0.08278919790407094,0.8349593495934959,0.0860137041515518,0.8674796747967479,0.08609431680773881,0.8682926829268293,0.08214429665457477,0.8284552845528456,0.08835147118097542,0.8910569105691057,0.086819830713422,0.875609756097561,0.08802902055622733,0.8878048780487805,0.0860137041515518,0.8674796747967479,0.086819830713422,0.875609756097561,0.08810963321241434,0.8886178861788618,0.08770656993147924,0.8845528455284553
79,0.08452722063037249,0.8634146341463415,0.08436803565743393,0.8617886178861789,0.083810888252149,0.8560975609756097,0.08397007322508755,0.8577235772357723,0.08341292581980261,0.8520325203252033,0.0830945558739255,0.848780487804878,0.08452722063037249,0.8634146341463415,0.08810888252148998,0.9,0.08213944603629417,0.8390243902439024,0.08357211079274117,0.8536585365853658,0.08476599808978033,0.8658536585365854,0.08182107609041707,0.8357723577235773,0.08245781598217128,0.8422764227642277,0.08580070041388092,0.8764227642276423,0.08635784781916588,0.8821138211382114,0.08595988538681948,0.8780487804878049,0.08349251830627188,0.8528455284552846,0.08643744030563515,0.8829268292682927,0.08540273798153454,0.8723577235772357,0.08715377268385864,0.8902439024390244,0.08683540273798153,0.8869918699186992,0.08476599808978033,0.8658536585365854,0.08691499522445081,0.8878048780487805,0.08588029290035021,0.8772357723577235,0.08452722063037249,0.8634146341463415,0.08548233046800383,0.8731707317073171,0.08492518306271887,0.8674796747967479,0.08492518306271887,0.8674796747967479,0.08707418019738937,0.8894308943089431,0.08062718879337791,0.8235772357723578,0.08548233046800383,0.8731707317073171,0.08611907035975803,0.8796747967479674,0.07203120025469596,0.7357723577235772,0.0848455905762496,0.8666666666666667,0.08516396052212671,0.8699186991869918,0.07815982171283031,0.7983739837398374,0.0820598535498249,0.8382113821138212,0.08572110792741165,0.875609756097561,0.08516396052212671,0.8699186991869918,0.08540273798153454,0.8723577235772357,0.08508436803565743,0.8691056910569106,0.08763132760267431,0.8951219512195122,0.09113339700732251,0.9308943089430894,0.08619866284622732,0.8804878048780488,0.07577204711875199,0.7739837398373983,0.08460681311684178,0.8642276422764228,0.08818847500795925,0.9008130081300812,0.08476599808978033,0.8658536585365854,0.08452722063037249,0.8634146341463415,0.08532314549506527,0.8715447154471545,0.083810888252149,0.8560975609756097,0.08397007322508755,0.8577235772357723,0.08787010506208214,0.8975609756097561,0.08428844317096466,0.8609756097560975,0.08404966571155682,0.8585365853658536,0.08850684495383636,0.9040650406504065,0.08707418019738937,0.8894308943089431,0.08580070041388092,0.8764227642276423,0.08572110792741165,0.875609756097561,0.08524355300859598,0.8707317073170732,0.07991085641515441,0.816260162601626,0.08635784781916588,0.8821138211382114,0.08747214262973575,0.8934959349593496,0.0873129576567972,0.891869918699187,0.08564151544094238,0.8747967479674796,0.08643744030563515,0.8829268292682927,0.08532314549506527,0.8715447154471545,0.08651703279210443,0.883739837398374,0.08779051257561286,0.8967479674796748,0.08572110792741165,0.875609756097561,0.08707418019738937,0.8894308943089431,0.08460681311684178,0.8642276422764228,0.08349251830627188,0.8528455284552846,0.08190066857688634,0.8365853658536585,0.08524355300859598,0.8707317073170732,0.08468640560331105,0.865040650406504,0.07871696911811525,0.8040650406504065,0.08699458771092008,0.8886178861788618,0.08611907035975803,0.8796747967479674,0.08755173511620502,0.8943089430894309,0.08540273798153454,0.8723577235772357,0.08627825533269659,0.8813008130081301,0.08771092008914358,0.8959349593495934,0.08699458771092008,0.8886178861788618,0.08317414836039477,0.8495934959349594,0.08269659344157912,0.8447154471544716,0.08524355300859598,0.8707317073170732,0.08532314549506527,0.8715447154471545,0.08237822349570201,0.8414634146341463,0.08779051257561286,0.8967479674796748,0.08635784781916588,0.8821138211382114,0.08755173511620502,0.8943089430894309,0.08540273798153454,0.8723577235772357,0.08619866284622732,0.8804878048780488,0.08771092008914358,0.8959349593495934,0.08755173511620502,0.8943089430894309
80,0.08409966202939559,0.8699186991869918,0.08402106421441484,0.8691056910569106,0.08315648824962667,0.8601626016260162,0.08331368387958815,0.8617886178861789,0.08307789043464592,0.859349593495935,0.08252770572978071,0.8536585365853658,0.08441405328931856,0.8731707317073171,0.08747936807356756,0.9048780487804878,0.08221331446985773,0.8504065040650407,0.08284209698970368,0.8569105691056911,0.08425685765935707,0.8715447154471545,0.0815845319500118,0.8439024390243902,0.08229191228483848,0.8512195121951219,0.08504283580916451,0.8796747967479674,0.08590741177395268,0.8886178861788618,0.08543582488406823,0.883739837398374,0.08299929261966517,0.8585365853658536,0.0857502161439912,0.8869918699186992,0.08472844454924153,0.8764227642276423,0.08645759647881789,0.8943089430894309,0.08645759647881789,0.8943089430894309,0.08433545547433781,0.8723577235772357,0.0863004008488564,0.8926829268292683,0.08543582488406823,0.883739837398374,0.08425685765935707,0.8715447154471545,0.08527862925410673,0.8821138211382114,0.08417825984437632,0.8707317073170732,0.08417825984437632,0.8707317073170732,0.08677198773874087,0.8975609756097561,0.08032696691031989,0.8308943089430895,0.08496423799418376,0.8788617886178862,0.08559302051402971,0.8853658536585366,0.07254578322722628,0.7504065040650406,0.08464984673426079,0.875609756097561,0.08457124891928004,0.8747967479674796,0.07741884775603239,0.8008130081300813,0.08166312976499253,0.8447154471544716,0.08496423799418376,0.8788617886178862,0.08488564017920301,0.8780487804878049,0.08496423799418376,0.8788617886178862,0.08472844454924153,0.8764227642276423,0.08700778118368309,0.9,0.09023029159789357,0.9333333333333333,0.08567161832901045,0.8861788617886179,0.07561109801147528,0.7821138211382114,0.08409966202939559,0.8699186991869918,0.08747936807356756,0.9048780487804878,0.08417825984437632,0.8707317073170732,0.08441405328931856,0.8731707317073171,0.08464984673426079,0.875609756097561,0.0832350860646074,0.8609756097560975,0.08339228169456889,0.8626016260162601,0.08724357462862532,0.9024390243902439,0.08347087950954964,0.8634146341463415,0.08347087950954964,0.8634146341463415,0.08771516151850979,0.9073170731707317,0.08645759647881789,0.8943089430894309,0.08535722706908748,0.8829268292682927,0.08567161832901045,0.8861788617886179,0.08472844454924153,0.8764227642276423,0.07930519531557023,0.8203252032520325,0.08606460740391417,0.8902439024390244,0.08700778118368309,0.9,0.08716497681364459,0.9016260162601626,0.08527862925410673,0.8821138211382114,0.08622180303387565,0.891869918699187,0.08488564017920301,0.8780487804878049,0.08590741177395268,0.8886178861788618,0.08716497681364459,0.9016260162601626,0.08535722706908748,0.8829268292682927,0.08653619429379864,0.8951219512195122,0.08394246639943409,0.8682926829268293,0.08315648824962667,0.8601626016260162,0.08166312976499253,0.8447154471544716,0.08457124891928004,0.8747967479674796,0.08425685765935707,0.8715447154471545,0.07859781498074353,0.8130081300813008,0.08614320521889492,0.8910569105691057,0.08551442269904896,0.8845528455284553,0.08708637899866384,0.9008130081300812,0.08496423799418376,0.8788617886178862,0.08567161832901045,0.8861788617886179,0.08716497681364459,0.9016260162601626,0.08637899866383715,0.8934959349593496,0.08307789043464592,0.859349593495935,0.08244910791479997,0.8528455284552846,0.08488564017920301,0.8780487804878049,0.08496423799418376,0.8788617886178862,0.08189892320993476,0.8471544715447155,0.08692918336870235,0.8991869918699187,0.08598600958893343,0.8894308943089431,0.08708637899866384,0.9008130081300812,0.08496423799418376,0.8788617886178862,0.08590741177395268,0.8886178861788618,0.08732217244360607,0.9032520325203252,0.08692918336870235,0.8991869918699187
81,0.08414842415773949,0.8813008130081301,0.08329451948455209,0.8723577235772357,0.08251824250892718,0.8642276422764228,0.08244061481136469,0.8634146341463415,0.08251824250892718,0.8642276422764228,0.0823629871138022,0.8626016260162601,0.08368265797236454,0.8764227642276423,0.08709827666511412,0.9121951219512195,0.08213010402111473,0.8601626016260162,0.08275112560161466,0.8666666666666667,0.08383791336748952,0.8780487804878049,0.08119857165036486,0.8504065040650407,0.08174196553330228,0.8560975609756097,0.08445893494798944,0.8845528455284553,0.0855457227138643,0.8959349593495934,0.08484707343580189,0.8886178861788618,0.08306163639186462,0.8699186991869918,0.08492470113336438,0.8894308943089431,0.08430367955286447,0.8829268292682927,0.0856233504114268,0.8967479674796748,0.08577860580655178,0.8983739837398373,0.08376028566992703,0.8772357723577235,0.08577860580655178,0.8983739837398373,0.08469181804067691,0.8869918699186992,0.084070796460177,0.8804878048780488,0.0847694457382394,0.8878048780487805,0.08344977487967707,0.8739837398373984,0.08337214718211458,0.8731707317073171,0.0863996273870517,0.9048780487804878,0.07987890079180252,0.8365853658536585,0.08469181804067691,0.8869918699186992,0.08515758422605185,0.891869918699187,0.07242664182580345,0.7585365853658537,0.0839931687626145,0.8796747967479674,0.08391554106505202,0.8788617886178862,0.0767737928893029,0.8040650406504065,0.08119857165036486,0.8504065040650407,0.08461419034311442,0.8861788617886179,0.08445893494798944,0.8845528455284553,0.08453656264555193,0.8853658536585366,0.08414842415773949,0.8813008130081301,0.0864772550846142,0.9056910569105691,0.08927185219686384,0.9349593495934959,0.08507995652848936,0.8910569105691057,0.0752212389380531,0.7878048780487805,0.08368265797236454,0.8764227642276423,0.08678776587486416,0.9089430894308943,0.08344977487967707,0.8739837398373984,0.08414842415773949,0.8813008130081301,0.08430367955286447,0.8829268292682927,0.08290638099673964,0.8682926829268293,0.08290638099673964,0.8682926829268293,0.0864772550846142,0.9056910569105691,0.08313926408942711,0.8707317073170732,0.08298400869430213,0.8691056910569106,0.08709827666511412,0.9121951219512195,0.0856233504114268,0.8967479674796748,0.08500232883092687,0.8902439024390244,0.08500232883092687,0.8902439024390244,0.08430367955286447,0.8829268292682927,0.07933550690886508,0.8308943089430895,0.08531283962117683,0.8934959349593496,0.08655488278217668,0.9065040650406504,0.08671013817730167,0.908130081300813,0.08461419034311442,0.8861788617886179,0.0856233504114268,0.8967479674796748,0.08430367955286447,0.8829268292682927,0.08531283962117683,0.8934959349593496,0.08655488278217668,0.9065040650406504,0.08515758422605185,0.891869918699187,0.08577860580655178,0.8983739837398373,0.08352740257723956,0.8747967479674796,0.08290638099673964,0.8682926829268293,0.0815090824406148,0.8536585365853658,0.08422605185530198,0.8821138211382114,0.084070796460177,0.8804878048780488,0.07863685763080266,0.8235772357723578,0.08608911659680174,0.9016260162601626,0.08500232883092687,0.8902439024390244,0.08671013817730167,0.908130081300813,0.08461419034311442,0.8861788617886179,0.08546809501630181,0.8951219512195122,0.08694302126998914,0.9105691056910569,0.0855457227138643,0.8959349593495934,0.08275112560161466,0.8666666666666667,0.08205247632355224,0.859349593495935,0.08469181804067691,0.8869918699186992,0.08445893494798944,0.8845528455284553,0.08213010402111473,0.8601626016260162,0.0864772550846142,0.9056910569105691,0.08515758422605185,0.891869918699187,0.08671013817730167,0.908130081300813,0.08461419034311442,0.8861788617886179,0.08546809501630181,0.8951219512195122,0.08671013817730167,0.908130081300813,0.08616674429436423,0.9024390243902439
82,0.08396595353117092,0.8902439024390244,0.08304577869795261,0.8804878048780488,0.08266237251744499,0.8764227642276423,0.08227896633693735,0.8723577235772357,0.0821256038647343,0.8707317073170732,0.08220228510083583,0.8715447154471545,0.08319914117015566,0.8821138211382114,0.0862663906142167,0.9146341463414634,0.08204892262863277,0.8699186991869918,0.08220228510083583,0.8715447154471545,0.08350586611456176,0.8853658536585366,0.08128211026761752,0.8617886178861789,0.08128211026761752,0.8617886178861789,0.08411931600337398,0.891869918699187,0.08496280960049075,0.9008130081300812,0.08496280960049075,0.9008130081300812,0.08273905375354651,0.8772357723577235,0.08442604094778008,0.8951219512195122,0.0838892722950694,0.8894308943089431,0.08488612836438923,0.9,0.0853462157809984,0.9048780487804878,0.08365922858676482,0.8869918699186992,0.08503949083659229,0.9016260162601626,0.0838892722950694,0.8894308943089431,0.08365922858676482,0.8869918699186992,0.08442604094778008,0.8951219512195122,0.08273905375354651,0.8772357723577235,0.08281573498964803,0.8780487804878049,0.08580630319760754,0.9097560975609756,0.07959512307338394,0.8439024390243902,0.08427267847557703,0.8934959349593496,0.0845027221838816,0.8959349593495934,0.07238708687984051,0.767479674796748,0.08350586611456176,0.8853658536585366,0.0835825473506633,0.8861788617886179,0.07714132351813512,0.8178861788617886,0.08089870408710989,0.8577235772357723,0.08457940341998313,0.8967479674796748,0.08411931600337398,0.891869918699187,0.0841959972394755,0.8926829268292683,0.08365922858676482,0.8869918699186992,0.08603634690591212,0.9121951219512195,0.08856682769726248,0.9390243902439024,0.08465608465608465,0.8975609756097561,0.07583774250440917,0.8040650406504065,0.08319914117015566,0.8821138211382114,0.0862663906142167,0.9146341463414634,0.08258569128134345,0.875609756097561,0.08373590982286634,0.8878048780487805,0.0838892722950694,0.8894308943089431,0.08235564757303888,0.8731707317073171,0.08235564757303888,0.8731707317073171,0.08572962196150602,0.9089430894308943,0.08289241622574955,0.8788617886178862,0.08227896633693735,0.8723577235772357,0.0862663906142167,0.9146341463414634,0.08503949083659229,0.9016260162601626,0.08465608465608465,0.8975609756097561,0.0841959972394755,0.8926829268292683,0.08396595353117092,0.8902439024390244,0.07905835442067326,0.8382113821138212,0.08488612836438923,0.9,0.08611302814201365,0.9130081300813008,0.08611302814201365,0.9130081300813008,0.08434935971167855,0.8943089430894309,0.08480944712828771,0.8991869918699187,0.08381259105896786,0.8886178861788618,0.08473276589218619,0.8983739837398373,0.08572962196150602,0.9089430894308943,0.08473276589218619,0.8983739837398373,0.08526953454489686,0.9040650406504065,0.08273905375354651,0.8772357723577235,0.08235564757303888,0.8731707317073171,0.08166551644812514,0.8658536585365854,0.08350586611456176,0.8853658536585366,0.08350586611456176,0.8853658536585366,0.07813817958745495,0.8284552845528456,0.08519285330879534,0.9032520325203252,0.0845027221838816,0.8959349593495934,0.0859596656698106,0.9113821138211382,0.0838892722950694,0.8894308943089431,0.08496280960049075,0.9008130081300812,0.08618970937811518,0.9138211382113821,0.08511617207269381,0.9024390243902439,0.0824323288091404,0.8739837398373984,0.0818188789203282,0.8674796747967479,0.08434935971167855,0.8943089430894309,0.08411931600337398,0.891869918699187,0.08204892262863277,0.8699186991869918,0.08603634690591212,0.9121951219512195,0.0845027221838816,0.8959349593495934,0.0859596656698106,0.9113821138211382,0.08381259105896786,0.8886178861788618,0.08496280960049075,0.9008130081300812,0.08603634690591212,0.9121951219512195,0.0853462157809984,0.9048780487804878
83,0.08371212121212121,0.8983739837398373,0.08257575757575758,0.8861788617886179,0.08242424242424243,0.8845528455284553,0.08242424242424243,0.8845528455284553,0.0818939393939394,0.8788617886178862,0.08181818181818182,0.8780487804878049,0.08272727272727273,0.8878048780487805,0.08553030303030303,0.9178861788617886,0.08265151515151516,0.8869918699186992,0.08166666666666667,0.8764227642276423,0.0834090909090909,0.8951219512195122,0.08106060606060606,0.8699186991869918,0.08075757575757576,0.8666666666666667,0.08393939393939394,0.9008130081300812,0.0843939393939394,0.9056910569105691,0.08454545454545455,0.9073170731707317,0.08265151515151516,0.8869918699186992,0.08378787878787879,0.8991869918699187,0.08371212121212121,0.8983739837398373,0.0843939393939394,0.9056910569105691,0.08492424242424243,0.9113821138211382,0.0834090909090909,0.8951219512195122,0.08446969696969697,0.9065040650406504,0.08348484848484848,0.8959349593495934,0.08356060606060606,0.8967479674796748,0.08393939393939394,0.9008130081300812,0.0821969696969697,0.8821138211382114,0.0825,0.8853658536585366,0.08522727272727272,0.9146341463414634,0.07901515151515151,0.8479674796747968,0.08371212121212121,0.8983739837398373,0.08409090909090909,0.9024390243902439,0.07181818181818182,0.7707317073170732,0.0831060606060606,0.891869918699187,0.08325757575757575,0.8934959349593496,0.07696969696969697,0.8260162601626017,0.08098484848484848,0.8691056910569106,0.08401515151515151,0.9016260162601626,0.08401515151515151,0.9016260162601626,0.08393939393939394,0.9008130081300812,0.0834090909090909,0.8951219512195122,0.0853030303030303,0.9154471544715447,0.08787878787878788,0.943089430894309,0.08431818181818182,0.9048780487804878,0.07659090909090908,0.8219512195121951,0.08265151515151516,0.8869918699186992,0.08568181818181818,0.9195121951219513,0.08234848484848485,0.883739837398374,0.08348484848484848,0.8959349593495934,0.08378787878787879,0.8991869918699187,0.08143939393939394,0.8739837398373984,0.08151515151515151,0.8747967479674796,0.08484848484848485,0.9105691056910569,0.08295454545454546,0.8902439024390244,0.08181818181818182,0.8780487804878049,0.08553030303030303,0.9178861788617886,0.08462121212121212,0.908130081300813,0.08424242424242424,0.9040650406504065,0.08356060606060606,0.8967479674796748,0.08378787878787879,0.8991869918699187,0.07886363636363636,0.8463414634146341,0.08431818181818182,0.9048780487804878,0.08553030303030303,0.9178861788617886,0.08553030303030303,0.9178861788617886,0.08363636363636363,0.8975609756097561,0.08431818181818182,0.9048780487804878,0.08318181818181818,0.8926829268292683,0.08409090909090909,0.9024390243902439,0.0853030303030303,0.9154471544715447,0.08416666666666667,0.9032520325203252,0.08446969696969697,0.9065040650406504,0.08212121212121212,0.8813008130081301,0.08196969696969697,0.8796747967479674,0.08136363636363636,0.8731707317073171,0.08356060606060606,0.8967479674796748,0.08318181818181818,0.8926829268292683,0.07772727272727273,0.8341463414634146,0.08484848484848485,0.9105691056910569,0.08409090909090909,0.9024390243902439,0.08522727272727272,0.9146341463414634,0.08333333333333333,0.8943089430894309,0.08431818181818182,0.9048780487804878,0.08537878787878787,0.916260162601626,0.08431818181818182,0.9048780487804878,0.08174242424242424,0.8772357723577235,0.08159090909090909,0.875609756097561,0.08378787878787879,0.8991869918699187,0.08378787878787879,0.8991869918699187,0.0818939393939394,0.8788617886178862,0.08515151515151514,0.9138211382113821,0.08424242424242424,0.9040650406504065,0.08522727272727272,0.9146341463414634,0.08333333333333333,0.8943089430894309,0.0843939393939394,0.9056910569105691,0.08545454545454545,0.9170731707317074,0.08492424242424243,0.9113821138211382
84,0.08346433116251216,0.9065040650406504,0.08234149262669362,0.8943089430894309,0.082042069017142,0.8910569105691057,0.08189235721236619,0.8894308943089431,0.08189235721236619,0.8894308943089431,0.08166778950520248,0.8869918699186992,0.08241634852908152,0.8951219512195122,0.08503630511265814,0.9235772357723577,0.08301519574818475,0.9016260162601626,0.08196721311475409,0.8902439024390244,0.08286548394340894,0.9,0.08054495096938394,0.8747967479674796,0.08061980687177184,0.875609756097561,0.08353918706490007,0.9073170731707317,0.08368889886967587,0.9089430894308943,0.08383861067445168,0.9105691056910569,0.08196721311475409,0.8902439024390244,0.08353918706490007,0.9073170731707317,0.08301519574818475,0.9016260162601626,0.08383861067445168,0.9105691056910569,0.08473688150310651,0.9203252032520325,0.08301519574818475,0.9016260162601626,0.0840631783816154,0.9130081300813008,0.08271577213863313,0.8983739837398373,0.08316490755296055,0.9032520325203252,0.08316490755296055,0.9032520325203252,0.0817426454075904,0.8878048780487805,0.08256606033385733,0.8967479674796748,0.08473688150310651,0.9203252032520325,0.07844898570252265,0.8520325203252033,0.08309005165057265,0.9024390243902439,0.08346433116251216,0.9065040650406504,0.07163709858522345,0.7780487804878049,0.08264091623624523,0.8975609756097561,0.08271577213863313,0.8983739837398373,0.07680215584998877,0.8341463414634146,0.08091923048132345,0.8788617886178862,0.08383861067445168,0.9105691056910569,0.08353918706490007,0.9073170731707317,0.08309005165057265,0.9024390243902439,0.08286548394340894,0.9,0.08473688150310651,0.9203252032520325,0.08713227037951943,0.9463414634146341,0.08338947526012426,0.9056910569105691,0.07792499438580731,0.8463414634146341,0.08286548394340894,0.9,0.08518601691743394,0.9252032520325203,0.0817426454075904,0.8878048780487805,0.08294033984579684,0.9008130081300812,0.08323976345534845,0.9040650406504065,0.08114379818848716,0.8813008130081301,0.08129350999326297,0.8829268292682927,0.08383861067445168,0.9105691056910569,0.08241634852908152,0.8951219512195122,0.08114379818848716,0.8813008130081301,0.08518601691743394,0.9252032520325203,0.08398832247922748,0.9121951219512195,0.08391346657683958,0.9113821138211382,0.08309005165057265,0.9024390243902439,0.08309005165057265,0.9024390243902439,0.07889812111685006,0.8569105691056911,0.08391346657683958,0.9113821138211382,0.08496144921027023,0.9227642276422764,0.08496144921027023,0.9227642276422764,0.08338947526012426,0.9056910569105691,0.08376375477206378,0.9097560975609756,0.08264091623624523,0.8975609756097561,0.08361404296728797,0.908130081300813,0.0844374578935549,0.9170731707317074,0.08383861067445168,0.9105691056910569,0.08368889886967587,0.9089430894308943,0.08159293360281458,0.8861788617886179,0.08166778950520248,0.8869918699186992,0.08099408638371136,0.8796747967479674,0.08309005165057265,0.9024390243902439,0.08264091623624523,0.8975609756097561,0.0776255707762557,0.843089430894309,0.08398832247922748,0.9121951219512195,0.08346433116251216,0.9065040650406504,0.08503630511265814,0.9235772357723577,0.08331461935773636,0.9048780487804878,0.08368889886967587,0.9089430894308943,0.08496144921027023,0.9227642276422764,0.0841380342840033,0.9138211382113821,0.08114379818848716,0.8813008130081301,0.08144322179803877,0.8845528455284553,0.08309005165057265,0.9024390243902439,0.08323976345534845,0.9040650406504065,0.08196721311475409,0.8902439024390244,0.0845123137959428,0.9178861788617886,0.08361404296728797,0.908130081300813,0.08503630511265814,0.9235772357723577,0.08338947526012426,0.9056910569105691,0.08376375477206378,0.9097560975609756,0.08503630511265814,0.9235772357723577,0.0842877460887791,0.9154471544715447
85,0.08292646841248705,0.9113821138211382,0.0821127385707945,0.9024390243902439,0.08203876313064062,0.9016260162601626,0.08166888592987129,0.8975609756097561,0.08218671401094836,0.9032520325203252,0.0811510578487942,0.891869918699187,0.08189081225033289,0.9,0.0842580263352567,0.9260162601626016,0.08381417369433349,0.9211382113821138,0.08159491048971741,0.8967479674796748,0.08240864033140997,0.9056910569105691,0.08055925432756325,0.8853658536585366,0.08048527888740938,0.8845528455284553,0.0832963456132564,0.9154471544715447,0.08359224737387187,0.9186991869918699,0.08337032105341027,0.916260162601626,0.0821127385707945,0.9024390243902439,0.08300044385264092,0.9121951219512195,0.08263056665187157,0.908130081300813,0.08337032105341027,0.916260162601626,0.0844799526557183,0.9284552845528455,0.08263056665187157,0.908130081300813,0.08344429649356414,0.9170731707317074,0.08196478769048676,0.9008130081300812,0.08285249297233319,0.9105691056910569,0.08285249297233319,0.9105691056910569,0.08137298416925581,0.8943089430894309,0.08196478769048676,0.9008130081300812,0.0842580263352567,0.9260162601626016,0.0780440893623317,0.8577235772357723,0.08277851753217931,0.9097560975609756,0.08285249297233319,0.9105691056910569,0.07160822606894511,0.7869918699186992,0.0823346648912561,0.9048780487804878,0.0823346648912561,0.9048780487804878,0.07715638408048528,0.8479674796747968,0.08063322976771711,0.8861788617886179,0.08337032105341027,0.916260162601626,0.08300044385264092,0.9121951219512195,0.08277851753217931,0.9097560975609756,0.08248261577156384,0.9065040650406504,0.0842580263352567,0.9260162601626016,0.08647728953987276,0.9504065040650407,0.08285249297233319,0.9105691056910569,0.07930167184494748,0.8715447154471545,0.08248261577156384,0.9065040650406504,0.08433200177541056,0.926829268292683,0.08100310696848646,0.8902439024390244,0.08314839473294866,0.9138211382113821,0.08322237017310254,0.9146341463414634,0.08092913152833259,0.8894308943089431,0.08122503328894808,0.8926829268292683,0.08344429649356414,0.9170731707317074,0.08181683681017902,0.8991869918699187,0.08070720520787099,0.8869918699186992,0.08440597721556443,0.9276422764227642,0.08337032105341027,0.916260162601626,0.08314839473294866,0.9138211382113821,0.08277851753217931,0.9097560975609756,0.08240864033140997,0.9056910569105691,0.07863589288356265,0.8642276422764228,0.08344429649356414,0.9170731707317074,0.08418405089510282,0.9252032520325203,0.08403610001479508,0.9235772357723577,0.0832963456132564,0.9154471544715447,0.08359224737387187,0.9186991869918699,0.08226068945110224,0.9040650406504065,0.08285249297233319,0.9105691056910569,0.08411007545494896,0.9243902439024391,0.08344429649356414,0.9170731707317074,0.0830744192927948,0.9130081300813008,0.08092913152833259,0.8894308943089431,0.08174286137002515,0.8983739837398373,0.08070720520787099,0.8869918699186992,0.08240864033140997,0.9056910569105691,0.0823346648912561,0.9048780487804878,0.0778221630418701,0.8552845528455284,0.08359224737387187,0.9186991869918699,0.08300044385264092,0.9121951219512195,0.08462790353602603,0.9300813008130081,0.08255659121171771,0.9073170731707317,0.08322237017310254,0.9146341463414634,0.08418405089510282,0.9252032520325203,0.08366622281402575,0.9195121951219513,0.08174286137002515,0.8983739837398373,0.08100310696848646,0.8902439024390244,0.08270454209202545,0.9089430894308943,0.08270454209202545,0.9089430894308943,0.08174286137002515,0.8983739837398373,0.08374019825417961,0.9203252032520325,0.08314839473294866,0.9138211382113821,0.08462790353602603,0.9300813008130081,0.08277851753217931,0.9097560975609756,0.0832963456132564,0.9154471544715447,0.0842580263352567,0.9260162601626016,0.08351827193371801,0.9178861788617886
86,0.08276668860130146,0.9203252032520325,0.08166995686188491,0.908130081300813,0.08174307231117935,0.9089430894308943,0.0818161877604738,0.9097560975609756,0.08188930320976823,0.9105691056910569,0.08064634057176281,0.8967479674796748,0.08196241865906266,0.9113821138211382,0.08357095854354026,0.9292682926829269,0.08371718944212912,0.9308943089430894,0.08130437961541273,0.9040650406504065,0.08188930320976823,0.9105691056910569,0.08079257147035168,0.8983739837398373,0.0802076478759962,0.891869918699187,0.08298603494918476,0.9227642276422764,0.08305915039847919,0.9235772357723577,0.08283980405059589,0.9211382113821138,0.08166995686188491,0.908130081300813,0.08232799590553484,0.9154471544715447,0.08218176500694596,0.9138211382113821,0.08291291949989033,0.9219512195121952,0.08437522848577904,0.9382113821138212,0.08247422680412371,0.9170731707317074,0.08276668860130146,0.9203252032520325,0.08137749506470718,0.9048780487804878,0.08298603494918476,0.9227642276422764,0.08283980405059589,0.9211382113821138,0.08145061051400161,0.9056910569105691,0.08152372596329605,0.9065040650406504,0.08364407399283469,0.9300813008130081,0.07742926080280764,0.8609756097560975,0.08218176500694596,0.9138211382113821,0.08254734225341814,0.9178861788617886,0.07238429480149156,0.8048780487804879,0.08247422680412371,0.9170731707317074,0.0818161877604738,0.9097560975609756,0.07720991445492432,0.8585365853658536,0.08035387877458507,0.8934959349593496,0.08320538129706807,0.9252032520325203,0.08291291949989033,0.9219512195121952,0.08269357315200702,0.9195121951219513,0.08196241865906266,0.9113821138211382,0.08415588213789574,0.9357723577235773,0.08583753747166777,0.9544715447154472,0.08210864955765153,0.9130081300813008,0.07969583973093515,0.8861788617886179,0.08210864955765153,0.9130081300813008,0.08379030489142356,0.9317073170731708,0.0804269942238795,0.8943089430894309,0.08276668860130146,0.9203252032520325,0.08320538129706807,0.9252032520325203,0.08071945602105725,0.8975609756097561,0.08108503326752943,0.9016260162601626,0.08313226584777364,0.9243902439024391,0.08115814871682386,0.9024390243902439,0.0802076478759962,0.891869918699187,0.08364407399283469,0.9300813008130081,0.08291291949989033,0.9219512195121952,0.08276668860130146,0.9203252032520325,0.08232799590553484,0.9154471544715447,0.08232799590553484,0.9154471544715447,0.0785991079915186,0.8739837398373984,0.08320538129706807,0.9252032520325203,0.08371718944212912,0.9308943089430894,0.08335161219565694,0.926829268292683,0.08276668860130146,0.9203252032520325,0.08305915039847919,0.9235772357723577,0.08210864955765153,0.9130081300813008,0.08247422680412371,0.9170731707317074,0.08379030489142356,0.9317073170731708,0.08305915039847919,0.9235772357723577,0.08262045770271258,0.9186991869918699,0.08035387877458507,0.8934959349593496,0.08152372596329605,0.9065040650406504,0.08035387877458507,0.8934959349593496,0.0818161877604738,0.9097560975609756,0.08210864955765153,0.9130081300813008,0.07779483804927981,0.865040650406504,0.08313226584777364,0.9243902439024391,0.08232799590553484,0.9154471544715447,0.08371718944212912,0.9308943089430894,0.08210864955765153,0.9130081300813008,0.08291291949989033,0.9219512195121952,0.08386342034071799,0.932520325203252,0.08283980405059589,0.9211382113821138,0.08152372596329605,0.9065040650406504,0.08071945602105725,0.8975609756097561,0.08225488045624041,0.9146341463414634,0.08247422680412371,0.9170731707317074,0.08152372596329605,0.9065040650406504,0.08305915039847919,0.9235772357723577,0.08254734225341814,0.9178861788617886,0.08386342034071799,0.932520325203252,0.08210864955765153,0.9130081300813008,0.08291291949989033,0.9219512195121952,0.08379030489142356,0.9317073170731708,0.08298603494918476,0.9227642276422764
87,0.0823937554206418,0.926829268292683,0.08159872795605666,0.9178861788617886,0.08123735183579069,0.9138211382113821,0.08130962705984389,0.9146341463414634,0.08152645273200347,0.9170731707317074,0.08044232437120555,0.9048780487804878,0.08167100318010986,0.9186991869918699,0.08304423243712056,0.9341463414634147,0.08326105810928014,0.9365853658536586,0.08094825093957791,0.9105691056910569,0.08152645273200347,0.9170731707317074,0.08044232437120555,0.9048780487804878,0.0799363978028332,0.8991869918699187,0.08275513154090777,0.9308943089430894,0.08289968198901417,0.932520325203252,0.08253830586874819,0.9284552845528455,0.08130962705984389,0.9146341463414634,0.08188782885226945,0.9211382113821138,0.08145417750795027,0.916260162601626,0.082466030644695,0.9276422764227642,0.0838392599017057,0.943089430894309,0.08181555362821624,0.9203252032520325,0.08224920497253542,0.9252032520325203,0.08065915004336513,0.9073170731707317,0.08275513154090777,0.9308943089430894,0.082466030644695,0.9276422764227642,0.08094825093957791,0.9105691056910569,0.0810205261636311,0.9113821138211382,0.08333333333333333,0.9373983739837398,0.077262214512865,0.8691056910569106,0.08174327840416305,0.9195121951219513,0.08203237930037584,0.9227642276422764,0.07408210465452443,0.8333333333333334,0.08188782885226945,0.9211382113821138,0.08138190228389708,0.9154471544715447,0.07697311361665221,0.8658536585365854,0.0799363978028332,0.8991869918699187,0.08289968198901417,0.932520325203252,0.08253830586874819,0.9284552845528455,0.08232148019658861,0.9260162601626016,0.08138190228389708,0.9154471544715447,0.0837669846776525,0.9422764227642276,0.0851402139346632,0.9577235772357724,0.08196010407632263,0.9219512195121952,0.08022549869904597,0.9024390243902439,0.08196010407632263,0.9219512195121952,0.08333333333333333,0.9373983739837398,0.08000867302688638,0.9,0.082466030644695,0.9276422764227642,0.08268285631685458,0.9300813008130081,0.08037004914715236,0.9040650406504065,0.08051459959525875,0.9056910569105691,0.08275513154090777,0.9308943089430894,0.08123735183579069,0.9138211382113821,0.0799363978028332,0.8991869918699187,0.08289968198901417,0.932520325203252,0.0826105810928014,0.9292682926829269,0.08210465452442903,0.9235772357723577,0.08196010407632263,0.9219512195121952,0.08210465452442903,0.9235772357723577,0.07863544376987569,0.8845528455284553,0.08282740676496098,0.9317073170731708,0.08318878288522695,0.9357723577235773,0.08318878288522695,0.9357723577235773,0.08210465452442903,0.9235772357723577,0.082466030644695,0.9276422764227642,0.08174327840416305,0.9195121951219513,0.08188782885226945,0.9211382113821138,0.08340560855738653,0.9382113821138212,0.082466030644695,0.9276422764227642,0.08224920497253542,0.9252032520325203,0.08008094825093957,0.9008130081300812,0.08130962705984389,0.9146341463414634,0.08022549869904597,0.9024390243902439,0.08159872795605666,0.9178861788617886,0.08174327840416305,0.9195121951219513,0.07769586585718416,0.8739837398373984,0.082466030644695,0.9276422764227642,0.08174327840416305,0.9195121951219513,0.08304423243712056,0.9341463414634147,0.08181555362821624,0.9203252032520325,0.08224920497253542,0.9252032520325203,0.08333333333333333,0.9373983739837398,0.0823937554206418,0.926829268292683,0.08109280138768431,0.9121951219512195,0.08051459959525875,0.9056910569105691,0.08181555362821624,0.9203252032520325,0.082466030644695,0.9276422764227642,0.0811650766117375,0.9130081300813008,0.08275513154090777,0.9308943089430894,0.08203237930037584,0.9227642276422764,0.08311650766117375,0.9349593495934959,0.08188782885226945,0.9211382113821138,0.08224920497253542,0.9252032520325203,0.08347788378143972,0.9390243902439024,0.08268285631685458,0.9300813008130081
88,0.08210075026795284,0.9341463414634147,0.08145766345123258,0.926829268292683,0.08081457663451233,0.9195121951219513,0.08074312254376563,0.9186991869918699,0.0811003929974991,0.9227642276422764,0.08017148981779207,0.9121951219512195,0.08124330117899249,0.9243902439024391,0.08252947481243302,0.9390243902439024,0.0826723829939264,0.9406504065040651,0.08074312254376563,0.9186991869918699,0.08145766345123258,0.926829268292683,0.07988567345480528,0.9089430894308943,0.07959985709181851,0.9056910569105691,0.08210075026795284,0.9341463414634147,0.0826009289031797,0.9398373983739837,0.08252947481243302,0.9390243902439024,0.08102893890675242,0.9219512195121952,0.08174347981421937,0.9300813008130081,0.0811003929974991,0.9227642276422764,0.08181493390496605,0.9308943089430894,0.08324401571989996,0.9471544715447154,0.08152911754197928,0.9276422764227642,0.08174347981421937,0.9300813008130081,0.08002858163629868,0.9105691056910569,0.08224365844944623,0.9357723577235773,0.08202929617720614,0.9333333333333333,0.08074312254376563,0.9186991869918699,0.08088603072525902,0.9203252032520325,0.0826723829939264,0.9406504065040651,0.07717041800643087,0.8780487804878049,0.08181493390496605,0.9308943089430894,0.08181493390496605,0.9308943089430894,0.07409789210432298,0.843089430894309,0.08174347981421937,0.9300813008130081,0.08160057163272598,0.9284552845528455,0.0767416934619507,0.8731707317073171,0.08002858163629868,0.9105691056910569,0.08245802072168631,0.9382113821138212,0.08210075026795284,0.9341463414634147,0.08210075026795284,0.9341463414634147,0.08124330117899249,0.9243902439024391,0.08324401571989996,0.9471544715447154,0.08460164344408717,0.9626016260162602,0.08145766345123258,0.926829268292683,0.08024294390853877,0.9130081300813008,0.08152911754197928,0.9276422764227642,0.0827438370846731,0.9414634146341463,0.0795284030010718,0.9048780487804878,0.08202929617720614,0.9333333333333333,0.08210075026795284,0.9341463414634147,0.0798142193640586,0.908130081300813,0.08017148981779207,0.9121951219512195,0.08217220435869954,0.9349593495934959,0.08067166845301893,0.9178861788617886,0.07938549481957842,0.9032520325203252,0.08231511254019293,0.9365853658536586,0.08210075026795284,0.9341463414634147,0.08152911754197928,0.9276422764227642,0.08131475526973919,0.9252032520325203,0.08152911754197928,0.9276422764227642,0.07859949982136477,0.8943089430894309,0.08224365844944623,0.9357723577235773,0.08288674526616649,0.943089430894309,0.08295819935691319,0.9439024390243902,0.08167202572347267,0.9292682926829269,0.08195784208645945,0.932520325203252,0.0811718470882458,0.9235772357723577,0.08131475526973919,0.9252032520325203,0.08295819935691319,0.9439024390243902,0.08202929617720614,0.9333333333333333,0.08174347981421937,0.9300813008130081,0.07967131118256521,0.9065040650406504,0.08095748481600572,0.9211382113821138,0.08002858163629868,0.9105691056910569,0.08167202572347267,0.9292682926829269,0.08102893890675242,0.9219512195121952,0.07774205073240444,0.8845528455284553,0.08202929617720614,0.9333333333333333,0.0811718470882458,0.9235772357723577,0.08252947481243302,0.9390243902439024,0.08124330117899249,0.9243902439024391,0.08174347981421937,0.9300813008130081,0.08288674526616649,0.943089430894309,0.08181493390496605,0.9308943089430894,0.08081457663451233,0.9195121951219513,0.08024294390853877,0.9130081300813008,0.08195784208645945,0.932520325203252,0.08181493390496605,0.9308943089430894,0.08067166845301893,0.9178861788617886,0.08238656663093961,0.9373983739837398,0.08160057163272598,0.9284552845528455,0.08252947481243302,0.9390243902439024,0.08131475526973919,0.9252032520325203,0.08174347981421937,0.9300813008130081,0.08295819935691319,0.9439024390243902,0.08231511254019293,0.9365853658536586
89,0.0814610710753144,0.9373983739837398,0.08117846545146248,0.9341463414634147,0.08025999717394376,0.9235772357723577,0.08033064857990674,0.9243902439024391,0.08082520842164759,0.9300813008130081,0.07976543733220291,0.9178861788617886,0.08089585982761056,0.9308943089430894,0.08181432810512929,0.9414634146341463,0.08259149357072205,0.9504065040650407,0.08054260279779568,0.926829268292683,0.08103716263953653,0.932520325203252,0.07948283170835099,0.9146341463414634,0.07948283170835099,0.9146341463414634,0.08188497951109228,0.9422764227642276,0.08230888794687015,0.9471544715447154,0.08223823654090716,0.9463414634146341,0.08075455701568461,0.9292682926829269,0.08139041966935143,0.9365853658536586,0.08075455701568461,0.9292682926829269,0.0814610710753144,0.9373983739837398,0.082803447788611,0.9528455284552846,0.08096651123357355,0.9317073170731708,0.08167302529320333,0.9398373983739837,0.07948283170835099,0.9146341463414634,0.08160237388724036,0.9390243902439024,0.08167302529320333,0.9398373983739837,0.08068390560972163,0.9284552845528455,0.08068390560972163,0.9284552845528455,0.08216758513494418,0.9455284552845529,0.0767980782817578,0.883739837398374,0.08117846545146248,0.9341463414634147,0.0814610710753144,0.9373983739837398,0.07446658188497951,0.8569105691056911,0.08153172248127738,0.9382113821138212,0.08131976826338844,0.9357723577235773,0.07637416984597993,0.8788617886178862,0.08018934576798079,0.9227642276422764,0.08195563091705525,0.943089430894309,0.08174367669916631,0.9406504065040651,0.08160237388724036,0.9390243902439024,0.08089585982761056,0.9308943089430894,0.08287409919457397,0.9536585365853658,0.08414582450190759,0.9682926829268292,0.08103716263953653,0.932520325203252,0.08033064857990674,0.9243902439024391,0.08131976826338844,0.9357723577235773,0.0820969337289812,0.9447154471544715,0.07884696905468419,0.9073170731707317,0.08174367669916631,0.9406504065040651,0.08160237388724036,0.9390243902439024,0.07969478592623994,0.9170731707317074,0.07990674014412887,0.9195121951219513,0.0814610710753144,0.9373983739837398,0.08061325420375866,0.9276422764227642,0.0791295746785361,0.9105691056910569,0.0820969337289812,0.9447154471544715,0.08195563091705525,0.943089430894309,0.08139041966935143,0.9365853658536586,0.08082520842164759,0.9300813008130081,0.08096651123357355,0.9317073170731708,0.0784937120248693,0.9032520325203252,0.08216758513494418,0.9455284552845529,0.08237953935283313,0.9479674796747968,0.0824501907587961,0.948780487804878,0.08089585982761056,0.9308943089430894,0.08153172248127738,0.9382113821138212,0.08082520842164759,0.9300813008130081,0.08089585982761056,0.9308943089430894,0.08259149357072205,0.9504065040650407,0.08153172248127738,0.9382113821138212,0.08131976826338844,0.9357723577235773,0.07927087749046206,0.9121951219512195,0.08068390560972163,0.9284552845528455,0.07969478592623994,0.9170731707317074,0.08103716263953653,0.932520325203252,0.08068390560972163,0.9284552845528455,0.0775045923413876,0.891869918699187,0.0814610710753144,0.9373983739837398,0.08075455701568461,0.9292682926829269,0.08195563091705525,0.943089430894309,0.08068390560972163,0.9284552845528455,0.08131976826338844,0.9357723577235773,0.08266214497668503,0.9512195121951219,0.08110781404549951,0.9333333333333333,0.08047195139183269,0.9260162601626016,0.08033064857990674,0.9243902439024391,0.0814610710753144,0.9373983739837398,0.08160237388724036,0.9390243902439024,0.08047195139183269,0.9260162601626016,0.08181432810512929,0.9414634146341463,0.08110781404549951,0.9333333333333333,0.08195563091705525,0.943089430894309,0.08075455701568461,0.9292682926829269,0.08160237388724036,0.9390243902439024,0.08287409919457397,0.9536585365853658,0.08160237388724036,0.9390243902439024
90,0.08125480332564801,0.9455284552845529,0.08090547055124712,0.9414634146341463,0.07957800600852372,0.9260162601626016,0.0796478725634039,0.926829268292683,0.08055613777684623,0.9373983739837398,0.07978760567316426,0.9284552845528455,0.08034653811220568,0.9349593495934959,0.08125480332564801,0.9455284552845529,0.08202333542932998,0.9544715447154472,0.08013693844756516,0.932520325203252,0.08069587088660658,0.9390243902439024,0.0789492070146021,0.9186991869918699,0.07985747222804443,0.9292682926829269,0.08146440299028855,0.9479674796747968,0.08223293509397052,0.9569105691056911,0.08167400265492908,0.9504065040650407,0.08048627122196604,0.9365853658536586,0.08083560399636694,0.9406504065040651,0.08034653811220568,0.9349593495934959,0.08104520366100748,0.943089430894309,0.08237266820373088,0.9585365853658536,0.08041640466708587,0.9357723577235773,0.0813246698805282,0.9463414634146341,0.07936840634388319,0.9235772357723577,0.08167400265492908,0.9504065040650407,0.08146440299028855,0.9479674796747968,0.08041640466708587,0.9357723577235773,0.08041640466708587,0.9357723577235773,0.08202333542932998,0.9544715447154472,0.07664361070355621,0.891869918699187,0.08048627122196604,0.9365853658536586,0.08090547055124712,0.9414634146341463,0.07496681338643192,0.8723577235772357,0.08118493677076784,0.9447154471544715,0.08076573744148675,0.9398373983739837,0.07608467826451477,0.8853658536585366,0.07978760567316426,0.9284552845528455,0.08174386920980926,0.9512195121951219,0.08118493677076784,0.9447154471544715,0.08111507021588765,0.9439024390243902,0.08111507021588765,0.9439024390243902,0.08244253475861105,0.959349593495935,0.08349053308181374,0.9715447154471545,0.08069587088660658,0.9390243902439024,0.07999720533780479,0.9308943089430894,0.08104520366100748,0.943089430894309,0.0813246698805282,0.9463414634146341,0.07839027457556068,0.9121951219512195,0.0819534688744498,0.9536585365853658,0.08111507021588765,0.9439024390243902,0.0796478725634039,0.926829268292683,0.07943827289876336,0.9243902439024391,0.0809753371061273,0.9422764227642276,0.08034653811220568,0.9349593495934959,0.07901907356948229,0.9195121951219513,0.08160413610004891,0.9495934959349593,0.0813246698805282,0.9463414634146341,0.0809753371061273,0.9422764227642276,0.08090547055124712,0.9414634146341463,0.08055613777684623,0.9373983739837398,0.07832040802068051,0.9113821138211382,0.08167400265492908,0.9504065040650407,0.08188360231956962,0.9528455284552846,0.08181373576468945,0.9520325203252032,0.08069587088660658,0.9390243902439024,0.08111507021588765,0.9439024390243902,0.08034653811220568,0.9349593495934959,0.08048627122196604,0.9365853658536586,0.08223293509397052,0.9569105691056911,0.08111507021588765,0.9439024390243902,0.08104520366100748,0.943089430894309,0.07873960734996158,0.916260162601626,0.08006707189268497,0.9317073170731708,0.0796478725634039,0.926829268292683,0.08055613777684623,0.9373983739837398,0.08020680500244533,0.9333333333333333,0.07762174247187871,0.9032520325203252,0.08083560399636694,0.9406504065040651,0.08027667155732551,0.9341463414634147,0.08174386920980926,0.9512195121951219,0.08034653811220568,0.9349593495934959,0.0809753371061273,0.9422764227642276,0.08216306853909033,0.9560975609756097,0.08076573744148675,0.9398373983739837,0.07999720533780479,0.9308943089430894,0.07971773911828407,0.9276422764227642,0.0813246698805282,0.9463414634146341,0.08125480332564801,0.9455284552845529,0.08013693844756516,0.932520325203252,0.08111507021588765,0.9439024390243902,0.0806260043317264,0.9382113821138212,0.08167400265492908,0.9504065040650407,0.08048627122196604,0.9365853658536586,0.0809753371061273,0.9422764227642276,0.08230280164885069,0.9577235772357724,0.08111507021588765,0.9439024390243902
91,0.08119126589275844,0.9552845528455285,0.08050027639579878,0.9471544715447154,0.07953289110005528,0.9357723577235773,0.07960199004975124,0.9365853658536586,0.08029297954671089,0.9447154471544715,0.07918739635157546,0.9317073170731708,0.08008568269762299,0.9422764227642276,0.08084577114427861,0.9512195121951219,0.08167495854063019,0.9609756097560975,0.07960199004975124,0.9365853658536586,0.08008568269762299,0.9422764227642276,0.0787037037037037,0.9260162601626016,0.07946379215035931,0.9349593495934959,0.08091487009397458,0.9520325203252032,0.08195135433941404,0.9642276422764228,0.08153676064123826,0.959349593495935,0.08029297954671089,0.9447154471544715,0.08043117744610281,0.9463414634146341,0.0798783858485351,0.9398373983739837,0.08043117744610281,0.9463414634146341,0.08181315644002211,0.9626016260162602,0.08015478164731896,0.943089430894309,0.08091487009397458,0.9520325203252032,0.07877280265339967,0.926829268292683,0.08132946379215036,0.9569105691056911,0.08132946379215036,0.9569105691056911,0.0798783858485351,0.9398373983739837,0.07980928689883914,0.9390243902439024,0.08153676064123826,0.959349593495935,0.07614704256495301,0.8959349593495934,0.07980928689883914,0.9390243902439024,0.08022388059701492,0.9439024390243902,0.07566334991708126,0.8902439024390244,0.08091487009397458,0.9520325203252032,0.08043117744610281,0.9463414634146341,0.07600884466556108,0.8943089430894309,0.07932559425096739,0.9333333333333333,0.0812603648424544,0.9560975609756097,0.08091487009397458,0.9520325203252032,0.08084577114427861,0.9512195121951219,0.0806384742951907,0.948780487804878,0.08174405749032615,0.9617886178861789,0.08291873963515754,0.975609756097561,0.08029297954671089,0.9447154471544715,0.07974018794914317,0.9382113821138212,0.08091487009397458,0.9520325203252032,0.08098396904367054,0.9528455284552846,0.07787451630735213,0.916260162601626,0.08139856274184633,0.9577235772357724,0.0806384742951907,0.948780487804878,0.07932559425096739,0.9333333333333333,0.07932559425096739,0.9333333333333333,0.08036207849640685,0.9455284552845529,0.08001658374792703,0.9414634146341463,0.07904919845218353,0.9300813008130081,0.0810530679933665,0.9536585365853658,0.08091487009397458,0.9520325203252032,0.08056937534549474,0.9479674796747968,0.08050027639579878,0.9471544715447154,0.08008568269762299,0.9422764227642276,0.07822001105583196,0.9203252032520325,0.08119126589275844,0.9552845528455285,0.08132946379215036,0.9569105691056911,0.0812603648424544,0.9560975609756097,0.08036207849640685,0.9455284552845529,0.08077667219458264,0.9504065040650407,0.08015478164731896,0.943089430894309,0.08008568269762299,0.9422764227642276,0.08146766169154229,0.9585365853658536,0.08056937534549474,0.9479674796747968,0.08050027639579878,0.9471544715447154,0.07849640685461581,0.9235772357723577,0.08015478164731896,0.943089430894309,0.07925649530127142,0.932520325203252,0.08036207849640685,0.9455284552845529,0.08001658374792703,0.9414634146341463,0.0779436152570481,0.9170731707317074,0.08029297954671089,0.9447154471544715,0.08015478164731896,0.943089430894309,0.08139856274184633,0.9577235772357724,0.08043117744610281,0.9463414634146341,0.08043117744610281,0.9463414634146341,0.08153676064123826,0.959349593495935,0.08036207849640685,0.9455284552845529,0.07974018794914317,0.9382113821138212,0.07939469320066335,0.9341463414634147,0.08077667219458264,0.9504065040650407,0.08084577114427861,0.9512195121951219,0.07994748479823106,0.9406504065040651,0.08043117744610281,0.9463414634146341,0.08008568269762299,0.9422764227642276,0.08132946379215036,0.9569105691056911,0.08043117744610281,0.9463414634146341,0.08043117744610281,0.9463414634146341,0.08153676064123826,0.959349593495935,0.08077667219458264,0.9504065040650407
92,0.08065067322807737,0.959349593495935,0.08024058505912104,0.9544715447154472,0.07955710477752717,0.9463414634146341,0.07955710477752717,0.9463414634146341,0.08017223703096166,0.9536585365853658,0.0788736244959333,0.9382113821138212,0.08003554097464288,0.9520325203252032,0.08065067322807737,0.959349593495935,0.08119745745335247,0.9658536585365853,0.07921536463673023,0.9422764227642276,0.07962545280568656,0.9471544715447154,0.0782584922424988,0.9308943089430894,0.07907866858041146,0.9406504065040651,0.0805139771717586,0.9577235772357724,0.08147084956599002,0.9691056910569106,0.08106076139703369,0.9642276422764228,0.0804456291435992,0.9569105691056911,0.07983049689016472,0.9495934959349593,0.07948875674936778,0.9455284552845529,0.08037728111543982,0.9560975609756097,0.08126580548151185,0.9666666666666667,0.07976214886200533,0.948780487804878,0.08030893308728043,0.9552845528455285,0.07832684027065819,0.9317073170731708,0.08085571731255553,0.9617886178861789,0.08085571731255553,0.9617886178861789,0.07914701660857085,0.9414634146341463,0.0794204087212084,0.9447154471544715,0.08085571731255553,0.9617886178861789,0.07593465928507963,0.9032520325203252,0.07928371266488962,0.943089430894309,0.07969380083384595,0.9479674796747968,0.07668648759483289,0.9121951219512195,0.08037728111543982,0.9560975609756097,0.08030893308728043,0.9552845528455285,0.07572961520060147,0.9008130081300812,0.07928371266488962,0.943089430894309,0.08092406534071492,0.9626016260162602,0.0804456291435992,0.9569105691056911,0.08037728111543982,0.9560975609756097,0.08010388900280227,0.9528455284552846,0.08112910942519308,0.9650406504065041,0.08229102590390268,0.9788617886178862,0.07983049689016472,0.9495934959349593,0.0794204087212084,0.9447154471544715,0.08071902125623676,0.9601626016260163,0.08024058505912104,0.9544715447154472,0.07736996787642676,0.9203252032520325,0.08112910942519308,0.9650406504065041,0.0805139771717586,0.9577235772357724,0.07901032055225207,0.9398373983739837,0.07935206069304901,0.9439024390243902,0.08003554097464288,0.9520325203252032,0.07962545280568656,0.9471544715447154,0.07907866858041146,0.9406504065040651,0.0805139771717586,0.9577235772357724,0.0804456291435992,0.9569105691056911,0.08003554097464288,0.9520325203252032,0.08010388900280227,0.9528455284552846,0.07969380083384595,0.9479674796747968,0.07839518829881757,0.932520325203252,0.08058232519991798,0.9585365853658536,0.0809924133688743,0.9634146341463414,0.08106076139703369,0.9642276422764228,0.08010388900280227,0.9528455284552846,0.08030893308728043,0.9552845528455285,0.08010388900280227,0.9528455284552846,0.07989884491832411,0.9504065040650407,0.08126580548151185,0.9666666666666667,0.08003554097464288,0.9520325203252032,0.07983049689016472,0.9495934959349593,0.07832684027065819,0.9317073170731708,0.07989884491832411,0.9504065040650407,0.0788736244959333,0.9382113821138212,0.08003554097464288,0.9520325203252032,0.07989884491832411,0.9504065040650407,0.07853188435513636,0.9341463414634147,0.07969380083384595,0.9479674796747968,0.07969380083384595,0.9479674796747968,0.08085571731255553,0.9617886178861789,0.0799671929464835,0.9512195121951219,0.07969380083384595,0.9479674796747968,0.08112910942519308,0.9650406504065041,0.07983049689016472,0.9495934959349593,0.07983049689016472,0.9495934959349593,0.07914701660857085,0.9414634146341463,0.08037728111543982,0.9560975609756097,0.08024058505912104,0.9544715447154472,0.07989884491832411,0.9504065040650407,0.07983049689016472,0.9495934959349593,0.07989884491832411,0.9504065040650407,0.0809924133688743,0.9634146341463414,0.08010388900280227,0.9528455284552846,0.07976214886200533,0.948780487804878,0.08112910942519308,0.9650406504065041,0.08003554097464288,0.9520325203252032
93,0.0803921568627451,0.9666666666666667,0.07964841108857336,0.9577235772357724,0.07931034482758621,0.9536585365853658,0.07937795807978364,0.9544715447154472,0.07964841108857336,0.9577235772357724,0.07870182555780933,0.9463414634146341,0.07958079783637594,0.9569105691056911,0.07998647734956052,0.9617886178861789,0.08073022312373225,0.9707317073170731,0.07890466531440163,0.948780487804878,0.07924273157538878,0.9528455284552846,0.0779580797836376,0.9373983739837398,0.07890466531440163,0.948780487804878,0.07985125084516566,0.9601626016260163,0.08079783637592969,0.9715447154471545,0.08086544962812711,0.9723577235772358,0.0801893171061528,0.9642276422764228,0.07985125084516566,0.9601626016260163,0.07917511832319135,0.9520325203252032,0.08005409060175794,0.9626016260162602,0.08093306288032455,0.973170731707317,0.07931034482758621,0.9536585365853658,0.0797160243407708,0.9585365853658536,0.07809330628803246,0.9390243902439024,0.0803921568627451,0.9666666666666667,0.08073022312373225,0.9707317073170731,0.07876943881000677,0.9471544715447154,0.07890466531440163,0.948780487804878,0.0803921568627451,0.9666666666666667,0.07613252197430696,0.9154471544715447,0.07897227856659905,0.9495934959349593,0.07937795807978364,0.9544715447154472,0.07674104124408385,0.9227642276422764,0.07991886409736308,0.9609756097560975,0.07998647734956052,0.9617886178861789,0.07525354969574037,0.9048780487804878,0.07890466531440163,0.948780487804878,0.0803921568627451,0.9666666666666667,0.07998647734956052,0.9617886178861789,0.07991886409736308,0.9609756097560975,0.07958079783637594,0.9569105691056911,0.08106828938471941,0.9747967479674797,0.08174442190669372,0.9829268292682927,0.07985125084516566,0.9601626016260163,0.07964841108857336,0.9577235772357724,0.08012170385395538,0.9634146341463414,0.0797160243407708,0.9585365853658536,0.07660581473968898,0.9211382113821138,0.08052738336713997,0.9682926829268292,0.08012170385395538,0.9634146341463414,0.07870182555780933,0.9463414634146341,0.07903989181879649,0.9504065040650407,0.0795131845841785,0.9560975609756097,0.07958079783637594,0.9569105691056911,0.07917511832319135,0.9520325203252032,0.07998647734956052,0.9617886178861789,0.07991886409736308,0.9609756097560975,0.07924273157538878,0.9528455284552846,0.07978363759296822,0.959349593495935,0.0795131845841785,0.9560975609756097,0.0786342123056119,0.9455284552845529,0.08052738336713997,0.9682926829268292,0.08066260987153483,0.9699186991869919,0.08066260987153483,0.9699186991869919,0.07978363759296822,0.959349593495935,0.0797160243407708,0.9585365853658536,0.07985125084516566,0.9601626016260163,0.07931034482758621,0.9536585365853658,0.08086544962812711,0.9723577235772358,0.0795131845841785,0.9560975609756097,0.07944557133198107,0.9552845528455285,0.07768762677484788,0.9341463414634147,0.07944557133198107,0.9552845528455285,0.07870182555780933,0.9463414634146341,0.07978363759296822,0.959349593495935,0.07958079783637594,0.9569105691056911,0.07924273157538878,0.9528455284552846,0.07944557133198107,0.9552845528455285,0.07931034482758621,0.9536585365853658,0.0801893171061528,0.9642276422764228,0.0797160243407708,0.9585365853658536,0.07964841108857336,0.9577235772357724,0.08073022312373225,0.9707317073170731,0.07985125084516566,0.9601626016260163,0.07944557133198107,0.9552845528455285,0.07870182555780933,0.9463414634146341,0.07998647734956052,0.9617886178861789,0.08005409060175794,0.9626016260162602,0.0795131845841785,0.9560975609756097,0.07944557133198107,0.9552845528455285,0.07944557133198107,0.9552845528455285,0.08012170385395538,0.9634146341463414,0.07978363759296822,0.959349593495935,0.07985125084516566,0.9601626016260163,0.08073022312373225,0.9707317073170731,0.07944557133198107,0.9552845528455285
94,0.07980466920864272,0.9699186991869919,0.07933641046223827,0.9642276422764228,0.07886815171583383,0.9585365853658536,0.07880125760920463,0.9577235772357724,0.07926951635560907,0.9634146341463414,0.078600575289317,0.9552845528455285,0.07920262224897986,0.9626016260162602,0.07933641046223827,0.9642276422764228,0.08013913974178875,0.9739837398373984,0.07893504582246304,0.959349593495935,0.07873436350257543,0.9569105691056911,0.07786474011639574,0.9463414634146341,0.078600575289317,0.9552845528455285,0.0796039868887551,0.967479674796748,0.08060739848819319,0.9796747967479674,0.08047361027493478,0.9780487804878049,0.0796039868887551,0.967479674796748,0.0796708809953843,0.9682926829268292,0.07913572814235066,0.9617886178861789,0.0795370927821259,0.9666666666666667,0.08033982206167636,0.9764227642276423,0.07906883403572146,0.9609756097560975,0.07900193992909224,0.9601626016260163,0.07786474011639574,0.9463414634146341,0.08000535152853033,0.9723577235772358,0.08020603384841796,0.9747967479674797,0.0784667870760586,0.9536585365853658,0.078600575289317,0.9552845528455285,0.07980466920864272,0.9699186991869919,0.07599170513077798,0.9235772357723577,0.0785336811826878,0.9544715447154472,0.07886815171583383,0.9585365853658536,0.07699511673021607,0.9357723577235773,0.08007224563515954,0.973170731707317,0.0795370927821259,0.9666666666666667,0.07498829353133989,0.9113821138211382,0.07866746939594622,0.9560975609756097,0.07993845742190113,0.9715447154471545,0.07947019867549669,0.9658536585365853,0.07947019867549669,0.9658536585365853,0.07913572814235066,0.9617886178861789,0.08027292795504716,0.975609756097561,0.08094186902133922,0.983739837398374,0.0796708809953843,0.9682926829268292,0.07926951635560907,0.9634146341463414,0.07987156331527193,0.9707317073170731,0.07947019867549669,0.9658536585365853,0.07632617566392401,0.9276422764227642,0.08007224563515954,0.973170731707317,0.0796039868887551,0.967479674796748,0.07866746939594622,0.9560975609756097,0.07866746939594622,0.9560975609756097,0.07933641046223827,0.9642276422764228,0.07913572814235066,0.9617886178861789,0.07920262224897986,0.9626016260162602,0.07933641046223827,0.9642276422764228,0.0796039868887551,0.967479674796748,0.07893504582246304,0.959349593495935,0.07893504582246304,0.959349593495935,0.07906883403572146,0.9609756097560975,0.0785336811826878,0.9544715447154472,0.08000535152853033,0.9723577235772358,0.08020603384841796,0.9747967479674797,0.08020603384841796,0.9747967479674797,0.0796039868887551,0.967479674796748,0.07920262224897986,0.9626016260162602,0.07933641046223827,0.9642276422764228,0.07886815171583383,0.9585365853658536,0.08054050438156399,0.9788617886178862,0.07906883403572146,0.9609756097560975,0.07906883403572146,0.9609756097560975,0.07759716368987893,0.943089430894309,0.07900193992909224,0.9601626016260163,0.0785336811826878,0.9544715447154472,0.07913572814235066,0.9617886178861789,0.07900193992909224,0.9601626016260163,0.07866746939594622,0.9560975609756097,0.07900193992909224,0.9601626016260163,0.07893504582246304,0.959349593495935,0.07973777510201352,0.9691056910569106,0.07933641046223827,0.9642276422764228,0.07933641046223827,0.9642276422764228,0.08013913974178875,0.9739837398373984,0.0795370927821259,0.9666666666666667,0.07900193992909224,0.9601626016260163,0.07893504582246304,0.959349593495935,0.07947019867549669,0.9658536585365853,0.0795370927821259,0.9666666666666667,0.0796039868887551,0.967479674796748,0.07906883403572146,0.9609756097560975,0.07920262224897986,0.9626016260162602,0.0796039868887551,0.967479674796748,0.0796708809953843,0.9682926829268292,0.07933641046223827,0.9642276422764228,0.08013913974178875,0.9739837398373984,0.07913572814235066,0.9617886178861789
95,0.07969287794545936,0.9788617886178862,0.07889859676992322,0.9691056910569106,0.07863383637807785,0.9658536585365853,0.07863383637807785,0.9658536585365853,0.07896478686788456,0.9699186991869919,0.07830288588827111,0.9617886178861789,0.0790309769658459,0.9707317073170731,0.07883240667196187,0.9682926829268292,0.0798914482393434,0.9813008130081301,0.07836907598623245,0.9626016260162602,0.07850145618215515,0.9642276422764228,0.07764098490865766,0.9536585365853658,0.07836907598623245,0.9626016260162602,0.07949430765157532,0.9764227642276423,0.08009001853322743,0.983739837398374,0.08015620863118877,0.9845528455284552,0.07883240667196187,0.9682926829268292,0.0791633571617686,0.9723577235772358,0.07876621657400053,0.967479674796748,0.0790309769658459,0.9707317073170731,0.07995763833730474,0.9821138211382113,0.07856764628011649,0.9650406504065041,0.07870002647603919,0.9666666666666667,0.0772438443208896,0.948780487804878,0.07969287794545936,0.9788617886178862,0.07982525814138205,0.9804878048780488,0.07836907598623245,0.9626016260162602,0.07850145618215515,0.9642276422764228,0.07949430765157532,0.9764227642276423,0.07592004236166269,0.932520325203252,0.07817050569234843,0.9601626016260163,0.07843526608419381,0.9634146341463414,0.07731003441885094,0.9495934959349593,0.07969287794545936,0.9788617886178862,0.0791633571617686,0.9723577235772358,0.07453005030447445,0.9154471544715447,0.07863383637807785,0.9658536585365853,0.07982525814138205,0.9804878048780488,0.07936192745565264,0.9747967479674797,0.07936192745565264,0.9747967479674797,0.07876621657400053,0.967479674796748,0.07956049774953666,0.9772357723577236,0.08022239872915012,0.9853658536585366,0.0790309769658459,0.9707317073170731,0.0791633571617686,0.9723577235772358,0.0791633571617686,0.9723577235772358,0.07909716706380726,0.9715447154471545,0.07605242255758539,0.9341463414634147,0.07962668784749802,0.9780487804878049,0.07936192745565264,0.9747967479674797,0.07843526608419381,0.9634146341463414,0.07850145618215515,0.9642276422764228,0.07909716706380726,0.9715447154471545,0.07863383637807785,0.9658536585365853,0.07870002647603919,0.9666666666666667,0.07870002647603919,0.9666666666666667,0.07949430765157532,0.9764227642276423,0.07863383637807785,0.9658536585365853,0.07870002647603919,0.9666666666666667,0.07883240667196187,0.9682926829268292,0.07843526608419381,0.9634146341463414,0.07956049774953666,0.9772357723577236,0.07969287794545936,0.9788617886178862,0.07969287794545936,0.9788617886178862,0.07909716706380726,0.9715447154471545,0.0791633571617686,0.9723577235772358,0.07876621657400053,0.967479674796748,0.07856764628011649,0.9650406504065041,0.07995763833730474,0.9821138211382113,0.07870002647603919,0.9666666666666667,0.07863383637807785,0.9658536585365853,0.07731003441885094,0.9495934959349593,0.07876621657400053,0.967479674796748,0.07870002647603919,0.9666666666666667,0.07922954725972994,0.973170731707317,0.07889859676992322,0.9691056910569106,0.07909716706380726,0.9715447154471545,0.07870002647603919,0.9666666666666667,0.07870002647603919,0.9666666666666667,0.0791633571617686,0.9723577235772358,0.07896478686788456,0.9699186991869919,0.07889859676992322,0.9691056910569106,0.0797590680434207,0.9796747967479674,0.07909716706380726,0.9715447154471545,0.07870002647603919,0.9666666666666667,0.07876621657400053,0.967479674796748,0.0791633571617686,0.9723577235772358,0.07909716706380726,0.9715447154471545,0.07936192745565264,0.9747967479674797,0.07896478686788456,0.9699186991869919,0.07870002647603919,0.9666666666666667,0.0790309769658459,0.9707317073170731,0.0790309769658459,0.9707317073170731,0.07896478686788456,0.9699186991869919,0.0797590680434207,0.9796747967479674,0.07863383637807785,0.9658536585365853
96,0.07912490993646427,0.9821138211382113,0.07833890089736031,0.9723577235772358,0.07846990240387765,0.9739837398373984,0.07840440165061899,0.973170731707317,0.07860090391039497,0.975609756097561,0.07788039562454968,0.9666666666666667,0.07879740617017096,0.9780487804878049,0.07866640466365363,0.9764227642276423,0.07932141219624025,0.9845528455284552,0.078011397131067,0.9682926829268292,0.07840440165061899,0.973170731707317,0.07735638959848039,0.9601626016260163,0.07827340014410165,0.9715447154471545,0.0790594091832056,0.9813008130081301,0.07951791445601625,0.9869918699186991,0.07964891596253357,0.9886178861788618,0.07886290692342962,0.9788617886178862,0.07860090391039497,0.975609756097561,0.07833890089736031,0.9723577235772358,0.07827340014410165,0.9715447154471545,0.07964891596253357,0.9886178861788618,0.078011397131067,0.9682926829268292,0.078207899390843,0.9707317073170731,0.07722538809196305,0.9585365853658536,0.07912490993646427,0.9821138211382113,0.07958341520927491,0.9878048780487805,0.078207899390843,0.9707317073170731,0.078207899390843,0.9707317073170731,0.07919041068972293,0.9829268292682927,0.07624287679308311,0.9463414634146341,0.07781489487129102,0.9658536585365853,0.07814239863758433,0.9699186991869919,0.07755289185825637,0.9626016260162602,0.07945241370275759,0.9861788617886179,0.07899390842994694,0.9804878048780488,0.07434335494858191,0.9227642276422764,0.07833890089736031,0.9723577235772358,0.07958341520927491,0.9878048780487805,0.07899390842994694,0.9804878048780488,0.07892840767668828,0.9796747967479674,0.07866640466365363,0.9764227642276423,0.07919041068972293,0.9829268292682927,0.07951791445601625,0.9869918699186991,0.07833890089736031,0.9723577235772358,0.07899390842994694,0.9804878048780488,0.07892840767668828,0.9796747967479674,0.07860090391039497,0.975609756097561,0.07584987227353114,0.9414634146341463,0.0792559114429816,0.983739837398374,0.07892840767668828,0.9796747967479674,0.078011397131067,0.9682926829268292,0.07827340014410165,0.9715447154471545,0.07886290692342962,0.9788617886178862,0.07807689788432567,0.9691056910569106,0.07827340014410165,0.9715447154471545,0.07833890089736031,0.9723577235772358,0.0792559114429816,0.983739837398374,0.07846990240387765,0.9739837398373984,0.07846990240387765,0.9739837398373984,0.07846990240387765,0.9739837398373984,0.078011397131067,0.9682926829268292,0.07938691294949891,0.9853658536585366,0.07938691294949891,0.9853658536585366,0.07932141219624025,0.9845528455284552,0.0787319054169123,0.9772357723577236,0.0787319054169123,0.9772357723577236,0.07846990240387765,0.9739837398373984,0.07827340014410165,0.9715447154471545,0.07958341520927491,0.9878048780487805,0.0787319054169123,0.9772357723577236,0.07833890089736031,0.9723577235772358,0.07729088884522171,0.959349593495935,0.07846990240387765,0.9739837398373984,0.07860090391039497,0.975609756097561,0.07892840767668828,0.9796747967479674,0.07866640466365363,0.9764227642276423,0.07833890089736031,0.9723577235772358,0.07866640466365363,0.9764227642276423,0.07827340014410165,0.9715447154471545,0.07912490993646427,0.9821138211382113,0.07866640466365363,0.9764227642276423,0.07892840767668828,0.9796747967479674,0.07932141219624025,0.9845528455284552,0.07866640466365363,0.9764227642276423,0.07833890089736031,0.9723577235772358,0.0787319054169123,0.9772357723577236,0.07866640466365363,0.9764227642276423,0.0787319054169123,0.9772357723577236,0.07938691294949891,0.9853658536585366,0.07866640466365363,0.9764227642276423,0.07866640466365363,0.9764227642276423,0.07912490993646427,0.9821138211382113,0.07879740617017096,0.9780487804878049,0.07886290692342962,0.9788617886178862,0.07932141219624025,0.9845528455284552,0.07833890089736031,0.9723577235772358
97,0.07876312718786464,0.9878048780487805,0.07811487099701803,0.9796747967479674,0.07779074290159471,0.975609756097561,0.07779074290159471,0.975609756097561,0.07856865033061065,0.9853658536585366,0.07772591728251005,0.9747967479674797,0.07843899909244133,0.983739837398374,0.07824452223518735,0.9813008130081301,0.07895760404511863,0.9902439024390244,0.0774666148061714,0.9715447154471545,0.07811487099701803,0.9796747967479674,0.07740178918708673,0.9707317073170731,0.07792039413976404,0.9772357723577236,0.07869830156877998,0.9869918699186991,0.0790224296642033,0.9910569105691057,0.07908725528328796,0.991869918699187,0.07837417347335666,0.9829268292682927,0.07843899909244133,0.983739837398374,0.078309347854272,0.9821138211382113,0.0779852197588487,0.9780487804878049,0.07941138337871127,0.9959349593495935,0.0779852197588487,0.9780487804878049,0.07792039413976404,0.9772357723577236,0.07714248671074808,0.967479674796748,0.07876312718786464,0.9878048780487805,0.07908725528328796,0.991869918699187,0.07792039413976404,0.9772357723577236,0.07805004537793336,0.9788617886178862,0.07856865033061065,0.9853658536585366,0.07701283547257877,0.9658536585365853,0.07753144042525606,0.9723577235772358,0.07779074290159471,0.975609756097561,0.07779074290159471,0.975609756097561,0.07908725528328796,0.991869918699187,0.07837417347335666,0.9829268292682927,0.0748735900427849,0.9390243902439024,0.07805004537793336,0.9788617886178862,0.07895760404511863,0.9902439024390244,0.07843899909244133,0.983739837398374,0.078309347854272,0.9821138211382113,0.07837417347335666,0.9829268292682927,0.07863347594969532,0.9861788617886179,0.07915208090237262,0.9926829268292683,0.07824452223518735,0.9813008130081301,0.07869830156877998,0.9869918699186991,0.07869830156877998,0.9869918699186991,0.078309347854272,0.9821138211382113,0.07668870737715545,0.9617886178861789,0.07876312718786464,0.9878048780487805,0.078309347854272,0.9821138211382113,0.07792039413976404,0.9772357723577236,0.07811487099701803,0.9796747967479674,0.07837417347335666,0.9829268292682927,0.07805004537793336,0.9788617886178862,0.07811487099701803,0.9796747967479674,0.0779852197588487,0.9780487804878049,0.0788279528069493,0.9886178861788618,0.07811487099701803,0.9796747967479674,0.07824452223518735,0.9813008130081301,0.078309347854272,0.9821138211382113,0.07772591728251005,0.9747967479674797,0.07869830156877998,0.9869918699186991,0.07889277842603397,0.989430894308943,0.07876312718786464,0.9878048780487805,0.07817969661610269,0.9804878048780488,0.07863347594969532,0.9861788617886179,0.07817969661610269,0.9804878048780488,0.07792039413976404,0.9772357723577236,0.07921690652145728,0.9934959349593496,0.07817969661610269,0.9804878048780488,0.07779074290159471,0.975609756097561,0.07740178918708673,0.9707317073170731,0.07824452223518735,0.9813008130081301,0.07824452223518735,0.9813008130081301,0.07837417347335666,0.9829268292682927,0.078309347854272,0.9821138211382113,0.07753144042525606,0.9723577235772358,0.078309347854272,0.9821138211382113,0.07811487099701803,0.9796747967479674,0.07869830156877998,0.9869918699186991,0.078309347854272,0.9821138211382113,0.07850382471152599,0.9845528455284552,0.0788279528069493,0.9886178861788618,0.07817969661610269,0.9804878048780488,0.07817969661610269,0.9804878048780488,0.07843899909244133,0.983739837398374,0.07837417347335666,0.9829268292682927,0.07850382471152599,0.9845528455284552,0.07889277842603397,0.989430894308943,0.07817969661610269,0.9804878048780488,0.07817969661610269,0.9804878048780488,0.07869830156877998,0.9869918699186991,0.07837417347335666,0.9829268292682927,0.07850382471152599,0.9845528455284552,0.0788279528069493,0.9886178861788618,0.07792039413976404,0.9772357723577236
98,0.07828039781841514,0.991869918699187,0.07763875521334616,0.983739837398374,0.07770291947385306,0.9845528455284552,0.07763875521334616,0.983739837398374,0.07834456207892204,0.9926829268292683,0.07783124799486686,0.9861788617886179,0.07795957651588066,0.9878048780487805,0.07783124799486686,0.9861788617886179,0.07828039781841514,0.991869918699187,0.07744626243182548,0.9813008130081301,0.07757459095283926,0.9829268292682927,0.07699711260827719,0.975609756097561,0.07751042669233237,0.9821138211382113,0.07815206929740134,0.9902439024390244,0.07840872633942894,0.9934959349593496,0.07840872633942894,0.9934959349593496,0.07802374077638755,0.9886178861788618,0.07808790503689444,0.989430894308943,0.07789541225537376,0.9869918699186991,0.07802374077638755,0.9886178861788618,0.07879371190247032,0.9983739837398374,0.07763875521334616,0.983739837398374,0.07783124799486686,0.9861788617886179,0.07770291947385306,0.9845528455284552,0.07828039781841514,0.991869918699187,0.07853705486044274,0.9951219512195122,0.07770291947385306,0.9845528455284552,0.07770291947385306,0.9845528455284552,0.07821623355790824,0.9910569105691057,0.07693294834777029,0.9747967479674797,0.07744626243182548,0.9813008130081301,0.07763875521334616,0.983739837398374,0.07776708373435996,0.9853658536585366,0.07853705486044274,0.9951219512195122,0.07808790503689444,0.989430894308943,0.07494385627205646,0.9495934959349593,0.07770291947385306,0.9845528455284552,0.07847289059993584,0.9943089430894309,0.07808790503689444,0.989430894308943,0.07789541225537376,0.9869918699186991,0.07802374077638755,0.9886178861788618,0.07834456207892204,0.9926829268292683,0.07853705486044274,0.9951219512195122,0.07795957651588066,0.9878048780487805,0.07828039781841514,0.991869918699187,0.07821623355790824,0.9910569105691057,0.07783124799486686,0.9861788617886179,0.07712544112929098,0.9772357723577236,0.07834456207892204,0.9926829268292683,0.07828039781841514,0.991869918699187,0.07751042669233237,0.9821138211382113,0.07763875521334616,0.983739837398374,0.07802374077638755,0.9886178861788618,0.07795957651588066,0.9878048780487805,0.07802374077638755,0.9886178861788618,0.07757459095283926,0.9829268292682927,0.07853705486044274,0.9951219512195122,0.07770291947385306,0.9845528455284552,0.07776708373435996,0.9853658536585366,0.07776708373435996,0.9853658536585366,0.07763875521334616,0.983739837398374,0.07802374077638755,0.9886178861788618,0.07834456207892204,0.9926829268292683,0.07834456207892204,0.9926829268292683,0.07783124799486686,0.9861788617886179,0.07821623355790824,0.9910569105691057,0.07789541225537376,0.9869918699186991,0.07808790503689444,0.989430894308943,0.07872954764196342,0.9975609756097561,0.07795957651588066,0.9878048780487805,0.07783124799486686,0.9861788617886179,0.07751042669233237,0.9821138211382113,0.07815206929740134,0.9902439024390244,0.07802374077638755,0.9886178861788618,0.07776708373435996,0.9853658536585366,0.07795957651588066,0.9878048780487805,0.07757459095283926,0.9829268292682927,0.07795957651588066,0.9878048780487805,0.07770291947385306,0.9845528455284552,0.07795957651588066,0.9878048780487805,0.07815206929740134,0.9902439024390244,0.07789541225537376,0.9869918699186991,0.07815206929740134,0.9902439024390244,0.07789541225537376,0.9869918699186991,0.07808790503689444,0.989430894308943,0.07802374077638755,0.9886178861788618,0.07795957651588066,0.9878048780487805,0.07795957651588066,0.9878048780487805,0.07840872633942894,0.9934959349593496,0.07802374077638755,0.9886178861788618,0.07795957651588066,0.9878048780487805,0.07802374077638755,0.9886178861788618,0.07815206929740134,0.9902439024390244,0.07789541225537376,0.9869918699186991,0.07815206929740134,0.9902439024390244,0.07776708373435996,0.9853658536585366
99,0.0779979674796748,0.9983739837398374,0.07755335365853659,0.9926829268292683,0.07736280487804878,0.9902439024390244,0.07736280487804878,0.9902439024390244,0.07774390243902439,0.9951219512195122,0.07768038617886179,0.9943089430894309,0.07774390243902439,0.9951219512195122,0.07761686991869919,0.9934959349593496,0.0779979674796748,0.9983739837398374,0.07710873983739837,0.9869918699186991,0.07729928861788618,0.989430894308943,0.07717225609756098,0.9878048780487805,0.07768038617886179,0.9943089430894309,0.07761686991869919,0.9934959349593496,0.07768038617886179,0.9943089430894309,0.07774390243902439,0.9951219512195122,0.07768038617886179,0.9943089430894309,0.07774390243902439,0.9951219512195122,0.07768038617886179,0.9943089430894309,0.07774390243902439,0.9951219512195122,0.0779979674796748,0.9983739837398374,0.07748983739837398,0.991869918699187,0.07723577235772358,0.9886178861788618,0.07736280487804878,0.9902439024390244,0.0779979674796748,0.9983739837398374,0.07787093495934959,0.9967479674796748,0.07768038617886179,0.9943089430894309,0.07761686991869919,0.9934959349593496,0.07774390243902439,0.9951219512195122,0.07704522357723577,0.9861788617886179,0.07761686991869919,0.9934959349593496,0.07736280487804878,0.9902439024390244,0.07748983739837398,0.991869918699187,0.07780741869918699,0.9959349593495935,0.07761686991869919,0.9934959349593496,0.07602896341463415,0.973170731707317,0.07761686991869919,0.9934959349593496,0.07787093495934959,0.9967479674796748,0.07768038617886179,0.9943089430894309,0.07768038617886179,0.9943089430894309,0.07774390243902439,0.9951219512195122,0.0779344512195122,0.9975609756097561,0.0779979674796748,0.9983739837398374,0.07768038617886179,0.9943089430894309,0.07787093495934959,0.9967479674796748,0.07774390243902439,0.9951219512195122,0.07755335365853659,0.9926829268292683,0.07742632113821138,0.9910569105691057,0.0779979674796748,0.9983739837398374,0.07780741869918699,0.9959349593495935,0.07748983739837398,0.991869918699187,0.07748983739837398,0.991869918699187,0.07768038617886179,0.9943089430894309,0.07774390243902439,0.9951219512195122,0.07768038617886179,0.9943089430894309,0.07748983739837398,0.991869918699187,0.0779979674796748,0.9983739837398374,0.07774390243902439,0.9951219512195122,0.07755335365853659,0.9926829268292683,0.07774390243902439,0.9951219512195122,0.07736280487804878,0.9902439024390244,0.07774390243902439,0.9951219512195122,0.07787093495934959,0.9967479674796748,0.07787093495934959,0.9967479674796748,0.07748983739837398,0.991869918699187,0.07768038617886179,0.9943089430894309,0.07761686991869919,0.9934959349593496,0.07787093495934959,0.9967479674796748,0.0779979674796748,0.9983739837398374,0.07768038617886179,0.9943089430894309,0.07755335365853659,0.9926829268292683,0.07780741869918699,0.9959349593495935,0.07748983739837398,0.991869918699187,0.07780741869918699,0.9959349593495935,0.07761686991869919,0.9934959349593496,0.07761686991869919,0.9934959349593496,0.07774390243902439,0.9951219512195122,0.07755335365853659,0.9926829268292683,0.07736280487804878,0.9902439024390244,0.07761686991869919,0.9934959349593496,0.07787093495934959,0.9967479674796748,0.07755335365853659,0.9926829268292683,0.07768038617886179,0.9943089430894309,0.07774390243902439,0.9951219512195122,0.07748983739837398,0.991869918699187,0.07787093495934959,0.9967479674796748,0.07774390243902439,0.9951219512195122,0.07768038617886179,0.9943089430894309,0.0780614837398374,0.9991869918699187,0.07768038617886179,0.9943089430894309,0.07755335365853659,0.9926829268292683,0.07761686991869919,0.9934959349593496,0.07787093495934959,0.9967479674796748,0.07748983739837398,0.991869918699187,0.07768038617886179,0.9943089430894309,0.07755335365853659,0.9926829268292683
100,0.07733903420523139,1.0,0.07733903420523139,1.0,0.07733903420523139,1.0,0.07733903420523139,1.0,0.07733903420523139,1.0,0.07733903420523139,1.0,0.07733903420523139,1.0,0.07733903420523139,1.0,0.07733903420523139,1.0,0.07733903420523139,1.0,0.07733903420523139,1.0,0.07733903420523139,1.0,0.07733903420523139,1.0,0.07733903420523139,1.0,0.07733903420523139,1.0,0.07733903420523139,1.0,0.07733903420523139,1.0,0.07733903420523139,1.0,0.07733903420523139,1.0,0.07733903420523139,1.0,0.07733903420523139,1.0,0.07733903420523139,1.0,0.07733903420523139,1.0,0.07733903420523139,1.0,0.07733903420523139,1.0,0.07733903420523139,1.0,0.07733903420523139,1.0,0.07733903420523139,1.0,0.07733903420523139,1.0,0.07733903420523139,1.0,0.07733903420523139,1.0,0.07733903420523139,1.0,0.07733903420523139,1.0,0.07733903420523139,1.0,0.07733903420523139,1.0,0.07733903420523139,1.0,0.07733903420523139,1.0,0.07733903420523139,1.0,0.07733903420523139,1.0,0.07733903420523139,1.0,0.07733903420523139,1.0,0.07733903420523139,1.0,0.07733903420523139,1.0,0.07733903420523139,1.0,0.07733903420523139,1.0,0.07733903420523139,1.0,0.07733903420523139,1.0,0.07733903420523139,1.0,0.07733903420523139,1.0,0.07733903420523139,1.0,0.07733903420523139,1.0,0.07733903420523139,1.0,0.07733903420523139,1.0,0.07733903420523139,1.0,0.07733903420523139,1.0,0.07733903420523139,1.0,0.07733903420523139,1.0,0.07733903420523139,1.0,0.07733903420523139,1.0,0.07733903420523139,1.0,0.07733903420523139,1.0,0.07733903420523139,1.0,0.07733903420523139,1.0,0.07733903420523139,1.0,0.07733903420523139,1.0,0.07733903420523139,1.0,0.07733903420523139,1.0,0.07733903420523139,1.0,0.07733903420523139,1.0,0.07733903420523139,1.0,0.07733903420523139,1.0,0.07733903420523139,1.0,0.07733903420523139,1.0,0.07733903420523139,1.0,0.07733903420523139,1.0,0.07733903420523139,1.0,0.07733903420523139,1.0,0.07733903420523139,1.0,0.07733903420523139,1.0,0.07733903420523139,1.0,0.07733903420523139,1.0,0.07733903420523139,1.0,0.07733903420523139,1.0,0.07733903420523139,1.0,0.07733903420523139,1.0,0.07733903420523139,1.0,0.07733903420523139,1.0,0.07733903420523139,1.0,0.07733903420523139,1.0,0.07733903420523139,1.0,0.07733903420523139,1.0,0.07733903420523139,1.0,0.07733903420523139,1.0,0.07733903420523139,1.0,0.07733903420523139,1.0,0.07733903420523139,1.0
