Top_Percent,aaindex_Linear_HitRate,aaindex_Linear_Recall,aaindex_Ridge_HitRate,aaindex_Ridge_Recall,aaindex_Lasso_HitRate,aaindex_Lasso_Recall,aaindex_ElasticNet_HitRate,aaindex_ElasticNet_Recall,aaindex_NeuralNet_HitRate,aaindex_NeuralNet_Recall,aaindex_RandomForest_HitRate,aaindex_RandomForest_Recall,aaindex_XGBoost_HitRate,aaindex_XGBoost_Recall,aaindex_KNN_HitRate,aaindex_KNN_Recall,aaindex_GaussianProcess_HitRate,aaindex_GaussianProcess_Recall,aaindex_PLSRegression_HitRate,aaindex_PLSRegression_Recall,aaindex_SVR_HitRate,aaindex_SVR_Recall,aaindex_ExtraTrees_HitRate,aaindex_ExtraTrees_Recall,aaindex_with_esm_Linear_HitRate,aaindex_with_esm_Linear_Recall,aaindex_with_esm_Ridge_HitRate,aaindex_with_esm_Ridge_Recall,aaindex_with_esm_Lasso_HitRate,aaindex_with_esm_Lasso_Recall,aaindex_with_esm_ElasticNet_HitRate,aaindex_with_esm_ElasticNet_Recall,aaindex_with_esm_NeuralNet_HitRate,aaindex_with_esm_NeuralNet_Recall,aaindex_with_esm_RandomForest_HitRate,aaindex_with_esm_RandomForest_Recall,aaindex_with_esm_XGBoost_HitRate,aaindex_with_esm_XGBoost_Recall,aaindex_with_esm_KNN_HitRate,aaindex_with_esm_KNN_Recall,aaindex_with_esm_GaussianProcess_HitRate,aaindex_with_esm_GaussianProcess_Recall,aaindex_with_esm_PLSRegression_HitRate,aaindex_with_esm_PLSRegression_Recall,aaindex_with_esm_SVR_HitRate,aaindex_with_esm_SVR_Recall,aaindex_with_esm_ExtraTrees_HitRate,aaindex_with_esm_ExtraTrees_Recall,onehot_Linear_HitRate,onehot_Linear_Recall,onehot_Ridge_HitRate,onehot_Ridge_Recall,onehot_Lasso_HitRate,onehot_Lasso_Recall,onehot_ElasticNet_HitRate,onehot_ElasticNet_Recall,onehot_NeuralNet_HitRate,onehot_NeuralNet_Recall,onehot_RandomForest_HitRate,onehot_RandomForest_Recall,onehot_XGBoost_HitRate,onehot_XGBoost_Recall,onehot_KNN_HitRate,onehot_KNN_Recall,onehot_GaussianProcess_HitRate,onehot_GaussianProcess_Recall,onehot_PLSRegression_HitRate,onehot_PLSRegression_Recall,onehot_SVR_HitRate,onehot_SVR_Recall,onehot_ExtraTrees_HitRate,onehot_ExtraTrees_Recall,onehot_with_esm_Linear_HitRate,onehot_with_esm_Linear_Recall,onehot_with_esm_Ridge_HitRate,onehot_with_esm_Ridge_Recall,onehot_with_esm_Lasso_HitRate,onehot_with_esm_Lasso_Recall,onehot_with_esm_ElasticNet_HitRate,onehot_with_esm_ElasticNet_Recall,onehot_with_esm_NeuralNet_HitRate,onehot_with_esm_NeuralNet_Recall,onehot_with_esm_RandomForest_HitRate,onehot_with_esm_RandomForest_Recall,onehot_with_esm_XGBoost_HitRate,onehot_with_esm_XGBoost_Recall,onehot_with_esm_KNN_HitRate,onehot_with_esm_KNN_Recall,onehot_with_esm_GaussianProcess_HitRate,onehot_with_esm_GaussianProcess_Recall,onehot_with_esm_PLSRegression_HitRate,onehot_with_esm_PLSRegression_Recall,onehot_with_esm_SVR_HitRate,onehot_with_esm_SVR_Recall,onehot_with_esm_ExtraTrees_HitRate,onehot_with_esm_ExtraTrees_Recall,georgiev_Linear_HitRate,georgiev_Linear_Recall,georgiev_Ridge_HitRate,georgiev_Ridge_Recall,georgiev_Lasso_HitRate,georgiev_Lasso_Recall,georgiev_ElasticNet_HitRate,georgiev_ElasticNet_Recall,georgiev_NeuralNet_HitRate,georgiev_NeuralNet_Recall,georgiev_RandomForest_HitRate,georgiev_RandomForest_Recall,georgiev_XGBoost_HitRate,georgiev_XGBoost_Recall,georgiev_KNN_HitRate,georgiev_KNN_Recall,georgiev_GaussianProcess_HitRate,georgiev_GaussianProcess_Recall,georgiev_PLSRegression_HitRate,georgiev_PLSRegression_Recall,georgiev_SVR_HitRate,georgiev_SVR_Recall,georgiev_ExtraTrees_HitRate,georgiev_ExtraTrees_Recall,georgiev_with_esm_Linear_HitRate,georgiev_with_esm_Linear_Recall,georgiev_with_esm_Ridge_HitRate,georgiev_with_esm_Ridge_Recall,georgiev_with_esm_Lasso_HitRate,georgiev_with_esm_Lasso_Recall,georgiev_with_esm_ElasticNet_HitRate,georgiev_with_esm_ElasticNet_Recall,georgiev_with_esm_NeuralNet_HitRate,georgiev_with_esm_NeuralNet_Recall,georgiev_with_esm_RandomForest_HitRate,georgiev_with_esm_RandomForest_Recall,georgiev_with_esm_XGBoost_HitRate,georgiev_with_esm_XGBoost_Recall,georgiev_with_esm_KNN_HitRate,georgiev_with_esm_KNN_Recall,georgiev_with_esm_GaussianProcess_HitRate,georgiev_with_esm_GaussianProcess_Recall,georgiev_with_esm_PLSRegression_HitRate,georgiev_with_esm_PLSRegression_Recall,georgiev_with_esm_SVR_HitRate,georgiev_with_esm_SVR_Recall,georgiev_with_esm_ExtraTrees_HitRate,georgiev_with_esm_ExtraTrees_Recall,prott5_Linear_HitRate,prott5_Linear_Recall,prott5_Ridge_HitRate,prott5_Ridge_Recall,prott5_Lasso_HitRate,prott5_Lasso_Recall,prott5_ElasticNet_HitRate,prott5_ElasticNet_Recall,prott5_NeuralNet_HitRate,prott5_NeuralNet_Recall,prott5_RandomForest_HitRate,prott5_RandomForest_Recall,prott5_XGBoost_HitRate,prott5_XGBoost_Recall,prott5_KNN_HitRate,prott5_KNN_Recall,prott5_GaussianProcess_HitRate,prott5_GaussianProcess_Recall,prott5_PLSRegression_HitRate,prott5_PLSRegression_Recall,prott5_SVR_HitRate,prott5_SVR_Recall,prott5_ExtraTrees_HitRate,prott5_ExtraTrees_Recall,prott5_with_esm_Linear_HitRate,prott5_with_esm_Linear_Recall,prott5_with_esm_Ridge_HitRate,prott5_with_esm_Ridge_Recall,prott5_with_esm_Lasso_HitRate,prott5_with_esm_Lasso_Recall,prott5_with_esm_ElasticNet_HitRate,prott5_with_esm_ElasticNet_Recall,prott5_with_esm_NeuralNet_HitRate,prott5_with_esm_NeuralNet_Recall,prott5_with_esm_RandomForest_HitRate,prott5_with_esm_RandomForest_Recall,prott5_with_esm_XGBoost_HitRate,prott5_with_esm_XGBoost_Recall,prott5_with_esm_KNN_HitRate,prott5_with_esm_KNN_Recall,prott5_with_esm_GaussianProcess_HitRate,prott5_with_esm_GaussianProcess_Recall,prott5_with_esm_PLSRegression_HitRate,prott5_with_esm_PLSRegression_Recall,prott5_with_esm_SVR_HitRate,prott5_with_esm_SVR_Recall,prott5_with_esm_ExtraTrees_HitRate,prott5_with_esm_ExtraTrees_Recall
1,0.04054054054054054,0.017045454545454544,0.20270270270270271,0.08522727272727272,0.3310810810810811,0.13920454545454544,0.33783783783783783,0.14204545454545456,0.02027027027027027,0.008522727272727272,0.22972972972972974,0.09659090909090909,0.22972972972972974,0.09659090909090909,0.1554054054054054,0.06534090909090909,0.0945945945945946,0.03977272727272727,0.25675675675675674,0.10795454545454546,0.16216216216216217,0.06818181818181818,0.22972972972972974,0.09659090909090909,0.006756756756756757,0.002840909090909091,0.17567567567567569,0.07386363636363637,0.2702702702702703,0.11363636363636363,0.2702702702702703,0.11363636363636363,0.060810810810810814,0.02556818181818182,0.14864864864864866,0.0625,0.2635135135135135,0.11079545454545454,0.12162162162162163,0.05113636363636364,0.0945945945945946,0.03977272727272727,0.25675675675675674,0.10795454545454546,0.20945945945945946,0.08806818181818182,0.19594594594594594,0.08238636363636363,0.0472972972972973,0.019886363636363636,0.14189189189189189,0.05965909090909091,0.08783783783783784,0.036931818181818184,0.08783783783783784,0.036931818181818184,0.006756756756756757,0.002840909090909091,0.19594594594594594,0.08238636363636363,0.20270270270270271,0.08522727272727272,0.14189189189189189,0.05965909090909091,0.05405405405405406,0.022727272727272728,0.1554054054054054,0.06534090909090909,0.22297297297297297,0.09375,0.04054054054054054,0.017045454545454544,0.006756756756756757,0.002840909090909091,0.14864864864864866,0.0625,0.0945945945945946,0.03977272727272727,0.0945945945945946,0.03977272727272727,0.02702702702702703,0.011363636363636364,0.10810810810810811,0.045454545454545456,0.08108108108108109,0.03409090909090909,0.22972972972972974,0.09659090909090909,0.04054054054054054,0.017045454545454544,0.17567567567567569,0.07386363636363637,0.23648648648648649,0.09943181818181818,0.006756756756756757,0.002840909090909091,0.033783783783783786,0.014204545454545454,0.16891891891891891,0.07102272727272728,0.22297297297297297,0.09375,0.22972972972972974,0.09659090909090909,0.0,0.0,0.22972972972972974,0.09659090909090909,0.13513513513513514,0.056818181818181816,0.1554054054054054,0.06534090909090909,0.11486486486486487,0.048295454545454544,0.20270270270270271,0.08522727272727272,0.1891891891891892,0.07954545454545454,0.16891891891891891,0.07102272727272728,0.006756756756756757,0.002840909090909091,0.17567567567567569,0.07386363636363637,0.20270270270270271,0.08522727272727272,0.20945945945945946,0.08806818181818182,0.02027027027027027,0.008522727272727272,0.17567567567567569,0.07386363636363637,0.19594594594594594,0.08238636363636363,0.0945945945945946,0.03977272727272727,0.11486486486486487,0.048295454545454544,0.22297297297297297,0.09375,0.20945945945945946,0.08806818181818182,0.25675675675675674,0.10795454545454546,0.08108108108108109,0.03409090909090909,0.18243243243243243,0.07670454545454546,0.19594594594594594,0.08238636363636363,0.19594594594594594,0.08238636363636363,0.006756756756756757,0.002840909090909091,0.16891891891891891,0.07102272727272728,0.12162162162162163,0.05113636363636364,0.23648648648648649,0.09943181818181818,0.013513513513513514,0.005681818181818182,0.20270270270270271,0.08522727272727272,0.28378378378378377,0.11931818181818182,0.18243243243243243,0.07670454545454546,0.08783783783783784,0.036931818181818184,0.17567567567567569,0.07386363636363637,0.19594594594594594,0.08238636363636363,0.19594594594594594,0.08238636363636363,0.013513513513513514,0.005681818181818182,0.16891891891891891,0.07102272727272728,0.14189189189189189,0.05965909090909091,0.24324324324324326,0.10227272727272728,0.013513513513513514,0.005681818181818182,0.20270270270270271,0.08522727272727272,0.28378378378378377,0.11931818181818182,0.1554054054054054,0.06534090909090909
2,0.037162162162162164,0.03125,0.17905405405405406,0.15056818181818182,0.3141891891891892,0.26420454545454547,0.3141891891891892,0.26420454545454547,0.02027027027027027,0.017045454545454544,0.1891891891891892,0.1590909090909091,0.24324324324324326,0.20454545454545456,0.08445945945945946,0.07102272727272728,0.07094594594594594,0.05965909090909091,0.19932432432432431,0.16761363636363635,0.15878378378378377,0.13352272727272727,0.2195945945945946,0.1846590909090909,0.016891891891891893,0.014204545454545454,0.19256756756756757,0.16193181818181818,0.2972972972972973,0.25,0.2939189189189189,0.2471590909090909,0.06418918918918919,0.05397727272727273,0.1554054054054054,0.13068181818181818,0.2195945945945946,0.1846590909090909,0.08783783783783784,0.07386363636363637,0.07094594594594594,0.05965909090909091,0.20608108108108109,0.17329545454545456,0.16891891891891891,0.14204545454545456,0.1554054054054054,0.13068181818181818,0.037162162162162164,0.03125,0.1554054054054054,0.13068181818181818,0.057432432432432436,0.048295454545454544,0.0472972972972973,0.03977272727272727,0.016891891891891893,0.014204545454545454,0.16216216216216217,0.13636363636363635,0.16891891891891891,0.14204545454545456,0.13851351351351351,0.11647727272727272,0.0472972972972973,0.03977272727272727,0.16216216216216217,0.13636363636363635,0.17229729729729729,0.14488636363636365,0.05067567567567568,0.04261363636363636,0.013513513513513514,0.011363636363636364,0.13513513513513514,0.11363636363636363,0.10135135135135136,0.08522727272727272,0.10135135135135136,0.08522727272727272,0.016891891891891893,0.014204545454545454,0.11824324324324324,0.09943181818181818,0.057432432432432436,0.048295454545454544,0.1554054054054054,0.13068181818181818,0.04054054054054054,0.03409090909090909,0.17229729729729729,0.14488636363636365,0.17567567567567569,0.14772727272727273,0.02364864864864865,0.019886363636363636,0.037162162162162164,0.03125,0.18243243243243243,0.1534090909090909,0.22972972972972974,0.19318181818181818,0.2635135135135135,0.2215909090909091,0.006756756756756757,0.005681818181818182,0.19256756756756757,0.16193181818181818,0.13175675675675674,0.11079545454545454,0.10135135135135136,0.08522727272727272,0.07094594594594594,0.05965909090909091,0.22635135135135134,0.1903409090909091,0.16554054054054054,0.13920454545454544,0.2195945945945946,0.1846590909090909,0.016891891891891893,0.014204545454545454,0.1858108108108108,0.15625,0.21283783783783783,0.17897727272727273,0.21283783783783783,0.17897727272727273,0.02027027027027027,0.017045454545454544,0.16891891891891891,0.14204545454545456,0.17567567567567569,0.14772727272727273,0.12162162162162163,0.10227272727272728,0.07432432432432433,0.0625,0.20945945945945946,0.17613636363636365,0.1858108108108108,0.15625,0.21621621621621623,0.18181818181818182,0.08108108108108109,0.06818181818181818,0.16891891891891891,0.14204545454545456,0.1858108108108108,0.15625,0.1891891891891892,0.1590909090909091,0.013513513513513514,0.011363636363636364,0.16891891891891891,0.14204545454545456,0.09797297297297297,0.08238636363636363,0.15878378378378377,0.13352272727272727,0.033783783783783786,0.028409090909090908,0.20270270270270271,0.17045454545454544,0.20945945945945946,0.17613636363636365,0.14189189189189189,0.11931818181818182,0.08108108108108109,0.06818181818181818,0.16554054054054054,0.13920454545454544,0.1858108108108108,0.15625,0.1891891891891892,0.1590909090909091,0.016891891891891893,0.014204545454545454,0.1554054054054054,0.13068181818181818,0.10810810810810811,0.09090909090909091,0.15878378378378377,0.13352272727272727,0.033783783783783786,0.028409090909090908,0.20270270270270271,0.17045454545454544,0.21283783783783783,0.17897727272727273,0.13851351351351351,0.11647727272727272
3,0.058426966292134834,0.07386363636363637,0.1842696629213483,0.23295454545454544,0.2808988764044944,0.35511363636363635,0.2808988764044944,0.35511363636363635,0.020224719101123594,0.02556818181818182,0.18202247191011237,0.23011363636363635,0.21797752808988763,0.2755681818181818,0.08764044943820225,0.11079545454545454,0.051685393258426963,0.06534090909090909,0.20449438202247192,0.2585227272727273,0.14382022471910114,0.18181818181818182,0.16853932584269662,0.21306818181818182,0.01348314606741573,0.017045454545454544,0.1797752808988764,0.22727272727272727,0.26292134831460673,0.33238636363636365,0.26292134831460673,0.33238636363636365,0.06292134831460675,0.07954545454545454,0.13707865168539327,0.17329545454545456,0.1797752808988764,0.22727272727272727,0.10337078651685393,0.13068181818181818,0.05393258426966292,0.06818181818181818,0.19101123595505617,0.24147727272727273,0.14606741573033707,0.1846590909090909,0.12359550561797752,0.15625,0.060674157303370786,0.07670454545454546,0.16404494382022472,0.20738636363636365,0.0449438202247191,0.056818181818181816,0.06741573033707865,0.08522727272727272,0.02247191011235955,0.028409090909090908,0.15730337078651685,0.19886363636363635,0.21797752808988763,0.2755681818181818,0.11910112359550562,0.15056818181818182,0.056179775280898875,0.07102272727272728,0.1842696629213483,0.23295454545454544,0.14382022471910114,0.18181818181818182,0.06292134831460675,0.07954545454545454,0.01348314606741573,0.017045454545454544,0.15955056179775282,0.20170454545454544,0.10112359550561797,0.1278409090909091,0.10112359550561797,0.1278409090909091,0.01348314606741573,0.017045454545454544,0.1393258426966292,0.17613636363636365,0.04269662921348315,0.05397727272727273,0.14831460674157304,0.1875,0.033707865168539325,0.04261363636363636,0.1797752808988764,0.22727272727272727,0.14831460674157304,0.1875,0.0651685393258427,0.08238636363636363,0.04719101123595506,0.05965909090909091,0.1752808988764045,0.2215909090909091,0.20449438202247192,0.2585227272727273,0.24269662921348314,0.3068181818181818,0.011235955056179775,0.014204545454545454,0.1662921348314607,0.21022727272727273,0.12134831460674157,0.1534090909090909,0.0853932584269663,0.10795454545454546,0.051685393258426963,0.06534090909090909,0.19325842696629214,0.24431818181818182,0.15730337078651685,0.19886363636363635,0.1842696629213483,0.23295454545454544,0.01348314606741573,0.017045454545454544,0.17752808988764046,0.22443181818181818,0.19775280898876405,0.25,0.19325842696629214,0.24431818181818182,0.029213483146067417,0.036931818181818184,0.14606741573033707,0.1846590909090909,0.15280898876404495,0.19318181818181818,0.11235955056179775,0.14204545454545456,0.051685393258426963,0.06534090909090909,0.19325842696629214,0.24431818181818182,0.15730337078651685,0.19886363636363635,0.17303370786516853,0.21875,0.08314606741573034,0.10511363636363637,0.1662921348314607,0.21022727272727273,0.18651685393258427,0.23579545454545456,0.18876404494382024,0.23863636363636365,0.011235955056179775,0.014204545454545454,0.14831460674157304,0.1875,0.0898876404494382,0.11363636363636363,0.1550561797752809,0.19602272727272727,0.04044943820224719,0.05113636363636364,0.20224719101123595,0.2556818181818182,0.1707865168539326,0.2159090909090909,0.14157303370786517,0.17897727272727273,0.08089887640449438,0.10227272727272728,0.1662921348314607,0.21022727272727273,0.18651685393258427,0.23579545454545456,0.18876404494382024,0.23863636363636365,0.015730337078651686,0.019886363636363636,0.14157303370786517,0.17897727272727273,0.0898876404494382,0.11363636363636363,0.1550561797752809,0.19602272727272727,0.038202247191011236,0.048295454545454544,0.20224719101123595,0.2556818181818182,0.1707865168539326,0.2159090909090909,0.1303370786516854,0.16477272727272727
4,0.06070826306913996,0.10227272727272728,0.16694772344013492,0.28125,0.2563237774030354,0.4318181818181818,0.2563237774030354,0.4318181818181818,0.016863406408094434,0.028409090909090908,0.17537942664418213,0.29545454545454547,0.20741989881956155,0.3494318181818182,0.08768971332209106,0.14772727272727273,0.050590219224283306,0.08522727272727272,0.18718381112984822,0.3153409090909091,0.12984822934232715,0.21875,0.1433389544688027,0.24147727272727273,0.01517706576728499,0.02556818181818182,0.1703204047217538,0.2869318181818182,0.23608768971332209,0.3977272727272727,0.23608768971332209,0.3977272727272727,0.05564924114671164,0.09375,0.1315345699831366,0.2215909090909091,0.17200674536256325,0.2897727272727273,0.1045531197301855,0.17613636363636365,0.047217537942664416,0.07954545454545454,0.17706576728499157,0.29829545454545453,0.12478920741989882,0.21022727272727273,0.11467116357504216,0.19318181818181818,0.06239460370994941,0.10511363636363637,0.15851602023608768,0.26704545454545453,0.10623946037099494,0.17897727272727273,0.11467116357504216,0.19318181818181818,0.023608768971332208,0.03977272727272727,0.1399662731871838,0.23579545454545456,0.1821247892074199,0.3068181818181818,0.12141652613827993,0.20454545454545456,0.05227655986509275,0.08806818181818182,0.16694772344013492,0.28125,0.1315345699831366,0.2215909090909091,0.11298482293423272,0.1903409090909091,0.01517706576728499,0.02556818181818182,0.15682967959527824,0.26420454545454547,0.10961214165261383,0.1846590909090909,0.10961214165261383,0.1846590909090909,0.016863406408094434,0.028409090909090908,0.12647554806070826,0.21306818181818182,0.03204047217537943,0.05397727272727273,0.1399662731871838,0.23579545454545456,0.04384485666104553,0.07386363636363637,0.16863406408094436,0.2840909090909091,0.13490725126475547,0.22727272727272727,0.09780775716694773,0.16477272727272727,0.05902192242833052,0.09943181818181818,0.17537942664418213,0.29545454545454547,0.19898819561551434,0.3352272727272727,0.2327150084317032,0.39204545454545453,0.011804384485666104,0.019886363636363636,0.1467116357504216,0.2471590909090909,0.12141652613827993,0.20454545454545456,0.0893760539629005,0.15056818181818182,0.048903878583473864,0.08238636363636363,0.17537942664418213,0.29545454545454547,0.15682967959527824,0.26420454545454547,0.16863406408094436,0.2840909090909091,0.016863406408094434,0.028409090909090908,0.16694772344013492,0.28125,0.1973018549747049,0.33238636363636365,0.1973018549747049,0.33238636363636365,0.03035413153456998,0.05113636363636364,0.13659359190556492,0.23011363636363635,0.13490725126475547,0.22727272727272727,0.11129848229342328,0.1875,0.04215851602023609,0.07102272727272728,0.17200674536256325,0.2897727272727273,0.1399662731871838,0.23579545454545456,0.14502529510961215,0.24431818181818182,0.0775716694772344,0.13068181818181818,0.15177065767284992,0.2556818181818182,0.18718381112984822,0.3153409090909091,0.18718381112984822,0.3153409090909091,0.008431703204047217,0.014204545454545454,0.12647554806070826,0.21306818181818182,0.07082630691399663,0.11931818181818182,0.13490725126475547,0.22727272727272727,0.03541315345699832,0.05965909090909091,0.19392917369308602,0.32670454545454547,0.16188870151770657,0.2727272727272727,0.1281618887015177,0.2159090909090909,0.0775716694772344,0.13068181818181818,0.15008431703204048,0.2528409090909091,0.18718381112984822,0.3153409090909091,0.18718381112984822,0.3153409090909091,0.016863406408094434,0.028409090909090908,0.12141652613827993,0.20454545454545456,0.09443507588532883,0.1590909090909091,0.13659359190556492,0.23011363636363635,0.03541315345699832,0.05965909090909091,0.19392917369308602,0.32670454545454547,0.16188870151770657,0.2727272727272727,0.12310286677908938,0.20738636363636365
5,0.07142857142857142,0.15056818181818182,0.16037735849056603,0.3380681818181818,0.23315363881401618,0.4914772727272727,0.23045822102425875,0.48579545454545453,0.018867924528301886,0.03977272727272727,0.16037735849056603,0.3380681818181818,0.18328840970350405,0.38636363636363635,0.09568733153638814,0.20170454545454544,0.05525606469002695,0.11647727272727272,0.1725067385444744,0.36363636363636365,0.12398921832884097,0.26136363636363635,0.12264150943396226,0.2585227272727273,0.01752021563342318,0.036931818181818184,0.15768194070080863,0.33238636363636365,0.21428571428571427,0.45170454545454547,0.21428571428571427,0.45170454545454547,0.04851752021563342,0.10227272727272728,0.11455525606469003,0.24147727272727273,0.16442048517520216,0.3465909090909091,0.10107816711590296,0.21306818181818182,0.05256064690026954,0.11079545454545454,0.16981132075471697,0.35795454545454547,0.12398921832884097,0.26136363636363635,0.11590296495956873,0.24431818181818182,0.07277628032345014,0.1534090909090909,0.1509433962264151,0.3181818181818182,0.1091644204851752,0.23011363636363635,0.10377358490566038,0.21875,0.029649595687331536,0.0625,0.11859838274932614,0.25,0.15633423180592992,0.32954545454545453,0.1320754716981132,0.2784090909090909,0.05121293800539083,0.10795454545454546,0.14690026954177898,0.3096590909090909,0.1280323450134771,0.26988636363636365,0.1078167115902965,0.22727272727272727,0.01752021563342318,0.036931818181818184,0.14690026954177898,0.3096590909090909,0.11320754716981132,0.23863636363636365,0.11320754716981132,0.23863636363636365,0.01752021563342318,0.036931818181818184,0.1105121293800539,0.23295454545454544,0.025606469002695417,0.05397727272727273,0.14016172506738545,0.29545454545454547,0.04986522911051213,0.10511363636363637,0.1522911051212938,0.3210227272727273,0.1347708894878706,0.2840909090909091,0.11455525606469003,0.24147727272727273,0.07008086253369272,0.14772727272727273,0.16172506738544473,0.3409090909090909,0.18733153638814015,0.39488636363636365,0.20754716981132076,0.4375,0.01078167115902965,0.022727272727272728,0.13611859838274934,0.2869318181818182,0.11994609164420485,0.2528409090909091,0.07951482479784366,0.16761363636363635,0.05525606469002695,0.11647727272727272,0.1711590296495957,0.36079545454545453,0.13611859838274934,0.2869318181818182,0.14555256064690028,0.3068181818181818,0.01752021563342318,0.036931818181818184,0.15902964959568733,0.3352272727272727,0.19002695417789758,0.4005681818181818,0.19002695417789758,0.4005681818181818,0.02830188679245283,0.05965909090909091,0.11994609164420485,0.2528409090909091,0.1334231805929919,0.28125,0.10107816711590296,0.21306818181818182,0.05256064690026954,0.11079545454545454,0.16442048517520216,0.3465909090909091,0.1280323450134771,0.26988636363636365,0.12264150943396226,0.2585227272727273,0.08221024258760108,0.17329545454545456,0.14285714285714285,0.30113636363636365,0.1792452830188679,0.3778409090909091,0.1792452830188679,0.3778409090909091,0.012129380053908356,0.02556818181818182,0.12264150943396226,0.2585227272727273,0.05929919137466307,0.125,0.12129380053908356,0.2556818181818182,0.03504043126684636,0.07386363636363637,0.18059299191374664,0.3806818181818182,0.15498652291105122,0.32670454545454547,0.1293800539083558,0.2727272727272727,0.08086253369272237,0.17045454545454544,0.14285714285714285,0.30113636363636365,0.1792452830188679,0.3778409090909091,0.1792452830188679,0.3778409090909091,0.022911051212938006,0.048295454545454544,0.11859838274932614,0.25,0.0876010781671159,0.1846590909090909,0.11994609164420485,0.2528409090909091,0.03504043126684636,0.07386363636363637,0.18328840970350405,0.38636363636363635,0.15363881401617252,0.32386363636363635,0.12398921832884097,0.26136363636363635
6,0.08314606741573034,0.21022727272727273,0.15730337078651685,0.3977272727272727,0.2101123595505618,0.53125,0.2101123595505618,0.53125,0.019101123595505618,0.048295454545454544,0.149438202247191,0.3778409090909091,0.1651685393258427,0.41761363636363635,0.09325842696629214,0.23579545454545456,0.06179775280898876,0.15625,0.16067415730337078,0.40625,0.12022471910112359,0.3039772727272727,0.12359550561797752,0.3125,0.016853932584269662,0.04261363636363636,0.149438202247191,0.3778409090909091,0.19887640449438201,0.5028409090909091,0.19775280898876405,0.5,0.0449438202247191,0.11363636363636363,0.10898876404494381,0.2755681818181818,0.149438202247191,0.3778409090909091,0.09662921348314607,0.24431818181818182,0.06179775280898876,0.15625,0.15730337078651685,0.3977272727272727,0.11910112359550562,0.30113636363636365,0.11685393258426967,0.29545454545454547,0.08314606741573034,0.21022727272727273,0.14719101123595504,0.3721590909090909,0.12022471910112359,0.3039772727272727,0.11797752808988764,0.29829545454545453,0.030337078651685393,0.07670454545454546,0.12471910112359551,0.3153409090909091,0.14831460674157304,0.375,0.1303370786516854,0.32954545454545453,0.05056179775280899,0.1278409090909091,0.14382022471910114,0.36363636363636365,0.12134831460674157,0.3068181818181818,0.11797752808988764,0.29829545454545453,0.017977528089887642,0.045454545454545456,0.1449438202247191,0.3664772727272727,0.11910112359550562,0.30113636363636365,0.11910112359550562,0.30113636363636365,0.02359550561797753,0.05965909090909091,0.10337078651685393,0.26136363636363635,0.0348314606741573,0.08806818181818182,0.12471910112359551,0.3153409090909091,0.0550561797752809,0.13920454545454544,0.14382022471910114,0.36363636363636365,0.12022471910112359,0.3039772727272727,0.11573033707865168,0.29261363636363635,0.07977528089887641,0.20170454545454544,0.15393258426966291,0.38920454545454547,0.1707865168539326,0.4318181818181818,0.19550561797752808,0.4943181818181818,0.011235955056179775,0.028409090909090908,0.1303370786516854,0.32954545454545453,0.11685393258426967,0.29545454545454547,0.07640449438202247,0.19318181818181818,0.05730337078651685,0.14488636363636365,0.15617977528089888,0.39488636363636365,0.11910112359550562,0.30113636363636365,0.14606741573033707,0.3693181818181818,0.017977528089887642,0.045454545454545456,0.15056179775280898,0.3806818181818182,0.1842696629213483,0.4659090909090909,0.1842696629213483,0.4659090909090909,0.03146067415730337,0.07954545454545454,0.10898876404494381,0.2755681818181818,0.13258426966292136,0.3352272727272727,0.1,0.2528409090909091,0.058426966292134834,0.14772727272727273,0.15842696629213482,0.4005681818181818,0.11685393258426967,0.29545454545454547,0.12359550561797752,0.3125,0.07415730337078652,0.1875,0.14157303370786517,0.35795454545454547,0.17303370786516853,0.4375,0.17303370786516853,0.4375,0.014606741573033709,0.036931818181818184,0.1101123595505618,0.2784090909090909,0.056179775280898875,0.14204545454545456,0.11235955056179775,0.2840909090909091,0.033707865168539325,0.08522727272727272,0.1696629213483146,0.4289772727272727,0.14269662921348314,0.36079545454545453,0.1258426966292135,0.3181818181818182,0.07415730337078652,0.1875,0.14157303370786517,0.35795454545454547,0.17303370786516853,0.4375,0.17303370786516853,0.4375,0.021348314606741574,0.05397727272727273,0.10674157303370786,0.26988636363636365,0.07865168539325842,0.19886363636363635,0.11235955056179775,0.2840909090909091,0.0348314606741573,0.08806818181818182,0.16853932584269662,0.42613636363636365,0.14382022471910114,0.36363636363636365,0.11910112359550562,0.30113636363636365
7,0.08188824662813102,0.24147727272727273,0.15028901734104047,0.4431818181818182,0.1859344894026975,0.5482954545454546,0.1859344894026975,0.5482954545454546,0.02023121387283237,0.05965909090909091,0.13776493256262043,0.40625,0.1579961464354528,0.4659090909090909,0.08959537572254335,0.26420454545454547,0.06551059730250482,0.19318181818181818,0.15414258188824662,0.45454545454545453,0.11657032755298652,0.34375,0.13005780346820808,0.3835227272727273,0.017341040462427744,0.05113636363636364,0.1464354527938343,0.4318181818181818,0.18208092485549132,0.5369318181818182,0.18208092485549132,0.5369318181818182,0.04720616570327553,0.13920454545454544,0.11560693641618497,0.3409090909090909,0.13583815028901733,0.4005681818181818,0.08863198458574181,0.26136363636363635,0.06647398843930635,0.19602272727272727,0.15510597302504817,0.45738636363636365,0.11271676300578035,0.33238636363636365,0.11078998073217726,0.32670454545454547,0.0838150289017341,0.2471590909090909,0.13872832369942195,0.4090909090909091,0.12235067437379576,0.36079545454545453,0.11849710982658959,0.3494318181818182,0.03275529865125241,0.09659090909090909,0.12909441233140656,0.3806818181818182,0.14547206165703275,0.4289772727272727,0.11560693641618497,0.3409090909090909,0.046242774566473986,0.13636363636363635,0.13872832369942195,0.4090909090909091,0.11175337186897881,0.32954545454545453,0.11464354527938343,0.3380681818181818,0.016377649325626204,0.048295454545454544,0.13680154142581888,0.4034090909090909,0.11753371868978806,0.3465909090909091,0.11753371868978806,0.3465909090909091,0.025048169556840076,0.07386363636363637,0.0905587668593449,0.26704545454545453,0.052986512524084775,0.15625,0.11657032755298652,0.34375,0.05202312138728324,0.1534090909090909,0.14450867052023122,0.42613636363636365,0.11464354527938343,0.3380681818181818,0.1001926782273603,0.29545454545454547,0.08188824662813102,0.24147727272727273,0.15028901734104047,0.4431818181818182,0.16570327552986513,0.48863636363636365,0.17630057803468208,0.5198863636363636,0.011560693641618497,0.03409090909090909,0.13102119460500963,0.38636363636363635,0.11464354527938343,0.3380681818181818,0.07418111753371869,0.21875,0.05684007707129094,0.16761363636363635,0.15414258188824662,0.45454545454545453,0.10211946050096339,0.30113636363636365,0.15221579961464354,0.44886363636363635,0.017341040462427744,0.05113636363636364,0.14932562620423892,0.4403409090909091,0.16955684007707128,0.5,0.1676300578034682,0.4943181818181818,0.028901734104046242,0.08522727272727272,0.10404624277456648,0.3068181818181818,0.1233140655105973,0.36363636363636365,0.09248554913294797,0.2727272727272727,0.057803468208092484,0.17045454545454544,0.1531791907514451,0.45170454545454547,0.10404624277456648,0.3068181818181818,0.11464354527938343,0.3380681818181818,0.07418111753371869,0.21875,0.14836223506743737,0.4375,0.1628131021194605,0.48011363636363635,0.1628131021194605,0.48011363636363635,0.018304431599229287,0.05397727272727273,0.09922928709055877,0.29261363636363635,0.05491329479768786,0.16193181818181818,0.10500963391136801,0.3096590909090909,0.031791907514450865,0.09375,0.1628131021194605,0.48011363636363635,0.13583815028901733,0.4005681818181818,0.12427745664739884,0.3664772727272727,0.07321772639691715,0.2159090909090909,0.14739884393063585,0.4346590909090909,0.1628131021194605,0.48011363636363635,0.1628131021194605,0.48011363636363635,0.02119460500963391,0.0625,0.09730250481695568,0.2869318181818182,0.07225433526011561,0.21306818181818182,0.10404624277456648,0.3068181818181818,0.030828516377649325,0.09090909090909091,0.1628131021194605,0.48011363636363635,0.13583815028901733,0.4005681818181818,0.11849710982658959,0.3494318181818182
8,0.08003369839932603,0.26988636363636365,0.14743049705139005,0.4971590909090909,0.16512215669755687,0.5568181818181818,0.16512215669755687,0.5568181818181818,0.020219039595619208,0.06818181818181818,0.13310867733782644,0.44886363636363635,0.14490311710193765,0.48863636363636365,0.08761583824768324,0.29545454545454547,0.06739679865206402,0.22727272727272727,0.14574557708508845,0.4914772727272727,0.10867733782645324,0.3664772727272727,0.13479359730412804,0.45454545454545453,0.018534119629317607,0.0625,0.14153327716933445,0.4772727272727273,0.16343723673125526,0.5511363636363636,0.16343723673125526,0.5511363636363636,0.04549283909014322,0.1534090909090909,0.11373209772535804,0.3835227272727273,0.12468407750631845,0.42045454545454547,0.08256107834877843,0.2784090909090909,0.06655433866891322,0.22443181818181818,0.14321819713563605,0.48295454545454547,0.10783487784330244,0.36363636363636365,0.10193765796124685,0.34375,0.08171861836562763,0.2755681818181818,0.13563605728727884,0.45738636363636365,0.14237573715248525,0.48011363636363635,0.11625947767481044,0.39204545454545453,0.030328559393428812,0.10227272727272728,0.12131423757371525,0.4090909090909091,0.13226621735467564,0.4460227272727273,0.11373209772535804,0.3835227272727273,0.04717775905644482,0.1590909090909091,0.13563605728727884,0.45738636363636365,0.10614995787700084,0.35795454545454547,0.10446503791069923,0.3522727272727273,0.018534119629317607,0.0625,0.13479359730412804,0.45454545454545453,0.11794439764111204,0.3977272727272727,0.11794439764111204,0.3977272727272727,0.02611625947767481,0.08806818181818182,0.08340353833192923,0.28125,0.05223251895534962,0.17613636363636365,0.11541701769165964,0.38920454545454547,0.051390058972198824,0.17329545454545456,0.13479359730412804,0.45454545454545453,0.11036225779275484,0.3721590909090909,0.09098567818028644,0.3068181818181818,0.08003369839932603,0.26988636363636365,0.14406065711878685,0.48579545454545453,0.15754001684919966,0.53125,0.16343723673125526,0.5511363636363636,0.012636899747262006,0.04261363636363636,0.12973883740522324,0.4375,0.10614995787700084,0.35795454545454547,0.07076663858466722,0.23863636363636365,0.05897219882055602,0.19886363636363635,0.14658803706823925,0.4943181818181818,0.09267059814658804,0.3125,0.14827295703454085,0.5,0.018534119629317607,0.0625,0.14574557708508845,0.4914772727272727,0.15585509688289806,0.5255681818181818,0.15585509688289806,0.5255681818181818,0.02780117944397641,0.09375,0.10867733782645324,0.3664772727272727,0.11288963774220724,0.3806818181818182,0.08930075821398484,0.30113636363636365,0.05981465880370682,0.20170454545454544,0.14574557708508845,0.4914772727272727,0.09772535804549284,0.32954545454545453,0.10783487784330244,0.36363636363636365,0.07160909856781802,0.24147727272727273,0.14490311710193765,0.48863636363636365,0.15164279696714406,0.5113636363636364,0.15164279696714406,0.5113636363636364,0.018534119629317607,0.0625,0.09519797809604044,0.3210227272727273,0.05728727885425442,0.19318181818181818,0.10867733782645324,0.3664772727272727,0.031171019376579612,0.10511363636363637,0.14995787700084245,0.5056818181818182,0.12805391743892164,0.4318181818181818,0.11541701769165964,0.38920454545454547,0.07076663858466722,0.23863636363636365,0.14321819713563605,0.48295454545454547,0.15164279696714406,0.5113636363636364,0.15164279696714406,0.5113636363636364,0.02611625947767481,0.08806818181818182,0.09351305812973884,0.3153409090909091,0.06739679865206402,0.22727272727272727,0.11204717775905644,0.3778409090909091,0.031171019376579612,0.10511363636363637,0.14995787700084245,0.5056818181818182,0.12721145745577084,0.4289772727272727,0.11794439764111204,0.3977272727272727
9,0.08314606741573034,0.3153409090909091,0.1393258426966292,0.5284090909090909,0.15355805243445692,0.5823863636363636,0.1543071161048689,0.5852272727272727,0.021722846441947566,0.08238636363636363,0.12808988764044943,0.48579545454545453,0.13632958801498127,0.5170454545454546,0.0853932584269663,0.32386363636363635,0.06666666666666667,0.2528409090909091,0.13782771535580524,0.5227272727272727,0.10337078651685393,0.39204545454545453,0.13258426966292136,0.5028409090909091,0.01947565543071161,0.07386363636363637,0.13782771535580524,0.5227272727272727,0.15056179775280898,0.5710227272727273,0.15056179775280898,0.5710227272727273,0.04269662921348315,0.16193181818181818,0.11161048689138577,0.42329545454545453,0.12134831460674157,0.4602272727272727,0.07790262172284644,0.29545454545454547,0.06292134831460675,0.23863636363636365,0.13782771535580524,0.5227272727272727,0.10262172284644194,0.38920454545454547,0.09438202247191012,0.35795454545454547,0.08314606741573034,0.3153409090909091,0.1303370786516854,0.4943181818181818,0.1348314606741573,0.5113636363636364,0.1198501872659176,0.45454545454545453,0.029213483146067417,0.11079545454545454,0.12808988764044943,0.48579545454545453,0.12359550561797752,0.46875,0.10786516853932585,0.4090909090909091,0.044194756554307116,0.16761363636363635,0.13108614232209737,0.4971590909090909,0.10037453183520599,0.3806818181818182,0.0951310861423221,0.36079545454545453,0.018726591760299626,0.07102272727272728,0.12808988764044943,0.48579545454545453,0.12209737827715356,0.4630681818181818,0.12209737827715356,0.4630681818181818,0.02696629213483146,0.10227272727272728,0.07565543071161049,0.2869318181818182,0.056179775280898875,0.21306818181818182,0.10561797752808989,0.4005681818181818,0.04868913857677903,0.1846590909090909,0.1303370786516854,0.4943181818181818,0.10636704119850188,0.4034090909090909,0.09063670411985018,0.34375,0.08164794007490636,0.3096590909090909,0.1348314606741573,0.5113636363636364,0.14756554307116104,0.5596590909090909,0.15655430711610488,0.59375,0.015730337078651686,0.05965909090909091,0.12434456928838951,0.4715909090909091,0.10112359550561797,0.3835227272727273,0.07041198501872659,0.26704545454545453,0.056179775280898875,0.21306818181818182,0.1400749063670412,0.53125,0.08614232209737828,0.32670454545454547,0.13857677902621723,0.5255681818181818,0.01947565543071161,0.07386363636363637,0.13333333333333333,0.5056818181818182,0.149812734082397,0.5681818181818182,0.149063670411985,0.5653409090909091,0.02696629213483146,0.10227272727272728,0.1101123595505618,0.41761363636363635,0.10711610486891386,0.40625,0.08464419475655431,0.3210227272727273,0.05917602996254682,0.22443181818181818,0.1400749063670412,0.53125,0.09138576779026217,0.3465909090909091,0.10037453183520599,0.3806818181818182,0.06891385767790262,0.26136363636363635,0.13857677902621723,0.5255681818181818,0.15205992509363295,0.5767045454545454,0.15205992509363295,0.5767045454545454,0.018726591760299626,0.07102272727272728,0.09213483146067415,0.3494318181818182,0.05543071161048689,0.21022727272727273,0.11235955056179775,0.42613636363636365,0.02846441947565543,0.10795454545454546,0.14606741573033707,0.5539772727272727,0.11835205992509364,0.44886363636363635,0.10861423220973783,0.4119318181818182,0.06891385767790262,0.26136363636363635,0.13707865168539327,0.5198863636363636,0.15205992509363295,0.5767045454545454,0.15205992509363295,0.5767045454545454,0.02696629213483146,0.10227272727272728,0.0898876404494382,0.3409090909090909,0.062172284644194754,0.23579545454545456,0.11235955056179775,0.42613636363636365,0.030711610486891385,0.11647727272727272,0.14606741573033707,0.5539772727272727,0.11910112359550562,0.45170454545454547,0.11910112359550562,0.45170454545454547
10,0.08153638814016173,0.34375,0.13274932614555257,0.5596590909090909,0.1421832884097035,0.5994318181818182,0.1421832884097035,0.5994318181818182,0.02223719676549865,0.09375,0.12331536388140162,0.5198863636363636,0.1307277628032345,0.5511363636363636,0.0862533692722372,0.36363636363636365,0.0660377358490566,0.2784090909090909,0.13140161725067384,0.5539772727272727,0.0977088948787062,0.4119318181818182,0.12870619946091644,0.5426136363636364,0.018194070080862535,0.07670454545454546,0.1293800539083558,0.5454545454545454,0.13881401617250674,0.5852272727272727,0.13948787061994608,0.5880681818181818,0.04380053908355795,0.1846590909090909,0.1091644204851752,0.4602272727272727,0.11522911051212938,0.48579545454545453,0.07210242587601078,0.3039772727272727,0.06199460916442048,0.26136363636363635,0.1293800539083558,0.5454545454545454,0.09973045822102426,0.42045454545454547,0.08827493261455525,0.3721590909090909,0.08288409703504043,0.3494318181818182,0.12264150943396226,0.5170454545454546,0.12129380053908356,0.5113636363636364,0.11859838274932614,0.5,0.03032345013477089,0.1278409090909091,0.13274932614555257,0.5596590909090909,0.12601078167115903,0.53125,0.10309973045822103,0.4346590909090909,0.04514824797843666,0.1903409090909091,0.12264150943396226,0.5170454545454546,0.09703504043126684,0.4090909090909091,0.08692722371967655,0.3664772727272727,0.018194070080862535,0.07670454545454546,0.12129380053908356,0.5113636363636364,0.11994609164420485,0.5056818181818182,0.11994609164420485,0.5056818181818182,0.025606469002695417,0.10795454545454546,0.06873315363881402,0.2897727272727273,0.0646900269541779,0.2727272727272727,0.10175202156334232,0.4289772727272727,0.04649595687331536,0.19602272727272727,0.12533692722371967,0.5284090909090909,0.10040431266846361,0.42329545454545453,0.08962264150943396,0.3778409090909091,0.08288409703504043,0.3494318181818182,0.12870619946091644,0.5426136363636364,0.1408355795148248,0.59375,0.14555256064690028,0.6136363636363636,0.016172506738544475,0.06818181818181818,0.1280323450134771,0.5397727272727273,0.09299191374663072,0.39204545454545453,0.07142857142857142,0.30113636363636365,0.05592991913746631,0.23579545454545456,0.13005390835579514,0.5482954545454546,0.08423180592991913,0.35511363636363635,0.13005390835579514,0.5482954545454546,0.018194070080862535,0.07670454545454546,0.12601078167115903,0.53125,0.14353099730458221,0.6051136363636364,0.14353099730458221,0.6051136363636364,0.03032345013477089,0.1278409090909091,0.10512129380053908,0.4431818181818182,0.10512129380053908,0.4431818181818182,0.08018867924528301,0.3380681818181818,0.05929919137466307,0.25,0.12668463611859837,0.5340909090909091,0.09029649595687332,0.3806818181818182,0.09433962264150944,0.3977272727272727,0.06805929919137467,0.2869318181818182,0.1307277628032345,0.5511363636363636,0.14353099730458221,0.6051136363636364,0.14353099730458221,0.6051136363636364,0.01752021563342318,0.07386363636363637,0.09029649595687332,0.3806818181818182,0.05727762803234501,0.24147727272727273,0.10107816711590296,0.42613636363636365,0.03032345013477089,0.1278409090909091,0.13746630727762804,0.5795454545454546,0.11455525606469003,0.48295454545454547,0.1091644204851752,0.4602272727272727,0.06805929919137467,0.2869318181818182,0.13005390835579514,0.5482954545454546,0.14353099730458221,0.6051136363636364,0.14353099730458221,0.6051136363636364,0.02830188679245283,0.11931818181818182,0.08490566037735849,0.35795454545454547,0.06064690026954178,0.2556818181818182,0.10242587601078167,0.4318181818181818,0.028975741239892182,0.12215909090909091,0.13746630727762804,0.5795454545454546,0.11522911051212938,0.48579545454545453,0.11725067385444744,0.4943181818181818
11,0.07904411764705882,0.3664772727272727,0.12254901960784313,0.5681818181818182,0.13602941176470587,0.6306818181818182,0.13664215686274508,0.6335227272727273,0.022058823529411766,0.10227272727272728,0.11948529411764706,0.5539772727272727,0.12438725490196079,0.5767045454545454,0.0821078431372549,0.3806818181818182,0.06372549019607843,0.29545454545454547,0.125,0.5795454545454546,0.09191176470588236,0.42613636363636365,0.12377450980392157,0.5738636363636364,0.018995098039215685,0.08806818181818182,0.12071078431372549,0.5596590909090909,0.1323529411764706,0.6136363636363636,0.13112745098039216,0.6079545454545454,0.042279411764705885,0.19602272727272727,0.10355392156862746,0.48011363636363635,0.11029411764705882,0.5113636363636364,0.0704656862745098,0.32670454545454547,0.061274509803921566,0.2840909090909091,0.12316176470588236,0.5710227272727273,0.09803921568627451,0.45454545454545453,0.08394607843137254,0.38920454545454547,0.07904411764705882,0.3664772727272727,0.11519607843137254,0.5340909090909091,0.12377450980392157,0.5738636363636364,0.12377450980392157,0.5738636363636364,0.03125,0.14488636363636365,0.12745098039215685,0.5909090909090909,0.11948529411764706,0.5539772727272727,0.09803921568627451,0.45454545454545453,0.044730392156862746,0.20738636363636365,0.11825980392156862,0.5482954545454546,0.09375,0.4346590909090909,0.08700980392156862,0.4034090909090909,0.01838235294117647,0.08522727272727272,0.11397058823529412,0.5284090909090909,0.12438725490196079,0.5767045454545454,0.12438725490196079,0.5767045454545454,0.025735294117647058,0.11931818181818182,0.06311274509803921,0.29261363636363635,0.06311274509803921,0.29261363636363635,0.09436274509803921,0.4375,0.04718137254901961,0.21875,0.1170343137254902,0.5426136363636364,0.09375,0.4346590909090909,0.08823529411764706,0.4090909090909091,0.07965686274509803,0.3693181818181818,0.1213235294117647,0.5625,0.1323529411764706,0.6136363636363636,0.13419117647058823,0.6221590909090909,0.014705882352941176,0.06818181818181818,0.1213235294117647,0.5625,0.0857843137254902,0.3977272727272727,0.06678921568627451,0.3096590909090909,0.05821078431372549,0.26988636363636365,0.12438725490196079,0.5767045454545454,0.0821078431372549,0.3806818181818182,0.12254901960784313,0.5681818181818182,0.01838235294117647,0.08522727272727272,0.11825980392156862,0.5482954545454546,0.13480392156862744,0.625,0.13480392156862744,0.625,0.030637254901960783,0.14204545454545456,0.09803921568627451,0.45454545454545453,0.09865196078431372,0.45738636363636365,0.07475490196078431,0.3465909090909091,0.056372549019607844,0.26136363636363635,0.12316176470588236,0.5710227272727273,0.08394607843137254,0.38920454545454547,0.08884803921568628,0.4119318181818182,0.06556372549019608,0.3039772727272727,0.1256127450980392,0.5823863636363636,0.13541666666666666,0.6278409090909091,0.13602941176470587,0.6306818181818182,0.017769607843137254,0.08238636363636363,0.08517156862745098,0.39488636363636365,0.061274509803921566,0.2840909090909091,0.09681372549019608,0.44886363636363635,0.028799019607843136,0.13352272727272727,0.13357843137254902,0.6193181818181818,0.11090686274509803,0.5142045454545454,0.10661764705882353,0.4943181818181818,0.06556372549019608,0.3039772727272727,0.125,0.5795454545454546,0.13541666666666666,0.6278409090909091,0.13602941176470587,0.6306818181818182,0.028799019607843136,0.13352272727272727,0.08272058823529412,0.3835227272727273,0.058823529411764705,0.2727272727272727,0.09803921568627451,0.45454545454545453,0.028799019607843136,0.13352272727272727,0.13357843137254902,0.6193181818181818,0.1096813725490196,0.5085227272727273,0.1133578431372549,0.5255681818181818
12,0.07752808988764046,0.39204545454545453,0.1146067415730337,0.5795454545454546,0.12808988764044943,0.6477272727272727,0.12752808988764044,0.6448863636363636,0.024157303370786518,0.12215909090909091,0.11348314606741573,0.5738636363636364,0.11797752808988764,0.5965909090909091,0.07640449438202247,0.38636363636363635,0.062359550561797754,0.3153409090909091,0.11685393258426967,0.5909090909090909,0.08651685393258426,0.4375,0.1196629213483146,0.6051136363636364,0.01741573033707865,0.08806818181818182,0.1151685393258427,0.5823863636363636,0.1252808988764045,0.6335227272727273,0.1252808988764045,0.6335227272727273,0.04101123595505618,0.20738636363636365,0.09775280898876404,0.4943181818181818,0.10337078651685393,0.5227272727272727,0.06741573033707865,0.3409090909090909,0.058426966292134834,0.29545454545454547,0.11629213483146067,0.5880681818181818,0.09269662921348315,0.46875,0.07921348314606741,0.4005681818181818,0.07865168539325842,0.3977272727272727,0.10898876404494381,0.5511363636363636,0.13146067415730336,0.6647727272727273,0.11741573033707865,0.59375,0.029775280898876405,0.15056818181818182,0.12022471910112359,0.6079545454545454,0.11067415730337078,0.5596590909090909,0.09382022471910112,0.4744318181818182,0.043820224719101124,0.2215909090909091,0.11067415730337078,0.5596590909090909,0.08932584269662922,0.45170454545454547,0.08314606741573034,0.42045454545454547,0.01741573033707865,0.08806818181818182,0.10786516853932585,0.5454545454545454,0.12022471910112359,0.6079545454545454,0.12022471910112359,0.6079545454545454,0.025280898876404494,0.1278409090909091,0.06741573033707865,0.3409090909090909,0.06179775280898876,0.3125,0.09044943820224718,0.45738636363636365,0.044382022471910115,0.22443181818181818,0.11123595505617978,0.5625,0.08764044943820225,0.4431818181818182,0.08932584269662922,0.45170454545454547,0.07808988764044944,0.39488636363636365,0.1146067415730337,0.5795454545454546,0.12640449438202248,0.6392045454545454,0.12808988764044943,0.6477272727272727,0.015168539325842697,0.07670454545454546,0.11741573033707865,0.59375,0.0848314606741573,0.4289772727272727,0.06573033707865168,0.33238636363636365,0.05898876404494382,0.29829545454545453,0.11741573033707865,0.59375,0.08258426966292134,0.41761363636363635,0.11741573033707865,0.59375,0.01741573033707865,0.08806818181818182,0.11292134831460675,0.5710227272727273,0.12921348314606743,0.6534090909090909,0.12921348314606743,0.6534090909090909,0.029213483146067417,0.14772727272727273,0.09213483146067415,0.4659090909090909,0.09550561797752809,0.48295454545454547,0.07415730337078652,0.375,0.05561797752808989,0.28125,0.11629213483146067,0.5880681818181818,0.08202247191011236,0.4147727272727273,0.08764044943820225,0.4431818181818182,0.062359550561797754,0.3153409090909091,0.12078651685393259,0.6107954545454546,0.13089887640449438,0.6619318181818182,0.13089887640449438,0.6619318181818182,0.020224719101123594,0.10227272727272728,0.08258426966292134,0.41761363636363635,0.060674157303370786,0.3068181818181818,0.09325842696629214,0.4715909090909091,0.029213483146067417,0.14772727272727273,0.12752808988764044,0.6448863636363636,0.10842696629213483,0.5482954545454546,0.10393258426966293,0.5255681818181818,0.06123595505617978,0.3096590909090909,0.12078651685393259,0.6107954545454546,0.13089887640449438,0.6619318181818182,0.13089887640449438,0.6619318181818182,0.03089887640449438,0.15625,0.08089887640449438,0.4090909090909091,0.056179775280898875,0.2840909090909091,0.09269662921348315,0.46875,0.029213483146067417,0.14772727272727273,0.12696629213483146,0.6420454545454546,0.10730337078651686,0.5426136363636364,0.10898876404494381,0.5511363636363636
13,0.07724209434940384,0.42329545454545453,0.1088646967340591,0.5965909090909091,0.12337998963193364,0.6761363636363636,0.12337998963193364,0.6761363636363636,0.02332814930015552,0.1278409090909091,0.10990150336962157,0.6022727272727273,0.1119751166407465,0.6136363636363636,0.0767236910316226,0.42045454545454547,0.05909797822706065,0.32386363636363635,0.11093831000518403,0.6079545454545454,0.08657335406946605,0.4744318181818182,0.11145671332296526,0.6107954545454546,0.01762571280456195,0.09659090909090909,0.10834629341627787,0.59375,0.11975116640746501,0.65625,0.11975116640746501,0.65625,0.038880248833592534,0.21306818181818182,0.09331259720062209,0.5113636363636364,0.09901503369621566,0.5426136363636364,0.064282011404873,0.3522727272727273,0.055469155002592016,0.3039772727272727,0.1104199066874028,0.6051136363636364,0.08709175738724728,0.4772727272727273,0.07568688439606014,0.4147727272727273,0.07776049766718507,0.42613636363636365,0.10730948678071539,0.5880681818181818,0.13271124935199585,0.7272727272727273,0.11456713322965267,0.6278409090909091,0.027993779160186624,0.1534090909090909,0.11301192327630896,0.6193181818181818,0.11404872991187144,0.625,0.08916537065837221,0.48863636363636365,0.041990668740279936,0.23011363636363635,0.10368066355624676,0.5681818181818182,0.08553654743390357,0.46875,0.07776049766718507,0.42613636363636365,0.01658890616899948,0.09090909090909091,0.10730948678071539,0.5880681818181818,0.11612234318299637,0.6363636363636364,0.11612234318299637,0.6363636363636364,0.025401762571280455,0.13920454545454544,0.06998444790046657,0.3835227272727273,0.05909797822706065,0.32386363636363635,0.08553654743390357,0.46875,0.041472265422498704,0.22727272727272727,0.10471747019180923,0.5738636363636364,0.0844997407983411,0.4630681818181818,0.09123898392949716,0.5,0.0767236910316226,0.42045454545454547,0.10679108346293416,0.5852272727272727,0.12234318299637117,0.6704545454545454,0.12441679626749612,0.6818181818181818,0.015552099533437015,0.08522727272727272,0.11404872991187144,0.625,0.08242612752721618,0.45170454545454547,0.060653188180404355,0.33238636363636365,0.058061171591498185,0.3181818181818182,0.1088646967340591,0.5965909090909091,0.08087091757387248,0.4431818181818182,0.11456713322965267,0.6278409090909091,0.01658890616899948,0.09090909090909091,0.10782789009849664,0.5909090909090909,0.12130637636080871,0.6647727272727273,0.12182477967858994,0.6676136363636364,0.027475375842405392,0.15056818181818182,0.08968377397615344,0.4914772727272727,0.09590461378952825,0.5255681818181818,0.0720580611715915,0.39488636363636365,0.05443234836702955,0.29829545454545453,0.10834629341627787,0.59375,0.07931570762052877,0.4346590909090909,0.0844997407983411,0.4630681818181818,0.060653188180404355,0.33238636363636365,0.11404872991187144,0.625,0.12337998963193364,0.6761363636363636,0.12337998963193364,0.6761363636363636,0.02021772939346812,0.11079545454545454,0.08035251425609125,0.4403409090909091,0.06117159149818559,0.3352272727272727,0.09072058061171591,0.4971590909090909,0.030585795749092794,0.16761363636363635,0.12182477967858994,0.6676136363636364,0.104199066874028,0.5710227272727273,0.1026438569206843,0.5625,0.05961638154484189,0.32670454545454547,0.11353032659409021,0.6221590909090909,0.12337998963193364,0.6761363636363636,0.12337998963193364,0.6761363636363636,0.03317781233799896,0.18181818181818182,0.07931570762052877,0.4346590909090909,0.05443234836702955,0.29829545454545453,0.09123898392949716,0.5,0.030585795749092794,0.16761363636363635,0.12182477967858994,0.6676136363636364,0.10471747019180923,0.5738636363636364,0.1026438569206843,0.5625
14,0.07655272026961964,0.45170454545454547,0.10544053923928744,0.6221590909090909,0.11747713047664901,0.6931818181818182,0.11747713047664901,0.6931818181818182,0.023591718825228696,0.13920454545454544,0.10544053923928744,0.6221590909090909,0.10784785748675975,0.6363636363636364,0.0731824747231584,0.4318181818181818,0.05970149253731343,0.3522727272727273,0.10544053923928744,0.6221590909090909,0.08329321136254213,0.4914772727272727,0.10640346653827636,0.6278409090909091,0.017332691381800675,0.10227272727272728,0.10544053923928744,0.6221590909090909,0.1150698122291767,0.6789772727272727,0.1150698122291767,0.6789772727272727,0.038998555609051515,0.23011363636363635,0.09003370245546462,0.53125,0.0967741935483871,0.5710227272727273,0.06210881078478575,0.3664772727272727,0.05440539239287434,0.3210227272727273,0.10495907558979298,0.6193181818181818,0.08281174771304767,0.48863636363636365,0.07173808377467501,0.42329545454545453,0.07896003851709196,0.4659090909090909,0.10110736639383726,0.5965909090909091,0.12373615792007703,0.7301136363636364,0.1150698122291767,0.6789772727272727,0.0274434280211844,0.16193181818181818,0.10640346653827636,0.6278409090909091,0.1136254212806933,0.6704545454545454,0.08618199325950891,0.5085227272727273,0.04044294655753491,0.23863636363636365,0.0991815117958594,0.5852272727272727,0.07992296581608088,0.4715909090909091,0.07221954742416947,0.42613636363636365,0.016851227732306212,0.09943181818181818,0.10207029369282619,0.6022727272727273,0.11555127587867116,0.6818181818181818,0.11555127587867116,0.6818181818181818,0.025517573423206548,0.15056818181818182,0.06836783822821377,0.4034090909090909,0.05633124699085219,0.33238636363636365,0.08281174771304767,0.48863636363636365,0.03996148290804044,0.23579545454545456,0.09870004814636495,0.5823863636363636,0.07992296581608088,0.4715909090909091,0.08955223880597014,0.5284090909090909,0.07703418391911411,0.45454545454545453,0.10351468464130958,0.6107954545454546,0.11844005777563794,0.6988636363636364,0.1189215214251324,0.7017045454545454,0.015406836783822821,0.09090909090909091,0.10736639383726529,0.6335227272727273,0.08088589311506982,0.4772727272727273,0.058738565238324505,0.3465909090909091,0.058738565238324505,0.3465909090909091,0.10495907558979298,0.6193181818181818,0.08040442946557536,0.4744318181818182,0.10832932113625421,0.6392045454545454,0.016851227732306212,0.09943181818181818,0.10303322099181512,0.6079545454545454,0.11651420317766009,0.6875,0.11699566682715455,0.6903409090909091,0.0274434280211844,0.16193181818181818,0.08666345690900337,0.5113636363636364,0.09436687530091478,0.5568181818181818,0.06884930187770823,0.40625,0.053442465093885415,0.3153409090909091,0.1044776119402985,0.6164772727272727,0.07896003851709196,0.4659090909090909,0.08714492055849783,0.5142045454545454,0.05681271064034665,0.3352272727272727,0.10832932113625421,0.6392045454545454,0.11651420317766009,0.6875,0.11651420317766009,0.6875,0.01974000962927299,0.11647727272727272,0.07944150216658642,0.46875,0.0601829561868079,0.35511363636363635,0.08666345690900337,0.5113636363636364,0.029850746268656716,0.17613636363636365,0.11747713047664901,0.6931818181818182,0.10255175734232065,0.6051136363636364,0.0991815117958594,0.5852272727272727,0.05681271064034665,0.3352272727272727,0.10832932113625421,0.6392045454545454,0.11651420317766009,0.6875,0.11651420317766009,0.6875,0.03177660086663457,0.1875,0.07607125662012518,0.44886363636363635,0.053442465093885415,0.3153409090909091,0.08714492055849783,0.5142045454545454,0.03033220991815118,0.17897727272727273,0.11747713047664901,0.6931818181818182,0.10207029369282619,0.6022727272727273,0.09773712084737603,0.5767045454545454
15,0.07547169811320754,0.4772727272727273,0.10017969451931716,0.6335227272727273,0.11410601976639713,0.7215909090909091,0.11365678346810422,0.71875,0.02336028751123091,0.14772727272727273,0.10017969451931716,0.6335227272727273,0.10422282120395328,0.6590909090909091,0.07008086253369272,0.4431818181818182,0.057951482479784364,0.3664772727272727,0.10017969451931716,0.6335227272727273,0.08041329739442947,0.5085227272727273,0.10152740341419586,0.6420454545454546,0.01752021563342318,0.11079545454545454,0.09928122192273135,0.6278409090909091,0.1091644204851752,0.6903409090909091,0.1096136567834681,0.6931818181818182,0.03863432165318958,0.24431818181818182,0.0862533692722372,0.5454545454545454,0.09074573225516622,0.5738636363636364,0.05929919137466307,0.375,0.05480682839173405,0.3465909090909091,0.09883198562443846,0.625,0.07996406109613657,0.5056818181818182,0.07232704402515723,0.45738636363636365,0.07547169811320754,0.4772727272727273,0.09478885893980234,0.5994318181818182,0.11545372866127583,0.7301136363636364,0.11590296495956873,0.7329545454545454,0.029649595687331536,0.1875,0.10017969451931716,0.6335227272727273,0.11006289308176101,0.6960227272727273,0.08490566037735849,0.5369318181818182,0.038185085354896675,0.24147727272727273,0.09389038634321653,0.59375,0.07637017070979335,0.48295454545454547,0.0673854447439353,0.42613636363636365,0.017070979335130278,0.10795454545454546,0.09523809523809523,0.6022727272727273,0.11545372866127583,0.7301136363636364,0.11545372866127583,0.7301136363636364,0.025157232704402517,0.1590909090909091,0.06918238993710692,0.4375,0.05525606469002695,0.3494318181818182,0.07771787960467205,0.4914772727272727,0.039532794249775384,0.25,0.09299191374663072,0.5880681818181818,0.07592093441150045,0.48011363636363635,0.08849955076370171,0.5596590909090909,0.07502246181491465,0.4744318181818182,0.09793351302785265,0.6193181818181818,0.11365678346810422,0.71875,0.11545372866127583,0.7301136363636364,0.016172506738544475,0.10227272727272728,0.10422282120395328,0.6590909090909091,0.07816711590296496,0.4943181818181818,0.06019766397124888,0.3806818181818182,0.05615453728661276,0.35511363636363635,0.09928122192273135,0.6278409090909091,0.07771787960467205,0.4914772727272727,0.10287511230907458,0.6505681818181818,0.01752021563342318,0.11079545454545454,0.09703504043126684,0.6136363636363636,0.11320754716981132,0.7159090909090909,0.11410601976639713,0.7215909090909091,0.026954177897574125,0.17045454545454544,0.08400718778077268,0.53125,0.09119496855345911,0.5767045454545454,0.06828391734052111,0.4318181818181818,0.05076370170709793,0.3210227272727273,0.09928122192273135,0.6278409090909091,0.07951482479784366,0.5028409090909091,0.08580413297394429,0.5426136363636364,0.05390835579514825,0.3409090909090909,0.10287511230907458,0.6505681818181818,0.11141060197663971,0.7045454545454546,0.11141060197663971,0.7045454545454546,0.019766397124887692,0.125,0.07681940700808626,0.48579545454545453,0.059748427672955975,0.3778409090909091,0.08580413297394429,0.5426136363636364,0.028751123090745734,0.18181818181818182,0.11320754716981132,0.7159090909090909,0.09928122192273135,0.6278409090909091,0.09568733153638814,0.6051136363636364,0.05345911949685535,0.3380681818181818,0.10197663971248877,0.6448863636363636,0.11141060197663971,0.7045454545454546,0.11141060197663971,0.7045454545454546,0.03189577717879605,0.20170454545454544,0.07592093441150045,0.48011363636363635,0.05390835579514825,0.3409090909090909,0.0862533692722372,0.5454545454545454,0.029200359389038633,0.1846590909090909,0.11320754716981132,0.7159090909090909,0.09928122192273135,0.6278409090909091,0.09523809523809523,0.6022727272727273
16,0.07160909856781802,0.48295454545454547,0.09519797809604044,0.6420454545454546,0.10909856781802864,0.7357954545454546,0.10909856781802864,0.7357954545454546,0.02316764953664701,0.15625,0.09772535804549284,0.6590909090909091,0.09983150800336985,0.6732954545454546,0.06908171861836562,0.4659090909090909,0.05602358887952822,0.3778409090909091,0.09561920808761584,0.6448863636363636,0.07792754844144903,0.5255681818181818,0.09730412805391744,0.65625,0.018112889637742206,0.12215909090909091,0.09393428812131424,0.6335227272727273,0.10657118786857624,0.71875,0.10657118786857624,0.71875,0.039174389216512215,0.26420454545454547,0.08466722830665543,0.5710227272727273,0.08719460825610784,0.5880681818181818,0.05981465880370682,0.4034090909090909,0.051811288963774224,0.3494318181818182,0.09604043807919124,0.6477272727272727,0.07666385846672283,0.5170454545454546,0.06992417860151642,0.4715909090909091,0.07160909856781802,0.48295454545454547,0.09056444818871104,0.6107954545454546,0.10909856781802864,0.7357954545454546,0.10909856781802864,0.7357954545454546,0.030328559393428812,0.20454545454545456,0.09393428812131424,0.6335227272727273,0.10994102780117944,0.7414772727272727,0.08424599831508003,0.5681818181818182,0.037489469250210614,0.2528409090909091,0.08887952822240944,0.5994318181818182,0.07371524852569503,0.4971590909090909,0.06318449873631002,0.42613636363636365,0.017691659646166806,0.11931818181818182,0.09014321819713564,0.6079545454545454,0.10909856781802864,0.7357954545454546,0.10909856781802864,0.7357954545454546,0.02527379949452401,0.17045454545454544,0.06613310867733782,0.4460227272727273,0.05644481887110362,0.3806818181818182,0.07371524852569503,0.4971590909090909,0.039174389216512215,0.26420454545454547,0.09014321819713564,0.6079545454545454,0.07413647851727043,0.5,0.08677337826453244,0.5852272727272727,0.07160909856781802,0.48295454545454547,0.09351305812973884,0.6306818181818182,0.11120471777590564,0.75,0.11036225779275484,0.7443181818181818,0.016427969671440605,0.11079545454545454,0.09898904802021904,0.6676136363636364,0.07666385846672283,0.5170454545454546,0.05770850884582982,0.38920454545454547,0.05686604886267902,0.3835227272727273,0.09477674810446504,0.6392045454545454,0.07582139848357203,0.5113636363636364,0.09856781802864364,0.6647727272727273,0.017691659646166806,0.11931818181818182,0.09140690817186184,0.6164772727272727,0.10951979780960404,0.7386363636363636,0.10951979780960404,0.7386363636363636,0.02737994945240101,0.1846590909090909,0.08003369839932603,0.5397727272727273,0.08930075821398484,0.6022727272727273,0.06739679865206402,0.45454545454545453,0.05223251895534962,0.3522727272727273,0.09477674810446504,0.6392045454545454,0.07540016849199663,0.5085227272727273,0.08424599831508003,0.5681818181818182,0.050968828980623423,0.34375,0.09856781802864364,0.6647727272727273,0.10657118786857624,0.71875,0.10657118786857624,0.71875,0.019376579612468407,0.13068181818181818,0.07540016849199663,0.5085227272727273,0.062342038753159225,0.42045454545454547,0.08424599831508003,0.5681818181818182,0.02864363942712721,0.19318181818181818,0.10867733782645324,0.7329545454545454,0.09646166807076664,0.6505681818181818,0.09140690817186184,0.6164772727272727,0.050968828980623423,0.34375,0.09814658803706824,0.6619318181818182,0.10657118786857624,0.71875,0.10657118786857624,0.71875,0.031171019376579612,0.21022727272727273,0.07497893850042123,0.5056818181818182,0.05560235888795282,0.375,0.08508845829823083,0.5738636363636364,0.02864363942712721,0.19318181818181818,0.10825610783487784,0.7301136363636364,0.09646166807076664,0.6505681818181818,0.09182813816343724,0.6193181818181818
17,0.06859635210150675,0.4914772727272727,0.09199048374306107,0.6590909090909091,0.10348929421094369,0.7414772727272727,0.10348929421094369,0.7414772727272727,0.023790642347343377,0.17045454545454544,0.0943695479777954,0.6761363636363636,0.09635210150674069,0.6903409090909091,0.0654242664551943,0.46875,0.05471847739888977,0.39204545454545453,0.091593973037272,0.65625,0.07494052339413164,0.5369318181818182,0.09397303727200634,0.6732954545454546,0.018636003172085646,0.13352272727272727,0.09080095162569389,0.6505681818181818,0.10229976209357652,0.7329545454545454,0.10269627279936558,0.7357954545454546,0.03885804916732752,0.2784090909090909,0.08088818398096749,0.5795454545454546,0.08524980174464711,0.6107954545454546,0.057097541633624106,0.4090909090909091,0.05114988104678826,0.3664772727272727,0.09238699444885012,0.6619318181818182,0.07295796986518636,0.5227272727272727,0.06780333068992862,0.48579545454545453,0.07018239492466297,0.5028409090909091,0.08643933386201427,0.6193181818181818,0.10309278350515463,0.7386363636363636,0.10269627279936558,0.7357954545454546,0.03211736716891356,0.23011363636363635,0.08842188739095956,0.6335227272727273,0.10507533703409992,0.7528409090909091,0.08128469468675655,0.5823863636363636,0.038461538461538464,0.2755681818181818,0.084456780333069,0.6051136363636364,0.07018239492466297,0.5028409090909091,0.05947660586835844,0.42613636363636365,0.017842981760507533,0.1278409090909091,0.08564631245043616,0.6136363636363636,0.10309278350515463,0.7386363636363636,0.10309278350515463,0.7386363636363636,0.026169706582077717,0.1875,0.0654242664551943,0.46875,0.063441712926249,0.45454545454545453,0.07018239492466297,0.5028409090909091,0.03885804916732752,0.2784090909090909,0.08683584456780333,0.6221590909090909,0.07295796986518636,0.5227272727272727,0.08247422680412371,0.5909090909090909,0.0689928628072958,0.4943181818181818,0.08961141950832673,0.6420454545454546,0.10745440126883427,0.7698863636363636,0.10586835844567803,0.7585227272727273,0.017842981760507533,0.1278409090909091,0.09595559080095163,0.6875,0.0761300555114988,0.5454545454545454,0.05749405233941316,0.4119318181818182,0.056304520222045996,0.4034090909090909,0.09000793021411578,0.6448863636363636,0.07494052339413164,0.5369318181818182,0.09555908009516256,0.6846590909090909,0.018636003172085646,0.13352272727272727,0.08683584456780333,0.6221590909090909,0.10547184773988898,0.7556818181818182,0.10547184773988898,0.7556818181818182,0.02656621728786677,0.1903409090909091,0.07850911974623315,0.5625,0.08643933386201427,0.6193181818181818,0.06502775574940524,0.4659090909090909,0.052339413164155434,0.375,0.09040444091990484,0.6477272727272727,0.07335448057097542,0.5255681818181818,0.08326724821570182,0.5965909090909091,0.04916732751784298,0.3522727272727273,0.0943695479777954,0.6761363636363636,0.10309278350515463,0.7386363636363636,0.10348929421094369,0.7414772727272727,0.020222045995241873,0.14488636363636365,0.07454401268834258,0.5340909090909091,0.06225218080888184,0.4460227272727273,0.0816812053925456,0.5852272727272727,0.02775574940523394,0.19886363636363635,0.10348929421094369,0.7414772727272727,0.0943695479777954,0.6761363636363636,0.08961141950832673,0.6420454545454546,0.04837430610626487,0.3465909090909091,0.09397303727200634,0.6732954545454546,0.10309278350515463,0.7386363636363636,0.10348929421094369,0.7414772727272727,0.030927835051546393,0.2215909090909091,0.07414750198255353,0.53125,0.055114988104678825,0.39488636363636365,0.08247422680412371,0.5909090909090909,0.02775574940523394,0.19886363636363635,0.10388580491673276,0.7443181818181818,0.0943695479777954,0.6761363636363636,0.09000793021411578,0.6448863636363636
18,0.0677648820666417,0.5142045454545454,0.090228378884313,0.6846590909090909,0.09958816922500936,0.7556818181818182,0.09958816922500936,0.7556818181818182,0.02283788843129914,0.17329545454545456,0.09172594533882442,0.6960227272727273,0.09284912017970798,0.7045454545454546,0.0628977910894796,0.4772727272727273,0.05241482590789966,0.3977272727272727,0.08723324597529016,0.6619318181818182,0.07225758143017597,0.5482954545454546,0.09172594533882442,0.6960227272727273,0.018345189067764882,0.13920454545454544,0.08835642081617372,0.6704545454545454,0.09809060277049794,0.7443181818181818,0.09809060277049794,0.7443181818181818,0.038936727817296894,0.29545454545454547,0.07787345563459379,0.5909090909090909,0.08161737177087233,0.6193181818181818,0.055784350430550356,0.42329545454545453,0.04941969299887682,0.375,0.08835642081617372,0.6704545454545454,0.0711344065892924,0.5397727272727273,0.067016098839386,0.5085227272727273,0.06888805690752527,0.5227272727272727,0.0827405466117559,0.6278409090909091,0.09734181954324223,0.7386363636363636,0.09734181954324223,0.7386363636363636,0.03257207038562336,0.2471590909090909,0.08536128790715088,0.6477272727272727,0.09958816922500936,0.7556818181818182,0.07824784724822163,0.59375,0.038187944590041184,0.2897727272727273,0.08161737177087233,0.6193181818181818,0.06851366529389742,0.5198863636363636,0.05615874204417821,0.42613636363636365,0.018719580681392737,0.14204545454545456,0.0827405466117559,0.6278409090909091,0.09771621115687008,0.7414772727272727,0.09771621115687008,0.7414772727272727,0.02620741295394983,0.19886363636363635,0.0636465743167353,0.48295454545454547,0.06439535754399102,0.48863636363636365,0.06851366529389742,0.5198863636363636,0.038562336203669036,0.29261363636363635,0.0827405466117559,0.6278409090909091,0.07038562336203669,0.5340909090909091,0.08086858854361663,0.6136363636363636,0.0677648820666417,0.5142045454545454,0.08573567952077873,0.6505681818181818,0.1025833021340322,0.7784090909090909,0.1025833021340322,0.7784090909090909,0.017222014226881317,0.13068181818181818,0.09284912017970798,0.7045454545454546,0.07487832272557095,0.5681818181818182,0.056533133657806066,0.4289772727272727,0.055784350430550356,0.42329545454545453,0.08798202920254586,0.6676136363636364,0.07375514788468739,0.5596590909090909,0.09172594533882442,0.6960227272727273,0.018719580681392737,0.14204545454545456,0.08536128790715088,0.6477272727272727,0.10071134406589292,0.7642045454545454,0.10108573567952078,0.7670454545454546,0.026581804567577687,0.20170454545454544,0.0752527143391988,0.5710227272727273,0.08461250467989517,0.6420454545454546,0.06252339947585174,0.4744318181818182,0.05091725945338824,0.38636363636363635,0.08760763758891801,0.6647727272727273,0.07038562336203669,0.5340909090909091,0.08124298015724447,0.6164772727272727,0.04754773493073755,0.36079545454545453,0.0909771621115687,0.6903409090909091,0.09958816922500936,0.7556818181818182,0.09996256083863722,0.7585227272727273,0.02134032197678772,0.16193181818181818,0.07375514788468739,0.5596590909090909,0.06402096593036316,0.48579545454545453,0.08049419692998877,0.6107954545454546,0.028079371022089104,0.21306818181818182,0.09958816922500936,0.7556818181818182,0.09247472856608012,0.7017045454545454,0.08835642081617372,0.6704545454545454,0.04642456008985399,0.3522727272727273,0.090228378884313,0.6846590909090909,0.09958816922500936,0.7556818181818182,0.09996256083863722,0.7585227272727273,0.03257207038562336,0.2471590909090909,0.07450393111194309,0.5653409090909091,0.05840509172594534,0.4431818181818182,0.08161737177087233,0.6193181818181818,0.027704979408461252,0.21022727272727273,0.09958816922500936,0.7556818181818182,0.09284912017970798,0.7045454545454546,0.08723324597529016,0.6619318181818182
19,0.0659808442710181,0.5284090909090909,0.08691025186236254,0.6960227272727273,0.095069173465768,0.7613636363636364,0.095069173465768,0.7613636363636364,0.023412557644554806,0.1875,0.09116708052500887,0.7301136363636364,0.09081234480312167,0.7272727272727273,0.061014544164597374,0.48863636363636365,0.05143667967364313,0.4119318181818182,0.08549130897481376,0.6846590909090909,0.06881873004611565,0.5511363636363636,0.08797445902802412,0.7045454545454546,0.018800993260021284,0.15056818181818182,0.08584604469670096,0.6875,0.09365023057821922,0.75,0.09365023057821922,0.75,0.03760198652004257,0.30113636363636365,0.07449450159631076,0.5965909090909091,0.07981553742461867,0.6392045454545454,0.05711245122383824,0.45738636363636365,0.048598793898545586,0.38920454545454547,0.08513657325292658,0.6818181818181818,0.06775452288045407,0.5426136363636364,0.06491663710535651,0.5198863636363636,0.06669031571479248,0.5340909090909091,0.08123448031216743,0.6505681818181818,0.09258602341255764,0.7414772727272727,0.09223128769067045,0.7386363636363636,0.03228095069173466,0.2585227272727273,0.0826534231997162,0.6619318181818182,0.0954239091876552,0.7642045454545454,0.07484923731819794,0.5994318181818182,0.03724725079815538,0.29829545454545453,0.07875133025895707,0.6306818181818182,0.0652713728272437,0.5227272727272727,0.05321035828307911,0.42613636363636365,0.01915572898190848,0.1534090909090909,0.07981553742461867,0.6392045454545454,0.09258602341255764,0.7414772727272727,0.09258602341255764,0.7414772727272727,0.02625044341965236,0.21022727272727273,0.060659808442710184,0.48579545454545453,0.06207875133025896,0.4971590909090909,0.06704505143667967,0.5369318181818182,0.03866619368570415,0.3096590909090909,0.08017027314650585,0.6420454545454546,0.06846399432422845,0.5482954545454546,0.07839659453706989,0.6278409090909091,0.06669031571479248,0.5340909090909091,0.0833628946434906,0.6676136363636364,0.09897126640652713,0.7926136363636364,0.10039020929407591,0.8039772727272727,0.017027314650585313,0.13636363636363635,0.09081234480312167,0.7272727272727273,0.07343029443064916,0.5880681818181818,0.05533877261440227,0.4431818181818182,0.054629301170627885,0.4375,0.08513657325292658,0.6818181818181818,0.071301880099326,0.5710227272727273,0.08903866619368571,0.7130681818181818,0.018800993260021284,0.15056818181818182,0.08194395175594182,0.65625,0.0957786449095424,0.7670454545454546,0.0957786449095424,0.7670454545454546,0.02554097197587797,0.20454545454545456,0.07307555870876198,0.5852272727272727,0.08229868747782902,0.6590909090909091,0.0595956012770486,0.4772727272727273,0.049308265342319975,0.39488636363636365,0.08442710180915218,0.6761363636363636,0.06846399432422845,0.5482954545454546,0.07839659453706989,0.6278409090909091,0.045406172401560835,0.36363636363636365,0.08691025186236254,0.6960227272727273,0.09719758779709117,0.7784090909090909,0.09719758779709117,0.7784090909090909,0.021284143313231644,0.17045454545454544,0.07307555870876198,0.5852272727272727,0.06669031571479248,0.5340909090909091,0.0773323873714083,0.6193181818181818,0.027669386307201137,0.2215909090909091,0.0954239091876552,0.7642045454545454,0.08974813763746009,0.71875,0.08620078041858815,0.6903409090909091,0.04576090812344803,0.3664772727272727,0.08691025186236254,0.6960227272727273,0.09719758779709117,0.7784090909090909,0.09719758779709117,0.7784090909090909,0.03299042213550905,0.26420454545454547,0.07413976587442356,0.59375,0.061014544164597374,0.48863636363636365,0.07804185881518269,0.625,0.028024122029088328,0.22443181818181818,0.0954239091876552,0.7642045454545454,0.08974813763746009,0.71875,0.08478183753103938,0.6789772727272727
20,0.06435309973045822,0.5426136363636364,0.08389487870619947,0.7073863636363636,0.09130727762803234,0.7698863636363636,0.09130727762803234,0.7698863636363636,0.023921832884097036,0.20170454545454544,0.08827493261455525,0.7443181818181818,0.0876010781671159,0.7386363636363636,0.06132075471698113,0.5170454545454546,0.05087601078167116,0.4289772727272727,0.08355795148247978,0.7045454545454546,0.0660377358490566,0.5568181818181818,0.08456873315363882,0.7130681818181818,0.01954177897574124,0.16477272727272727,0.08288409703504043,0.6988636363636364,0.08995956873315364,0.7585227272727273,0.08995956873315364,0.7585227272727273,0.036725067385444746,0.3096590909090909,0.07142857142857142,0.6022727272727273,0.07749326145552561,0.6534090909090909,0.056266846361185986,0.4744318181818182,0.047506738544474396,0.4005681818181818,0.0832210242587601,0.7017045454545454,0.06502695417789757,0.5482954545454546,0.06570080862533692,0.5539772727272727,0.06536388140161725,0.5511363636363636,0.07884097035040431,0.6647727272727273,0.08793800539083559,0.7414772727272727,0.08793800539083559,0.7414772727272727,0.03099730458221024,0.26136363636363635,0.0805256064690027,0.6789772727272727,0.09164420485175202,0.7727272727272727,0.07446091644204851,0.6278409090909091,0.03706199460916442,0.3125,0.07749326145552561,0.6534090909090909,0.06266846361185983,0.5284090909090909,0.05053908355795148,0.42613636363636365,0.018867924528301886,0.1590909090909091,0.07850404312668463,0.6619318181818182,0.08793800539083559,0.7414772727272727,0.08793800539083559,0.7414772727272727,0.026954177897574125,0.22727272727272727,0.057951482479784364,0.48863636363636365,0.06132075471698113,0.5170454545454546,0.06502695417789757,0.5482954545454546,0.03908355795148248,0.32954545454545453,0.07715633423180593,0.6505681818181818,0.06536388140161725,0.5511363636363636,0.07547169811320754,0.6363636363636364,0.06570080862533692,0.5539772727272727,0.08153638814016173,0.6875,0.0963611859838275,0.8125,0.0977088948787062,0.8238636363636364,0.016846361185983826,0.14204545454545456,0.08827493261455525,0.7443181818181818,0.07378706199460916,0.6221590909090909,0.056266846361185986,0.4744318181818182,0.05256064690026954,0.4431818181818182,0.08288409703504043,0.6988636363636364,0.06805929919137467,0.5738636363636364,0.08692722371967655,0.7329545454545454,0.01853099730458221,0.15625,0.07951482479784366,0.6704545454545454,0.09299191374663072,0.7840909090909091,0.09299191374663072,0.7840909090909091,0.025943396226415096,0.21875,0.07008086253369272,0.5909090909090909,0.08153638814016173,0.6875,0.057951482479784364,0.48863636363636365,0.04818059299191375,0.40625,0.08119946091644205,0.6846590909090909,0.06671159029649595,0.5625,0.07513477088948788,0.6335227272727273,0.04413746630727763,0.3721590909090909,0.08355795148247978,0.7045454545454546,0.09400269541778976,0.7926136363636364,0.09400269541778976,0.7926136363636364,0.02122641509433962,0.17897727272727273,0.07142857142857142,0.6022727272727273,0.06772237196765499,0.5710227272727273,0.07412398921832884,0.625,0.0272911051212938,0.23011363636363635,0.09130727762803234,0.7698863636363636,0.08659029649595687,0.7301136363636364,0.08221024258760108,0.6931818181818182,0.04481132075471698,0.3778409090909091,0.08355795148247978,0.7045454545454546,0.09400269541778976,0.7926136363636364,0.09400269541778976,0.7926136363636364,0.03234501347708895,0.2727272727272727,0.0747978436657682,0.6306818181818182,0.06266846361185983,0.5284090909090909,0.0747978436657682,0.6306818181818182,0.027628032345013476,0.23295454545454544,0.09130727762803234,0.7698863636363636,0.08692722371967655,0.7329545454545454,0.0832210242587601,0.7017045454545454
21,0.06354300385109114,0.5625,0.08151476251604621,0.7215909090909091,0.08793324775353016,0.7784090909090909,0.08793324775353016,0.7784090909090909,0.024069319640564826,0.21306818181818182,0.08664955070603338,0.7670454545454546,0.08664955070603338,0.7670454545454546,0.05969191270860077,0.5284090909090909,0.04910141206675225,0.4346590909090909,0.08119383825417202,0.71875,0.06514762516046213,0.5767045454545454,0.08183568677792041,0.7244318181818182,0.02086007702182285,0.1846590909090909,0.07991014120667522,0.7073863636363636,0.08697047496790758,0.7698863636363636,0.08729139922978177,0.7727272727272727,0.036585365853658534,0.32386363636363635,0.06803594351732992,0.6022727272727273,0.07413350449293966,0.65625,0.0555198973042362,0.4914772727272727,0.046534017971758664,0.4119318181818182,0.08023106546854943,0.7102272727272727,0.06386392811296535,0.5653409090909091,0.06386392811296535,0.5653409090909091,0.06418485237483953,0.5681818181818182,0.07734274711168164,0.6846590909090909,0.08472400513478819,0.75,0.08504492939666239,0.7528409090909091,0.031129653401797176,0.2755681818181818,0.07702182284980745,0.6818181818181818,0.08729139922978177,0.7727272727272727,0.07220795892169447,0.6392045454545454,0.03754813863928113,0.33238636363636365,0.07670089858793325,0.6789772727272727,0.06258023106546855,0.5539772727272727,0.04942233632862644,0.4375,0.01957637997432606,0.17329545454545456,0.07637997432605904,0.6761363636363636,0.08472400513478819,0.75,0.08472400513478819,0.75,0.025994865211810013,0.23011363636363635,0.05744544287548139,0.5085227272727273,0.06161745827984596,0.5454545454545454,0.06354300385109114,0.5625,0.03883183568677792,0.34375,0.07509627727856226,0.6647727272727273,0.06482670089858793,0.5738636363636364,0.07349165596919127,0.6505681818181818,0.06418485237483953,0.5681818181818182,0.07894736842105263,0.6988636363636364,0.09242618741976893,0.8181818181818182,0.09467265725288831,0.8380681818181818,0.016367137355584083,0.14488636363636365,0.084403080872914,0.7471590909090909,0.07541720154043646,0.6676136363636364,0.054878048780487805,0.48579545454545453,0.05038510911424904,0.4460227272727273,0.08023106546854943,0.7102272727272727,0.06578947368421052,0.5823863636363636,0.08504492939666239,0.7528409090909091,0.02053915275994865,0.18181818181818182,0.07637997432605904,0.6761363636363636,0.08953786906290115,0.7926136363636364,0.08953786906290115,0.7926136363636364,0.025994865211810013,0.23011363636363635,0.06739409499358151,0.5965909090909091,0.07862644415917844,0.6960227272727273,0.059050064184852376,0.5227272727272727,0.04717586649550706,0.41761363636363635,0.07862644415917844,0.6960227272727273,0.06514762516046213,0.5767045454545454,0.07317073170731707,0.6477272727272727,0.04332477535301669,0.3835227272727273,0.08055198973042361,0.7130681818181818,0.09178433889602054,0.8125,0.09178433889602054,0.8125,0.022785622593068038,0.20170454545454544,0.07220795892169447,0.6392045454545454,0.07092426187419769,0.6278409090909091,0.07156611039794608,0.6335227272727273,0.0279204107830552,0.2471590909090909,0.08857509627727857,0.7840909090909091,0.0840821566110398,0.7443181818181818,0.08023106546854943,0.7102272727272727,0.04332477535301669,0.3835227272727273,0.08055198973042361,0.7130681818181818,0.09178433889602054,0.8125,0.09178433889602054,0.8125,0.03273427471116817,0.2897727272727273,0.07349165596919127,0.6505681818181818,0.06418485237483953,0.5681818181818182,0.07252888318356868,0.6420454545454546,0.0279204107830552,0.2471590909090909,0.08857509627727857,0.7840909090909091,0.0834403080872914,0.7386363636363636,0.08023106546854943,0.7102272727272727
22,0.06096813725490196,0.5653409090909091,0.078125,0.7244318181818182,0.08547794117647059,0.7926136363636364,0.08517156862745098,0.7897727272727273,0.025122549019607844,0.23295454545454544,0.08333333333333333,0.7727272727272727,0.08425245098039216,0.78125,0.05821078431372549,0.5397727272727273,0.04840686274509804,0.44886363636363635,0.078125,0.7244318181818182,0.06341911764705882,0.5880681818181818,0.07904411764705882,0.7329545454545454,0.02144607843137255,0.19886363636363635,0.0778186274509804,0.7215909090909091,0.08517156862745098,0.7897727272727273,0.08517156862745098,0.7897727272727273,0.03615196078431373,0.3352272727272727,0.06587009803921569,0.6107954545454546,0.07230392156862746,0.6704545454545454,0.05422794117647059,0.5028409090909091,0.04534313725490196,0.42045454545454547,0.0778186274509804,0.7215909090909091,0.06311274509803921,0.5852272727272727,0.0625,0.5795454545454546,0.06311274509803921,0.5852272727272727,0.07536764705882353,0.6988636363636364,0.0821078431372549,0.7613636363636364,0.08241421568627451,0.7642045454545454,0.03125,0.2897727272727273,0.0744485294117647,0.6903409090909091,0.08333333333333333,0.7727272727272727,0.0701593137254902,0.6505681818181818,0.03799019607843137,0.3522727272727273,0.07383578431372549,0.6846590909090909,0.061887254901960786,0.5738636363636364,0.05116421568627451,0.4744318181818182,0.020833333333333332,0.19318181818181818,0.0741421568627451,0.6875,0.08118872549019608,0.7528409090909091,0.08118872549019608,0.7528409090909091,0.02665441176470588,0.2471590909090909,0.05943627450980392,0.5511363636363636,0.06096813725490196,0.5653409090909091,0.061887254901960786,0.5738636363636364,0.03799019607843137,0.3522727272727273,0.07322303921568628,0.6789772727272727,0.06403186274509803,0.59375,0.07199754901960784,0.6676136363636364,0.061887254901960786,0.5738636363636364,0.07689950980392157,0.7130681818181818,0.0897671568627451,0.8323863636363636,0.09191176470588236,0.8522727272727273,0.015931372549019607,0.14772727272727273,0.08241421568627451,0.7642045454545454,0.0744485294117647,0.6903409090909091,0.05330882352941176,0.4943181818181818,0.04993872549019608,0.4630681818181818,0.07751225490196079,0.71875,0.06311274509803921,0.5852272727272727,0.08455882352941177,0.7840909090909091,0.021139705882352942,0.19602272727272727,0.0744485294117647,0.6903409090909091,0.08731617647058823,0.8096590909090909,0.08731617647058823,0.8096590909090909,0.025735294117647058,0.23863636363636365,0.06587009803921569,0.6107954545454546,0.07689950980392157,0.7130681818181818,0.057904411764705885,0.5369318181818182,0.046262254901960786,0.4289772727272727,0.07628676470588236,0.7073863636363636,0.06341911764705882,0.5880681818181818,0.07077205882352941,0.65625,0.04197303921568627,0.38920454545454547,0.078125,0.7244318181818182,0.08792892156862746,0.8153409090909091,0.08792892156862746,0.8153409090909091,0.022365196078431373,0.20738636363636365,0.07169117647058823,0.6647727272727273,0.07291666666666667,0.6761363636363636,0.07291666666666667,0.6761363636363636,0.0272671568627451,0.2528409090909091,0.08639705882352941,0.8011363636363636,0.08241421568627451,0.7642045454545454,0.07873774509803921,0.7301136363636364,0.041666666666666664,0.38636363636363635,0.0778186274509804,0.7215909090909091,0.08792892156862746,0.8153409090909091,0.08792892156862746,0.8153409090909091,0.03400735294117647,0.3153409090909091,0.07383578431372549,0.6846590909090909,0.06464460784313726,0.5994318181818182,0.0741421568627451,0.6875,0.027573529411764705,0.2556818181818182,0.0860906862745098,0.7982954545454546,0.08118872549019608,0.7528409090909091,0.07720588235294118,0.7159090909090909
23,0.061236448871960156,0.59375,0.07617931438617052,0.7386363636363636,0.08526223263990625,0.8267045454545454,0.08496923527688251,0.8238636363636364,0.025490770583064752,0.2471590909090909,0.08086727219455025,0.7840909090909091,0.08145326692059772,0.7897727272727273,0.05772048051567536,0.5596590909090909,0.04775857017286844,0.4630681818181818,0.07559331966012306,0.7329545454545454,0.06270143568707881,0.6079545454545454,0.07647231174919426,0.7414772727272727,0.021974802226779958,0.21306818181818182,0.07559331966012306,0.7329545454545454,0.08291825373571637,0.8039772727272727,0.08291825373571637,0.8039772727272727,0.0348666861998242,0.3380681818181818,0.06445941986522122,0.625,0.0697333723996484,0.6761363636363636,0.053911514796366834,0.5227272727272727,0.043949604453559915,0.42613636363636365,0.07588631702314678,0.7357954545454546,0.06270143568707881,0.6079545454545454,0.06152944623498389,0.5965909090909091,0.06299443305010255,0.6107954545454546,0.07354233811895693,0.7130681818181818,0.07910928801640785,0.7670454545454546,0.07969528274245531,0.7727272727272727,0.030764723117491944,0.29829545454545453,0.07617931438617052,0.7386363636363636,0.07969528274245531,0.7727272727272727,0.06738939349545854,0.6534090909090909,0.038382654556108994,0.3721590909090909,0.07178435394081453,0.6960227272727273,0.06006445941986522,0.5823863636363636,0.050981541166129504,0.4943181818181818,0.021974802226779958,0.21306818181818182,0.07295634339290946,0.7073863636363636,0.07852329329036038,0.7613636363636364,0.07852329329036038,0.7613636363636364,0.025783767946088484,0.25,0.06270143568707881,0.6079545454545454,0.059478464693817755,0.5767045454545454,0.059478464693817755,0.5767045454545454,0.0375036624670378,0.36363636363636365,0.0706123644887196,0.6846590909090909,0.062408438324055085,0.6051136363636364,0.0697333723996484,0.6761363636363636,0.06152944623498389,0.5965909090909091,0.07471432757105186,0.7244318181818182,0.08702021681804864,0.84375,0.08907119835921477,0.8636363636363636,0.018165836507471434,0.17613636363636365,0.07969528274245531,0.7727272727272727,0.07383533548198067,0.7159090909090909,0.052446527981248166,0.5085227272727273,0.04922355698798711,0.4772727272727273,0.07471432757105186,0.7244318181818182,0.060650454145912684,0.5880681818181818,0.08262525637269265,0.8011363636363636,0.021681804863756225,0.21022727272727273,0.07207735130383827,0.6988636363636364,0.08467623791385878,0.8210227272727273,0.08496923527688251,0.8238636363636364,0.025783767946088484,0.25,0.06416642250219748,0.6221590909090909,0.07442133020802813,0.7215909090909091,0.058306475241722826,0.5653409090909091,0.04629358335774978,0.44886363636363635,0.07412833284500439,0.71875,0.06152944623498389,0.5965909090909091,0.06885438031057721,0.6676136363636364,0.04101963082332259,0.3977272727272727,0.07617931438617052,0.7386363636363636,0.08526223263990625,0.8267045454545454,0.08526223263990625,0.8267045454545454,0.023439789041898623,0.22727272727272727,0.0706123644887196,0.6846590909090909,0.07090536185174333,0.6875,0.07119835921476707,0.6903409090909091,0.02636976267213595,0.2556818181818182,0.08379724582478758,0.8125,0.07940228537943159,0.7698863636363636,0.07588631702314678,0.7357954545454546,0.04072663346029886,0.39488636363636365,0.07530032229709932,0.7301136363636364,0.08526223263990625,0.8267045454545454,0.08526223263990625,0.8267045454545454,0.03369469674772927,0.32670454545454547,0.0732493407559332,0.7102272727272727,0.06533841195429241,0.6335227272727273,0.072370348666862,0.7017045454545454,0.02636976267213595,0.2556818181818182,0.08379724582478758,0.8125,0.07940228537943159,0.7698863636363636,0.07559331966012306,0.7329545454545454
24,0.060376298792474026,0.6107954545454546,0.07385565852288684,0.7471590909090909,0.08368435832631284,0.8465909090909091,0.08368435832631284,0.8465909090909091,0.02471215950575681,0.25,0.07806795843864082,0.7897727272727273,0.07919123841617523,0.8011363636363636,0.05532153889356922,0.5596590909090909,0.047739399045212016,0.48295454545454547,0.07385565852288684,0.7471590909090909,0.060657118786857624,0.6136363636363636,0.07441729851165403,0.7528409090909091,0.02274641954507161,0.23011363636363635,0.07329401853411963,0.7414772727272727,0.08115697837686044,0.8210227272727273,0.08115697837686044,0.8210227272727273,0.03538331929233361,0.35795454545454547,0.06262285874754282,0.6335227272727273,0.06739679865206402,0.6818181818181818,0.05447907891041842,0.5511363636363636,0.04296545914069082,0.4346590909090909,0.07273237854535243,0.7357954545454546,0.060376298792474026,0.6107954545454546,0.060376298792474026,0.6107954545454546,0.06262285874754282,0.6335227272727273,0.07104745857905083,0.71875,0.07666385846672283,0.7755681818181818,0.07666385846672283,0.7755681818181818,0.030609379387812413,0.3096590909090909,0.07385565852288684,0.7471590909090909,0.07638303847233924,0.7727272727272727,0.06543105869137883,0.6619318181818182,0.03706823925863521,0.375,0.06964335860713283,0.7045454545454546,0.05925301881493962,0.5994318181818182,0.04914349901713002,0.4971590909090909,0.02218477955630441,0.22443181818181818,0.07104745857905083,0.71875,0.07666385846672283,0.7755681818181818,0.07666385846672283,0.7755681818181818,0.02583543948329121,0.26136363636363635,0.062342038753159225,0.6306818181818182,0.057848918843021624,0.5852272727272727,0.05728727885425442,0.5795454545454546,0.03706823925863521,0.375,0.07048581859028363,0.7130681818181818,0.060376298792474026,0.6107954545454546,0.06683515866329683,0.6761363636363636,0.06093793878124122,0.6164772727272727,0.07385565852288684,0.7471590909090909,0.08424599831508003,0.8522727272727273,0.08593091828138164,0.8693181818181818,0.019376579612468407,0.19602272727272727,0.07722549845549002,0.78125,0.07245155855096883,0.7329545454545454,0.05223251895534962,0.5284090909090909,0.04858185902836282,0.4914772727272727,0.07160909856781802,0.7244318181818182,0.05812973883740522,0.5880681818181818,0.08143779837124403,0.8238636363636364,0.02190395956192081,0.2215909090909091,0.07104745857905083,0.71875,0.08256107834877843,0.8352272727272727,0.08228025835439483,0.8323863636363636,0.02555461948890761,0.2585227272727273,0.062342038753159225,0.6306818181818182,0.07273237854535243,0.7357954545454546,0.05812973883740522,0.5880681818181818,0.045212019095759615,0.45738636363636365,0.07188991856220163,0.7272727272727273,0.059533838809323225,0.6022727272727273,0.06655433866891322,0.6732954545454546,0.03987643920247121,0.4034090909090909,0.07497893850042123,0.7585227272727273,0.08199943836001124,0.8295454545454546,0.08228025835439483,0.8323863636363636,0.02358887952822241,0.23863636363636365,0.06936253861274923,0.7017045454545454,0.07132827857343443,0.7215909090909091,0.06964335860713283,0.7045454545454546,0.02583543948329121,0.26136363636363635,0.08143779837124403,0.8238636363636364,0.07722549845549002,0.78125,0.07413647851727043,0.75,0.039595619208087615,0.4005681818181818,0.07385565852288684,0.7471590909090909,0.08199943836001124,0.8295454545454546,0.08228025835439483,0.8323863636363636,0.033136759337264815,0.3352272727272727,0.07188991856220163,0.7272727272727273,0.06711597865768043,0.6789772727272727,0.06992417860151642,0.7073863636363636,0.02611625947767481,0.26420454545454547,0.08143779837124403,0.8238636363636364,0.07666385846672283,0.7755681818181818,0.07357483852850323,0.7443181818181818
25,0.06064690026954178,0.6392045454545454,0.07142857142857142,0.7528409090909091,0.08247978436657682,0.8693181818181818,0.08247978436657682,0.8693181818181818,0.024528301886792454,0.2585227272727273,0.0752021563342318,0.7926136363636364,0.07870619946091645,0.8295454545454546,0.05390835579514825,0.5681818181818182,0.04636118598382749,0.48863636363636365,0.07115902964959568,0.75,0.060107816711590295,0.6335227272727273,0.07304582210242587,0.7698863636363636,0.023180592991913745,0.24431818181818182,0.07196765498652291,0.7585227272727273,0.08059299191374664,0.8494318181818182,0.08059299191374664,0.8494318181818182,0.035309973045822104,0.3721590909090909,0.06118598382749326,0.6448863636363636,0.0660377358490566,0.6960227272727273,0.05309973045822102,0.5596590909090909,0.042048517520215635,0.4431818181818182,0.07088948787061995,0.7471590909090909,0.059568733153638816,0.6278409090909091,0.05876010781671159,0.6193181818181818,0.06091644204851752,0.6420454545454546,0.06981132075471698,0.7357954545454546,0.0738544474393531,0.7784090909090909,0.07412398921832884,0.78125,0.03099730458221024,0.32670454545454547,0.07196765498652291,0.7585227272727273,0.07358490566037736,0.7755681818181818,0.06522911051212937,0.6875,0.03638814016172507,0.3835227272727273,0.06819407008086253,0.71875,0.057412398921832884,0.6051136363636364,0.04716981132075472,0.4971590909090909,0.022641509433962263,0.23863636363636365,0.06900269541778976,0.7272727272727273,0.07358490566037736,0.7755681818181818,0.07358490566037736,0.7755681818181818,0.025606469002695417,0.26988636363636365,0.06172506738544475,0.6505681818181818,0.05633423180592992,0.59375,0.05660377358490566,0.5965909090909091,0.03611859838274933,0.3806818181818182,0.06900269541778976,0.7272727272727273,0.05876010781671159,0.6193181818181818,0.06415094339622641,0.6761363636363636,0.06091644204851752,0.6420454545454546,0.07088948787061995,0.7471590909090909,0.0816711590296496,0.8607954545454546,0.08382749326145553,0.8835227272727273,0.019676549865229112,0.20738636363636365,0.07439353099730459,0.7840909090909091,0.07331536388140161,0.7727272727272727,0.051482479784366576,0.5426136363636364,0.04743935309973046,0.5,0.06900269541778976,0.7272727272727273,0.05579514824797844,0.5880681818181818,0.07870619946091645,0.8295454545454546,0.022102425876010783,0.23295454545454544,0.07008086253369272,0.7386363636363636,0.08005390835579515,0.84375,0.07978436657681941,0.8409090909090909,0.025606469002695417,0.26988636363636365,0.06118598382749326,0.6448863636363636,0.07061994609164421,0.7443181818181818,0.05660377358490566,0.5965909090909091,0.04339622641509434,0.45738636363636365,0.06981132075471698,0.7357954545454546,0.05768194070080863,0.6079545454545454,0.0646900269541779,0.6818181818181818,0.03908355795148248,0.4119318181818182,0.0725067385444744,0.7642045454545454,0.07897574123989218,0.8323863636363636,0.07951482479784366,0.8380681818181818,0.02371967654986523,0.25,0.06792452830188679,0.7159090909090909,0.07035040431266847,0.7414772727272727,0.06765498652291105,0.7130681818181818,0.025606469002695417,0.26988636363636365,0.07924528301886792,0.8352272727272727,0.0752021563342318,0.7926136363636364,0.07142857142857142,0.7528409090909091,0.038544474393530995,0.40625,0.0725067385444744,0.7642045454545454,0.07897574123989218,0.8323863636363636,0.07951482479784366,0.8380681818181818,0.03315363881401617,0.3494318181818182,0.07035040431266847,0.7414772727272727,0.0660377358490566,0.6960227272727273,0.06846361185983828,0.7215909090909091,0.025606469002695417,0.26988636363636365,0.07924528301886792,0.8352272727272727,0.07493261455525606,0.7897727272727273,0.07169811320754717,0.7556818181818182
26,0.05857957490927942,0.6420454545454546,0.06998444790046657,0.7670454545454546,0.08113011923276309,0.8892045454545454,0.08113011923276309,0.8892045454545454,0.023846552617936754,0.26136363636363635,0.07413167444271643,0.8125,0.07646448937273198,0.8380681818181818,0.05184033177812338,0.5681818181818182,0.045878693623639194,0.5028409090909091,0.06868843960601348,0.7528409090909091,0.05857957490927942,0.6420454545454546,0.07102125453602903,0.7784090909090909,0.02280974598237429,0.25,0.06972524624157594,0.7642045454545454,0.07853810264385692,0.8607954545454546,0.07853810264385692,0.8607954545454546,0.034473820632452044,0.3778409090909091,0.06117159149818559,0.6704545454545454,0.064282011404873,0.7045454545454546,0.05261793675479523,0.5767045454545454,0.04121306376360809,0.45170454545454547,0.06842923794712286,0.75,0.0583203732503888,0.6392045454545454,0.05780196993260757,0.6335227272727273,0.05961638154484189,0.6534090909090909,0.06791083462934162,0.7443181818181818,0.07128045619491964,0.78125,0.07128045619491964,0.78125,0.03084499740798341,0.3380681818181818,0.0705028512182478,0.7727272727272727,0.07102125453602903,0.7784090909090909,0.064282011404873,0.7045454545454546,0.03602903058579575,0.39488636363636365,0.06765163297045101,0.7414772727272727,0.056246759979263865,0.6164772727272727,0.04691550025920166,0.5142045454545454,0.02280974598237429,0.25,0.06661482633488855,0.7301136363636364,0.07102125453602903,0.7784090909090909,0.07102125453602903,0.7784090909090909,0.025401762571280455,0.2784090909090909,0.06039398652151374,0.6619318181818182,0.05443234836702955,0.5965909090909091,0.05702436495593572,0.625,0.035510627268014516,0.38920454545454547,0.06791083462934162,0.7443181818181818,0.05780196993260757,0.6335227272727273,0.06168999481596682,0.6761363636363636,0.05909797822706065,0.6477272727272727,0.06920684292379471,0.7585227272727273,0.07931570762052877,0.8693181818181818,0.08190772420943494,0.8977272727272727,0.0199585277345775,0.21875,0.07231726283048212,0.7926136363636364,0.0720580611715915,0.7897727272727273,0.05080352514256091,0.5568181818181818,0.04691550025920166,0.5142045454545454,0.06635562467599793,0.7272727272727273,0.053654743390357695,0.5880681818181818,0.07594608605495075,0.8323863636363636,0.02255054432348367,0.2471590909090909,0.06817003628823225,0.7471590909090909,0.0782789009849663,0.8579545454545454,0.0782789009849663,0.8579545454545454,0.026438569206842923,0.2897727272727273,0.05935717988595127,0.6505681818181818,0.06920684292379471,0.7585227272727273,0.056246759979263865,0.6164772727272727,0.04302747537584241,0.4715909090909091,0.06765163297045101,0.7414772727272727,0.05650596163815448,0.6193181818181818,0.06376360808709176,0.6988636363636364,0.0383618455158113,0.42045454545454547,0.07024364955935718,0.7698863636363636,0.07724209434940384,0.8465909090909091,0.07724209434940384,0.8465909090909091,0.023846552617936754,0.26136363636363635,0.06661482633488855,0.7301136363636364,0.06868843960601348,0.7528409090909091,0.0660964230171073,0.7244318181818182,0.02592016588906169,0.2840909090909091,0.0767236910316226,0.8409090909090909,0.07387247278382582,0.8096590909090909,0.06946604458268534,0.7613636363636364,0.038880248833592534,0.42613636363636365,0.06998444790046657,0.7670454545454546,0.07724209434940384,0.8465909090909091,0.07724209434940384,0.8465909090909091,0.03291861067910835,0.36079545454545453,0.06920684292379471,0.7585227272727273,0.064282011404873,0.7045454545454546,0.06635562467599793,0.7272727272727273,0.025401762571280455,0.2784090909090909,0.0767236910316226,0.8409090909090909,0.0736132711249352,0.8068181818181818,0.06920684292379471,0.7585227272727273
27,0.057663504742885674,0.65625,0.06789815277084374,0.7727272727272727,0.07913130304543185,0.9005681818181818,0.07913130304543185,0.9005681818181818,0.023714428357463804,0.26988636363636365,0.07189216175736396,0.8181818181818182,0.07413879181228157,0.84375,0.0509236145781328,0.5795454545454546,0.044932601098352475,0.5113636363636364,0.06665002496255616,0.7585227272727273,0.05691462805791313,0.6477272727272727,0.06939590614078882,0.7897727272727273,0.023215177234148777,0.26420454545454547,0.06739890164752871,0.7670454545454546,0.07713429855217174,0.8778409090909091,0.07713429855217174,0.8778409090909091,0.034448327508736894,0.39204545454545453,0.06065901148277584,0.6903409090909091,0.06215676485272092,0.7073863636363636,0.05142286570144783,0.5852272727272727,0.04193709435846231,0.4772727272727273,0.06689965052421368,0.7613636363636364,0.05741387918122816,0.6534090909090909,0.056415376934598103,0.6420454545454546,0.05841238142785821,0.6647727272727273,0.06615077383924114,0.7528409090909091,0.06889665501747379,0.7840909090909091,0.06864702945581627,0.78125,0.031203195207189217,0.35511363636363635,0.06839740389415876,0.7784090909090909,0.06839740389415876,0.7784090909090909,0.06240639041437843,0.7102272727272727,0.035696455317024464,0.40625,0.06590114827758363,0.75,0.05541687468796805,0.6306818181818182,0.04593110334498253,0.5227272727272727,0.02271592611083375,0.2585227272727273,0.0654018971542686,0.7443181818181818,0.06889665501747379,0.7840909090909091,0.06889665501747379,0.7840909090909091,0.024463305042436344,0.2784090909090909,0.06065901148277584,0.6903409090909091,0.05292061907139291,0.6022727272727273,0.055666500249625564,0.6335227272727273,0.03469795307039441,0.39488636363636365,0.06590114827758363,0.75,0.05591612581128307,0.6363636363636364,0.06040938592111832,0.6875,0.05791313030454318,0.6590909090909091,0.06665002496255616,0.7585227272727273,0.07713429855217174,0.8778409090909091,0.07938092860708937,0.9034090909090909,0.019720419370943584,0.22443181818181818,0.07114328507239141,0.8096590909090909,0.07139291063404893,0.8125,0.04942586120818772,0.5625,0.04593110334498253,0.5227272727272727,0.06465302046929605,0.7357954545454546,0.052421367948077884,0.5965909090909091,0.07363954068896655,0.8380681818181818,0.022965551672491265,0.26136363636363635,0.06665002496255616,0.7585227272727273,0.07563654518222666,0.8607954545454546,0.07563654518222666,0.8607954545454546,0.025711432850723914,0.29261363636363635,0.05791313030454318,0.6590909090909091,0.06789815277084374,0.7727272727272727,0.05541687468796805,0.6306818181818182,0.041687468796804794,0.4744318181818182,0.0654018971542686,0.7443181818181818,0.055666500249625564,0.6335227272727273,0.06340489266100849,0.7215909090909091,0.03794308537194209,0.4318181818181818,0.06789815277084374,0.7727272727272727,0.0746380429355966,0.8494318181818182,0.0746380429355966,0.8494318181818182,0.023464802795806292,0.26704545454545453,0.06590114827758363,0.75,0.06714927608587119,0.7642045454545454,0.06490264603095357,0.7386363636363636,0.025212181727408887,0.2869318181818182,0.07438841737393909,0.8465909090909091,0.07189216175736396,0.8181818181818182,0.06789815277084374,0.7727272727272727,0.037693459810284574,0.4289772727272727,0.06789815277084374,0.7727272727272727,0.0746380429355966,0.8494318181818182,0.0746380429355966,0.8494318181818182,0.03220169745381927,0.3664772727272727,0.0691462805791313,0.7869318181818182,0.063654518222666,0.7244318181818182,0.06590114827758363,0.75,0.0254618072890664,0.2897727272727273,0.07438841737393909,0.8465909090909091,0.07164253619570644,0.8153409090909091,0.06789815277084374,0.7727272727272727
28,0.05679903730445247,0.6704545454545454,0.06570397111913358,0.7755681818181818,0.07701564380264742,0.9090909090909091,0.07701564380264742,0.9090909090909091,0.02358604091456077,0.2784090909090909,0.07051744885679903,0.8323863636363636,0.07148014440433213,0.84375,0.051504211793020456,0.6079545454545454,0.04428399518652226,0.5227272727272727,0.06474127557160048,0.7642045454545454,0.055114320096269556,0.6505681818181818,0.06738868832731648,0.7954545454545454,0.02454873646209386,0.2897727272727273,0.0654632972322503,0.7727272727272727,0.07581227436823104,0.8948863636363636,0.07557160048134777,0.8920454545454546,0.03369434416365824,0.3977272727272727,0.0592057761732852,0.6988636363636364,0.06040914560770157,0.7130681818181818,0.05174488567990373,0.6107954545454546,0.04163658243080626,0.4914772727272727,0.06498194945848375,0.7670454545454546,0.05752105896510229,0.6789772727272727,0.05535499398315283,0.6534090909090909,0.05752105896510229,0.6789772727272727,0.06425992779783393,0.7585227272727273,0.06666666666666667,0.7869318181818182,0.06738868832731648,0.7954545454545454,0.03176895306859206,0.375,0.06594464500601685,0.7784090909090909,0.0664259927797834,0.7840909090909091,0.06209386281588448,0.7329545454545454,0.03513838748495788,0.4147727272727273,0.06377858002406739,0.7528409090909091,0.05391095066185319,0.6363636363636364,0.046209386281588445,0.5454545454545454,0.023104693140794223,0.2727272727272727,0.06377858002406739,0.7528409090909091,0.06666666666666667,0.7869318181818182,0.06666666666666667,0.7869318181818182,0.02454873646209386,0.2897727272727273,0.059687123947051744,0.7045454545454546,0.051263537906137184,0.6051136363636364,0.05583634175691937,0.6590909090909091,0.03393501805054152,0.4005681818181818,0.0645006016847172,0.7613636363636364,0.054632972322503005,0.6448863636363636,0.05944645006016847,0.7017045454545454,0.05728038507821901,0.6761363636363636,0.06498194945848375,0.7670454545454546,0.07484957882069795,0.8835227272727273,0.07701564380264742,0.9090909090909091,0.020216606498194945,0.23863636363636365,0.0690734055354994,0.8153409090909091,0.06979542719614922,0.8238636363636364,0.04885679903730445,0.5767045454545454,0.04548736462093863,0.5369318181818182,0.06353790613718412,0.75,0.05102286401925391,0.6022727272727273,0.0717208182912154,0.8465909090909091,0.02430806257521059,0.2869318181818182,0.06498194945848375,0.7670454545454546,0.07388688327316487,0.8721590909090909,0.07388688327316487,0.8721590909090909,0.02527075812274368,0.29829545454545453,0.056077015643802644,0.6619318181818182,0.06594464500601685,0.7784090909090909,0.05367027677496992,0.6335227272727273,0.04163658243080626,0.4914772727272727,0.06377858002406739,0.7528409090909091,0.05415162454873646,0.6392045454545454,0.06257521058965103,0.7386363636363636,0.03730445246690734,0.4403409090909091,0.06666666666666667,0.7869318181818182,0.07220216606498195,0.8522727272727273,0.07220216606498195,0.8522727272727273,0.02286401925391095,0.26988636363636365,0.0645006016847172,0.7613636363636364,0.06618531889290012,0.78125,0.06474127557160048,0.7642045454545454,0.02527075812274368,0.29829545454545453,0.07244283995186522,0.8551136363636364,0.06979542719614922,0.8238636363636364,0.0664259927797834,0.7840909090909091,0.03754512635379061,0.4431818181818182,0.06594464500601685,0.7784090909090909,0.07220216606498195,0.8522727272727273,0.07220216606498195,0.8522727272727273,0.031287605294825514,0.3693181818181818,0.06787003610108304,0.8011363636363636,0.06209386281588448,0.7329545454545454,0.06474127557160048,0.7642045454545454,0.025752105896510228,0.3039772727272727,0.07244283995186522,0.8551136363636364,0.07003610108303249,0.8267045454545454,0.0664259927797834,0.7840909090909091
29,0.05577504066930049,0.6818181818181818,0.0639089007669068,0.78125,0.0745991168951894,0.9119318181818182,0.0745991168951894,0.9119318181818182,0.023471996281663954,0.2869318181818182,0.06809202881710434,0.8323863636363636,0.06971880083662561,0.8522727272727273,0.0513595166163142,0.6278409090909091,0.043225656518707876,0.5284090909090909,0.0634441087613293,0.7755681818181818,0.054380664652567974,0.6647727272727273,0.06576806878921683,0.8039772727272727,0.02486637229839647,0.3039772727272727,0.0634441087613293,0.7755681818181818,0.0741343248896119,0.90625,0.0741343248896119,0.90625,0.033929816407157795,0.4147727272727273,0.05740181268882175,0.7017045454545454,0.05926098071113177,0.7244318181818182,0.05112712061352545,0.625,0.04113409249360911,0.5028409090909091,0.0629793167557518,0.7698863636363636,0.05600743667208924,0.6846590909090909,0.05484545665814548,0.6704545454545454,0.05623983267487799,0.6875,0.06228212874738555,0.7613636363636364,0.06437369277248431,0.7869318181818182,0.06507088078085058,0.7954545454545454,0.03230304438763653,0.39488636363636365,0.0639089007669068,0.78125,0.06437369277248431,0.7869318181818182,0.060190564722286774,0.7357954545454546,0.03532419242389031,0.4318181818181818,0.06181733674180804,0.7556818181818182,0.05228910062746921,0.6392045454545454,0.048570764582849174,0.59375,0.024633976295607717,0.30113636363636365,0.0625145247501743,0.7642045454545454,0.06437369277248431,0.7869318181818182,0.06437369277248431,0.7869318181818182,0.02370439228445271,0.2897727272727273,0.05879618870555427,0.71875,0.04973274459679294,0.6079545454545454,0.05484545665814548,0.6704545454545454,0.033929816407157795,0.4147727272727273,0.06321171275854055,0.7727272727272727,0.05391587264699047,0.6590909090909091,0.057634208691610504,0.7045454545454546,0.05693702068324425,0.6960227272727273,0.06321171275854055,0.7727272727272727,0.0732047408784569,0.8948863636363636,0.07483151289797815,0.9147727272727273,0.019753660237043922,0.24147727272727273,0.06716244480594934,0.8210227272727273,0.06855682082268184,0.8380681818181818,0.04833836858006042,0.5909090909090909,0.04415524052986289,0.5397727272727273,0.06181733674180804,0.7556818181818182,0.05019753660237044,0.6136363636363636,0.06971880083662561,0.8522727272727273,0.02509876830118522,0.3068181818181818,0.0629793167557518,0.7698863636363636,0.07181036486172437,0.8778409090909091,0.07204276086451313,0.8806818181818182,0.025563560306762725,0.3125,0.054380664652567974,0.6647727272727273,0.06414129676969556,0.7840909090909091,0.05228910062746921,0.6392045454545454,0.040204508482454104,0.4914772727272727,0.06181733674180804,0.7556818181818182,0.05252149663025796,0.6420454545454546,0.06204973274459679,0.7585227272727273,0.037183360446200325,0.45454545454545453,0.06507088078085058,0.7954545454545454,0.07018359284220312,0.8579545454545454,0.07018359284220312,0.8579545454545454,0.023471996281663954,0.2869318181818182,0.06367650476411806,0.7784090909090909,0.06460608877527306,0.7897727272727273,0.0639089007669068,0.78125,0.025795956309551477,0.3153409090909091,0.07064838484778062,0.8636363636363636,0.06832442481989309,0.8352272727272727,0.06507088078085058,0.7954545454545454,0.037183360446200325,0.45454545454545453,0.06507088078085058,0.7954545454545454,0.07018359284220312,0.8579545454545454,0.07018359284220312,0.8579545454545454,0.030443876365326517,0.3721590909090909,0.06600046479200558,0.8068181818181818,0.06065535672786428,0.7414772727272727,0.06367650476411806,0.7784090909090909,0.025795956309551477,0.3153409090909091,0.07064838484778062,0.8636363636363636,0.06832442481989309,0.8352272727272727,0.06553567278642808,0.8011363636363636
30,0.05435759209344115,0.6875,0.062443845462713386,0.7897727272727273,0.07232704402515723,0.9147727272727273,0.07255166217430369,0.9176136363636364,0.023135669362084457,0.29261363636363635,0.0660377358490566,0.8352272727272727,0.0673854447439353,0.8522727272727273,0.05121293800539083,0.6477272727272727,0.04245283018867924,0.5369318181818182,0.06199460916442048,0.7840909090909091,0.053683737646001796,0.6789772727272727,0.0646900269541779,0.8181818181818182,0.026504941599281222,0.3352272727272727,0.061769991015274035,0.78125,0.07187780772686433,0.9090909090909091,0.07187780772686433,0.9090909090909091,0.03369272237196765,0.42613636363636365,0.055705300988319856,0.7045454545454546,0.05840071877807727,0.7386363636363636,0.04986522911051213,0.6306818181818182,0.04065588499550764,0.5142045454545454,0.06087151841868823,0.7698863636363636,0.05435759209344115,0.6875,0.053683737646001796,0.6789772727272727,0.05480682839173405,0.6931818181818182,0.06154537286612758,0.7784090909090909,0.06221922731356694,0.7869318181818182,0.06289308176100629,0.7954545454545454,0.032120395327942496,0.40625,0.062443845462713386,0.7897727272727273,0.06289308176100629,0.7954545454545454,0.05817610062893082,0.7357954545454546,0.03526504941599281,0.4460227272727273,0.061096136567834684,0.7727272727272727,0.05143755615453729,0.6505681818181818,0.04851752021563342,0.6136363636363636,0.02605570530098832,0.32954545454545453,0.06087151841868823,0.7698863636363636,0.06221922731356694,0.7869318181818182,0.06221922731356694,0.7869318181818182,0.023135669362084457,0.29261363636363635,0.057726864330637916,0.7301136363636364,0.04919137466307277,0.6221590909090909,0.05390835579514825,0.6818181818181818,0.03369272237196765,0.42613636363636365,0.061769991015274035,0.78125,0.05278526504941599,0.6676136363636364,0.05592991913746631,0.7073863636363636,0.055031446540880505,0.6960227272727273,0.06154537286612758,0.7784090909090909,0.07142857142857142,0.9034090909090909,0.07300089847259658,0.9232954545454546,0.01954177897574124,0.2471590909090909,0.06558849955076371,0.8295454545454546,0.06761006289308176,0.8551136363636364,0.046945193171608265,0.59375,0.04335130278526505,0.5482954545454546,0.06019766397124888,0.7613636363636364,0.04874213836477988,0.6164772727272727,0.06783468104222821,0.8579545454545454,0.02628032345013477,0.33238636363636365,0.06132075471698113,0.7755681818181818,0.07008086253369272,0.8863636363636364,0.06985624438454627,0.8835227272727273,0.025157232704402517,0.3181818181818182,0.053009883198562445,0.6704545454545454,0.06334231805929919,0.8011363636363636,0.05076370170709793,0.6420454545454546,0.03998203054806829,0.5056818181818182,0.060422282120395326,0.7642045454545454,0.05121293800539083,0.6477272727272727,0.061096136567834684,0.7727272727272727,0.03661275831087152,0.4630681818181818,0.0637915543575921,0.8068181818181818,0.06828391734052111,0.8636363636363636,0.06850853548966757,0.8664772727272727,0.02358490566037736,0.29829545454545453,0.06311769991015274,0.7982954545454546,0.06266846361185983,0.7926136363636364,0.0637915543575921,0.8068181818181818,0.025381850853548965,0.3210227272727273,0.06895777178796046,0.8721590909090909,0.0664869721473495,0.8409090909090909,0.06334231805929919,0.8011363636363636,0.03638814016172507,0.4602272727272727,0.06311769991015274,0.7982954545454546,0.06828391734052111,0.8636363636363636,0.06850853548966757,0.8664772727272727,0.03099730458221024,0.39204545454545453,0.0646900269541779,0.8181818181818182,0.059748427672955975,0.7556818181818182,0.06356693620844564,0.8039772727272727,0.024932614555256066,0.3153409090909091,0.06873315363881402,0.8693181818181818,0.06626235399820306,0.8380681818181818,0.06424079065588499,0.8125
31,0.05326086956521739,0.6960227272727273,0.06108695652173913,0.7982954545454546,0.07086956521739131,0.9261363636363636,0.07086956521739131,0.9261363636363636,0.02326086956521739,0.3039772727272727,0.0641304347826087,0.8380681818181818,0.0658695652173913,0.8607954545454546,0.050652173913043476,0.6619318181818182,0.041956521739130434,0.5482954545454546,0.06021739130434783,0.7869318181818182,0.05304347826086957,0.6931818181818182,0.06391304347826086,0.8352272727272727,0.026304347826086958,0.34375,0.06021739130434783,0.7869318181818182,0.07086956521739131,0.9261363636363636,0.07108695652173913,0.9289772727272727,0.03282608695652174,0.4289772727272727,0.05478260869565217,0.7159090909090909,0.057608695652173914,0.7528409090909091,0.049130434782608694,0.6420454545454546,0.04,0.5227272727272727,0.05956521739130435,0.7784090909090909,0.05391304347826087,0.7045454545454546,0.05282608695652174,0.6903409090909091,0.05326086956521739,0.6960227272727273,0.06065217391304348,0.7926136363636364,0.06021739130434783,0.7869318181818182,0.06086956521739131,0.7954545454545454,0.03195652173913043,0.41761363636363635,0.06043478260869565,0.7897727272727273,0.06108695652173913,0.7982954545454546,0.057608695652173914,0.7528409090909091,0.034565217391304345,0.45170454545454547,0.06,0.7840909090909091,0.050652173913043476,0.6619318181818182,0.049565217391304345,0.6477272727272727,0.026521739130434784,0.3465909090909091,0.05956521739130435,0.7784090909090909,0.06021739130434783,0.7869318181818182,0.06021739130434783,0.7869318181818182,0.023478260869565216,0.3068181818181818,0.05608695652173913,0.7329545454545454,0.04869565217391304,0.6363636363636364,0.05239130434782609,0.6846590909090909,0.03282608695652174,0.4289772727272727,0.06,0.7840909090909091,0.05173913043478261,0.6761363636363636,0.05434782608695652,0.7102272727272727,0.05369565217391304,0.7017045454545454,0.06021739130434783,0.7869318181818182,0.06956521739130435,0.9090909090909091,0.07152173913043479,0.9346590909090909,0.01956521739130435,0.2556818181818182,0.06521739130434782,0.8522727272727273,0.06630434782608696,0.8664772727272727,0.04630434782608696,0.6051136363636364,0.042391304347826085,0.5539772727272727,0.058695652173913045,0.7670454545454546,0.04760869565217391,0.6221590909090909,0.06608695652173913,0.8636363636363636,0.026304347826086958,0.34375,0.05956521739130435,0.7784090909090909,0.06782608695652174,0.8863636363636364,0.06782608695652174,0.8863636363636364,0.024782608695652172,0.32386363636363635,0.05217391304347826,0.6818181818181818,0.06260869565217392,0.8181818181818182,0.04934782608695652,0.6448863636363636,0.0391304347826087,0.5113636363636364,0.058695652173913045,0.7670454545454546,0.049782608695652174,0.6505681818181818,0.059782608695652176,0.78125,0.035869565217391305,0.46875,0.06239130434782609,0.8153409090909091,0.06630434782608696,0.8664772727272727,0.06630434782608696,0.8664772727272727,0.023043478260869565,0.30113636363636365,0.06239130434782609,0.8153409090909091,0.06130434782608696,0.8011363636363636,0.0632608695652174,0.8267045454545454,0.024782608695652172,0.32386363636363635,0.06760869565217391,0.8835227272727273,0.06478260869565218,0.8465909090909091,0.06195652173913044,0.8096590909090909,0.035869565217391305,0.46875,0.06195652173913044,0.8096590909090909,0.06630434782608696,0.8664772727272727,0.06630434782608696,0.8664772727272727,0.030869565217391304,0.4034090909090909,0.06391304347826086,0.8352272727272727,0.05891304347826087,0.7698863636363636,0.06304347826086956,0.8238636363636364,0.024565217391304347,0.3210227272727273,0.06739130434782609,0.8806818181818182,0.06478260869565218,0.8465909090909091,0.06260869565217392,0.8181818181818182
32,0.051811288963774224,0.6988636363636364,0.05939342881213142,0.8011363636363636,0.06908171861836562,0.9318181818181818,0.06950294860994102,0.9375,0.02337826453243471,0.3153409090909091,0.06276326874473462,0.8465909090909091,0.06444818871103622,0.8693181818181818,0.04907329401853412,0.6619318181818182,0.04170176916596462,0.5625,0.05897219882055602,0.7954545454545454,0.05223251895534962,0.7045454545454546,0.06297388374052232,0.8494318181818182,0.02695871946082561,0.36363636363636365,0.05876158382476832,0.7926136363636364,0.06908171861836562,0.9318181818181818,0.06908171861836562,0.9318181818181818,0.03306655433866891,0.4460227272727273,0.05391743892165122,0.7272727272727273,0.05686604886267902,0.7670454545454546,0.04865206402695872,0.65625,0.039174389216512215,0.5284090909090909,0.05791912384161752,0.78125,0.05286436394271272,0.7130681818181818,0.051390058972198824,0.6931818181818182,0.05286436394271272,0.7130681818181818,0.05939342881213142,0.8011363636363636,0.05834035383319292,0.7869318181818182,0.05897219882055602,0.7954545454545454,0.03243470935130581,0.4375,0.05855096882898062,0.7897727272727273,0.05960404380791912,0.8039772727272727,0.05644481887110362,0.7613636363636364,0.03496208930075821,0.4715909090909091,0.05812973883740522,0.7840909090909091,0.05012636899747262,0.6761363636363636,0.04907329401853412,0.6619318181818182,0.02674810446503791,0.36079545454545453,0.05876158382476832,0.7926136363636364,0.05855096882898062,0.7897727272727273,0.05855096882898062,0.7897727272727273,0.02316764953664701,0.3125,0.05497051390058972,0.7414772727272727,0.04844144903117102,0.6534090909090909,0.051811288963774224,0.6988636363636364,0.03243470935130581,0.4375,0.05834035383319292,0.7869318181818182,0.05033698399326032,0.6789772727272727,0.05370682392586352,0.7244318181818182,0.05286436394271272,0.7130681818181818,0.05876158382476832,0.7926136363636364,0.06802864363942712,0.9176136363636364,0.06929233361415332,0.9346590909090909,0.020219039595619208,0.2727272727272727,0.06402695871946082,0.8636363636363636,0.06444818871103622,0.8693181818181818,0.04675652906486942,0.6306818181818182,0.04149115417017692,0.5596590909090909,0.05770850884582982,0.7784090909090909,0.04654591406908172,0.6278409090909091,0.06444818871103622,0.8693181818181818,0.02674810446503791,0.36079545454545453,0.05855096882898062,0.7897727272727273,0.06571187868576242,0.8863636363636364,0.06571187868576242,0.8863636363636364,0.02485256950294861,0.3352272727272727,0.051390058972198824,0.6931818181818182,0.061920808761583825,0.8352272727272727,0.04928390901432182,0.6647727272727273,0.039174389216512215,0.5284090909090909,0.05707666385846672,0.7698863636363636,0.04886267902274642,0.6590909090909091,0.05876158382476832,0.7926136363636364,0.03538331929233361,0.4772727272727273,0.061078348778433024,0.8238636363636364,0.06486941870261162,0.875,0.06486941870261162,0.875,0.02232518955349621,0.30113636363636365,0.061920808761583825,0.8352272727272727,0.06002527379949452,0.8096590909090909,0.06276326874473462,0.8465909090909091,0.02464195450716091,0.33238636363636365,0.06571187868576242,0.8863636363636364,0.06360572872788542,0.8579545454545454,0.060867733782645324,0.8210227272727273,0.03559393428812131,0.48011363636363635,0.060657118786857624,0.8181818181818182,0.06486941870261162,0.875,0.06486941870261162,0.875,0.030328559393428812,0.4090909090909091,0.06360572872788542,0.8579545454545454,0.05855096882898062,0.7897727272727273,0.06255265374894692,0.84375,0.02464195450716091,0.33238636363636365,0.06571187868576242,0.8863636363636364,0.06360572872788542,0.8579545454545454,0.061288963774220724,0.8267045454545454
33,0.05186849091280376,0.7215909090909091,0.05881151725546253,0.8181818181818182,0.0684092301409026,0.9517045454545454,0.0684092301409026,0.9517045454545454,0.02287114559934654,0.3181818181818182,0.061057790483969775,0.8494318181818182,0.06309985705534,0.8778409090909091,0.04798856442720033,0.6676136363636364,0.04124974474167858,0.5738636363636364,0.057790483969777415,0.8039772727272727,0.05125587094139269,0.7130681818181818,0.06187461711251787,0.8607954545454546,0.02695527874208699,0.375,0.05799469062691444,0.8068181818181818,0.0675924035123545,0.9403409090909091,0.0675924035123545,0.9403409090909091,0.03267306514192363,0.45454545454545453,0.052481110884214824,0.7301136363636364,0.05615683071268123,0.78125,0.04819277108433735,0.6704545454545454,0.038799264856034306,0.5397727272727273,0.057790483969777415,0.8039772727272727,0.05146007759852971,0.7159090909090909,0.0504390443128446,0.7017045454545454,0.05207269756994078,0.7244318181818182,0.0586073105983255,0.8153409090909091,0.05656524402695528,0.7869318181818182,0.05717786399836634,0.7954545454545454,0.03226465182764958,0.44886363636363635,0.056973657341229327,0.7926136363636364,0.057790483969777415,0.8039772727272727,0.054931590769859096,0.7642045454545454,0.03430671839901981,0.4772727272727273,0.05656524402695528,0.7869318181818182,0.04860118439861139,0.6761363636363636,0.04839697774147437,0.6732954545454546,0.026546865427812948,0.3693181818181818,0.05738207065550337,0.7982954545454546,0.0567694506840923,0.7897727272727273,0.0567694506840923,0.7897727272727273,0.023279558913620584,0.32386363636363635,0.053502144169899936,0.7443181818181818,0.04737594445578926,0.6590909090909091,0.05084745762711865,0.7073863636363636,0.03185623851337554,0.4431818181818182,0.05717786399836634,0.7954545454545454,0.04941801102715949,0.6875,0.052481110884214824,0.7301136363636364,0.05207269756994078,0.7244318181818182,0.05758627731264039,0.8011363636363636,0.06616295691239535,0.9204545454545454,0.06779661016949153,0.9431818181818182,0.021645905656524404,0.30113636363636365,0.06269144374106596,0.8721590909090909,0.06269144374106596,0.8721590909090909,0.04615070451296712,0.6420454545454546,0.04084133142740453,0.5681818181818182,0.05656524402695528,0.7869318181818182,0.04655911782724117,0.6477272727272727,0.06309985705534,0.8778409090909091,0.026342658770675924,0.3664772727272727,0.056973657341229327,0.7926136363636364,0.0639166836838881,0.8892045454545454,0.0639166836838881,0.8892045454545454,0.024709005513579744,0.34375,0.05125587094139269,0.7130681818181818,0.061057790483969775,0.8494318181818182,0.04819277108433735,0.6704545454545454,0.03859505819889728,0.5369318181818182,0.05554421074127017,0.7727272727272727,0.04758015111292628,0.6619318181818182,0.05799469062691444,0.8068181818181818,0.034510925056156834,0.48011363636363635,0.0594241372268736,0.8267045454545454,0.06350827036961405,0.8835227272727273,0.06330406371247703,0.8806818181818182,0.02205431897079845,0.3068181818181818,0.06085358382683276,0.8465909090909091,0.0586073105983255,0.8153409090909091,0.06187461711251787,0.8607954545454546,0.02450479885644272,0.3409090909090909,0.06432509699816213,0.8948863636363636,0.06228303042679191,0.8664772727272727,0.05962834388401062,0.8295454545454546,0.03532775168470492,0.4914772727272727,0.059219930569736574,0.8238636363636364,0.06350827036961405,0.8835227272727273,0.06330406371247703,0.8806818181818182,0.0306309985705534,0.42613636363636365,0.06228303042679191,0.8664772727272727,0.05738207065550337,0.7982954545454546,0.06187461711251787,0.8607954545454546,0.024096385542168676,0.3352272727272727,0.06432509699816213,0.8948863636363636,0.06228303042679191,0.8664772727272727,0.060240963855421686,0.8380681818181818
34,0.050743310208126856,0.7272727272727273,0.057482656095143705,0.8238636363636364,0.066798810703667,0.9573863636363636,0.066798810703667,0.9573863636363636,0.022993062438057484,0.32954545454545453,0.059663032705649155,0.8551136363636364,0.06164519326065411,0.8835227272727273,0.046778989098116945,0.6704545454545454,0.040634291377601585,0.5823863636363636,0.05688800792864222,0.8153409090909091,0.05113974231912785,0.7329545454545454,0.06065411298315163,0.8693181818181818,0.02755203171456888,0.39488636363636365,0.05668979187314172,0.8125,0.06640237859266601,0.9517045454545454,0.06640237859266601,0.9517045454545454,0.032309217046580775,0.4630681818181818,0.05153617443012884,0.7386363636363636,0.05510406342913776,0.7897727272727273,0.04836471754212091,0.6931818181818182,0.03865213082259663,0.5539772727272727,0.05688800792864222,0.8153409090909091,0.05094152626362736,0.7301136363636364,0.04935579781962339,0.7073863636363636,0.051337958374628345,0.7357954545454546,0.05728444003964321,0.8210227272727273,0.05490584737363727,0.7869318181818182,0.05550049554013875,0.7954545454545454,0.032111000991080274,0.4602272727272727,0.05688800792864222,0.8153409090909091,0.05609514370664024,0.8039772727272727,0.053518334985133795,0.7670454545454546,0.03369672943508424,0.48295454545454547,0.05550049554013875,0.7954545454545454,0.0487611496531219,0.6988636363636364,0.04777006937561942,0.6846590909090909,0.026560951437066403,0.3806818181818182,0.05668979187314172,0.8125,0.05550049554013875,0.7954545454545454,0.05550049554013875,0.7954545454545454,0.022993062438057484,0.32954545454545453,0.05252725470763132,0.7528409090909091,0.04598612487611497,0.6590909090909091,0.049554013875123884,0.7102272727272727,0.03151635282457879,0.45170454545454547,0.055698711595639244,0.7982954545454546,0.047968285431119924,0.6875,0.05094152626362736,0.7301136363636364,0.05113974231912785,0.7329545454545454,0.056293359762140734,0.8068181818181818,0.06442021803766106,0.9232954545454546,0.0662041625371655,0.9488636363636364,0.022001982160555007,0.3153409090909091,0.062041625371655106,0.8892045454545454,0.061446977205153616,0.8806818181818182,0.046977205153617446,0.6732954545454546,0.040634291377601585,0.5823863636363636,0.05550049554013875,0.7954545454545454,0.04598612487611497,0.6590909090909091,0.061446977205153616,0.8806818181818182,0.02715559960356789,0.38920454545454547,0.055698711595639244,0.7982954545454546,0.06323092170465808,0.90625,0.06303270564915758,0.9034090909090909,0.02438057482656095,0.3494318181818182,0.05094152626362736,0.7301136363636364,0.059861248761149656,0.8579545454545454,0.04717542120911794,0.6761363636363636,0.03766105054509415,0.5397727272727273,0.05450941526263627,0.78125,0.04658077304261645,0.6676136363636364,0.0576808721506442,0.8267045454545454,0.03429137760158573,0.4914772727272727,0.0578790882061447,0.8295454545454546,0.06164519326065411,0.8835227272727273,0.06164519326065411,0.8835227272727273,0.0222001982160555,0.3181818181818182,0.05946481665014866,0.8522727272727273,0.057482656095143705,0.8238636363636364,0.062041625371655106,0.8892045454545454,0.024578790882061448,0.3522727272727273,0.0626362735381566,0.8977272727272727,0.060852329038652134,0.8721590909090909,0.05827552031714569,0.8352272727272727,0.03468780971258672,0.4971590909090909,0.0578790882061447,0.8295454545454546,0.06164519326065411,0.8835227272727273,0.06164519326065411,0.8835227272727273,0.030128840436075322,0.4318181818181818,0.06065411298315163,0.8693181818181818,0.055698711595639244,0.7982954545454546,0.06184340931615461,0.8863636363636364,0.02438057482656095,0.3494318181818182,0.0626362735381566,0.8977272727272727,0.06065411298315163,0.8693181818181818,0.05887016848364718,0.84375
35,0.04986522911051213,0.7357954545454546,0.05660377358490566,0.8352272727272727,0.0660377358490566,0.9744318181818182,0.0660377358490566,0.9744318181818182,0.023296110897189064,0.34375,0.058914131690412014,0.8693181818181818,0.06064690026954178,0.8948863636363636,0.04601463226800154,0.6789772727272727,0.04023873700423566,0.59375,0.05602618405852907,0.8267045454545454,0.04986522911051213,0.7357954545454546,0.058914131690412014,0.8693181818181818,0.027146707739699655,0.4005681818181818,0.05506353484790143,0.8125,0.06526761648055449,0.9630681818181818,0.06526761648055449,0.9630681818181818,0.03215248363496342,0.4744318181818182,0.050827878321139774,0.75,0.05390835579514825,0.7954545454545454,0.047747400847131305,0.7045454545454546,0.03869849826723142,0.5710227272727273,0.05602618405852907,0.8267045454545454,0.050827878321139774,0.75,0.048324990373507896,0.7130681818181818,0.050442818636888716,0.7443181818181818,0.05602618405852907,0.8267045454545454,0.05333076626877166,0.7869318181818182,0.05390835579514825,0.7954545454545454,0.03195995379283789,0.4715909090909091,0.05602618405852907,0.8267045454545454,0.05602618405852907,0.8267045454545454,0.05236811705814401,0.7727272727272727,0.03311513284559107,0.48863636363636365,0.05506353484790143,0.8125,0.04755487100500578,0.7017045454545454,0.04716981132075472,0.6960227272727273,0.027339237581825184,0.4034090909090909,0.05525606469002695,0.8153409090909091,0.05410088563727378,0.7982954545454546,0.05410088563727378,0.7982954545454546,0.023296110897189064,0.34375,0.051790527531767425,0.7642045454545454,0.044666923373122835,0.6590909090909091,0.048132460531382364,0.7102272727272727,0.03157489410858683,0.4659090909090909,0.05429341547939931,0.8011363636363636,0.04697728147862919,0.6931818181818182,0.04986522911051213,0.7357954545454546,0.04986522911051213,0.7357954545454546,0.05525606469002695,0.8153409090909091,0.06314978821717367,0.9318181818181818,0.06488255679630343,0.9573863636363636,0.023296110897189064,0.34375,0.061224489795918366,0.9034090909090909,0.059876780901039664,0.8835227272727273,0.046399691952252596,0.6846590909090909,0.04023873700423566,0.59375,0.054485945321524835,0.8039772727272727,0.04620716211012707,0.6818181818181818,0.05968425105891413,0.8806818181818182,0.027146707739699655,0.4005681818181818,0.054871005005775894,0.8096590909090909,0.062187139006546016,0.9176136363636364,0.06257219869079707,0.9232954545454546,0.023873700423565652,0.3522727272727273,0.050827878321139774,0.75,0.05833654216403542,0.8607954545454546,0.04697728147862919,0.6931818181818182,0.03735078937235271,0.5511363636363636,0.05352329611089719,0.7897727272727273,0.04562957258375048,0.6732954545454546,0.05698883326915672,0.8409090909090909,0.034270311898344244,0.5056818181818182,0.05660377358490566,0.8352272727272727,0.059876780901039664,0.8835227272727273,0.06006931074316519,0.8863636363636364,0.022333461686561418,0.32954545454545453,0.058144012321909896,0.8579545454545454,0.055833654216403544,0.8238636363636364,0.06180207932229496,0.9119318181818182,0.02464381979206777,0.36363636363636365,0.06103195995379284,0.9005681818181818,0.059491721216788605,0.8778409090909091,0.05679630342703119,0.8380681818181818,0.034270311898344244,0.5056818181818182,0.05641124374278013,0.8323863636363636,0.059876780901039664,0.8835227272727273,0.06006931074316519,0.8863636363636364,0.030419715055833654,0.44886363636363635,0.05910666153253755,0.8721590909090909,0.054871005005775894,0.8096590909090909,0.06180207932229496,0.9119318181818182,0.0248363496341933,0.3664772727272727,0.06103195995379284,0.9005681818181818,0.059491721216788605,0.8778409090909091,0.057951482479784364,0.8551136363636364
36,0.04904530138524897,0.7443181818181818,0.055409958816922504,0.8409090909090909,0.06420816173717708,0.9744318181818182,0.06420816173717708,0.9744318181818182,0.02283788843129914,0.3465909090909091,0.057469112691875705,0.8721590909090909,0.05915387495320105,0.8977272727272727,0.04492699363534257,0.6818181818181818,0.039498315237738675,0.5994318181818182,0.055409958816922504,0.8409090909090909,0.04904530138524897,0.7443181818181818,0.05765630849868963,0.875,0.026956196181205542,0.4090909090909091,0.054286783976038935,0.8238636363636364,0.0636465743167353,0.9659090909090909,0.06383377012354924,0.96875,0.0314488955447398,0.4772727272727273,0.04998128041931861,0.7585227272727273,0.052789217521527515,0.8011363636363636,0.04698614751029577,0.7130681818181818,0.038187944590041184,0.5795454545454546,0.054848371396480716,0.8323863636363636,0.04960688880569075,0.7528409090909091,0.04736053912392362,0.71875,0.04979408461250468,0.7556818181818182,0.055222763010108575,0.8380681818181818,0.05185323848745788,0.7869318181818182,0.05241482590789966,0.7954545454545454,0.03201048296518158,0.48579545454545453,0.055035567203294646,0.8352272727272727,0.055409958816922504,0.8409090909090909,0.05204043429427181,0.7897727272727273,0.03238487457880943,0.4914772727272727,0.054661175589666794,0.8295454545454546,0.04642456008985399,0.7045454545454546,0.04586297266941221,0.6960227272727273,0.027143391988019468,0.4119318181818182,0.054286783976038935,0.8238636363636364,0.05260202171471359,0.7982954545454546,0.05260202171471359,0.7982954545454546,0.02358667165855485,0.35795454545454547,0.05054286783976039,0.7670454545454546,0.04361662298764508,0.6619318181818182,0.04679895170348184,0.7102272727272727,0.03163609135155372,0.48011363636363635,0.053163609135155374,0.8068181818181818,0.04661175589666791,0.7073863636363636,0.04885810557843504,0.7414772727272727,0.0492324971920629,0.7471590909090909,0.053725196555597154,0.8153409090909091,0.06196181205540996,0.9403409090909091,0.06327218270310744,0.9602272727272727,0.02339947585174092,0.35511363636363635,0.05990265818045676,0.9090909090909091,0.058779483339573196,0.8920454545454546,0.04530138524897042,0.6875,0.039685511044552604,0.6022727272727273,0.053538000748783225,0.8125,0.04548858105578435,0.6903409090909091,0.05840509172594534,0.8863636363636364,0.027517783601647323,0.41761363636363635,0.053538000748783225,0.8125,0.06140022463496818,0.9318181818181818,0.06140022463496818,0.9318181818181818,0.023773867465368775,0.36079545454545453,0.05054286783976039,0.7670454545454546,0.057469112691875705,0.8721590909090909,0.04661175589666791,0.7073863636363636,0.037251965555971545,0.5653409090909091,0.05241482590789966,0.7954545454545454,0.04492699363534257,0.6818181818181818,0.055409958816922504,0.8409090909090909,0.03369524522650692,0.5113636363636364,0.055222763010108575,0.8380681818181818,0.05896667914638712,0.8948863636363636,0.05896667914638712,0.8948863636363636,0.022463496817671284,0.3409090909090909,0.05709472107824785,0.8664772727272727,0.054848371396480716,0.8323863636363636,0.06065144140771247,0.9204545454545454,0.02489704230625234,0.3778409090909091,0.05990265818045676,0.9090909090909091,0.058030700112317486,0.8806818181818182,0.055597154623736426,0.84375,0.033508049419693,0.5085227272727273,0.055222763010108575,0.8380681818181818,0.05896667914638712,0.8948863636363636,0.05896667914638712,0.8948863636363636,0.02995132909022838,0.45454545454545453,0.057469112691875705,0.8721590909090909,0.053725196555597154,0.8153409090909091,0.06046424560089854,0.9176136363636364,0.025084238113066266,0.3806818181818182,0.06008985398727069,0.9119318181818182,0.058779483339573196,0.8920454545454546,0.056720329464619995,0.8607954545454546
37,0.048633879781420766,0.7585227272727273,0.05446265938069217,0.8494318181818182,0.06265938069216757,0.9772727272727273,0.06265938069216757,0.9772727272727273,0.02313296903460838,0.36079545454545453,0.056466302367941715,0.8806818181818182,0.05792349726775956,0.9034090909090909,0.04480874316939891,0.6988636363636364,0.03879781420765027,0.6051136363636364,0.05500910746812386,0.8579545454545454,0.0482695810564663,0.7528409090909091,0.05701275045537341,0.8892045454545454,0.02695810564663024,0.42045454545454547,0.05373406193078324,0.8380681818181818,0.06229508196721312,0.9715909090909091,0.06229508196721312,0.9715909090909091,0.03114754098360656,0.48579545454545453,0.04918032786885246,0.7670454545454546,0.05191256830601093,0.8096590909090909,0.04663023679417122,0.7272727272727273,0.037340619307832425,0.5823863636363636,0.054280510018214934,0.8465909090909091,0.04845173041894353,0.7556818181818182,0.04663023679417122,0.7272727272727273,0.04954462659380692,0.7727272727272727,0.05373406193078324,0.8380681818181818,0.05045537340619308,0.7869318181818182,0.051001821493624776,0.7954545454545454,0.031876138433515486,0.4971590909090909,0.054098360655737705,0.84375,0.05391621129326048,0.8409090909090909,0.05063752276867031,0.7897727272727273,0.032058287795992714,0.5,0.05336976320582878,0.8323863636363636,0.04590163934426229,0.7159090909090909,0.044626593806921674,0.6960227272727273,0.027140255009107467,0.42329545454545453,0.053005464480874315,0.8267045454545454,0.051183970856102004,0.7982954545454546,0.051183970856102004,0.7982954545454546,0.023497267759562842,0.3664772727272727,0.04954462659380692,0.7727272727272727,0.04262295081967213,0.6647727272727273,0.04590163934426229,0.7159090909090909,0.03114754098360656,0.48579545454545453,0.05264116575591985,0.8210227272727273,0.04608378870673953,0.71875,0.047540983606557376,0.7414772727272727,0.048633879781420766,0.7585227272727273,0.053005464480874315,0.8267045454545454,0.0604735883424408,0.9431818181818182,0.061930783242258654,0.9659090909090909,0.023497267759562842,0.3664772727272727,0.058469945355191254,0.9119318181818182,0.0575591985428051,0.8977272727272727,0.04499089253187614,0.7017045454545454,0.03879781420765027,0.6051136363636364,0.05209471766848816,0.8125,0.044626593806921674,0.6960227272727273,0.057194899817850635,0.8920454545454546,0.02695810564663024,0.42045454545454547,0.052276867030965395,0.8153409090909091,0.05992714025500911,0.9346590909090909,0.05992714025500911,0.9346590909090909,0.023497267759562842,0.3664772727272727,0.05009107468123861,0.78125,0.05664845173041894,0.8835227272727273,0.04590163934426229,0.7159090909090909,0.03642987249544627,0.5681818181818182,0.05136612021857923,0.8011363636363636,0.04408014571948998,0.6875,0.054280510018214934,0.8465909090909091,0.03278688524590164,0.5113636363636364,0.054280510018214934,0.8465909090909091,0.0575591985428051,0.8977272727272727,0.0575591985428051,0.8977272727272727,0.022222222222222223,0.3465909090909091,0.05555555555555555,0.8664772727272727,0.05373406193078324,0.8380681818181818,0.059380692167577416,0.9261363636363636,0.024954462659380693,0.38920454545454547,0.058469945355191254,0.9119318181818182,0.057194899817850635,0.8920454545454546,0.0546448087431694,0.8522727272727273,0.03278688524590164,0.5113636363636364,0.054280510018214934,0.8465909090909091,0.0575591985428051,0.8977272727272727,0.0575591985428051,0.8977272727272727,0.029508196721311476,0.4602272727272727,0.055919854280510016,0.8721590909090909,0.05264116575591985,0.8210227272727273,0.059380692167577416,0.9261363636363636,0.025136612021857924,0.39204545454545453,0.058469945355191254,0.9119318181818182,0.05737704918032787,0.8948863636363636,0.055919854280510016,0.8721590909090909
38,0.04823550274871431,0.7727272727272727,0.05320092214931726,0.8522727272727273,0.06153573328604362,0.9857954545454546,0.06153573328604362,0.9857954545454546,0.02305373293137081,0.3693181818181818,0.055506295442454334,0.8892045454545454,0.05674765029260507,0.9090909090909091,0.04433410179109771,0.7102272727272727,0.03794999113317964,0.6079545454545454,0.0542649405923036,0.8693181818181818,0.04770349352722114,0.7642045454545454,0.05657031388544068,0.90625,0.02766447951764497,0.4431818181818182,0.052491576520659694,0.8409090909090909,0.06100372406455045,0.9772727272727273,0.06100372406455045,0.9772727272727273,0.03121120766093279,0.5,0.04859017556304309,0.7784090909090909,0.050895548856180174,0.8153409090909091,0.046284802269906014,0.7414772727272727,0.03670863628302891,0.5880681818181818,0.05337825855648164,0.8551136363636364,0.047348820712892356,0.7585227272727273,0.04593012945557723,0.7357954545454546,0.048944848377371876,0.7840909090909091,0.053023585742152865,0.8494318181818182,0.04912218478453627,0.7869318181818182,0.04965419400602944,0.7954545454545454,0.03209788969675474,0.5142045454545454,0.05284624933498847,0.8465909090909091,0.052491576520659694,0.8409090909090909,0.049831530413193825,0.7982954545454546,0.03174321688242596,0.5085227272727273,0.05213690370633091,0.8352272727272727,0.04486611101259089,0.71875,0.04344741975527576,0.6960227272727273,0.026777797481823018,0.4289772727272727,0.05178223089200213,0.8295454545454546,0.049831530413193825,0.7982954545454546,0.049831530413193825,0.7982954545454546,0.023763078560028374,0.3806818181818182,0.04876751197020748,0.78125,0.04202872849796063,0.6732954545454546,0.04486611101259089,0.71875,0.030856534846604007,0.4943181818181818,0.05213690370633091,0.8352272727272727,0.045220783826919665,0.7244318181818182,0.046816811491399185,0.75,0.04823550274871431,0.7727272727272727,0.05213690370633091,0.8352272727272727,0.05905302358574215,0.9460227272727273,0.06047171484305728,0.96875,0.023408405745699593,0.375,0.05692498669976946,0.9119318181818182,0.05657031388544068,0.90625,0.044688774605426494,0.7159090909090909,0.03830466394750842,0.6136363636363636,0.05107288526334457,0.8181818181818182,0.04415676538393332,0.7073863636363636,0.05568363184961873,0.8920454545454546,0.027841815924809363,0.4460227272727273,0.05125022167050895,0.8210227272727273,0.058698350771413374,0.9403409090909091,0.058698350771413374,0.9403409090909091,0.023408405745699593,0.375,0.04912218478453627,0.7869318181818182,0.055151622628125556,0.8835227272727273,0.044688774605426494,0.7159090909090909,0.03582195424720695,0.5738636363636364,0.050363539634687,0.8068181818181818,0.04327008334811137,0.6931818181818182,0.053023585742152865,0.8494318181818182,0.03209788969675474,0.5142045454545454,0.05337825855648164,0.8551136363636364,0.0562156410711119,0.9005681818181818,0.0562156410711119,0.9005681818181818,0.02305373293137081,0.3693181818181818,0.05479694981379677,0.8778409090909091,0.05284624933498847,0.8465909090909091,0.05852101436424898,0.9375,0.02535910622450789,0.40625,0.05692498669976946,0.9119318181818182,0.056038304663947505,0.8977272727272727,0.053555594963646036,0.8579545454545454,0.032275226103919134,0.5170454545454546,0.053555594963646036,0.8579545454545454,0.0562156410711119,0.9005681818181818,0.0562156410711119,0.9005681818181818,0.02943784358928888,0.4715909090909091,0.05479694981379677,0.8778409090909091,0.05125022167050895,0.8210227272727273,0.058698350771413374,0.9403409090909091,0.0251817698173435,0.4034090909090909,0.05692498669976946,0.9119318181818182,0.0562156410711119,0.9005681818181818,0.054619613406632385,0.875
39,0.04769310523587351,0.7840909090909091,0.052185933989977534,0.8579545454545454,0.05996198375669604,0.9857954545454546,0.05996198375669604,0.9857954545454546,0.022982547088301365,0.3778409090909091,0.05425954726110247,0.8920454545454546,0.055469155002592016,0.9119318181818182,0.04354587869362364,0.7159090909090909,0.03749783998617591,0.6164772727272727,0.053049939519612926,0.8721590909090909,0.047174701918092275,0.7755681818181818,0.055641956108519096,0.9147727272727273,0.027820978054259548,0.45738636363636365,0.05132192846034215,0.84375,0.05978918265076896,0.9829545454545454,0.05978918265076896,0.9829545454545454,0.03110419906687403,0.5113636363636364,0.04769310523587351,0.7840909090909091,0.049766718506998445,0.8181818181818182,0.04527388975289442,0.7443181818181818,0.036633834456540525,0.6022727272727273,0.05270433730775877,0.8664772727272727,0.04648349749438396,0.7642045454545454,0.044755486435113186,0.7357954545454546,0.04786590634180059,0.7869318181818182,0.052013132884050454,0.8551136363636364,0.04786590634180059,0.7869318181818182,0.04838430965958182,0.7954545454545454,0.03179540349058234,0.5227272727272727,0.0516675306721963,0.8494318181818182,0.052358735095904614,0.8607954545454546,0.04890271297736305,0.8039772727272727,0.031449801278728186,0.5170454545454546,0.05080352514256091,0.8352272727272727,0.04423708311733195,0.7272727272727273,0.042336270952134096,0.6960227272727273,0.027475375842405392,0.45170454545454547,0.05132192846034215,0.84375,0.0485571107655089,0.7982954545454546,0.0485571107655089,0.7982954545454546,0.02332814930015552,0.3835227272727273,0.04803870744772767,0.7897727272727273,0.04095386210471747,0.6732954545454546,0.043718679799550714,0.71875,0.030585795749092794,0.5028409090909091,0.05114912735441507,0.8409090909090909,0.04423708311733195,0.7272727272727273,0.04665629860031104,0.7670454545454546,0.047520304129946435,0.78125,0.05149472956626922,0.8465909090909091,0.057888370485571106,0.9517045454545454,0.05927077933298773,0.9744318181818182,0.02332814930015552,0.3835227272727273,0.055641956108519096,0.9147727272727273,0.055469155002592016,0.9119318181818182,0.043891480905477794,0.7215909090909091,0.03767064109210299,0.6193181818181818,0.05028512182477968,0.8267045454545454,0.04406428201140487,0.7244318181818182,0.054777950578883704,0.9005681818181818,0.027820978054259548,0.45738636363636365,0.05045792293070676,0.8295454545454546,0.05754276827371695,0.9460227272727273,0.05754276827371695,0.9460227272727273,0.023500950406082598,0.38636363636363635,0.04907551408329013,0.8068181818181818,0.05425954726110247,0.8920454545454546,0.043718679799550714,0.71875,0.0352514256091239,0.5795454545454546,0.0501123207188526,0.8238636363636364,0.04268187316398825,0.7017045454545454,0.05184033177812338,0.8522727272727273,0.03162260238465526,0.5198863636363636,0.052531536201831694,0.8636363636363636,0.05512355279073786,0.90625,0.05512355279073786,0.90625,0.02280974598237429,0.375,0.05374114394332124,0.8835227272727273,0.052013132884050454,0.8551136363636364,0.05702436495593572,0.9375,0.025574563677207535,0.42045454545454547,0.055814757214446176,0.9176136363636364,0.05512355279073786,0.90625,0.052358735095904614,0.8607954545454546,0.031449801278728186,0.5170454545454546,0.052185933989977534,0.8579545454545454,0.05512355279073786,0.90625,0.05512355279073786,0.90625,0.03006739243131156,0.4943181818181818,0.05356834283739416,0.8806818181818182,0.05097632624848799,0.8380681818181818,0.05719716606186279,0.9403409090909091,0.025401762571280455,0.41761363636363635,0.055814757214446176,0.9176136363636364,0.05512355279073786,0.90625,0.05356834283739416,0.8806818181818182
40,0.046664420485175204,0.7869318181818182,0.051044474393531,0.8607954545454546,0.05845687331536388,0.9857954545454546,0.05845687331536388,0.9857954545454546,0.022911051212938006,0.38636363636363635,0.05306603773584906,0.8948863636363636,0.05441374663072776,0.9176136363636364,0.042621293800539084,0.71875,0.03689353099730458,0.6221590909090909,0.05171832884097035,0.8721590909090909,0.04716981132075472,0.7954545454545454,0.0545822102425876,0.9204545454545454,0.0272911051212938,0.4602272727272727,0.05020215633423181,0.8465909090909091,0.058288409703504046,0.9829545454545454,0.058288409703504046,0.9829545454545454,0.03116576819407008,0.5255681818181818,0.04716981132075472,0.7954545454545454,0.04851752021563342,0.8181818181818182,0.0444743935309973,0.75,0.035882749326145554,0.6051136363636364,0.051549865229110516,0.8693181818181818,0.045485175202156336,0.7670454545454546,0.04430592991913747,0.7471590909090909,0.047506738544474396,0.8011363636363636,0.05087601078167116,0.8579545454545454,0.046664420485175204,0.7869318181818182,0.04716981132075472,0.7954545454545454,0.03167115902964959,0.5340909090909091,0.05053908355795148,0.8522727272727273,0.05188679245283019,0.875,0.04784366576819407,0.8068181818181818,0.030828840970350404,0.5198863636363636,0.04969676549865229,0.8380681818181818,0.043463611859838276,0.7329545454545454,0.041273584905660375,0.6960227272727273,0.02745956873315364,0.4630681818181818,0.05070754716981132,0.8551136363636364,0.047338274932614555,0.7982954545454546,0.047338274932614555,0.7982954545454546,0.02324797843665768,0.39204545454545453,0.04700134770889488,0.7926136363636364,0.04009433962264151,0.6761363636363636,0.04380053908355795,0.7386363636363636,0.029818059299191374,0.5028409090909091,0.05037061994609164,0.8494318181818182,0.0431266846361186,0.7272727272727273,0.047338274932614555,0.7982954545454546,0.04649595687331536,0.7840909090909091,0.05070754716981132,0.8551136363636364,0.056772237196765496,0.9573863636363636,0.057951482479784364,0.9772727272727273,0.02425876010781671,0.4090909090909091,0.05441374663072776,0.9176136363636364,0.054245283018867926,0.9147727272727273,0.043463611859838276,0.7329545454545454,0.036725067385444746,0.6193181818181818,0.049359838274932614,0.8323863636363636,0.043463611859838276,0.7329545454545454,0.05373989218328841,0.90625,0.0272911051212938,0.4602272727272727,0.04969676549865229,0.8380681818181818,0.056266846361185986,0.9488636363636364,0.056266846361185986,0.9488636363636364,0.02324797843665768,0.39204545454545453,0.04834905660377359,0.8153409090909091,0.05306603773584906,0.8948863636363636,0.043295148247978435,0.7301136363636364,0.034703504043126686,0.5852272727272727,0.0488544474393531,0.8238636363636364,0.04228436657681941,0.7130681818181818,0.05070754716981132,0.8551136363636364,0.03099730458221024,0.5227272727272727,0.051549865229110516,0.8693181818181818,0.05441374663072776,0.9176136363636364,0.05441374663072776,0.9176136363636364,0.02240566037735849,0.3778409090909091,0.05256064690026954,0.8863636363636364,0.05070754716981132,0.8551136363636364,0.05592991913746631,0.9431818181818182,0.025774932614555258,0.4346590909090909,0.0545822102425876,0.9204545454545454,0.054076819407008085,0.9119318181818182,0.05121293800539083,0.8636363636363636,0.030828840970350404,0.5198863636363636,0.05121293800539083,0.8636363636363636,0.05441374663072776,0.9176136363636364,0.05441374663072776,0.9176136363636364,0.02998652291105121,0.5056818181818182,0.0523921832884097,0.8835227272727273,0.05037061994609164,0.8494318181818182,0.056098382749326145,0.9460227272727273,0.025943396226415096,0.4375,0.0545822102425876,0.9204545454545454,0.054245283018867926,0.9147727272727273,0.05289757412398922,0.8920454545454546
41,0.04618671926364234,0.7982954545454546,0.05046022353714662,0.8721590909090909,0.05719921104536489,0.9886363636363636,0.05719921104536489,0.9886363636363636,0.02333990795529257,0.4034090909090909,0.05193951347797501,0.8977272727272727,0.05325443786982249,0.9204545454545454,0.042077580539119,0.7272727272727273,0.03648915187376726,0.6306818181818182,0.050788954635108484,0.8778409090909091,0.046515450361604205,0.8039772727272727,0.05374753451676528,0.9289772727272727,0.027120315581854043,0.46875,0.04963839579224195,0.8579545454545454,0.057034845496383955,0.9857954545454546,0.057034845496383955,0.9857954545454546,0.03057199211045365,0.5284090909090909,0.04684418145956608,0.8096590909090909,0.04766600920447074,0.8238636363636364,0.0440499671268902,0.7613636363636364,0.03566732412886259,0.6164772727272727,0.05046022353714662,0.8721590909090909,0.044543063773833005,0.7698863636363636,0.04339250493096647,0.75,0.046515450361604205,0.8039772727272727,0.05029585798816568,0.8693181818181818,0.045529257067718605,0.7869318181818182,0.04602235371466141,0.7954545454545454,0.031393819855358315,0.5426136363636364,0.04947403024326101,0.8551136363636364,0.050788954635108484,0.8778409090909091,0.04667981591058514,0.8068181818181818,0.030407626561472716,0.5255681818181818,0.048980933596318214,0.8465909090909091,0.042899408284023666,0.7414772727272727,0.04026955950032873,0.6960227272727273,0.02695595003287311,0.4659090909090909,0.04980276134122288,0.8607954545454546,0.046351084812623275,0.8011363636363636,0.046351084812623275,0.8011363636363636,0.02284681130834977,0.39488636363636365,0.04585798816568047,0.7926136363636364,0.03994082840236687,0.6903409090909091,0.04339250493096647,0.75,0.029585798816568046,0.5113636363636364,0.04930966469428008,0.8522727272727273,0.042077580539119,0.7272727272727273,0.046515450361604205,0.8039772727272727,0.04618671926364234,0.7982954545454546,0.049967126890203814,0.8636363636363636,0.05539119000657462,0.9573863636363636,0.05670611439842209,0.9801136363636364,0.025969756738987507,0.44886363636363635,0.053418803418803416,0.9232954545454546,0.05309007232084155,0.9176136363636364,0.0425706771860618,0.7357954545454546,0.03648915187376726,0.6306818181818182,0.04881656804733728,0.84375,0.0430637738330046,0.7443181818181818,0.05276134122287968,0.9119318181818182,0.027120315581854043,0.46875,0.04881656804733728,0.84375,0.055226824457593686,0.9545454545454546,0.055226824457593686,0.9545454545454546,0.023011176857330704,0.3977272727272727,0.04783037475345168,0.8267045454545454,0.051775147928994084,0.8948863636363636,0.04240631163708087,0.7329545454545454,0.03435239973701512,0.59375,0.04799474030243261,0.8295454545454546,0.041748849441157136,0.7215909090909091,0.04947403024326101,0.8551136363636364,0.03057199211045365,0.5284090909090909,0.050953320184089414,0.8806818181818182,0.05309007232084155,0.9176136363636364,0.05309007232084155,0.9176136363636364,0.023175542406311637,0.4005681818181818,0.05210387902695595,0.9005681818181818,0.05046022353714662,0.8721590909090909,0.05473372781065089,0.9460227272727273,0.02564102564102564,0.4431818181818182,0.053418803418803416,0.9232954545454546,0.05276134122287968,0.9119318181818182,0.050131492439184744,0.8664772727272727,0.030407626561472716,0.5255681818181818,0.050788954635108484,0.8778409090909091,0.05309007232084155,0.9176136363636364,0.05309007232084155,0.9176136363636364,0.029585798816568046,0.5113636363636364,0.05210387902695595,0.9005681818181818,0.049145299145299144,0.8494318181818182,0.05489809335963182,0.9488636363636364,0.02564102564102564,0.4431818181818182,0.053418803418803416,0.9232954545454546,0.05292570677186062,0.9147727272727273,0.05210387902695595,0.9005681818181818
42,0.045410783055198974,0.8039772727272727,0.04990372272143774,0.8835227272727273,0.0558408215661104,0.9886363636363636,0.0558408215661104,0.9886363636363636,0.02358793324775353,0.41761363636363635,0.05102695763799743,0.9034090909090909,0.05263157894736842,0.9318181818181818,0.041880616174582795,0.7414772727272727,0.03578305519897304,0.6335227272727273,0.049582798459563544,0.8778409090909091,0.04589216944801027,0.8125,0.05279204107830552,0.9346590909090909,0.0277599486521181,0.4914772727272727,0.048940949935815145,0.8664772727272727,0.0558408215661104,0.9886363636363636,0.0558408215661104,0.9886363636363636,0.030166880616174584,0.5340909090909091,0.04573170731707317,0.8096590909090909,0.04717586649550706,0.8352272727272727,0.04332477535301669,0.7670454545454546,0.035462130937098844,0.6278409090909091,0.04974326059050064,0.8806818181818182,0.043806161745827986,0.7755681818181818,0.04284338896020539,0.7585227272727273,0.045571245186136075,0.8068181818181818,0.04942233632862644,0.875,0.04444801026957638,0.7869318181818182,0.044929396662387676,0.7954545454545454,0.031129653401797176,0.5511363636363636,0.048459563543003854,0.8579545454545454,0.049582798459563544,0.8778409090909091,0.045571245186136075,0.8068181818181818,0.030327342747111682,0.5369318181818182,0.04813863928112965,0.8522727272727273,0.0420410783055199,0.7443181818181818,0.03931322207958922,0.6960227272727273,0.026957637997432605,0.4772727272727273,0.04878048780487805,0.8636363636363636,0.045410783055198974,0.8039772727272727,0.045410783055198974,0.8039772727272727,0.023106546854942234,0.4090909090909091,0.044768934531450574,0.7926136363636364,0.03915275994865212,0.6931818181818182,0.042682926829268296,0.7556818181818182,0.029685494223363286,0.5255681818181818,0.04813863928112965,0.8522727272727273,0.0412387676508344,0.7301136363636364,0.045571245186136075,0.8068181818181818,0.04508985879332478,0.7982954545454546,0.04926187419768935,0.8721590909090909,0.05407573812580231,0.9573863636363636,0.0555198973042362,0.9829545454545454,0.025994865211810013,0.4602272727272727,0.05215019255455713,0.9232954545454546,0.051989730423620026,0.9204545454545454,0.0420410783055199,0.7443181818181818,0.03578305519897304,0.6335227272727273,0.048940949935815145,0.8664772727272727,0.042201540436457,0.7471590909090909,0.05215019255455713,0.9232954545454546,0.027599486521181,0.48863636363636365,0.047817715019255455,0.8465909090909091,0.05407573812580231,0.9573863636363636,0.05407573812580231,0.9573863636363636,0.022946084724005136,0.40625,0.047657252888318354,0.84375,0.05054557124518613,0.8948863636363636,0.0415596919127086,0.7357954545454546,0.034338896020539154,0.6079545454545454,0.04701540436456996,0.8323863636363636,0.0410783055198973,0.7272727272727273,0.04829910141206675,0.8551136363636364,0.030006418485237486,0.53125,0.05006418485237484,0.8863636363636364,0.051989730423620026,0.9204545454545454,0.05215019255455713,0.9232954545454546,0.022946084724005136,0.40625,0.051347881899871634,0.9090909090909091,0.04926187419768935,0.8721590909090909,0.05343388960205391,0.9460227272727273,0.025673940949935817,0.45454545454545453,0.05231065468549422,0.9261363636363636,0.051989730423620026,0.9204545454545454,0.04926187419768935,0.8721590909090909,0.029845956354300384,0.5284090909090909,0.04990372272143774,0.8835227272727273,0.051989730423620026,0.9204545454545454,0.05215019255455713,0.9232954545454546,0.02936456996148909,0.5198863636363636,0.05166880616174583,0.9147727272727273,0.04813863928112965,0.8522727272727273,0.053594351732991014,0.9488636363636364,0.02519255455712452,0.4460227272727273,0.05231065468549422,0.9261363636363636,0.051829268292682924,0.9176136363636364,0.05118741976893453,0.90625
43,0.04450713054380191,0.8068181818181818,0.048895157498824636,0.8863636363636364,0.05453690644099671,0.9886363636363636,0.05453690644099671,0.9886363636363636,0.023977433004231313,0.4346590909090909,0.04983544898918665,0.9034090909090909,0.05155931672151701,0.9346590909090909,0.04199968656950321,0.7613636363636364,0.035574361385362796,0.6448863636363636,0.0485817270020373,0.8806818181818182,0.045133991537376586,0.8181818181818182,0.05155931672151701,0.9346590909090909,0.02773859896567936,0.5028409090909091,0.04842501175364363,0.8778409090909091,0.05453690644099671,0.9886363636363636,0.05453690644099671,0.9886363636363636,0.0305594734367654,0.5539772727272727,0.04466384579219558,0.8096590909090909,0.04732800501488795,0.8579545454545454,0.04262654756307789,0.7727272727272727,0.034634069895000785,0.6278409090909091,0.048895157498824636,0.8863636363636364,0.043253408556652564,0.7840909090909091,0.04215640181789688,0.7642045454545454,0.045133991537376586,0.8181818181818182,0.04842501175364363,0.8778409090909091,0.04341012380504623,0.7869318181818182,0.04388026955022724,0.7954545454545454,0.030716188685159067,0.5568181818181818,0.04779815076006896,0.8664772727272727,0.0485817270020373,0.8806818181818182,0.04497727628898292,0.8153409090909091,0.03008932769158439,0.5454545454545454,0.04732800501488795,0.8579545454545454,0.0410593950791412,0.7443181818181818,0.038395235856448835,0.6960227272727273,0.02773859896567936,0.5028409090909091,0.04764143551167529,0.8636363636363636,0.04450713054380191,0.8068181818181818,0.04450713054380191,0.8068181818181818,0.02272371101708196,0.4119318181818182,0.04403698479862091,0.7982954545454546,0.038551951104842504,0.6988636363636364,0.04231311706629055,0.7670454545454546,0.02914903620122238,0.5284090909090909,0.04717128976649428,0.8551136363636364,0.04074596458235386,0.7386363636363636,0.04482056104058925,0.8125,0.044350415295408244,0.8039772727272727,0.04826829650524996,0.875,0.05343989970224103,0.96875,0.05422347594420937,0.9829545454545454,0.026328161730136343,0.4772727272727273,0.050932455727942326,0.9232954545454546,0.050932455727942326,0.9232954545454546,0.0410593950791412,0.7443181818181818,0.03510421564018179,0.6363636363636364,0.04779815076006896,0.8664772727272727,0.041372825575928536,0.75,0.05140260147312334,0.9318181818181818,0.02773859896567936,0.5028409090909091,0.04732800501488795,0.8579545454545454,0.052813038708666354,0.9573863636363636,0.052813038708666354,0.9573863636363636,0.022566995768688293,0.4090909090909091,0.04685785926970694,0.8494318181818182,0.04936530324400564,0.8948863636363636,0.0410593950791412,0.7443181818181818,0.03385049365303244,0.6136363636363636,0.046230998276132265,0.8380681818181818,0.040589249333960194,0.7357954545454546,0.04732800501488795,0.8579545454545454,0.029619181946403384,0.5369318181818182,0.048895157498824636,0.8863636363636364,0.05124588622472966,0.9289772727272727,0.05124588622472966,0.9289772727272727,0.02272371101708196,0.4119318181818182,0.05077574047954866,0.9204545454545454,0.04826829650524996,0.875,0.05218617771509168,0.9460227272727273,0.025544585488167997,0.4630681818181818,0.05124588622472966,0.9289772727272727,0.050932455727942326,0.9232954545454546,0.04873844225043097,0.8835227272727273,0.029462466698009716,0.5340909090909091,0.048895157498824636,0.8863636363636364,0.05124588622472966,0.9289772727272727,0.05124588622472966,0.9289772727272727,0.02899232095282871,0.5255681818181818,0.051089170976335994,0.9261363636363636,0.04748472026328162,0.8607954545454546,0.05234289296348535,0.9488636363636364,0.025074439742986992,0.45454545454545453,0.05140260147312334,0.9318181818181818,0.050932455727942326,0.9232954545454546,0.05046230998276132,0.9147727272727273
44,0.04426405268800735,0.8210227272727273,0.04778679736559963,0.8863636363636364,0.0533006586000919,0.9886363636363636,0.0533006586000919,0.9886363636363636,0.023740235870730587,0.4403409090909091,0.04885893705008424,0.90625,0.050850053606984226,0.9431818181818182,0.04135395925869199,0.7670454545454546,0.03538060958799204,0.65625,0.04778679736559963,0.8863636363636364,0.04441721550007658,0.8238636363636364,0.050696890794914996,0.9403409090909091,0.028335120232807473,0.5255681818181818,0.0476336345535304,0.8835227272727273,0.0533006586000919,0.9886363636363636,0.0533006586000919,0.9886363636363636,0.03017307397763823,0.5596590909090909,0.04380456425179966,0.8125,0.046561494869045796,0.8636363636363636,0.041660284882830446,0.7727272727272727,0.0341553070914382,0.6335227272727273,0.04778679736559963,0.8863636363636364,0.042579261755245824,0.7897727272727273,0.04150712207076122,0.7698863636363636,0.04472354112421504,0.8295454545454546,0.047327308929391944,0.8778409090909091,0.04334507581559197,0.8039772727272727,0.042885587379384284,0.7954545454545454,0.030632562413845918,0.5681818181818182,0.046867820493184255,0.8693181818181818,0.047480471741461173,0.8806818181818182,0.04457037831214581,0.8267045454545454,0.02956042272936131,0.5482954545454546,0.046561494869045796,0.8636363636363636,0.04043498238627661,0.75,0.03767805176903048,0.6988636363636364,0.027722468984530554,0.5142045454545454,0.047020983305253485,0.8721590909090909,0.04365140143973043,0.8096590909090909,0.04365140143973043,0.8096590909090909,0.02282125899831521,0.42329545454545453,0.0434982386276612,0.8068181818181818,0.03813754020523817,0.7073863636363636,0.04150712207076122,0.7698863636363636,0.028641445856945932,0.53125,0.046255169244907336,0.8579545454545454,0.04012865676213815,0.7443181818181818,0.04411088987593812,0.8181818181818182,0.04426405268800735,0.8210227272727273,0.047480471741461173,0.8806818181818182,0.05253484453974575,0.9744318181818182,0.05299433297595344,0.9829545454545454,0.027722468984530554,0.5142045454545454,0.04993107673456885,0.9261363636363636,0.04993107673456885,0.9261363636363636,0.04058814519834584,0.7528409090909091,0.03446163271557666,0.6392045454545454,0.047327308929391944,0.8778409090909091,0.04058814519834584,0.7528409090909091,0.050696890794914996,0.9403409090909091,0.028028794608669014,0.5198863636363636,0.046561494869045796,0.8636363636363636,0.051769030479399604,0.9602272727272727,0.051769030479399604,0.9602272727272727,0.02266809618624598,0.42045454545454547,0.04594884362076888,0.8522727272727273,0.04855261142594578,0.9005681818181818,0.0408944708224843,0.7585227272727273,0.03354265584316128,0.6221590909090909,0.046867820493184255,0.8693181818181818,0.03982233113799969,0.7386363636363636,0.046714657681115025,0.8664772727272727,0.02940725991729208,0.5454545454545454,0.04824628580180732,0.8948863636363636,0.05023740235870731,0.9318181818181818,0.05023740235870731,0.9318181818181818,0.02236177056210752,0.4147727272727273,0.04993107673456885,0.9261363636363636,0.04778679736559963,0.8863636363636364,0.051003216419053456,0.9460227272727273,0.025271863991422883,0.46875,0.05054372798284577,0.9375,0.05008423954663808,0.9289772727272727,0.04793996017766886,0.8892045454545454,0.02925409710522285,0.5426136363636364,0.04809312298973809,0.8920454545454546,0.05023740235870731,0.9318181818181818,0.05023740235870731,0.9318181818181818,0.028335120232807473,0.5255681818181818,0.05039056517077654,0.9346590909090909,0.047174146117322714,0.875,0.051156379231122685,0.9488636363636364,0.025118701179353654,0.4659090909090909,0.05054372798284577,0.9375,0.05023740235870731,0.9318181818181818,0.04962475111043039,0.9204545454545454
45,0.0437256663671758,0.8295454545454546,0.04672057502246182,0.8863636363636364,0.05211141060197664,0.9886363636363636,0.05211141060197664,0.9886363636363636,0.023809523809523808,0.45170454545454547,0.04821802935010482,0.9147727272727273,0.05001497454327643,0.9488636363636364,0.04073075771188979,0.7727272727272727,0.03504043126684636,0.6647727272727273,0.04731955675351902,0.8977272727272727,0.044624138963761606,0.8465909090909091,0.05001497454327643,0.9488636363636364,0.02845163222521713,0.5397727272727273,0.04672057502246182,0.8863636363636364,0.05226115603474094,0.9914772727272727,0.05226115603474094,0.9914772727272727,0.029649595687331536,0.5625,0.0431266846361186,0.8181818181818182,0.046271338724168914,0.8778409090909091,0.04132973944294699,0.7840909090909091,0.03369272237196765,0.6392045454545454,0.04702006588799042,0.8920454545454546,0.04177897574123989,0.7926136363636364,0.04073075771188979,0.7727272727272727,0.0438754117999401,0.8323863636363636,0.046271338724168914,0.8778409090909091,0.0429769392033543,0.8153409090909091,0.041928721174004195,0.7954545454545454,0.030847559149445942,0.5852272727272727,0.045971847858640315,0.8721590909090909,0.04642108415693321,0.8806818181818182,0.0441749026654687,0.8380681818181818,0.029499850254567236,0.5596590909090909,0.04582210242587601,0.8693181818181818,0.039832285115303984,0.7556818181818182,0.036837376460017966,0.6988636363636364,0.02830188679245283,0.5369318181818182,0.046271338724168914,0.8778409090909091,0.042827193770589994,0.8125,0.042827193770589994,0.8125,0.022761305780173706,0.4318181818181818,0.042827193770589994,0.8125,0.037586103623839476,0.7130681818181818,0.04073075771188979,0.7727272727272727,0.02815214135968853,0.5340909090909091,0.04567235699311171,0.8664772727272727,0.03968253968253968,0.7528409090909091,0.0431266846361186,0.8181818181818182,0.0437256663671758,0.8295454545454546,0.046570829589697514,0.8835227272727273,0.05151242887091944,0.9772727272727273,0.05226115603474094,0.9914772727272727,0.02830188679245283,0.5369318181818182,0.04881701108116202,0.9261363636363636,0.048966756513926325,0.9289772727272727,0.04043126684636118,0.7670454545454546,0.03399221323749626,0.6448863636363636,0.04642108415693321,0.8806818181818182,0.04013177598083258,0.7613636363636364,0.04971548367774783,0.9431818181818182,0.02830188679245283,0.5369318181818182,0.045971847858640315,0.8721590909090909,0.05076370170709793,0.9630681818181818,0.05076370170709793,0.9630681818181818,0.022911051212938006,0.4346590909090909,0.045223120694818805,0.8579545454545454,0.04776879305181192,0.90625,0.04043126684636118,0.7670454545454546,0.03309374064091045,0.6278409090909091,0.046271338724168914,0.8778409090909091,0.03923330338424678,0.7443181818181818,0.04582210242587601,0.8693181818181818,0.029050613956274333,0.5511363636363636,0.047619047619047616,0.9034090909090909,0.04941599281221923,0.9375,0.04941599281221923,0.9375,0.022611560347409403,0.4289772727272727,0.049565738244983525,0.9403409090909091,0.04731955675351902,0.8977272727272727,0.04986522911051213,0.9460227272727273,0.025007487271638214,0.4744318181818182,0.049565738244983525,0.9403409090909091,0.04971548367774783,0.9431818181818182,0.047619047619047616,0.9034090909090909,0.029200359389038633,0.5539772727272727,0.047619047619047616,0.9034090909090909,0.04941599281221923,0.9375,0.04941599281221923,0.9375,0.028751123090745734,0.5454545454545454,0.049266247379454925,0.9346590909090909,0.04612159329140461,0.875,0.05001497454327643,0.9488636363636364,0.025007487271638214,0.4744318181818182,0.049565738244983525,0.9403409090909091,0.04971548367774783,0.9431818181818182,0.04881701108116202,0.9261363636363636
46,0.042924113682976855,0.8323863636363636,0.04600058599472605,0.8920454545454546,0.051128039847641374,0.9914772727272727,0.051128039847641374,0.9914772727272727,0.024172282449457953,0.46875,0.04731907412833285,0.9176136363636364,0.04907705830647524,0.9517045454545454,0.040140638734251395,0.7784090909090909,0.03457368883680047,0.6704545454545454,0.04629358335774978,0.8977272727272727,0.043949604453559915,0.8522727272727273,0.04951655435101084,0.9602272727272727,0.028127746850278346,0.5454545454545454,0.04614708467623791,0.8948863636363636,0.051128039847641374,0.9914772727272727,0.051128039847641374,0.9914772727272727,0.02959273366539701,0.5738636363636364,0.042484617638441254,0.8238636363636364,0.04600058599472605,0.8920454545454546,0.04101963082332259,0.7954545454545454,0.03340169938470554,0.6477272727272727,0.04614708467623791,0.8948863636363636,0.04145912686785819,0.8039772727272727,0.04028713741576326,0.78125,0.042924113682976855,0.8323863636363636,0.045707588631702316,0.8863636363636364,0.042777615001464986,0.8295454545454546,0.04101963082332259,0.7954545454545454,0.031057720480515676,0.6022727272727273,0.04497509522414298,0.8721590909090909,0.045707588631702316,0.8863636363636364,0.04351010840902432,0.84375,0.029006738939349547,0.5625,0.04512159390565485,0.875,0.03911514796366833,0.7585227272727273,0.036038675651919136,0.6988636363636364,0.02856724289481395,0.5539772727272727,0.045414591268678584,0.8806818181818182,0.04189862291239379,0.8125,0.04189862291239379,0.8125,0.02314679167887489,0.44886363636363635,0.04204512159390565,0.8153409090909091,0.03735716378552593,0.7244318181818182,0.039994140052739525,0.7755681818181818,0.027688250805742748,0.5369318181818182,0.04497509522414298,0.8721590909090909,0.03926164664518019,0.7613636363636364,0.04219162027541752,0.8181818181818182,0.042924113682976855,0.8323863636363636,0.04585408731321418,0.8892045454545454,0.05039554644008204,0.9772727272727273,0.051128039847641374,0.9914772727272727,0.02856724289481395,0.5539772727272727,0.04790506885438031,0.9289772727272727,0.048051567535892174,0.9318181818181818,0.03970114268971579,0.7698863636363636,0.0335481980662174,0.6505681818181818,0.045561089950190446,0.8835227272727273,0.039847641371227656,0.7727272727272727,0.048637562261939646,0.9431818181818182,0.028274245531790212,0.5482954545454546,0.045268092587166714,0.8778409090909091,0.05024904775857017,0.9744318181818182,0.05024904775857017,0.9744318181818182,0.02314679167887489,0.44886363636363635,0.04438910049809552,0.8607954545454546,0.046879578083797245,0.9090909090909091,0.039847641371227656,0.7727272727272727,0.032815704658658074,0.6363636363636364,0.045414591268678584,0.8806818181818182,0.03867565191913273,0.75,0.04482859654263112,0.8693181818181818,0.02929973630237328,0.5681818181818182,0.04717257544682098,0.9147727272727273,0.04834456489891591,0.9375,0.04834456489891591,0.9375,0.022560796952827426,0.4375,0.048637562261939646,0.9431818181818182,0.046879578083797245,0.9090909090909091,0.04907705830647524,0.9517045454545454,0.024904775857017288,0.48295454545454547,0.048637562261939646,0.9431818181818182,0.04878406094345151,0.9460227272727273,0.046879578083797245,0.9090909090909091,0.029153237620861413,0.5653409090909091,0.047026076765309115,0.9119318181818182,0.04834456489891591,0.9375,0.04834456489891591,0.9375,0.02842074421330208,0.5511363636363636,0.04834456489891591,0.9375,0.045707588631702316,0.8863636363636364,0.04922355698798711,0.9545454545454546,0.02475827717550542,0.48011363636363635,0.048637562261939646,0.9431818181818182,0.04878406094345151,0.9460227272727273,0.04790506885438031,0.9289772727272727
47,0.04215658158875824,0.8352272727272727,0.045024376254660166,0.8920454545454546,0.050043016919988526,0.9914772727272727,0.050043016919988526,0.9914772727272727,0.024519644393461427,0.48579545454545453,0.04645827358761113,0.9204545454545454,0.04817895038715228,0.9545454545454546,0.0401491253226269,0.7954545454545454,0.03412675652423287,0.6761363636363636,0.045454545454545456,0.9005681818181818,0.043160309721823914,0.8551136363636364,0.04846572985374247,0.9602272727272727,0.02810438772583883,0.5568181818181818,0.045167765987955265,0.8948863636363636,0.050043016919988526,0.9914772727272727,0.050043016919988526,0.9914772727272727,0.029394895325494694,0.5823863636363636,0.04172641238887296,0.8267045454545454,0.045024376254660166,0.8920454545454546,0.04043590478921709,0.8011363636363636,0.032979638657872096,0.6534090909090909,0.045167765987955265,0.8948863636363636,0.04115285345569257,0.8153409090909091,0.039575566389446516,0.7840909090909091,0.04244336105534844,0.8409090909090909,0.04488098652136507,0.8892045454545454,0.04186980212216805,0.8295454545454546,0.0401491253226269,0.7954545454545454,0.03125896185833094,0.6193181818181818,0.044594207054774876,0.8835227272727273,0.045024376254660166,0.8920454545454546,0.04273014052193863,0.8465909090909091,0.028677946659019213,0.5681818181818182,0.044307427588184685,0.8778409090909091,0.038571838256380844,0.7642045454545454,0.03527387439059363,0.6988636363636364,0.027960997992543733,0.5539772727272727,0.04488098652136507,0.8892045454545454,0.04100946372239748,0.8125,0.04100946372239748,0.8125,0.02308574706051047,0.45738636363636365,0.04201319185546315,0.8323863636363636,0.03756811012331517,0.7443181818181818,0.03986234585603671,0.7897727272727273,0.02810438772583883,0.5568181818181818,0.044307427588184685,0.8778409090909091,0.038715227989675936,0.7670454545454546,0.04129624318898767,0.8181818181818182,0.04215658158875824,0.8352272727272727,0.04488098652136507,0.8892045454545454,0.049469457986808144,0.9801136363636364,0.050043016919988526,0.9914772727272727,0.02810438772583883,0.5568181818181818,0.04688844278749642,0.9289772727272727,0.04717522225408661,0.9346590909090909,0.040005735589331806,0.7926136363636364,0.032979638657872096,0.6534090909090909,0.04531115572125036,0.8977272727272727,0.039288786922856325,0.7784090909090909,0.04774878118726699,0.9460227272727273,0.028391167192429023,0.5625,0.04488098652136507,0.8892045454545454,0.04918267852021795,0.9744318181818182,0.04932606825351305,0.9772727272727273,0.023229136793805564,0.4602272727272727,0.044020648121594494,0.8721590909090909,0.04617149412102094,0.9147727272727273,0.039575566389446516,0.7840909090909091,0.032262689991396615,0.6392045454545454,0.04488098652136507,0.8892045454545454,0.038428448523085745,0.7613636363636364,0.044307427588184685,0.8778409090909091,0.028677946659019213,0.5681818181818182,0.04617149412102094,0.9147727272727273,0.04774878118726699,0.9460227272727273,0.04789217092056209,0.9488636363636364,0.022942357327215373,0.45454545454545453,0.04774878118726699,0.9460227272727273,0.04602810438772584,0.9119318181818182,0.04803556065385718,0.9517045454545454,0.024519644393461427,0.48579545454545453,0.04789217092056209,0.9488636363636364,0.04789217092056209,0.9488636363636364,0.04645827358761113,0.9204545454545454,0.02882133639231431,0.5710227272727273,0.04602810438772584,0.9119318181818182,0.04774878118726699,0.9460227272727273,0.04789217092056209,0.9488636363636364,0.028247777459133927,0.5596590909090909,0.04774878118726699,0.9460227272727273,0.045024376254660166,0.8920454545454546,0.04817895038715228,0.9545454545454546,0.024519644393461427,0.48579545454545453,0.04774878118726699,0.9460227272727273,0.04789217092056209,0.9488636363636364,0.04717522225408661,0.9346590909090909
48,0.041555524357714445,0.8409090909090909,0.04436333005756002,0.8977272727272727,0.04899620946230521,0.9914772727272727,0.04899620946230521,0.9914772727272727,0.024568299873648742,0.4971590909090909,0.045626842622490525,0.9232954545454546,0.047171135757405586,0.9545454545454546,0.04029201179278394,0.8153409090909091,0.033693668398146845,0.6818181818181818,0.04464411062754457,0.9034090909090909,0.042678646637652674,0.8636363636363636,0.0477326968973747,0.9659090909090909,0.02779727642847115,0.5625,0.04422293977256774,0.8948863636363636,0.04899620946230521,0.9914772727272727,0.04899620946230521,0.9914772727272727,0.02948195984837849,0.5965909090909091,0.041134353502737614,0.8323863636363636,0.04422293977256774,0.8948863636363636,0.040011231222799384,0.8096590909090909,0.03228976554822406,0.6534090909090909,0.044503720342552296,0.9005681818181818,0.040713182647760776,0.8238636363636364,0.03902849922785343,0.7897727272727273,0.041555524357714445,0.8409090909090909,0.04408254948757546,0.8920454545454546,0.04127474378772989,0.8352272727272727,0.03930927979783799,0.7954545454545454,0.03186859469324723,0.6448863636363636,0.043801768917590904,0.8863636363636364,0.04408254948757546,0.8920454545454546,0.041836304927699006,0.8465909090909091,0.028639618138424822,0.5795454545454546,0.04394215920258318,0.8892045454545454,0.03818615751789976,0.7727272727272727,0.03453601010810052,0.6988636363636364,0.028078056998455708,0.5681818181818182,0.04394215920258318,0.8892045454545454,0.04029201179278394,0.8153409090909091,0.04029201179278394,0.8153409090909091,0.023304787308718235,0.4715909090909091,0.041555524357714445,0.8409090909090909,0.037063035237961534,0.75,0.03916888951284571,0.7926136363636364,0.02765688614347887,0.5596590909090909,0.04366137863259863,0.8835227272727273,0.03832654780289204,0.7755681818181818,0.040432402077776215,0.8181818181818182,0.041555524357714445,0.8409090909090909,0.04408254948757546,0.8920454545454546,0.04871542889232065,0.9857954545454546,0.049136599747297484,0.9943181818181818,0.028078056998455708,0.5681818181818182,0.046048013477467356,0.9318181818181818,0.04618840376245964,0.9346590909090909,0.03959006036782255,0.8011363636363636,0.03228976554822406,0.6534090909090909,0.044503720342552296,0.9005681818181818,0.03930927979783799,0.7954545454545454,0.04689035518742103,0.9488636363636364,0.028078056998455708,0.5681818181818182,0.04422293977256774,0.8948863636363636,0.048294258037343815,0.9772727272727273,0.048294258037343815,0.9772727272727273,0.023304787308718235,0.4715909090909091,0.04352098834760634,0.8806818181818182,0.04548645233749825,0.9204545454545454,0.03916888951284571,0.7926136363636364,0.03228976554822406,0.6534090909090909,0.04422293977256774,0.8948863636363636,0.038045767232907486,0.7698863636363636,0.04352098834760634,0.8806818181818182,0.028358837568440265,0.5738636363636364,0.045346062052505964,0.9176136363636364,0.04703074547241331,0.9517045454545454,0.04703074547241331,0.9517045454545454,0.023024006738733678,0.4659090909090909,0.04689035518742103,0.9488636363636364,0.045346062052505964,0.9176136363636364,0.04703074547241331,0.9517045454545454,0.024708690158641022,0.5,0.047171135757405586,0.9545454545454546,0.047171135757405586,0.9545454545454546,0.045626842622490525,0.9232954545454546,0.028499227853432542,0.5767045454545454,0.045346062052505964,0.9176136363636364,0.04703074547241331,0.9517045454545454,0.04703074547241331,0.9517045454545454,0.02765688614347887,0.5596590909090909,0.04689035518742103,0.9488636363636364,0.04436333005756002,0.8977272727272727,0.047171135757405586,0.9545454545454546,0.0248490804436333,0.5028409090909091,0.047171135757405586,0.9545454545454546,0.047171135757405586,0.9545454545454546,0.04632879404745192,0.9375
49,0.04070966854627974,0.8409090909090909,0.04373538715444918,0.9034090909090909,0.04799889973868794,0.9914772727272727,0.04799889973868794,0.9914772727272727,0.024480814193370927,0.5056818181818182,0.044698115802503095,0.9232954545454546,0.046348507770595515,0.9573863636363636,0.03960940723421813,0.8181818181818182,0.03328290468986384,0.6875,0.04401045248246459,0.9090909090909091,0.042084995186356756,0.8693181818181818,0.04703617109063402,0.9715909090909091,0.027369000137532663,0.5653409090909091,0.04359785449044148,0.9005681818181818,0.04799889973868794,0.9914772727272727,0.04799889973868794,0.9914772727272727,0.02915692476963279,0.6022727272727273,0.04043460321826434,0.8352272727272727,0.04332278916242607,0.8948863636363636,0.039334341906202726,0.8125,0.032045110713794525,0.6619318181818182,0.04387291981845688,0.90625,0.04002200522624123,0.8267045454545454,0.03878421125017192,0.8011363636363636,0.04084720121028744,0.84375,0.04332278916242607,0.8948863636363636,0.04167239719433365,0.8607954545454546,0.03850914592215651,0.7954545454545454,0.03163251272177142,0.6534090909090909,0.04291019117040297,0.8863636363636364,0.04359785449044148,0.9005681818181818,0.040984733874295146,0.8465909090909091,0.02860679411360198,0.5909090909090909,0.043047723834410676,0.8892045454545454,0.0376839499381103,0.7784090909090909,0.03383303534589465,0.6988636363636364,0.027919130793563472,0.5767045454545454,0.043047723834410676,0.8892045454545454,0.039471874570210425,0.8153409090909091,0.039471874570210425,0.8153409090909091,0.02351808554531701,0.48579545454545453,0.04070966854627974,0.8409090909090909,0.03685875395406409,0.7613636363636364,0.03850914592215651,0.7954545454545454,0.027506532801540366,0.5681818181818182,0.043047723834410676,0.8892045454545454,0.037821482602118005,0.78125,0.03960940723421813,0.8181818181818182,0.04070966854627974,0.8409090909090909,0.04346032182643378,0.8977272727272727,0.047861367074680236,0.9886363636363636,0.04813643240269564,0.9943181818181818,0.028469261449594278,0.5880681818181818,0.0451107137945262,0.9318181818181818,0.0453857791225416,0.9375,0.03878421125017192,0.8011363636363636,0.032045110713794525,0.6619318181818182,0.04373538715444918,0.9034090909090909,0.03878421125017192,0.8011363636363636,0.046348507770595515,0.9573863636363636,0.027919130793563472,0.5767045454545454,0.04332278916242607,0.8948863636363636,0.04731123641864943,0.9772727272727273,0.04731123641864943,0.9772727272727273,0.02324302021730161,0.48011363636363635,0.043047723834410676,0.8892045454545454,0.044698115802503095,0.9232954545454546,0.03878421125017192,0.8011363636363636,0.03177004538577912,0.65625,0.04346032182643378,0.8977272727272727,0.0376839499381103,0.7784090909090909,0.04291019117040297,0.8863636363636364,0.028056663457571174,0.5795454545454546,0.044698115802503095,0.9232954545454546,0.046210975106587816,0.9545454545454546,0.046210975106587816,0.9545454545454546,0.023105487553293908,0.4772727272727273,0.04607344244258011,0.9517045454545454,0.04442305047448769,0.9176136363636364,0.046210975106587816,0.9545454545454546,0.024755879521386328,0.5113636363636364,0.04662357309861092,0.9630681818181818,0.04648604043460322,0.9602272727272727,0.044698115802503095,0.9232954545454546,0.028056663457571174,0.5795454545454546,0.04442305047448769,0.9176136363636364,0.046210975106587816,0.9545454545454546,0.046210975106587816,0.9545454545454546,0.027644065465548068,0.5710227272727273,0.046210975106587816,0.9545454545454546,0.04373538715444918,0.9034090909090909,0.046348507770595515,0.9573863636363636,0.025168477513409435,0.5198863636363636,0.04662357309861092,0.9630681818181818,0.046348507770595515,0.9573863636363636,0.0453857791225416,0.9375
50,0.039892183288409704,0.8409090909090909,0.04299191374663073,0.90625,0.04703504043126685,0.9914772727272727,0.04703504043126685,0.9914772727272727,0.024528301886792454,0.5170454545454546,0.04393530997304582,0.9261363636363636,0.04568733153638814,0.9630681818181818,0.03894878706199461,0.8210227272727273,0.03274932614555256,0.6903409090909091,0.04326145552560647,0.9119318181818182,0.04164420485175202,0.8778409090909091,0.04622641509433962,0.9744318181818182,0.027358490566037737,0.5767045454545454,0.04285714285714286,0.9034090909090909,0.04703504043126685,0.9914772727272727,0.04703504043126685,0.9914772727272727,0.029245283018867925,0.6164772727272727,0.04016172506738545,0.8465909090909091,0.042587601078167114,0.8977272727272727,0.03881401617250674,0.8181818181818182,0.031401617250673856,0.6619318181818182,0.04299191374663073,0.90625,0.03948787061994609,0.8323863636363636,0.03827493261455526,0.8068181818181818,0.04016172506738545,0.8465909090909091,0.042587601078167114,0.8977272727272727,0.04218328840970351,0.8892045454545454,0.03773584905660377,0.7954545454545454,0.031132075471698113,0.65625,0.042048517520215635,0.8863636363636364,0.04326145552560647,0.9119318181818182,0.04029649595687332,0.8494318181818182,0.02830188679245283,0.5965909090909091,0.04218328840970351,0.8892045454545454,0.0376010781671159,0.7926136363636364,0.03315363881401617,0.6988636363636364,0.027493261455525605,0.5795454545454546,0.042587601078167114,0.8977272727272727,0.038679245283018866,0.8153409090909091,0.038679245283018866,0.8153409090909091,0.02345013477088949,0.4943181818181818,0.04016172506738545,0.8465909090909091,0.03611859838274933,0.7613636363636364,0.03840970350404313,0.8096590909090909,0.027358490566037737,0.5767045454545454,0.04245283018867924,0.8948863636363636,0.03746630727762803,0.7897727272727273,0.03881401617250674,0.8181818181818182,0.039892183288409704,0.8409090909090909,0.04285714285714286,0.9034090909090909,0.04716981132075472,0.9943181818181818,0.04716981132075472,0.9943181818181818,0.029649595687331536,0.625,0.04487870619946092,0.9460227272727273,0.0444743935309973,0.9375,0.03840970350404313,0.8096590909090909,0.03167115902964959,0.6676136363636364,0.04326145552560647,0.9119318181818182,0.038544474393530995,0.8125,0.04555256064690027,0.9602272727272727,0.02789757412398922,0.5880681818181818,0.042587601078167114,0.8977272727272727,0.046630727762803234,0.9829545454545454,0.046630727762803234,0.9829545454545454,0.023180592991913745,0.48863636363636365,0.04245283018867924,0.8948863636363636,0.04393530997304582,0.9261363636363636,0.03840970350404313,0.8096590909090909,0.031266846361185985,0.6590909090909091,0.042722371967654986,0.9005681818181818,0.03719676549865229,0.7840909090909091,0.04218328840970351,0.8892045454545454,0.028032345013477088,0.5909090909090909,0.044070080862533695,0.9289772727272727,0.04555256064690027,0.9602272727272727,0.04555256064690027,0.9602272727272727,0.023315363881401617,0.4914772727272727,0.0454177897574124,0.9573863636363636,0.04380053908355795,0.9232954545454546,0.0454177897574124,0.9573863636363636,0.02547169811320755,0.5369318181818182,0.04582210242587601,0.9659090909090909,0.04555256064690027,0.9602272727272727,0.044070080862533695,0.9289772727272727,0.02789757412398922,0.5880681818181818,0.04393530997304582,0.9261363636363636,0.04555256064690027,0.9602272727272727,0.04555256064690027,0.9602272727272727,0.027088948787061994,0.5710227272727273,0.045283018867924525,0.9545454545454546,0.04285714285714286,0.9034090909090909,0.04555256064690027,0.9602272727272727,0.025202156334231805,0.53125,0.04582210242587601,0.9659090909090909,0.0454177897574124,0.9573863636363636,0.044609164420485174,0.9403409090909091
51,0.03937632135306554,0.8465909090909091,0.0424154334038055,0.9119318181818182,0.04611522198731501,0.9914772727272727,0.04611522198731501,0.9914772727272727,0.024709302325581394,0.53125,0.04334038054968287,0.9318181818181818,0.04505813953488372,0.96875,0.03818710359408034,0.8210227272727273,0.03263742071881607,0.7017045454545454,0.04267970401691332,0.9176136363636364,0.041094080338266385,0.8835227272727273,0.04558668076109937,0.9801136363636364,0.027616279069767442,0.59375,0.042283298097251586,0.9090909090909091,0.04611522198731501,0.9914772727272727,0.04611522198731501,0.9914772727272727,0.028937632135306555,0.6221590909090909,0.03937632135306554,0.8465909090909091,0.041886892177589855,0.9005681818181818,0.038319238900634246,0.8238636363636364,0.03144820295983087,0.6761363636363636,0.04254756871035941,0.9147727272727273,0.03924418604651163,0.84375,0.0377906976744186,0.8125,0.0400369978858351,0.8607954545454546,0.04215116279069767,0.90625,0.04334038054968287,0.9318181818181818,0.03699788583509514,0.7954545454545454,0.03091966173361522,0.6647727272727273,0.041490486257928116,0.8920454545454546,0.0424154334038055,0.9119318181818182,0.03977272727272727,0.8551136363636364,0.028012684989429177,0.6022727272727273,0.04135835095137421,0.8892045454545454,0.03726215644820296,0.8011363636363636,0.03250528541226216,0.6988636363636364,0.02748414376321353,0.5909090909090909,0.041886892177589855,0.9005681818181818,0.03805496828752643,0.8181818181818182,0.03805496828752643,0.8181818181818182,0.02404862579281184,0.5170454545454546,0.039508456659619454,0.8494318181818182,0.0354122621564482,0.7613636363636364,0.03818710359408034,0.8210227272727273,0.02735200845665962,0.5880681818181818,0.04162262156448203,0.8948863636363636,0.03726215644820296,0.8011363636363636,0.03805496828752643,0.8181818181818182,0.03924418604651163,0.84375,0.0424154334038055,0.9119318181818182,0.04637949260042283,0.9971590909090909,0.046511627906976744,1.0,0.02973044397463002,0.6392045454545454,0.044265327695560255,0.9517045454545454,0.04373678646934461,0.9403409090909091,0.0377906976744186,0.8125,0.031580338266384775,0.6789772727272727,0.0424154334038055,0.9119318181818182,0.03805496828752643,0.8181818181818182,0.04492600422832981,0.9659090909090909,0.028276955602537,0.6079545454545454,0.04175475687103594,0.8977272727272727,0.04585095137420719,0.9857954545454546,0.04585095137420719,0.9857954545454546,0.023255813953488372,0.5,0.04201902748414376,0.9034090909090909,0.043076109936575055,0.9261363636363636,0.038319238900634246,0.8238636363636364,0.03144820295983087,0.6761363636363636,0.04201902748414376,0.9034090909090909,0.036733615221987315,0.7897727272727273,0.04175475687103594,0.8977272727272727,0.028012684989429177,0.6022727272727273,0.043472515856236786,0.9346590909090909,0.04466173361522199,0.9602272727272727,0.04466173361522199,0.9602272727272727,0.023255813953488372,0.5,0.04466173361522199,0.9602272727272727,0.04320824524312896,0.9289772727272727,0.04466173361522199,0.9602272727272727,0.025502114164904863,0.5482954545454546,0.04492600422832981,0.9659090909090909,0.04466173361522199,0.9602272727272727,0.04334038054968287,0.9318181818181818,0.027880549682875264,0.5994318181818182,0.043472515856236786,0.9346590909090909,0.04466173361522199,0.9602272727272727,0.04466173361522199,0.9602272727272727,0.026691331923890064,0.5738636363636364,0.044529598308668074,0.9573863636363636,0.04254756871035941,0.9147727272727273,0.04466173361522199,0.9602272727272727,0.024841437632135307,0.5340909090909091,0.04492600422832981,0.9659090909090909,0.04466173361522199,0.9602272727272727,0.04373678646934461,0.9403409090909091
52,0.03926905132192846,0.8607954545454546,0.041601866251944015,0.9119318181818182,0.04523068947641265,0.9914772727272727,0.04523068947641265,0.9914772727272727,0.024883359253499222,0.5454545454545454,0.042768273716951785,0.9375,0.04432348367029549,0.9715909090909091,0.037973043027475374,0.8323863636363636,0.03201140487299119,0.7017045454545454,0.04186106791083463,0.9176136363636364,0.040565059616381544,0.8892045454545454,0.04471228615863142,0.9801136363636364,0.027475375842405392,0.6022727272727273,0.041472265422498704,0.9090909090909091,0.04523068947641265,0.9914772727272727,0.04523068947641265,0.9914772727272727,0.02851218247796786,0.625,0.03862104717470192,0.8465909090909091,0.04121306376360809,0.9034090909090909,0.03771384136858476,0.8267045454545454,0.03136340072576464,0.6875,0.04186106791083463,0.9176136363636364,0.038880248833592534,0.8522727272727273,0.037065837221358214,0.8125,0.03952825298081908,0.8664772727272727,0.04134266459305339,0.90625,0.044582685329186106,0.9772727272727273,0.036288232244686365,0.7954545454545454,0.030326594090202177,0.6647727272727273,0.041083462934162776,0.9005681818181818,0.041601866251944015,0.9119318181818182,0.03913945049248315,0.8579545454545454,0.0276049766718507,0.6051136363636364,0.04095386210471747,0.8977272727272727,0.03693623639191291,0.8096590909090909,0.03188180404354588,0.6988636363636364,0.0276049766718507,0.6051136363636364,0.04134266459305339,0.90625,0.03745463970969414,0.8210227272727273,0.03745463970969414,0.8210227272727273,0.024753758424053914,0.5426136363636364,0.03875064800414723,0.8494318181818182,0.03564022809745982,0.78125,0.03771384136858476,0.8267045454545454,0.0276049766718507,0.6051136363636364,0.04082426127527216,0.8948863636363636,0.03667703473302229,0.8039772727272727,0.03732503888024884,0.8181818181818182,0.038880248833592534,0.8522727272727273,0.041990668740279936,0.9204545454545454,0.04561949196474858,1.0,0.04561949196474858,1.0,0.030974598237428718,0.6789772727272727,0.04354587869362364,0.9545454545454546,0.04315707620528771,0.9460227272727273,0.037973043027475374,0.8323863636363636,0.031233799896319338,0.6846590909090909,0.04173146708138932,0.9147727272727273,0.03771384136858476,0.8267045454545454,0.04432348367029549,0.9715909090909091,0.028123379989631932,0.6164772727272727,0.041083462934162776,0.9005681818181818,0.04523068947641265,0.9914772727272727,0.04523068947641265,0.9914772727272727,0.023846552617936754,0.5227272727272727,0.041472265422498704,0.9090909090909091,0.04263867288750648,0.9346590909090909,0.037973043027475374,0.8323863636363636,0.031233799896319338,0.6846590909090909,0.041472265422498704,0.9090909090909091,0.037065837221358214,0.8125,0.041083462934162776,0.9005681818181818,0.027864178330741316,0.6107954545454546,0.0428978745463971,0.9403409090909091,0.04393468118195956,0.9630681818181818,0.04393468118195956,0.9630681818181818,0.02345775012960083,0.5142045454545454,0.04380508035251426,0.9602272727272727,0.042379471228615864,0.9289772727272727,0.04380508035251426,0.9602272727272727,0.02501296008294453,0.5482954545454546,0.04406428201140487,0.9659090909090909,0.04406428201140487,0.9659090909090909,0.04250907205806117,0.9318181818181818,0.027864178330741316,0.6107954545454546,0.0428978745463971,0.9403409090909091,0.04393468118195956,0.9630681818181818,0.04393468118195956,0.9630681818181818,0.026438569206842923,0.5795454545454546,0.04393468118195956,0.9630681818181818,0.041990668740279936,0.9204545454545454,0.04393468118195956,0.9630681818181818,0.02514256091238984,0.5511363636363636,0.04406428201140487,0.9659090909090909,0.04419388284085018,0.96875,0.04315707620528771,0.9460227272727273
53,0.03890654799745709,0.8693181818181818,0.04119516846789574,0.9204545454545454,0.04437380801017165,0.9914772727272727,0.04437380801017165,0.9914772727272727,0.026319135410044502,0.5880681818181818,0.04195804195804196,0.9375,0.04348378893833439,0.9715909090909091,0.03738080101716466,0.8352272727272727,0.03140495867768595,0.7017045454545454,0.04132231404958678,0.9232954545454546,0.03992371265098538,0.8920454545454546,0.044119516846789573,0.9857954545454546,0.02809917355371901,0.6278409090909091,0.040813731722822634,0.9119318181818182,0.04437380801017165,0.9914772727272727,0.04437380801017165,0.9914772727272727,0.028226319135410044,0.6306818181818182,0.038397965670692945,0.8579545454545454,0.04055944055944056,0.90625,0.037635092180546725,0.8409090909090909,0.031023521932612843,0.6931818181818182,0.04132231404958678,0.9232954545454546,0.038397965670692945,0.8579545454545454,0.03636363636363636,0.8125,0.03903369357914813,0.8721590909090909,0.040940877304513665,0.9147727272727273,0.04450095359186268,0.9943181818181818,0.03560076287349015,0.7954545454545454,0.03000635727908455,0.6704545454545454,0.04043229497774952,0.9034090909090909,0.0410680228862047,0.9176136363636364,0.03877940241576605,0.8664772727272727,0.027972027972027972,0.625,0.04030514939605849,0.9005681818181818,0.03636363636363636,0.8125,0.031277813095994915,0.6988636363636364,0.02733630006357279,0.6107954545454546,0.040686586141131596,0.9090909090909091,0.03712650985378258,0.8295454545454546,0.03712650985378258,0.8295454545454546,0.025174825174825177,0.5625,0.03852511125238398,0.8607954545454546,0.03572790845518118,0.7982954545454546,0.03725365543547362,0.8323863636363636,0.0277177368086459,0.6193181818181818,0.04030514939605849,0.9005681818181818,0.035982199618563256,0.8039772727272727,0.03661792752701844,0.8181818181818182,0.03852511125238398,0.8607954545454546,0.04132231404958678,0.9232954545454546,0.044755244755244755,1.0,0.044755244755244755,1.0,0.030642085187539733,0.6846590909090909,0.04297520661157025,0.9602272727272727,0.042466624284806104,0.9488636363636364,0.037635092180546725,0.8409090909090909,0.030896376350921805,0.6903409090909091,0.04132231404958678,0.9232954545454546,0.03776223776223776,0.84375,0.04348378893833439,0.9715909090909091,0.028480610298792116,0.6363636363636364,0.04055944055944056,0.90625,0.04437380801017165,0.9914772727272727,0.04437380801017165,0.9914772727272727,0.02364907819453274,0.5284090909090909,0.040686586141131596,0.9090909090909091,0.04183089637635092,0.9346590909090909,0.03750794659885569,0.8380681818181818,0.030896376350921805,0.6903409090909091,0.0410680228862047,0.9176136363636364,0.03636363636363636,0.8125,0.040686586141131596,0.9090909090909091,0.02809917355371901,0.6278409090909091,0.04259376986649714,0.9517045454545454,0.04322949777495232,0.9659090909090909,0.04322949777495232,0.9659090909090909,0.023521932612841703,0.5255681818181818,0.04297520661157025,0.9602272727272727,0.041703750794659884,0.9318181818181818,0.043102352193261285,0.9630681818181818,0.024793388429752067,0.5539772727272727,0.043356643356643354,0.96875,0.04361093452002543,0.9744318181818182,0.04195804195804196,0.9375,0.0277177368086459,0.6193181818181818,0.04221233312142403,0.9431818181818182,0.04322949777495232,0.9659090909090909,0.04322949777495232,0.9659090909090909,0.026573426573426574,0.59375,0.043102352193261285,0.9630681818181818,0.04183089637635092,0.9346590909090909,0.043102352193261285,0.9630681818181818,0.0249205340114431,0.5568181818181818,0.043356643356643354,0.96875,0.043356643356643354,0.96875,0.042339478703115066,0.9460227272727273
54,0.03843753899912642,0.875,0.04068388868089355,0.9261363636363636,0.04355422438537377,0.9914772727272727,0.04355422438537377,0.9914772727272727,0.028703357044802195,0.6534090909090909,0.04118307749906402,0.9375,0.04268064395357544,0.9715909090909091,0.03718956695370024,0.8465909090909091,0.030824909522026708,0.7017045454545454,0.04068388868089355,0.9261363636363636,0.039311119430924746,0.8948863636363636,0.04330462997628853,0.9857954545454546,0.027954573817546485,0.6363636363636364,0.04030949706726569,0.9176136363636364,0.04355422438537377,0.9914772727272727,0.04355422438537377,0.9914772727272727,0.027954573817546485,0.6363636363636364,0.037813552976413325,0.8607954545454546,0.03993510545363784,0.9090909090909091,0.03718956695370024,0.8465909090909091,0.030450517908398853,0.6931818181818182,0.04055909147635093,0.9232954545454546,0.037813552976413325,0.8607954545454546,0.036066392112816675,0.8210227272727273,0.03843753899912642,0.875,0.040434294271808315,0.9204545454545454,0.043679021589916385,0.9943181818181818,0.03494321727193311,0.7954545454545454,0.029576937476600524,0.6732954545454546,0.040059902658180456,0.9119318181818182,0.04030949706726569,0.9176136363636364,0.03806314738549856,0.8664772727272727,0.028204168226631722,0.6420454545454546,0.03981030824909522,0.90625,0.03569200049918882,0.8125,0.03070011231748409,0.6988636363636364,0.028079371022089104,0.6392045454545454,0.04018469986272308,0.9147727272727273,0.03644078372644453,0.8295454545454546,0.03644078372644453,0.8295454545454546,0.025333832522151503,0.5767045454545454,0.03806314738549856,0.8664772727272727,0.0355672032946462,0.8096590909090909,0.036939972544615,0.8409090909090909,0.027580182203918634,0.6278409090909091,0.03981030824909522,0.90625,0.0355672032946462,0.8096590909090909,0.03631598652190191,0.8267045454545454,0.03806314738549856,0.8664772727272727,0.04055909147635093,0.9232954545454546,0.04392861599900162,1.0,0.04392861599900162,1.0,0.030325720703856234,0.6903409090909091,0.042306252339947586,0.9630681818181818,0.04180706352177711,0.9517045454545454,0.03718956695370024,0.8465909090909091,0.030824909522026708,0.7017045454545454,0.04068388868089355,0.9261363636363636,0.03768875577187071,0.8579545454545454,0.04268064395357544,0.9715909090909091,0.02832896543117434,0.6448863636363636,0.040059902658180456,0.9119318181818182,0.04355422438537377,0.9914772727272727,0.043679021589916385,0.9943181818181818,0.023961063272182705,0.5454545454545454,0.040059902658180456,0.9119318181818182,0.04130787470360664,0.9403409090909091,0.037439161362785474,0.8522727272727273,0.03057531511294147,0.6960227272727273,0.04068388868089355,0.9261363636363636,0.03581679770373144,0.8153409090909091,0.040059902658180456,0.9119318181818182,0.02782977661300387,0.6335227272727273,0.04180706352177711,0.9517045454545454,0.0424310495444902,0.9659090909090909,0.04255584674903282,0.96875,0.023961063272182705,0.5454545454545454,0.042306252339947586,0.9630681818181818,0.04118307749906402,0.9375,0.042306252339947586,0.9630681818181818,0.025209035317608885,0.5738636363636364,0.04268064395357544,0.9715909090909091,0.04280544115811806,0.9744318181818182,0.04118307749906402,0.9375,0.02782977661300387,0.6335227272727273,0.04168226631723449,0.9488636363636364,0.0424310495444902,0.9659090909090909,0.04255584674903282,0.96875,0.02645700736303507,0.6022727272727273,0.0424310495444902,0.9659090909090909,0.04118307749906402,0.9375,0.042306252339947586,0.9630681818181818,0.02470984649943841,0.5625,0.04268064395357544,0.9715909090909091,0.04280544115811806,0.9744318181818182,0.04180706352177711,0.9517045454545454
55,0.03773584905660377,0.875,0.04018622886547415,0.9318181818181818,0.04288164665523156,0.9943181818181818,0.04288164665523156,0.9943181818181818,0.028424405782896348,0.6590909090909091,0.040676304827248225,0.9431818181818182,0.04190149473168341,0.9715909090909091,0.036633178142612105,0.8494318181818182,0.030752266601323207,0.7130681818181818,0.04030874785591767,0.9346590909090909,0.038716000980151925,0.8977272727272727,0.042514089683901,0.9857954545454546,0.027934329821122275,0.6477272727272727,0.03969615290370007,0.9204545454545454,0.042759127664788045,0.9914772727272727,0.042759127664788045,0.9914772727272727,0.027934329821122275,0.6477272727272727,0.03749081107571674,0.8693181818181818,0.039328595932369516,0.9119318181818182,0.03687821612349914,0.8551136363636364,0.030017152658662092,0.6960227272727273,0.03994119088458711,0.9261363636363636,0.037368292085273216,0.8664772727272727,0.03565302621906395,0.8267045454545454,0.03773584905660377,0.875,0.03981867189414359,0.9232954545454546,0.04288164665523156,0.9943181818181818,0.03430531732418525,0.7954545454545454,0.029772114677775054,0.6903409090909091,0.03945111492281304,0.9147727272727273,0.03957363391325656,0.9176136363636364,0.03749081107571674,0.8693181818181818,0.027934329821122275,0.6477272727272727,0.039206076941926,0.9090909090909091,0.03516295025728988,0.8153409090909091,0.03050722862043617,0.7073863636363636,0.027934329821122275,0.6477272727272727,0.03957363391325656,0.9176136363636364,0.036020583190394515,0.8352272727272727,0.036020583190394515,0.8352272727272727,0.025728987993138937,0.5965909090909091,0.03749081107571674,0.8693181818181818,0.03553050722862044,0.8238636363636364,0.036755697133055626,0.8522727272727273,0.027811810830678754,0.6448863636363636,0.03945111492281304,0.9147727272727273,0.03504043126684636,0.8125,0.03565302621906395,0.8267045454545454,0.03761333006616026,0.8721590909090909,0.03981867189414359,0.9232954545454546,0.0431266846361186,1.0,0.0431266846361186,1.0,0.029894633668218575,0.6931818181818182,0.04153393776035286,0.9630681818181818,0.04104386179857878,0.9517045454545454,0.03700073511394266,0.8579545454545454,0.030384709629992648,0.7045454545454546,0.04006370987503063,0.9289772727272727,0.03712325410438618,0.8607954545454546,0.04190149473168341,0.9715909090909091,0.028056848811565793,0.6505681818181818,0.039328595932369516,0.9119318181818182,0.04288164665523156,0.9943181818181818,0.04288164665523156,0.9943181818181818,0.02425876010781671,0.5625,0.039328595932369516,0.9119318181818182,0.040676304827248225,0.9431818181818182,0.03687821612349914,0.8551136363636364,0.030384709629992648,0.7045454545454546,0.04006370987503063,0.9289772727272727,0.03540798823817692,0.8210227272727273,0.03945111492281304,0.9147727272727273,0.027811810830678754,0.6448863636363636,0.0411663807890223,0.9545454545454546,0.04177897574123989,0.96875,0.04177897574123989,0.96875,0.024013722126929673,0.5568181818181818,0.04153393776035286,0.9630681818181818,0.040553785836804704,0.9403409090909091,0.04153393776035286,0.9630681818181818,0.024748836069590788,0.5738636363636364,0.04190149473168341,0.9715909090909091,0.04214653271257045,0.9772727272727273,0.040553785836804704,0.9403409090909091,0.027689291840235237,0.6420454545454546,0.04104386179857878,0.9517045454545454,0.04177897574123989,0.96875,0.04177897574123989,0.96875,0.026709139916687087,0.6193181818181818,0.04165645675079637,0.9659090909090909,0.040798823817691746,0.9460227272727273,0.04153393776035286,0.9630681818181818,0.024748836069590788,0.5738636363636364,0.04190149473168341,0.9715909090909091,0.04214653271257045,0.9772727272727273,0.04104386179857878,0.9517045454545454
56,0.03730445246690734,0.8806818181818182,0.03959085439229844,0.9346590909090909,0.0421179302045728,0.9943181818181818,0.0421179302045728,0.9943181818181818,0.028399518652226233,0.6704545454545454,0.039951865222623346,0.9431818181818182,0.04127557160048135,0.9744318181818182,0.03598074608904934,0.8494318181818182,0.030685920577617327,0.7244318181818182,0.039711191335740074,0.9375,0.0381468110709988,0.9005681818181818,0.041997593261131165,0.9914772727272727,0.027918170878459686,0.6590909090909091,0.03898916967509025,0.9204545454545454,0.0421179302045728,0.9943181818181818,0.0421179302045728,0.9943181818181818,0.02779783393501805,0.65625,0.03694344163658243,0.8721590909090909,0.03910950661853189,0.9232954545454546,0.036341756919374246,0.8579545454545454,0.029723225030084236,0.7017045454545454,0.039229843561973524,0.9261363636363636,0.0368231046931408,0.8693181818181818,0.035258724428399515,0.8323863636363636,0.03730445246690734,0.8806818181818182,0.03935018050541516,0.9289772727272727,0.0421179302045728,0.9943181818181818,0.03369434416365824,0.7954545454545454,0.0296028880866426,0.6988636363636364,0.038868832731648616,0.9176136363636364,0.038868832731648616,0.9176136363636364,0.0368231046931408,0.8693181818181818,0.028038507821901322,0.6619318181818182,0.038628158844765344,0.9119318181818182,0.0345367027677497,0.8153409090909091,0.03104693140794224,0.7329545454545454,0.02779783393501805,0.65625,0.03898916967509025,0.9204545454545454,0.035499398315282794,0.8380681818181818,0.035499398315282794,0.8380681818181818,0.025511432009626956,0.6022727272727273,0.03694344163658243,0.8721590909090909,0.035258724428399515,0.8323863636363636,0.036341756919374246,0.8579545454545454,0.028038507821901322,0.6619318181818182,0.038868832731648616,0.9176136363636364,0.034657039711191336,0.8181818181818182,0.035018050541516244,0.8267045454545454,0.037184115523465705,0.8778409090909091,0.03910950661853189,0.9232954545454546,0.04235860409145608,1.0,0.04235860409145608,1.0,0.029963898916967508,0.7073863636363636,0.0407942238267148,0.9630681818181818,0.040312876052948254,0.9517045454545454,0.036702767749699154,0.8664772727272727,0.030204572803850784,0.7130681818181818,0.03959085439229844,0.9346590909090909,0.0368231046931408,0.8693181818181818,0.04115523465703971,0.9715909090909091,0.027918170878459686,0.6590909090909091,0.038868832731648616,0.9176136363636364,0.0421179302045728,0.9943181818181818,0.0421179302045728,0.9943181818181818,0.024428399518652225,0.5767045454545454,0.038868832731648616,0.9176136363636364,0.04007220216606498,0.9460227272727273,0.03658243080625752,0.8636363636363636,0.030084235860409144,0.7102272727272727,0.039470517448856796,0.9318181818181818,0.03513838748495788,0.8295454545454546,0.038868832731648616,0.9176136363636364,0.027677496991576414,0.6534090909090909,0.040553549939831526,0.9573863636363636,0.04115523465703971,0.9715909090909091,0.04115523465703971,0.9715909090909091,0.023706377858002406,0.5596590909090909,0.04103489771359808,0.96875,0.04019253910950662,0.9488636363636364,0.04091456077015644,0.9659090909090909,0.024789410348977137,0.5852272727272727,0.04115523465703971,0.9715909090909091,0.041395908543922985,0.9772727272727273,0.039951865222623346,0.9431818181818182,0.027557160048134778,0.6505681818181818,0.04043321299638989,0.9545454545454546,0.04115523465703971,0.9715909090909091,0.04115523465703971,0.9715909090909091,0.026714801444043323,0.6306818181818182,0.04091456077015644,0.9659090909090909,0.04019253910950662,0.9488636363636364,0.0407942238267148,0.9630681818181818,0.024909747292418773,0.5880681818181818,0.04115523465703971,0.9715909090909091,0.041395908543922985,0.9772727272727273,0.040553549939831526,0.9573863636363636
57,0.036651690707022934,0.8806818181818182,0.03937100969496335,0.9460227272727273,0.04138094112083235,0.9943181818181818,0.04138094112083235,0.9943181818181818,0.027902577441475528,0.6704545454545454,0.03984393473634429,0.9573863636363636,0.0405533222984157,0.9744318181818182,0.03582407188460629,0.8607954545454546,0.03085835895010641,0.7414772727272727,0.03913454717427288,0.9403409090909091,0.037952234570820524,0.9119318181818182,0.041262709860487114,0.9914772727272727,0.027902577441475528,0.6704545454545454,0.038425159612201464,0.9232954545454546,0.04138094112083235,0.9943181818181818,0.04138094112083235,0.9943181818181818,0.027666114920785054,0.6647727272727273,0.036415228186332464,0.875,0.038425159612201464,0.9232954545454546,0.03629699692598723,0.8721590909090909,0.029676046346654054,0.7130681818181818,0.03866162213289193,0.9289772727272727,0.036415228186332464,0.875,0.03511468432253488,0.84375,0.03676992196736817,0.8835227272727273,0.038779853393237175,0.9318181818181818,0.04138094112083235,0.9943181818181818,0.03310475289666588,0.7954545454545454,0.029912508867344527,0.71875,0.038188697091510994,0.9176136363636364,0.038425159612201464,0.9232954545454546,0.03629699692598723,0.8721590909090909,0.027902577441475528,0.6704545454545454,0.03807046583116576,0.9147727272727273,0.03428706550011823,0.8238636363636364,0.03133128399148735,0.7528409090909091,0.027666114920785054,0.6647727272727273,0.038425159612201464,0.9232954545454546,0.034996453062189646,0.8409090909090909,0.034996453062189646,0.8409090909090909,0.02506502719318988,0.6022727272727273,0.036415228186332464,0.875,0.034878221801844404,0.8380681818181818,0.03582407188460629,0.8607954545454546,0.02778434618113029,0.6676136363636364,0.03830692835185623,0.9204545454545454,0.03428706550011823,0.8238636363636364,0.0345235280208087,0.8295454545454546,0.036651690707022934,0.8806818181818182,0.03866162213289193,0.9289772727272727,0.04161740364152282,1.0,0.04161740364152282,1.0,0.029794277606999292,0.7159090909090909,0.04008039725703476,0.9630681818181818,0.03960747221565382,0.9517045454545454,0.03629699692598723,0.8721590909090909,0.0305036651690707,0.7329545454545454,0.039016315913927645,0.9375,0.036178765665641995,0.8693181818181818,0.0405533222984157,0.9744318181818182,0.027902577441475528,0.6704545454545454,0.038425159612201464,0.9232954545454546,0.04138094112083235,0.9943181818181818,0.04138094112083235,0.9943181818181818,0.024237408370773234,0.5823863636363636,0.03866162213289193,0.9289772727272727,0.039489240955308584,0.9488636363636364,0.036178765665641995,0.8693181818181818,0.029676046346654054,0.7130681818181818,0.038779853393237175,0.9318181818181818,0.03475999054149917,0.8352272727272727,0.03830692835185623,0.9204545454545454,0.02731142113974935,0.65625,0.03984393473634429,0.9573863636363636,0.04043509103807046,0.9715909090909091,0.04043509103807046,0.9715909090909091,0.024119177110428,0.5795454545454546,0.04031685977772523,0.96875,0.03960747221565382,0.9517045454545454,0.04019862851737999,0.9659090909090909,0.024828564672499408,0.5965909090909091,0.0405533222984157,0.9744318181818182,0.04090801607945141,0.9829545454545454,0.03937100969496335,0.9460227272727273,0.02731142113974935,0.65625,0.03996216599668952,0.9602272727272727,0.04043509103807046,0.9715909090909091,0.04043509103807046,0.9715909090909091,0.026602033577677937,0.6392045454545454,0.04019862851737999,0.9659090909090909,0.039725703475999054,0.9545454545454546,0.04019862851737999,0.9659090909090909,0.024828564672499408,0.5965909090909091,0.0405533222984157,0.9744318181818182,0.040789784819106174,0.9801136363636364,0.03996216599668952,0.9602272727272727
58,0.03613337980713373,0.8835227272727273,0.03892180783083537,0.9517045454545454,0.04066457534564889,0.9943181818181818,0.04066457534564889,0.9943181818181818,0.02741954223306611,0.6704545454545454,0.03927036133379807,0.9602272727272727,0.039851283838735915,0.9744318181818182,0.03532008830022075,0.8636363636363636,0.03067270826071802,0.75,0.03857325432787266,0.9431818181818182,0.037527593818984545,0.9176136363636364,0.04066457534564889,0.9943181818181818,0.027768095736028814,0.6789772727272727,0.03787614732194725,0.9261363636363636,0.04066457534564889,0.9943181818181818,0.04066457534564889,0.9943181818181818,0.02730335773207854,0.6676136363636364,0.03601719530614616,0.8806818181818182,0.03787614732194725,0.9261363636363636,0.03613337980713373,0.8835227272727273,0.029510863250842338,0.7215909090909091,0.03834088532589752,0.9375,0.0362495643081213,0.8863636363636364,0.03485535029627048,0.8522727272727273,0.03636574880910887,0.8892045454545454,0.03822470082490996,0.9346590909090909,0.04066457534564889,0.9943181818181818,0.03253166027651911,0.7954545454545454,0.029627047751829907,0.7244318181818182,0.037643778319972114,0.9204545454545454,0.03799233182293482,0.9289772727272727,0.036481933310096436,0.8920454545454546,0.027651911235041245,0.6761363636363636,0.037527593818984545,0.9176136363636364,0.034158243290345065,0.8352272727272727,0.031137446264668293,0.7613636363636364,0.027651911235041245,0.6761363636363636,0.03799233182293482,0.9289772727272727,0.03473916579528291,0.8494318181818182,0.03473916579528291,0.8494318181818182,0.024979667712327177,0.6107954545454546,0.03613337980713373,0.8835227272727273,0.034390612292320204,0.8409090909090909,0.03555245730219589,0.8693181818181818,0.027884280237016383,0.6818181818181818,0.03775996282095968,0.9232954545454546,0.033925874288369934,0.8295454545454546,0.0340420587893575,0.8323863636363636,0.03613337980713373,0.8835227272727273,0.03810851632392239,0.9318181818181818,0.040896944347624024,1.0,0.040896944347624024,1.0,0.02997560125479261,0.7329545454545454,0.03938654583478564,0.9630681818181818,0.0391541768328105,0.9573863636363636,0.03590101080515859,0.8778409090909091,0.030324154757755316,0.7414772727272727,0.03834088532589752,0.9375,0.03601719530614616,0.8806818181818182,0.039851283838735915,0.9744318181818182,0.028116649238991518,0.6875,0.03787614732194725,0.9261363636363636,0.04078075984663646,0.9971590909090909,0.04078075984663646,0.9971590909090909,0.024282560706401765,0.59375,0.03799233182293482,0.9289772727272727,0.0388056233298478,0.9488636363636364,0.03566864180318346,0.8721590909090909,0.030091785755780177,0.7357954545454546,0.03810851632392239,0.9318181818181818,0.034274427791332635,0.8380681818181818,0.03775996282095968,0.9232954545454546,0.027070988730103406,0.6619318181818182,0.03927036133379807,0.9602272727272727,0.03996746833972348,0.9772727272727273,0.03996746833972348,0.9772727272727273,0.02405019170442663,0.5880681818181818,0.039735099337748346,0.9715909090909091,0.03903799233182294,0.9545454545454546,0.03961891483676078,0.96875,0.02463111420936447,0.6022727272727273,0.04008365284071105,0.9801136363636364,0.040432206343673754,0.9886363636363636,0.03868943882886023,0.9460227272727273,0.026954804229115836,0.6590909090909091,0.03927036133379807,0.9602272727272727,0.03996746833972348,0.9772727272727273,0.03996746833972348,0.9772727272727273,0.026373881724177994,0.6448863636363636,0.03950273033577321,0.9659090909090909,0.03903799233182294,0.9545454545454546,0.03950273033577321,0.9659090909090909,0.02463111420936447,0.6022727272727273,0.03996746833972348,0.9772727272727273,0.040432206343673754,0.9886363636363636,0.03927036133379807,0.9602272727272727
59,0.03586521987435751,0.8920454545454546,0.038492290119931466,0.9573863636363636,0.03997715591090805,0.9943181818181818,0.03997715591090805,0.9943181818181818,0.027184466019417475,0.6761363636363636,0.0386065105653912,0.9602272727272727,0.03917761279268989,0.9744318181818182,0.03495145631067961,0.8693181818181818,0.03038263849229012,0.7556818181818182,0.03803540833809252,0.9460227272727273,0.03712164477441462,0.9232954545454546,0.04009137635636779,0.9971590909090909,0.027641347801256426,0.6875,0.037464306110793835,0.9318181818181818,0.03997715591090805,0.9943181818181818,0.03997715591090805,0.9943181818181818,0.02741290691033695,0.6818181818181818,0.03563677898343803,0.8863636363636364,0.03735008566533409,0.9289772727272727,0.03586521987435751,0.8920454545454546,0.02946887492861222,0.7329545454545454,0.038149628783552256,0.9488636363636364,0.03632210165619646,0.9034090909090909,0.03438035408338092,0.8551136363636364,0.03609366076527699,0.8977272727272727,0.03769274700171331,0.9375,0.03997715591090805,0.9943181818181818,0.03198172472872644,0.7954545454545454,0.02992575671045117,0.7443181818181818,0.03700742432895488,0.9204545454545454,0.03757852655625357,0.9346590909090909,0.036207881210736724,0.9005681818181818,0.027755568246716163,0.6903409090909091,0.03700742432895488,0.9204545454545454,0.03380925185608224,0.8409090909090909,0.030611079383209595,0.7613636363636364,0.02752712735579669,0.6846590909090909,0.03735008566533409,0.9289772727272727,0.034266133637921185,0.8522727272727273,0.034266133637921185,0.8522727272727273,0.024671616219303256,0.6136363636363636,0.03597944031981725,0.8948863636363636,0.03380925185608224,0.8409090909090909,0.03529411764705882,0.8778409090909091,0.0278697886921759,0.6931818181818182,0.03735008566533409,0.9289772727272727,0.033580810965162765,0.8352272727272727,0.033580810965162765,0.8352272727272727,0.03586521987435751,0.8920454545454546,0.03757852655625357,0.9346590909090909,0.040205596801827524,1.0,0.040205596801827524,1.0,0.029697315819531698,0.7386363636363636,0.03872073101085094,0.9630681818181818,0.03872073101085094,0.9630681818181818,0.03529411764705882,0.8778409090909091,0.03026841804683038,0.7528409090909091,0.03792118789263278,0.9431818181818182,0.03609366076527699,0.8977272727272727,0.03929183323814963,0.9772727272727273,0.027984009137635636,0.6960227272727273,0.037235865219874355,0.9261363636363636,0.04009137635636779,0.9971590909090909,0.04009137635636779,0.9971590909090909,0.02410051399200457,0.5994318181818182,0.037806967447173045,0.9403409090909091,0.03837806967447173,0.9545454545454546,0.03563677898343803,0.8863636363636364,0.029811536264991435,0.7414772727272727,0.037806967447173045,0.9403409090909091,0.034266133637921185,0.8522727272727273,0.037235865219874355,0.9261363636363636,0.027298686464877212,0.6789772727272727,0.038834951456310676,0.9659090909090909,0.03929183323814963,0.9772727272727273,0.03929183323814963,0.9772727272727273,0.02410051399200457,0.5994318181818182,0.03917761279268989,0.9744318181818182,0.0386065105653912,0.9602272727272727,0.03894917190177042,0.96875,0.024557395773843516,0.6107954545454546,0.03940605368360937,0.9801136363636364,0.039862935465448314,0.9914772727272727,0.03803540833809252,0.9460227272727273,0.026841804683038265,0.6676136363636364,0.03872073101085094,0.9630681818181818,0.03929183323814963,0.9772727272727273,0.03929183323814963,0.9772727272727273,0.02649914334665905,0.6590909090909091,0.03894917190177042,0.96875,0.038492290119931466,0.9573863636363636,0.038834951456310676,0.9659090909090909,0.02490005711022273,0.6193181818181818,0.03940605368360937,0.9801136363636364,0.039862935465448314,0.9914772727272727,0.03872073101085094,0.9630681818181818
60,0.035489667565139264,0.8977272727272727,0.037848158131177,0.9573863636363636,0.03930817610062893,0.9943181818181818,0.03930817610062893,0.9943181818181818,0.026954177897574125,0.6818181818181818,0.03796046720575023,0.9602272727272727,0.03863432165318958,0.9772727272727273,0.03481581311769991,0.8806818181818182,0.02998652291105121,0.7585227272727273,0.03773584905660377,0.9545454545454546,0.03661275831087152,0.9261363636363636,0.039420485175202157,0.9971590909090909,0.027852650494159928,0.7045454545454546,0.0373989218328841,0.9460227272727273,0.03930817610062893,0.9943181818181818,0.03930817610062893,0.9943181818181818,0.027515723270440252,0.6960227272727273,0.03571428571428571,0.9034090909090909,0.036837376460017966,0.9318181818181818,0.03560197663971249,0.9005681818181818,0.02931266846361186,0.7414772727272727,0.03773584905660377,0.9545454545454546,0.03593890386343217,0.9090909090909091,0.03380503144654088,0.8551136363636364,0.03582659478885894,0.90625,0.03706199460916442,0.9375,0.03930817610062893,0.9943181818181818,0.031446540880503145,0.7954545454545454,0.029649595687331536,0.75,0.03638814016172507,0.9204545454545454,0.03773584905660377,0.9545454545454546,0.03571428571428571,0.9034090909090909,0.027628032345013476,0.6988636363636364,0.03650044923629829,0.9232954545454546,0.03380503144654088,0.8551136363636364,0.03009883198562444,0.7613636363636364,0.027403414195867025,0.6931818181818182,0.036837376460017966,0.9318181818181818,0.03369272237196765,0.8522727272727273,0.03369272237196765,0.8522727272727273,0.02425876010781671,0.6136363636363636,0.03605121293800539,0.9119318181818182,0.033468104222821204,0.8465909090909091,0.03481581311769991,0.8806818181818182,0.027964959568733155,0.7073863636363636,0.036725067385444746,0.9289772727272727,0.03313117699910153,0.8380681818181818,0.0330188679245283,0.8352272727272727,0.035489667565139264,0.8977272727272727,0.03717430368373765,0.9403409090909091,0.039532794249775384,1.0,0.039532794249775384,1.0,0.029649595687331536,0.75,0.03807277628032345,0.9630681818181818,0.03807277628032345,0.9630681818181818,0.03504043126684636,0.8863636363636364,0.02998652291105121,0.7585227272727273,0.037511230907457324,0.9488636363636364,0.03582659478885894,0.90625,0.038746630727762806,0.9801136363636364,0.028189577717879603,0.7130681818181818,0.036725067385444746,0.9289772727272727,0.039532794249775384,1.0,0.039532794249775384,1.0,0.023921832884097036,0.6051136363636364,0.0373989218328841,0.9460227272727273,0.03773584905660377,0.9545454545454546,0.03515274034141959,0.8892045454545454,0.029537286612758312,0.7471590909090909,0.03728661275831087,0.9431818181818182,0.03391734052111411,0.8579545454545454,0.036725067385444746,0.9289772727272727,0.02706648697214735,0.6846590909090909,0.0382973944294699,0.96875,0.038746630727762806,0.9801136363636364,0.038746630727762806,0.9801136363636364,0.02403414195867026,0.6079545454545454,0.038746630727762806,0.9801136363636364,0.03796046720575023,0.9602272727272727,0.0382973944294699,0.96875,0.024707996406109614,0.625,0.038746630727762806,0.9801136363636364,0.03930817610062893,0.9943181818181818,0.037511230907457324,0.9488636363636364,0.026617250673854446,0.6732954545454546,0.038185085354896675,0.9659090909090909,0.038746630727762806,0.9801136363636364,0.038746630727762806,0.9801136363636364,0.02605570530098832,0.6590909090909091,0.03840970350404313,0.9715909090909091,0.03807277628032345,0.9630681818181818,0.038185085354896675,0.9659090909090909,0.02504492362982929,0.6335227272727273,0.038746630727762806,0.9801136363636364,0.03930817610062893,0.9943181818181818,0.03807277628032345,0.9630681818181818
61,0.03524083075563411,0.90625,0.03722934158197083,0.9573863636363636,0.03866548828988069,0.9943181818181818,0.03866548828988069,0.9943181818181818,0.027065841802916484,0.6960227272727273,0.03745028722934158,0.9630681818181818,0.03800265134776845,0.9772727272727273,0.03435704816615113,0.8835227272727273,0.029717189571365443,0.7642045454545454,0.03711886875828546,0.9545454545454546,0.03623508616880247,0.9318181818181818,0.038775961113566064,0.9971590909090909,0.02794962439239947,0.71875,0.03700839593460009,0.9517045454545454,0.03866548828988069,0.9943181818181818,0.03866548828988069,0.9943181818181818,0.0273972602739726,0.7045454545454546,0.03513035793194874,0.9034090909090909,0.03623508616880247,0.9318181818181818,0.03513035793194874,0.9034090909090909,0.02927529827662395,0.7528409090909091,0.03722934158197083,0.9573863636363636,0.03535130357931949,0.9090909090909091,0.03336279275298277,0.8579545454545454,0.03535130357931949,0.9090909090909091,0.036787450287229344,0.9460227272727273,0.03866548828988069,0.9943181818181818,0.03093239063190455,0.7954545454545454,0.029164825452938577,0.75,0.035903667697746354,0.9232954545454546,0.037560760053026956,0.9659090909090909,0.035572249226690236,0.9147727272727273,0.027728678745028722,0.7130681818181818,0.03623508616880247,0.9318181818181818,0.03336279275298277,0.8579545454545454,0.029606716747680072,0.7613636363636364,0.02761820592134335,0.7102272727272727,0.03645603181617322,0.9375,0.03336279275298277,0.8579545454545454,0.03336279275298277,0.8579545454545454,0.0240830755634114,0.6193181818181818,0.035572249226690236,0.9147727272727273,0.03314184710561202,0.8522727272727273,0.0344675209898365,0.8863636363636364,0.02761820592134335,0.7102272727272727,0.03623508616880247,0.9318181818181818,0.03314184710561202,0.8522727272727273,0.033031374281926644,0.8494318181818182,0.03513035793194874,0.9034090909090909,0.03667697746354397,0.9431818181818182,0.038886433937251434,1.0,0.038886433937251434,1.0,0.029385771100309325,0.7556818181818182,0.037781705700397704,0.9715909090909091,0.037560760053026956,0.9659090909090909,0.0344675209898365,0.8863636363636364,0.029606716747680072,0.7613636363636364,0.03711886875828546,0.9545454545454546,0.03535130357931949,0.9090909090909091,0.0382235969951392,0.9829545454545454,0.02828104286345559,0.7272727272727273,0.03623508616880247,0.9318181818181818,0.038886433937251434,1.0,0.038886433937251434,1.0,0.023862129916040652,0.6136363636363636,0.036897923110914714,0.9488636363636364,0.03733981440565621,0.9602272727272727,0.034688466637207246,0.8920454545454546,0.029606716747680072,0.7613636363636364,0.036897923110914714,0.9488636363636364,0.033694211224038886,0.8664772727272727,0.03634555899248785,0.9346590909090909,0.02695536897923111,0.6931818181818182,0.037892178524083074,0.9744318181818182,0.0382235969951392,0.9829545454545454,0.0382235969951392,0.9829545454545454,0.023862129916040652,0.6136363636363636,0.0382235969951392,0.9829545454545454,0.037560760053026956,0.9659090909090909,0.03767123287671233,0.96875,0.024745912505523642,0.6363636363636364,0.03811312417145382,0.9801136363636364,0.038775961113566064,0.9971590909090909,0.03700839593460009,0.9517045454545454,0.02695536897923111,0.6931818181818182,0.037781705700397704,0.9715909090909091,0.0382235969951392,0.9829545454545454,0.0382235969951392,0.9829545454545454,0.026071586389748123,0.6704545454545454,0.037892178524083074,0.9744318181818182,0.037560760053026956,0.9659090909090909,0.037560760053026956,0.9659090909090909,0.025298276623950507,0.6505681818181818,0.03811312417145382,0.9801136363636364,0.038775961113566064,0.9971590909090909,0.03745028722934158,0.9630681818181818
62,0.034782608695652174,0.9090909090909091,0.03695652173913044,0.9659090909090909,0.03804347826086957,0.9943181818181818,0.03804347826086957,0.9943181818181818,0.02684782608695652,0.7017045454545454,0.03695652173913044,0.9659090909090909,0.03739130434782609,0.9772727272727273,0.034130434782608694,0.8920454545454546,0.029239130434782608,0.7642045454545454,0.03673913043478261,0.9602272727272727,0.035869565217391305,0.9375,0.03815217391304348,0.9971590909090909,0.02782608695652174,0.7272727272727273,0.036521739130434785,0.9545454545454546,0.03804347826086957,0.9943181818181818,0.03804347826086957,0.9943181818181818,0.027391304347826086,0.7159090909090909,0.034782608695652174,0.9090909090909091,0.035652173913043476,0.9318181818181818,0.035108695652173914,0.9176136363636364,0.029456521739130433,0.7698863636363636,0.03673913043478261,0.9602272727272727,0.035,0.9147727272727273,0.03293478260869565,0.8607954545454546,0.034891304347826085,0.9119318181818182,0.036521739130434785,0.9545454545454546,0.03804347826086957,0.9943181818181818,0.030434782608695653,0.7954545454545454,0.029021739130434782,0.7585227272727273,0.035652173913043476,0.9318181818181818,0.03728260869565218,0.9744318181818182,0.035,0.9147727272727273,0.0275,0.71875,0.035652173913043476,0.9318181818181818,0.03282608695652174,0.8579545454545454,0.029130434782608697,0.7613636363636364,0.02782608695652174,0.7272727272727273,0.035869565217391305,0.9375,0.03282608695652174,0.8579545454545454,0.03282608695652174,0.8579545454545454,0.02391304347826087,0.625,0.035,0.9147727272727273,0.03304347826086956,0.8636363636363636,0.03391304347826087,0.8863636363636364,0.027391304347826086,0.7159090909090909,0.035760869565217394,0.9346590909090909,0.03271739130434782,0.8551136363636364,0.03293478260869565,0.8607954545454546,0.03467391304347826,0.90625,0.036195652173913045,0.9460227272727273,0.03826086956521739,1.0,0.03826086956521739,1.0,0.029130434782608697,0.7613636363636364,0.03717391304347826,0.9715909090909091,0.03706521739130435,0.96875,0.03402173913043478,0.8892045454545454,0.029347826086956522,0.7670454545454546,0.036521739130434785,0.9545454545454546,0.035217391304347825,0.9204545454545454,0.03771739130434783,0.9857954545454546,0.028152173913043477,0.7357954545454546,0.035760869565217394,0.9346590909090909,0.03826086956521739,1.0,0.03826086956521739,1.0,0.02358695652173913,0.6164772727272727,0.036521739130434785,0.9545454545454546,0.03695652173913044,0.9659090909090909,0.034565217391304345,0.9034090909090909,0.029673913043478262,0.7755681818181818,0.036521739130434785,0.9545454545454546,0.0333695652173913,0.8721590909090909,0.035869565217391305,0.9375,0.026956521739130435,0.7045454545454546,0.03739130434782609,0.9772727272727273,0.03760869565217391,0.9829545454545454,0.03760869565217391,0.9829545454545454,0.024130434782608696,0.6306818181818182,0.03760869565217391,0.9829545454545454,0.03695652173913044,0.9659090909090909,0.03706521739130435,0.96875,0.024891304347826087,0.6505681818181818,0.0375,0.9801136363636364,0.03815217391304348,0.9971590909090909,0.03673913043478261,0.9602272727272727,0.02706521739130435,0.7073863636363636,0.03728260869565218,0.9744318181818182,0.03760869565217391,0.9829545454545454,0.03760869565217391,0.9829545454545454,0.025760869565217392,0.6732954545454546,0.03739130434782609,0.9772727272727273,0.03695652173913044,0.9659090909090909,0.03695652173913044,0.9659090909090909,0.024891304347826087,0.6505681818181818,0.0375,0.9801136363636364,0.03815217391304348,0.9971590909090909,0.03684782608695652,0.9630681818181818
63,0.034228259706920526,0.9090909090909091,0.03647448925018719,0.96875,0.03743715905444433,0.9943181818181818,0.03743715905444433,0.9943181818181818,0.026954754519199913,0.7159090909090909,0.03636752593860306,0.9659090909090909,0.03679537918493957,0.9772727272727273,0.03369344314899989,0.8948863636363636,0.02898705743929832,0.7698863636363636,0.03636752593860306,0.9659090909090909,0.03540485613434592,0.9403409090909091,0.03754412236602845,0.9971590909090909,0.02813135094662531,0.7471590909090909,0.036153599315434805,0.9602272727272727,0.03743715905444433,0.9943181818181818,0.03743715905444433,0.9943181818181818,0.02706171783078404,0.71875,0.034549149641672904,0.9176136363636364,0.03540485613434592,0.9403409090909091,0.03487003957642529,0.9261363636363636,0.02994972724355546,0.7954545454545454,0.03636752593860306,0.9659090909090909,0.034977002888009416,0.9289772727272727,0.032623810033158625,0.8664772727272727,0.034335223018504654,0.9119318181818182,0.035939672692266555,0.9545454545454546,0.03743715905444433,0.9943181818181818,0.02994972724355546,0.7954545454545454,0.028880094127714195,0.7670454545454546,0.035190929511177665,0.9346590909090909,0.037009305808107816,0.9829545454545454,0.03444218633008878,0.9147727272727273,0.027275644453952294,0.7244318181818182,0.03540485613434592,0.9403409090909091,0.03283773665632688,0.8721590909090909,0.028773130816130067,0.7642045454545454,0.027917424323457053,0.7414772727272727,0.03540485613434592,0.9403409090909091,0.032409883409990375,0.8607954545454546,0.032409883409990375,0.8607954545454546,0.024066745106428495,0.6392045454545454,0.03444218633008878,0.9147727272727273,0.032623810033158625,0.8664772727272727,0.03369344314899989,0.8948863636363636,0.02706171783078404,0.71875,0.035297892822761794,0.9375,0.0325168467215745,0.8636363636363636,0.03273077334474275,0.8693181818181818,0.0341212963953364,0.90625,0.03583270938068243,0.9517045454545454,0.03765108567761258,1.0,0.03765108567761258,1.0,0.02866616750454594,0.7613636363636364,0.03668841587335544,0.9744318181818182,0.03658145256177131,0.9715909090909091,0.033586479837415764,0.8920454545454546,0.0293079473740507,0.7784090909090909,0.035939672692266555,0.9545454545454546,0.03487003957642529,0.9261363636363636,0.03722323243127607,0.9886363636363636,0.02834527756979356,0.7528409090909091,0.03540485613434592,0.9403409090909091,0.03765108567761258,1.0,0.03765108567761258,1.0,0.023745855171676114,0.6306818181818182,0.035939672692266555,0.9545454545454546,0.03647448925018719,0.96875,0.03444218633008878,0.9147727272727273,0.029414910685634826,0.78125,0.035939672692266555,0.9545454545454546,0.03294469996791101,0.875,0.03540485613434592,0.9403409090909091,0.02684779120761579,0.7130681818181818,0.03679537918493957,0.9772727272727273,0.0373301957428602,0.9914772727272727,0.0373301957428602,0.9914772727272727,0.023745855171676114,0.6306818181818182,0.037116269119691944,0.9857954545454546,0.03647448925018719,0.96875,0.03647448925018719,0.96875,0.024708524975933253,0.65625,0.037009305808107816,0.9829545454545454,0.03754412236602845,0.9971590909090909,0.036153599315434805,0.9602272727272727,0.02684779120761579,0.7130681818181818,0.03679537918493957,0.9772727272727273,0.0373301957428602,0.9914772727272727,0.0373301957428602,0.9914772727272727,0.025671194780190396,0.6818181818181818,0.03679537918493957,0.9772727272727273,0.03636752593860306,0.9659090909090909,0.03636752593860306,0.9659090909090909,0.02481548828751738,0.6590909090909091,0.037009305808107816,0.9829545454545454,0.03754412236602845,0.9971590909090909,0.03626056262701893,0.9630681818181818
64,0.03380014741497315,0.9119318181818182,0.03601137201221438,0.9715909090909091,0.0368537432873539,0.9943181818181818,0.0368537432873539,0.9943181818181818,0.027377066442034328,0.7386363636363636,0.03601137201221438,0.9715909090909091,0.036221964830999265,0.9772727272727273,0.03337896177740339,0.9005681818181818,0.028745919764136044,0.7755681818181818,0.03601137201221438,0.9715909090909091,0.03495840791828999,0.9431818181818182,0.03695903969674634,0.9971590909090909,0.028114141307781403,0.7585227272727273,0.035590186374644624,0.9602272727272727,0.0368537432873539,0.9943181818181818,0.0368537432873539,0.9943181818181818,0.02663999157628725,0.71875,0.03443192587132779,0.9289772727272727,0.03485311150889755,0.9403409090909091,0.03432662946193535,0.9261363636363636,0.02958829103927556,0.7982954545454546,0.035800779193429506,0.9659090909090909,0.03474781509950511,0.9375,0.032115404864694115,0.8664772727272727,0.03390544382436559,0.9147727272727273,0.03548488996525218,0.9573863636363636,0.0368537432873539,0.9943181818181818,0.02948299462988312,0.7954545454545454,0.028851216173528482,0.7784090909090909,0.034642518690112666,0.9346590909090909,0.03653785405917658,0.9857954545454546,0.03401074023375803,0.9176136363636364,0.026850584395072128,0.7244318181818182,0.03495840791828999,0.9431818181818182,0.032536590502263874,0.8778409090909091,0.029167105401705803,0.7869318181818182,0.028008844898388965,0.7556818181818182,0.035169000737074865,0.9488636363636364,0.032220701274086556,0.8693181818181818,0.032220701274086556,0.8693181818181818,0.023691692113298937,0.6392045454545454,0.034116036643150466,0.9204545454545454,0.032220701274086556,0.8693181818181818,0.03327366536801095,0.8977272727272727,0.026745287985679687,0.7215909090909091,0.03485311150889755,0.9403409090909091,0.03232599768347899,0.8721590909090909,0.03232599768347899,0.8721590909090909,0.03358955459618827,0.90625,0.03548488996525218,0.9573863636363636,0.03706433610613878,1.0,0.03706433610613878,1.0,0.028640623354743603,0.7727272727272727,0.03611666842160682,0.9744318181818182,0.03611666842160682,0.9744318181818182,0.03327366536801095,0.8977272727272727,0.028956512582920924,0.78125,0.03548488996525218,0.9573863636363636,0.03432662946193535,0.9261363636363636,0.036748446877961465,0.9914772727272727,0.028219437717173845,0.7613636363636364,0.03485311150889755,0.9403409090909091,0.03706433610613878,1.0,0.03706433610613878,1.0,0.023796988522691378,0.6420454545454546,0.03537959355585975,0.9545454545454546,0.03590607560282194,0.96875,0.034116036643150466,0.9204545454545454,0.02906180899231336,0.7840909090909091,0.03537959355585975,0.9545454545454546,0.032641886911656315,0.8806818181818182,0.03485311150889755,0.9403409090909091,0.026745287985679687,0.7215909090909091,0.036221964830999265,0.9772727272727273,0.0368537432873539,0.9943181818181818,0.0368537432873539,0.9943181818181818,0.023586395703906495,0.6363636363636364,0.03664315046856902,0.9886363636363636,0.03590607560282194,0.96875,0.03590607560282194,0.96875,0.024744656207223333,0.6676136363636364,0.03653785405917658,0.9857954545454546,0.03695903969674634,0.9971590909090909,0.03590607560282194,0.96875,0.02663999157628725,0.71875,0.0363272612403917,0.9801136363636364,0.0368537432873539,0.9943181818181818,0.0368537432873539,0.9943181818181818,0.025797620301147732,0.6960227272727273,0.036221964830999265,0.9772727272727273,0.03601137201221438,0.9715909090909091,0.03590607560282194,0.96875,0.024849952616615774,0.6704545454545454,0.03653785405917658,0.9857954545454546,0.03695903969674634,0.9971590909090909,0.035695482784037065,0.9630681818181818
65,0.033381712626995644,0.9147727272727273,0.03555878084179971,0.9744318181818182,0.036284470246734396,0.9943181818181818,0.036284470246734396,0.9943181818181818,0.02778353721749948,0.7613636363636364,0.03545511092680904,0.9715909090909091,0.03566245075679038,0.9772727272727273,0.03317437279701431,0.9090909090909091,0.028820236367406177,0.7897727272727273,0.03545511092680904,0.9715909090909091,0.034625751606883685,0.9488636363636364,0.03638814016172507,0.9971590909090909,0.02809454696247149,0.7698863636363636,0.03535144101181837,0.96875,0.036284470246734396,0.9943181818181818,0.036284470246734396,0.9943181818181818,0.026539498237611446,0.7272727272727273,0.03431474186191167,0.9403409090909091,0.03431474186191167,0.9403409090909091,0.03379639228695833,0.9261363636363636,0.029545925772340866,0.8096590909090909,0.03535144101181837,0.96875,0.03431474186191167,0.9403409090909091,0.03203400373211694,0.8778409090909091,0.033381712626995644,0.9147727272727273,0.034936761351855694,0.9573863636363636,0.036284470246734396,0.9943181818181818,0.02902757619738752,0.7954545454545454,0.02861289653742484,0.7840909090909091,0.034107402031930335,0.9346590909090909,0.03597346050176239,0.9857954545454546,0.03369272237196765,0.9232954545454546,0.026850507982583455,0.7357954545454546,0.034418411776902344,0.9431818181818182,0.03213767364710761,0.8806818181818182,0.028923906282396848,0.7926136363636364,0.02788720713249015,0.7642045454545454,0.03483309143686502,0.9545454545454546,0.03172299398714493,0.8693181818181818,0.03172299398714493,0.8693181818181818,0.023740410532863365,0.6505681818181818,0.034107402031930335,0.9346590909090909,0.03265602322206096,0.8948863636363636,0.0328633630520423,0.9005681818181818,0.026332158407630105,0.7215909090909091,0.03452208169189301,0.9460227272727273,0.03244868339207962,0.8892045454545454,0.0318266639021356,0.8721590909090909,0.03317437279701431,0.9090909090909091,0.034936761351855694,0.9573863636363636,0.03649181007671574,1.0,0.03649181007671574,1.0,0.02871656645241551,0.7869318181818182,0.03566245075679038,0.9772727272727273,0.03555878084179971,0.9744318181818182,0.033381712626995644,0.9147727272727273,0.028820236367406177,0.7897727272727273,0.03504043126684636,0.9602272727272727,0.034107402031930335,0.9346590909090909,0.036284470246734396,0.9943181818181818,0.02809454696247149,0.7698863636363636,0.03452208169189301,0.9460227272727273,0.03649181007671574,1.0,0.03649181007671574,1.0,0.023844080447854032,0.6534090909090909,0.03483309143686502,0.9545454545454546,0.03566245075679038,0.9772727272727273,0.03379639228695833,0.9261363636363636,0.028820236367406177,0.7897727272727273,0.03514410118183703,0.9630681818181818,0.03234501347708895,0.8863636363636364,0.034418411776902344,0.9431818181818182,0.026746838067592784,0.7329545454545454,0.035766120671781046,0.9801136363636364,0.036284470246734396,0.9943181818181818,0.036284470246734396,0.9943181818181818,0.023429400787891352,0.6420454545454546,0.03607713041675306,0.9886363636363636,0.03566245075679038,0.9772727272727273,0.03535144101181837,0.96875,0.02456976985278872,0.6732954545454546,0.03597346050176239,0.9857954545454546,0.03638814016172507,0.9971590909090909,0.03535144101181837,0.96875,0.026539498237611446,0.7272727272727273,0.035766120671781046,0.9801136363636364,0.036284470246734396,0.9943181818181818,0.036284470246734396,0.9943181818181818,0.025813808832676758,0.7073863636363636,0.03586979058677172,0.9829545454545454,0.03566245075679038,0.9772727272727273,0.03545511092680904,0.9715909090909091,0.02477710968277006,0.6789772727272727,0.03597346050176239,0.9857954545454546,0.03638814016172507,0.9971590909090909,0.0352477710968277,0.9659090909090909
66,0.03297937512762916,0.9176136363636364,0.0351235450275679,0.9772727272727273,0.03573616499897897,0.9943181818181818,0.03573616499897897,0.9943181818181818,0.02756789871349806,0.7670454545454546,0.034919338370430875,0.9715909090909091,0.0351235450275679,0.9772727272727273,0.03277516847049214,0.9119318181818182,0.028486828670614663,0.7926136363636364,0.035021441698999387,0.9744318181818182,0.034102511741882786,0.9488636363636364,0.03594037165611599,1.0,0.027874208699203595,0.7755681818181818,0.034919338370430875,0.9715909090909091,0.03573616499897897,0.9943181818181818,0.03573616499897897,0.9943181818181818,0.02664896875638146,0.7414772727272727,0.034000408413314274,0.9460227272727273,0.03389830508474576,0.9431818181818182,0.0332856851133347,0.9261363636363636,0.029405758627731263,0.8181818181818182,0.035021441698999387,0.9744318181818182,0.03389830508474576,0.9431818181818182,0.03175413518480703,0.8835227272727273,0.03297937512762916,0.9176136363636364,0.03440882172758832,0.9573863636363636,0.03573616499897897,0.9943181818181818,0.02858893199918317,0.7954545454545454,0.02828262201347764,0.7869318181818182,0.03379620175617725,0.9403409090909091,0.035429855013273434,0.9857954545454546,0.033183581784766186,0.9232954545454546,0.026751072084949968,0.7443181818181818,0.03389830508474576,0.9431818181818182,0.03195834184194405,0.8892045454545454,0.028895241984888707,0.8039772727272727,0.027874208699203595,0.7755681818181818,0.03440882172758832,0.9573863636363636,0.03134572187053298,0.8721590909090909,0.03134572187053298,0.8721590909090909,0.023892178885031652,0.6647727272727273,0.03369409842760874,0.9375,0.03226465182764958,0.8977272727272727,0.03236675515621809,0.9005681818181818,0.02603634878497039,0.7244318181818182,0.0342046150704513,0.9517045454545454,0.0324688584847866,0.9034090909090909,0.03154992852767,0.8778409090909091,0.03267306514192363,0.9090909090909091,0.03440882172758832,0.9573863636363636,0.03594037165611599,1.0,0.03594037165611599,1.0,0.02858893199918317,0.7954545454545454,0.03522564835613641,0.9801136363636364,0.035021441698999387,0.9744318181818182,0.033081478456197674,0.9204545454545454,0.028691035327751684,0.7982954545454546,0.03461302838472534,0.9630681818181818,0.03369409842760874,0.9375,0.03573616499897897,0.9943181818181818,0.027772105370635083,0.7727272727272727,0.034102511741882786,0.9488636363636364,0.03594037165611599,1.0,0.03594037165611599,1.0,0.02379007555646314,0.6619318181818182,0.034510925056156834,0.9602272727272727,0.0351235450275679,0.9772727272727273,0.033489891770471715,0.9318181818181818,0.028486828670614663,0.7926136363636364,0.03461302838472534,0.9630681818181818,0.03236675515621809,0.9005681818181818,0.034000408413314274,0.9460227272727273,0.026546865427812948,0.7386363636363636,0.03532775168470492,0.9829545454545454,0.03573616499897897,0.9943181818181818,0.03573616499897897,0.9943181818181818,0.023483765570757608,0.6534090909090909,0.035531958341841946,0.9886363636363636,0.03532775168470492,0.9829545454545454,0.034919338370430875,0.9715909090909091,0.02450479885644272,0.6818181818181818,0.035429855013273434,0.9857954545454546,0.035838268327547475,0.9971590909090909,0.03481723504186236,0.96875,0.026546865427812948,0.7386363636363636,0.03522564835613641,0.9801136363636364,0.03573616499897897,0.9943181818181818,0.03573616499897897,0.9943181818181818,0.025730038799264856,0.7159090909090909,0.035429855013273434,0.9857954545454546,0.0351235450275679,0.9772727272727273,0.034919338370430875,0.9715909090909091,0.024606902185011232,0.6846590909090909,0.035429855013273434,0.9857954545454546,0.035838268327547475,0.9971590909090909,0.03481723504186236,0.96875
67,0.032488432910883124,0.9176136363636364,0.034701267350633676,0.9801136363636364,0.0352041842687588,0.9943181818181818,0.0352041842687588,0.9943181818181818,0.02755984711325689,0.7784090909090909,0.0343995171997586,0.9715909090909091,0.03460068396700865,0.9772727272727273,0.032589016294508145,0.9204545454545454,0.02816334741500704,0.7954545454545454,0.03460068396700865,0.9772727272727273,0.03369543351438342,0.9517045454545454,0.03540535103600885,1.0,0.027660430496881914,0.78125,0.034500100583383625,0.9744318181818182,0.0352041842687588,0.9943181818181818,0.0352041842687588,0.9943181818181818,0.026554013277006638,0.75,0.03379601689800845,0.9545454545454546,0.03369543351438342,0.9517045454545454,0.032890766445383225,0.9289772727272727,0.029269764634882317,0.8267045454545454,0.03460068396700865,0.9772727272727273,0.03349426674713337,0.9460227272727273,0.0315831824582579,0.8920454545454546,0.032589016294508145,0.9204545454545454,0.03409776704888352,0.9630681818181818,0.0352041842687588,0.9943181818181818,0.02816334741500704,0.7954545454545454,0.028062764031382016,0.7926136363636364,0.03339368336350835,0.9431818181818182,0.03490243411788373,0.9857954545454546,0.032890766445383225,0.9289772727272727,0.02675518004425669,0.7556818181818182,0.0335948501307584,0.9488636363636364,0.03148259907463287,0.8892045454545454,0.028666264333132168,0.8096590909090909,0.027660430496881914,0.78125,0.03389660028163347,0.9573863636363636,0.03087909877288272,0.8721590909090909,0.03087909877288272,0.8721590909090909,0.023737678535505933,0.6704545454545454,0.03349426674713337,0.9460227272727273,0.03198551599275799,0.9034090909090909,0.032186682760008044,0.9090909090909091,0.025849929591631463,0.7301136363636364,0.03389660028163347,0.9573863636363636,0.03198551599275799,0.9034090909090909,0.031180848923757797,0.8806818181818182,0.032387849527258095,0.9147727272727273,0.03409776704888352,0.9630681818181818,0.03540535103600885,1.0,0.03540535103600885,1.0,0.028766847716757193,0.8125,0.03490243411788373,0.9857954545454546,0.034500100583383625,0.9744318181818182,0.032890766445383225,0.9289772727272727,0.028465097565882117,0.8039772727272727,0.0343995171997586,0.9715909090909091,0.0335948501307584,0.9488636363636364,0.03530476765238383,0.9971590909090909,0.027660430496881914,0.78125,0.03369543351438342,0.9517045454545454,0.03540535103600885,1.0,0.03540535103600885,1.0,0.023536511768255886,0.6647727272727273,0.03409776704888352,0.9630681818181818,0.034701267350633676,0.9801136363636364,0.03299134982900825,0.9318181818181818,0.028867431100382215,0.8153409090909091,0.034298933816133574,0.96875,0.03228726614363307,0.9119318181818182,0.03369543351438342,0.9517045454545454,0.026453429893381612,0.7471590909090909,0.0348018507342587,0.9829545454545454,0.0352041842687588,0.9943181818181818,0.0352041842687588,0.9943181818181818,0.023335345001005835,0.6590909090909091,0.03510360088513378,0.9914772727272727,0.0348018507342587,0.9829545454545454,0.0343995171997586,0.9715909090909091,0.024341178837256085,0.6875,0.03490243411788373,0.9857954545454546,0.03530476765238383,0.9971590909090909,0.0343995171997586,0.9715909090909091,0.02625226312613156,0.7414772727272727,0.0348018507342587,0.9829545454545454,0.0352041842687588,0.9943181818181818,0.0352041842687588,0.9943181818181818,0.025749346208006438,0.7272727272727273,0.03500301750150875,0.9886363636363636,0.034701267350633676,0.9801136363636364,0.0343995171997586,0.9715909090909091,0.024341178837256085,0.6875,0.03490243411788373,0.9857954545454546,0.03530476765238383,0.9971590909090909,0.0343995171997586,0.9715909090909091
68,0.032107818848478846,0.9204545454545454,0.03428797938757309,0.9829545454545454,0.03478347041918541,0.9971590909090909,0.03478347041918541,0.9971590909090909,0.027648399563967894,0.7926136363636364,0.03389158656228322,0.9715909090909091,0.03438707759389555,0.9857954545454546,0.03220691705480131,0.9232954545454546,0.02794569418293529,0.8011363636363636,0.03428797938757309,0.9829545454545454,0.0333960955306709,0.9573863636363636,0.03488256862550788,1.0,0.027351104945000496,0.7840909090909091,0.03408978297492815,0.9772727272727273,0.03468437221286295,0.9943181818181818,0.03468437221286295,0.9943181818181818,0.02636012288177584,0.7556818181818182,0.03329699732434843,0.9545454545454546,0.03329699732434843,0.9545454545454546,0.03240511346744624,0.9289772727272727,0.028936676246159945,0.8295454545454546,0.03438707759389555,0.9857954545454546,0.033098800911703495,0.9488636363636364,0.031414131404221585,0.9005681818181818,0.032107818848478846,0.9204545454545454,0.03359429194331583,0.9630681818181818,0.03468437221286295,0.9943181818181818,0.02774749777029036,0.7954545454545454,0.02774749777029036,0.7954545454545454,0.03299970270538103,0.9460227272727273,0.03438707759389555,0.9857954545454546,0.03240511346744624,0.9289772727272727,0.026459221088098304,0.7585227272727273,0.03329699732434843,0.9545454545454546,0.03131503319789912,0.8977272727272727,0.028441185214547617,0.8153409090909091,0.02745020315132296,0.7869318181818182,0.0333960955306709,0.9573863636363636,0.030522247547319394,0.875,0.030522247547319394,0.875,0.024080864136359133,0.6903409090909091,0.03319789911802597,0.9517045454545454,0.031612327816866514,0.90625,0.03220691705480131,0.9232954545454546,0.02566643543751858,0.7357954545454546,0.03359429194331583,0.9630681818181818,0.03190962243583391,0.9147727272727273,0.030819542166286792,0.8835227272727273,0.032008720642156374,0.9176136363636364,0.03369339014963829,0.9659090909090909,0.03488256862550788,1.0,0.03488256862550788,1.0,0.028738479833515015,0.8238636363636364,0.03448617580021802,0.9886363636363636,0.033990684768605686,0.9744318181818182,0.032702408086413635,0.9375,0.028242988801902687,0.8096590909090909,0.033990684768605686,0.9744318181818182,0.03329699732434843,0.9545454545454546,0.03488256862550788,1.0,0.027351104945000496,0.7840909090909091,0.0333960955306709,0.9573863636363636,0.03488256862550788,1.0,0.03488256862550788,1.0,0.02348627489842434,0.6732954545454546,0.03369339014963829,0.9659090909090909,0.034188881181250616,0.9801136363636364,0.032504211673768706,0.9318181818181818,0.028639381627192546,0.8210227272727273,0.03389158656228322,0.9715909090909091,0.03220691705480131,0.9232954545454546,0.03349519373699336,0.9602272727272727,0.026261024675453375,0.7528409090909091,0.03428797938757309,0.9829545454545454,0.03478347041918541,0.9971590909090909,0.03478347041918541,0.9971590909090909,0.023288078485779407,0.6676136363636364,0.03458527400654048,0.9914772727272727,0.03428797938757309,0.9829545454545454,0.03408978297492815,0.9772727272727273,0.024279060549004063,0.6960227272727273,0.03438707759389555,0.9857954545454546,0.03488256862550788,1.0,0.03389158656228322,0.9715909090909091,0.026261024675453375,0.7528409090909091,0.03428797938757309,0.9829545454545454,0.03478347041918541,0.9971590909090909,0.03478347041918541,0.9971590909090909,0.02586463185016351,0.7414772727272727,0.03448617580021802,0.9886363636363636,0.03428797938757309,0.9829545454545454,0.033990684768605686,0.9744318181818182,0.024279060549004063,0.6960227272727273,0.03438707759389555,0.9857954545454546,0.03488256862550788,1.0,0.03389158656228322,0.9715909090909091
69,0.03164371520656314,0.9204545454545454,0.033792362535403846,0.9829545454545454,0.03437835726145131,1.0,0.03437835726145131,1.0,0.027737083699580035,0.8068181818181818,0.03340169938470554,0.9715909090909091,0.033987694110753,0.9886363636363636,0.03174138099423772,0.9232954545454546,0.027834749487254614,0.8096590909090909,0.03389002832307843,0.9857954545454546,0.03320636780935638,0.9659090909090909,0.03437835726145131,1.0,0.02715108897353257,0.7897727272727273,0.03369469674772927,0.9801136363636364,0.03418302568610216,0.9943181818181818,0.03418302568610216,0.9943181818181818,0.026076765309112217,0.7585227272727273,0.032815704658658074,0.9545454545454546,0.03330403359703096,0.96875,0.03213204414493603,0.9346590909090909,0.029006738939349547,0.84375,0.03389002832307843,0.9857954545454546,0.032620373083308916,0.9488636363636364,0.030960054692841098,0.9005681818181818,0.03164371520656314,0.9204545454545454,0.03330403359703096,0.96875,0.03418302568610216,0.9943181818181818,0.027346420548881728,0.7954545454545454,0.027737083699580035,0.8068181818181818,0.03252270729563434,0.9460227272727273,0.034280691473776735,0.9971590909090909,0.03203437835726145,0.9318181818181818,0.026467428459810528,0.7698863636363636,0.03291337044633265,0.9573863636363636,0.03115538626819025,0.90625,0.02803008106260377,0.8153409090909091,0.02715108897353257,0.7897727272727273,0.03320636780935638,0.9659090909090909,0.0300810626037699,0.875,0.0300810626037699,0.875,0.024123449555620666,0.7017045454545454,0.032815704658658074,0.9545454545454546,0.031350717843539405,0.9119318181818182,0.03174138099423772,0.9232954545454546,0.02558843637073933,0.7443181818181818,0.03320636780935638,0.9659090909090909,0.03174138099423772,0.9232954545454546,0.030569391542142787,0.8892045454545454,0.03164371520656314,0.9204545454545454,0.03330403359703096,0.96875,0.03437835726145131,1.0,0.03437835726145131,1.0,0.028713741576325814,0.8352272727272727,0.033987694110753,0.9886363636363636,0.033597030960054695,0.9772727272727273,0.032327375720285184,0.9403409090909091,0.02803008106260377,0.8153409090909091,0.03369469674772927,0.9801136363636364,0.03291337044633265,0.9573863636363636,0.03437835726145131,1.0,0.02715108897353257,0.7897727272727273,0.03291337044633265,0.9573863636363636,0.03437835726145131,1.0,0.03437835726145131,1.0,0.023439789041898623,0.6818181818181818,0.03349936517238011,0.9744318181818182,0.03369469674772927,0.9801136363636364,0.03222970993261061,0.9375,0.028518410000976657,0.8295454545454546,0.03349936517238011,0.9744318181818182,0.031839046781912295,0.9261363636363636,0.033011036234007224,0.9602272727272727,0.026174431096786795,0.7613636363636364,0.033792362535403846,0.9829545454545454,0.034280691473776735,0.9971590909090909,0.034280691473776735,0.9971590909090909,0.02314679167887489,0.6732954545454546,0.03408535989842758,0.9914772727272727,0.033792362535403846,0.9829545454545454,0.033597030960054695,0.9772727272727273,0.024025783767946087,0.6988636363636364,0.03389002832307843,0.9857954545454546,0.03437835726145131,1.0,0.03349936517238011,0.9744318181818182,0.026272096884461374,0.7642045454545454,0.033792362535403846,0.9829545454545454,0.034280691473776735,0.9971590909090909,0.034280691473776735,0.9971590909090909,0.025881433733763063,0.7528409090909091,0.033987694110753,0.9886363636363636,0.033792362535403846,0.9829545454545454,0.03349936517238011,0.9744318181818182,0.024123449555620666,0.7017045454545454,0.03389002832307843,0.9857954545454546,0.03437835726145131,1.0,0.03349936517238011,0.9744318181818182
70,0.03118983442433577,0.9204545454545454,0.033307662687716594,0.9829545454545454,0.033885252214093185,1.0,0.033885252214093185,1.0,0.027435502502887947,0.8096590909090909,0.032922603003465535,0.9715909090909091,0.03350019252984213,0.9886363636363636,0.03147862918752407,0.9289772727272727,0.028013092029264535,0.8267045454545454,0.03350019252984213,0.9886363636363636,0.032826338082402776,0.96875,0.033885252214093185,1.0,0.02705044281863689,0.7982954545454546,0.033307662687716594,0.9829545454545454,0.03369272237196765,0.9943181818181818,0.03369272237196765,0.9943181818181818,0.025991528686946475,0.7670454545454546,0.03263380824027724,0.9630681818181818,0.032826338082402776,0.96875,0.03167115902964959,0.9346590909090909,0.02887947631882942,0.8522727272727273,0.03340392760877936,0.9857954545454546,0.03234501347708895,0.9545454545454546,0.03070850981902195,0.90625,0.0313823642664613,0.9261363636363636,0.032922603003465535,0.9715909090909091,0.03369272237196765,0.9943181818181818,0.026954177897574125,0.7954545454545454,0.027531767423950713,0.8125,0.032248748556026184,0.9517045454545454,0.03378898729303042,0.9971590909090909,0.03157489410858683,0.9318181818181818,0.0264728532922603,0.78125,0.03263380824027724,0.9630681818181818,0.030804774740084712,0.9090909090909091,0.028013092029264535,0.8267045454545454,0.026954177897574125,0.7954545454545454,0.03273007316134001,0.9659090909090909,0.03013092029264536,0.8892045454545454,0.03013092029264536,0.8892045454545454,0.02396996534462842,0.7073863636363636,0.03244127839815172,0.9573863636363636,0.031093569503273008,0.9176136363636364,0.031863688871775125,0.9403409090909091,0.025510204081632654,0.7528409090909091,0.03273007316134001,0.9659090909090909,0.0313823642664613,0.9261363636363636,0.030419715055833654,0.8977272727272727,0.03118983442433577,0.9204545454545454,0.032922603003465535,0.9715909090909091,0.033885252214093185,1.0,0.033885252214093185,1.0,0.028590681555641123,0.84375,0.03359645745090489,0.9914772727272727,0.03311513284559107,0.9772727272727273,0.03195995379283789,0.9431818181818182,0.028205621871390064,0.8323863636363636,0.033211397766653834,0.9801136363636364,0.03244127839815172,0.9573863636363636,0.033885252214093185,1.0,0.027242972660762418,0.8039772727272727,0.03244127839815172,0.9573863636363636,0.033885252214093185,1.0,0.033885252214093185,1.0,0.023199845976126298,0.6846590909090909,0.0330188679245283,0.9744318181818182,0.033211397766653834,0.9801136363636364,0.03205621871390065,0.9460227272727273,0.0281093569503273,0.8295454545454546,0.0330188679245283,0.9744318181818182,0.03157489410858683,0.9318181818181818,0.03263380824027724,0.9630681818181818,0.026184058529072005,0.7727272727272727,0.033307662687716594,0.9829545454545454,0.03378898729303042,0.9971590909090909,0.03378898729303042,0.9971590909090909,0.023199845976126298,0.6846590909090909,0.03359645745090489,0.9914772727272727,0.03340392760877936,0.9857954545454546,0.03311513284559107,0.9772727272727273,0.023873700423565652,0.7045454545454546,0.03340392760877936,0.9857954545454546,0.033885252214093185,1.0,0.0330188679245283,0.9744318181818182,0.02628032345013477,0.7755681818181818,0.033307662687716594,0.9829545454545454,0.03378898729303042,0.9971590909090909,0.03378898729303042,0.9971590909090909,0.025702733923758183,0.7585227272727273,0.03359645745090489,0.9914772727272727,0.03340392760877936,0.9857954545454546,0.03311513284559107,0.9772727272727273,0.024066230265691182,0.7102272727272727,0.03340392760877936,0.9857954545454546,0.033885252214093185,1.0,0.0330188679245283,0.9744318181818182
71,0.030941533788914198,0.9261363636363636,0.03302961275626424,0.9886363636363636,0.033409263477600606,1.0,0.033409263477600606,1.0,0.02733485193621868,0.8181818181818182,0.032555049354593774,0.9744318181818182,0.03312452543659833,0.9914772727272727,0.031036446469248292,0.9289772727272727,0.027999240698557328,0.8380681818181818,0.03312452543659833,0.9914772727272727,0.032649962034927864,0.9772727272727273,0.033409263477600606,1.0,0.026765375854214124,0.8011363636363636,0.03293470007593014,0.9857954545454546,0.03321943811693242,0.9943181818181818,0.03321943811693242,0.9943181818181818,0.025911161731207288,0.7755681818181818,0.032175398633257406,0.9630681818181818,0.032365223993925586,0.96875,0.03141609719058466,0.9403409090909091,0.028758542141230067,0.8607954545454546,0.03302961275626424,0.9886363636363636,0.032270311313591496,0.9659090909090909,0.030466970387243737,0.9119318181818182,0.030941533788914198,0.9261363636363636,0.032555049354593774,0.9744318181818182,0.03321943811693242,0.9943181818181818,0.026575550493545937,0.7954545454545454,0.027524677296886863,0.8238636363636364,0.03179574791192103,0.9517045454545454,0.033314350797266516,0.9971590909090909,0.031226271829916476,0.9346590909090909,0.02629081245254366,0.7869318181818182,0.032365223993925586,0.96875,0.03065679574791192,0.9176136363636364,0.02809415337889142,0.8409090909090909,0.02667046317388003,0.7982954545454546,0.03246013667425968,0.9715909090909091,0.029802581624905088,0.8920454545454546,0.029802581624905088,0.8920454545454546,0.024012908124525438,0.71875,0.032175398633257406,0.9630681818181818,0.03065679574791192,0.9176136363636364,0.03151100987091875,0.9431818181818182,0.025341685649202732,0.7585227272727273,0.032365223993925586,0.96875,0.031036446469248292,0.9289772727272727,0.02999240698557327,0.8977272727272727,0.030846621108580108,0.9232954545454546,0.032555049354593774,0.9744318181818182,0.033409263477600606,1.0,0.033409263477600606,1.0,0.0283788914198937,0.8494318181818182,0.03312452543659833,0.9914772727272727,0.032649962034927864,0.9772727272727273,0.03160592255125285,0.9460227272727273,0.028283978739559606,0.8465909090909091,0.03274487471526196,0.9801136363636364,0.03198557327258922,0.9573863636363636,0.033409263477600606,1.0,0.02733485193621868,0.8181818181818182,0.032175398633257406,0.9630681818181818,0.033409263477600606,1.0,0.033409263477600606,1.0,0.023253606681852695,0.6960227272727273,0.03283978739559605,0.9829545454545454,0.03274487471526196,0.9801136363636364,0.03189066059225513,0.9545454545454546,0.028283978739559606,0.8465909090909091,0.032649962034927864,0.9772727272727273,0.03160592255125285,0.9460227272727273,0.03246013667425968,0.9715909090909091,0.02629081245254366,0.7869318181818182,0.03283978739559605,0.9829545454545454,0.033314350797266516,0.9971590909090909,0.033314350797266516,0.9971590909090909,0.023633257403189067,0.7073863636363636,0.03312452543659833,0.9914772727272727,0.03293470007593014,0.9857954545454546,0.03274487471526196,0.9801136363636364,0.023917995444191344,0.7159090909090909,0.03293470007593014,0.9857954545454546,0.033409263477600606,1.0,0.032649962034927864,0.9772727272727273,0.026100987091875475,0.78125,0.03283978739559605,0.9829545454545454,0.033314350797266516,0.9971590909090909,0.033314350797266516,0.9971590909090909,0.02553151100987092,0.7642045454545454,0.03312452543659833,0.9914772727272727,0.03293470007593014,0.9857954545454546,0.032649962034927864,0.9772727272727273,0.023917995444191344,0.7159090909090909,0.03293470007593014,0.9857954545454546,0.033409263477600606,1.0,0.032555049354593774,0.9744318181818182
72,0.03070011231748409,0.9318181818181818,0.03266566828903032,0.9914772727272727,0.03294646199925122,1.0,0.03294646199925122,1.0,0.027236989891426432,0.8267045454545454,0.03229127667540247,0.9801136363636364,0.03266566828903032,0.9914772727272727,0.03079371022089105,0.9346590909090909,0.027985773118682142,0.8494318181818182,0.03275926619243729,0.9943181818181818,0.03219767877199551,0.9772727272727273,0.03294646199925122,1.0,0.026862598277798577,0.8153409090909091,0.0324784724822164,0.9857954545454546,0.03275926619243729,0.9943181818181818,0.03285286409584425,0.9971590909090909,0.025739423436915012,0.78125,0.03182328715836765,0.9659090909090909,0.03191688506177462,0.96875,0.031074503931111944,0.9431818181818182,0.02845376263571696,0.8636363636363636,0.03266566828903032,0.9914772727272727,0.03219767877199551,0.9772727272727273,0.030138524897042305,0.9147727272727273,0.03070011231748409,0.9318181818181818,0.03219767877199551,0.9772727272727273,0.03275926619243729,0.9943181818181818,0.02620741295394983,0.7954545454545454,0.027330587794833397,0.8295454545454546,0.03135529764133283,0.9517045454545454,0.03285286409584425,0.9971590909090909,0.030887308124298015,0.9375,0.026020217147135906,0.7897727272727273,0.03210408086858854,0.9744318181818182,0.030325720703856234,0.9204545454545454,0.027892175215275178,0.8465909090909091,0.026581804567577687,0.8068181818181818,0.03201048296518158,0.9715909090909091,0.029576937476600524,0.8977272727272727,0.029576937476600524,0.8977272727272727,0.023961063272182705,0.7272727272727273,0.03172968925496069,0.9630681818181818,0.030325720703856234,0.9204545454545454,0.031074503931111944,0.9431818181818182,0.02564582553350805,0.7784090909090909,0.03201048296518158,0.9715909090909091,0.031074503931111944,0.9431818181818182,0.02976413328341445,0.9034090909090909,0.0304193186072632,0.9232954545454546,0.03210408086858854,0.9744318181818182,0.03294646199925122,1.0,0.03294646199925122,1.0,0.027985773118682142,0.8494318181818182,0.03266566828903032,0.9914772727272727,0.03219767877199551,0.9772727272727273,0.031168101834518906,0.9460227272727273,0.027985773118682142,0.8494318181818182,0.03238487457880943,0.9829545454545454,0.03191688506177462,0.96875,0.03294646199925122,1.0,0.027143391988019468,0.8238636363636364,0.03182328715836765,0.9659090909090909,0.03294646199925122,1.0,0.03294646199925122,1.0,0.02311868214152003,0.7017045454545454,0.03238487457880943,0.9829545454545454,0.03229127667540247,0.9801136363636364,0.03163609135155372,0.9602272727272727,0.028266566828903033,0.8579545454545454,0.03229127667540247,0.9801136363636364,0.03126169973792587,0.9488636363636364,0.03201048296518158,0.9715909090909091,0.02592661924372894,0.7869318181818182,0.0324784724822164,0.9857954545454546,0.03285286409584425,0.9971590909090909,0.03285286409584425,0.9971590909090909,0.02368026956196181,0.71875,0.03266566828903032,0.9914772727272727,0.0324784724822164,0.9857954545454546,0.03238487457880943,0.9829545454545454,0.02386746536877574,0.7244318181818182,0.03266566828903032,0.9914772727272727,0.03294646199925122,1.0,0.03219767877199551,0.9772727272727273,0.026113815050542867,0.7926136363636364,0.03238487457880943,0.9829545454545454,0.03285286409584425,0.9971590909090909,0.03285286409584425,0.9971590909090909,0.025552227630101086,0.7755681818181818,0.03266566828903032,0.9914772727272727,0.0324784724822164,0.9857954545454546,0.03229127667540247,0.9801136363636364,0.02414825907899663,0.7329545454545454,0.03257207038562336,0.9886363636363636,0.03294646199925122,1.0,0.03210408086858854,0.9744318181818182
73,0.030277854703221637,0.9318181818181818,0.03221637588848888,0.9914772727272727,0.032493307486384196,1.0,0.032493307486384196,1.0,0.027231607126373118,0.8380681818181818,0.03184713375796178,0.9801136363636364,0.03221637588848888,0.9914772727272727,0.03037016523585341,0.9346590909090909,0.027970091387427305,0.8607954545454546,0.03230868642112065,0.9943181818181818,0.031939444290593554,0.9829545454545454,0.032493307486384196,1.0,0.026585433397950706,0.8181818181818182,0.03203175482322533,0.9857954545454546,0.032400996953752426,0.9971590909090909,0.032400996953752426,0.9971590909090909,0.025662328071632972,0.7897727272727273,0.03147789162743469,0.96875,0.03147789162743469,0.96875,0.030647096833748732,0.9431818181818182,0.028431644050586173,0.875,0.03221637588848888,0.9914772727272727,0.03184713375796178,0.9801136363636364,0.029816302040062772,0.9176136363636364,0.030277854703221637,0.9318181818181818,0.03175482322533001,0.9772727272727273,0.03230868642112065,0.9943181818181818,0.02584694913689652,0.7954545454545454,0.0269546755284778,0.8295454545454546,0.031016338964275823,0.9545454545454546,0.032400996953752426,0.9971590909090909,0.030647096833748732,0.9431818181818182,0.025754638604264746,0.7926136363636364,0.03175482322533001,0.9772727272727273,0.030185544170589863,0.9289772727272727,0.028431644050586173,0.875,0.026585433397950706,0.8181818181818182,0.031570202160066466,0.9715909090909091,0.029262438844272133,0.9005681818181818,0.029262438844272133,0.9005681818181818,0.023908427951629282,0.7357954545454546,0.03147789162743469,0.96875,0.03000092310532632,0.9232954545454546,0.030739407366380506,0.9460227272727273,0.025570017539001202,0.7869318181818182,0.031570202160066466,0.9715909090909091,0.030647096833748732,0.9431818181818182,0.02953937044216745,0.9090909090909091,0.030185544170589863,0.9289772727272727,0.031662512692698236,0.9744318181818182,0.032493307486384196,1.0,0.032493307486384196,1.0,0.027693159789531987,0.8522727272727273,0.03230868642112065,0.9943181818181818,0.03175482322533001,0.9772727272727273,0.030739407366380506,0.9460227272727273,0.027970091387427305,0.8607954545454546,0.03203175482322533,0.9857954545454546,0.03175482322533001,0.9772727272727273,0.032493307486384196,1.0,0.026862364995846027,0.8267045454545454,0.031570202160066466,0.9715909090909091,0.032493307486384196,1.0,0.032493307486384196,1.0,0.02335456475583864,0.71875,0.031939444290593554,0.9829545454545454,0.03184713375796178,0.9801136363636364,0.03120096002953937,0.9602272727272727,0.028062401920059078,0.8636363636363636,0.031939444290593554,0.9829545454545454,0.031108649496907597,0.9573863636363636,0.03175482322533001,0.9772727272727273,0.025754638604264746,0.7926136363636364,0.03203175482322533,0.9857954545454546,0.032400996953752426,0.9971590909090909,0.032400996953752426,0.9971590909090909,0.02363149635373396,0.7272727272727273,0.03221637588848888,0.9914772727272727,0.0321240653558571,0.9886363636363636,0.031939444290593554,0.9829545454545454,0.024000738484261055,0.7386363636363636,0.03230868642112065,0.9943181818181818,0.032493307486384196,1.0,0.03175482322533001,0.9772727272727273,0.026031570202160067,0.8011363636363636,0.03203175482322533,0.9857954545454546,0.032400996953752426,0.9971590909090909,0.032400996953752426,0.9971590909090909,0.02529308594110588,0.7784090909090909,0.03221637588848888,0.9914772727272727,0.03203175482322533,0.9857954545454546,0.03184713375796178,0.9801136363636364,0.0241853595495246,0.7443181818181818,0.03230868642112065,0.9943181818181818,0.032493307486384196,1.0,0.03175482322533001,0.9772727272727273
74,0.029960841453419543,0.9346590909090909,0.031782169201347785,0.9914772727272727,0.03205536836353702,1.0,0.03205536836353702,1.0,0.02741098260632001,0.8551136363636364,0.03150897003915855,0.9829545454545454,0.031782169201347785,0.9914772727272727,0.030051907840815954,0.9375,0.027775248155905655,0.8664772727272727,0.03187323558874419,0.9943181818181818,0.03150897003915855,0.9829545454545454,0.03205536836353702,1.0,0.026409252344959475,0.8238636363636364,0.03169110281395137,0.9886363636363636,0.03205536836353702,1.0,0.03205536836353702,1.0,0.025407522083598942,0.7926136363636364,0.031053638102176487,0.96875,0.031053638102176487,0.96875,0.03023404061560878,0.9431818181818182,0.028412712867680538,0.8863636363636364,0.031782169201347785,0.9914772727272727,0.031417903651762134,0.9801136363636364,0.029596575903833897,0.9232954545454546,0.030051907840815954,0.9375,0.031417903651762134,0.9801136363636364,0.03187323558874419,0.9943181818181818,0.025498588470995356,0.7954545454545454,0.026955650669337947,0.8409090909090909,0.030689372552590837,0.9573863636363636,0.031964301976140606,0.9971590909090909,0.0304161733904016,0.9488636363636364,0.025589654858391767,0.7982954545454546,0.031417903651762134,0.9801136363636364,0.030142974228212365,0.9403409090909091,0.028230580092887717,0.8806818181818182,0.026500318732355886,0.8267045454545454,0.03132683726436572,0.9772727272727273,0.02895911119205901,0.9034090909090909,0.02895911119205901,0.9034090909090909,0.024223659047445587,0.7556818181818182,0.0311447044895729,0.9715909090909091,0.029687642291230307,0.9261363636363636,0.03032510700300519,0.9460227272727273,0.025589654858391767,0.7982954545454546,0.03132683726436572,0.9772727272727273,0.0304161733904016,0.9488636363636364,0.02977870867862672,0.9289772727272727,0.02977870867862672,0.9289772727272727,0.03132683726436572,0.9772727272727273,0.03205536836353702,1.0,0.03205536836353702,1.0,0.02750204899371642,0.8579545454545454,0.03187323558874419,0.9943181818181818,0.03150897003915855,0.9829545454545454,0.0304161733904016,0.9488636363636364,0.02795738093069848,0.8721590909090909,0.031600036426554956,0.9857954545454546,0.031417903651762134,0.9801136363636364,0.03205536836353702,1.0,0.026500318732355886,0.8267045454545454,0.03123577087696931,0.9744318181818182,0.03205536836353702,1.0,0.03205536836353702,1.0,0.023221928786085057,0.7244318181818182,0.03150897003915855,0.9829545454545454,0.03150897003915855,0.9829545454545454,0.03078043893998725,0.9602272727272727,0.02795738093069848,0.8721590909090909,0.031600036426554956,0.9857954545454546,0.030689372552590837,0.9573863636363636,0.031417903651762134,0.9801136363636364,0.025680721245788178,0.8011363636363636,0.031600036426554956,0.9857954545454546,0.031964301976140606,0.9971590909090909,0.031964301976140606,0.9971590909090909,0.02340406156087788,0.7301136363636364,0.031782169201347785,0.9914772727272727,0.03169110281395137,0.9886363636363636,0.03150897003915855,0.9829545454545454,0.024132592660049176,0.7528409090909091,0.03187323558874419,0.9943181818181818,0.03205536836353702,1.0,0.03150897003915855,0.9829545454545454,0.025862854020581003,0.8068181818181818,0.031600036426554956,0.9857954545454546,0.031964301976140606,0.9971590909090909,0.031964301976140606,0.9971590909090909,0.02531645569620253,0.7897727272727273,0.031782169201347785,0.9914772727272727,0.03169110281395137,0.9886363636363636,0.031417903651762134,0.9801136363636364,0.024132592660049176,0.7528409090909091,0.03187323558874419,0.9943181818181818,0.03205536836353702,1.0,0.03132683726436572,0.9772727272727273
75,0.029559748427672956,0.9346590909090909,0.03135669362084456,0.9914772727272727,0.031626235399820304,1.0,0.031626235399820304,1.0,0.027672955974842768,0.875,0.031176999101527405,0.9857954545454546,0.03135669362084456,0.9914772727272727,0.029739442946990116,0.9403409090909091,0.027672955974842768,0.875,0.031446540880503145,0.9943181818181818,0.031176999101527405,0.9857954545454546,0.031626235399820304,1.0,0.026415094339622643,0.8352272727272727,0.031266846361185985,0.9886363636363636,0.031626235399820304,1.0,0.031626235399820304,1.0,0.025247079964061097,0.7982954545454546,0.030727762803234502,0.9715909090909091,0.030727762803234502,0.9715909090909091,0.029829290206648696,0.9431818181818182,0.02821203953279425,0.8920454545454546,0.031446540880503145,0.9943181818181818,0.03099730458221024,0.9801136363636364,0.029200359389038633,0.9232954545454546,0.029649595687331536,0.9375,0.031176999101527405,0.9857954545454546,0.031626235399820304,1.0,0.025157232704402517,0.7954545454545454,0.027223719676549865,0.8607954545454546,0.030548068283917342,0.9659090909090909,0.03153638814016173,0.9971590909090909,0.03009883198562444,0.9517045454545454,0.025516621743036837,0.8068181818181818,0.03108715184186882,0.9829545454545454,0.029919137466307276,0.9460227272727273,0.027942497753818508,0.8835227272727273,0.0261455525606469,0.8267045454545454,0.031176999101527405,0.9857954545454546,0.02866127583108715,0.90625,0.02866127583108715,0.90625,0.02407906558849955,0.7613636363636364,0.030817610062893082,0.9744318181818182,0.029290206648697213,0.9261363636363636,0.03009883198562444,0.9517045454545454,0.025516621743036837,0.8068181818181818,0.03099730458221024,0.9801136363636364,0.03009883198562444,0.9517045454545454,0.029739442946990116,0.9403409090909091,0.029649595687331536,0.9375,0.03108715184186882,0.9829545454545454,0.031626235399820304,1.0,0.031626235399820304,1.0,0.027403414195867025,0.8664772727272727,0.031446540880503145,0.9943181818181818,0.031176999101527405,0.9857954545454546,0.03018867924528302,0.9545454545454546,0.027762803234501348,0.8778409090909091,0.031176999101527405,0.9857954545454546,0.03099730458221024,0.9801136363636364,0.031626235399820304,1.0,0.026504941599281222,0.8380681818181818,0.030907457322551662,0.9772727272727273,0.031626235399820304,1.0,0.031626235399820304,1.0,0.02345013477088949,0.7414772727272727,0.03108715184186882,0.9829545454545454,0.031176999101527405,0.9857954545454546,0.03036837376460018,0.9602272727272727,0.027762803234501348,0.8778409090909091,0.031176999101527405,0.9857954545454546,0.0302785265049416,0.9573863636363636,0.03108715184186882,0.9829545454545454,0.025606469002695417,0.8096590909090909,0.031176999101527405,0.9857954545454546,0.03153638814016173,0.9971590909090909,0.03153638814016173,0.9971590909090909,0.023270440251572325,0.7357954545454546,0.03135669362084456,0.9914772727272727,0.03135669362084456,0.9914772727272727,0.03108715184186882,0.9829545454545454,0.02389937106918239,0.7556818181818182,0.03153638814016173,0.9971590909090909,0.031626235399820304,1.0,0.03108715184186882,0.9829545454545454,0.025696316262354,0.8125,0.031176999101527405,0.9857954545454546,0.03153638814016173,0.9971590909090909,0.03153638814016173,0.9971590909090909,0.025426774483378257,0.8039772727272727,0.03135669362084456,0.9914772727272727,0.03135669362084456,0.9914772727272727,0.03099730458221024,0.9801136363636364,0.02425876010781671,0.7670454545454546,0.03153638814016173,0.9971590909090909,0.031626235399820304,1.0,0.030907457322551662,0.9772727272727273
76,0.02926050718212449,0.9375,0.030945203050186203,0.9914772727272727,0.03121120766093279,1.0,0.03121120766093279,1.0,0.027398474906898385,0.8778409090909091,0.03076786664302181,0.9857954545454546,0.030945203050186203,0.9914772727272727,0.029526511792871076,0.9460227272727273,0.02766447951764497,0.8863636363636364,0.0310338712537684,0.9943181818181818,0.03076786664302181,0.9857954545454546,0.03121120766093279,1.0,0.026245788260329847,0.8409090909090909,0.030856534846604007,0.9886363636363636,0.03121120766093279,1.0,0.03121120766093279,1.0,0.02500443341017911,0.8011363636363636,0.030324525625110836,0.9715909090909091,0.030324525625110836,0.9715909090909091,0.029526511792871076,0.9460227272727273,0.02793048412839156,0.8948863636363636,0.0310338712537684,0.9943181818181818,0.030679198439439618,0.9829545454545454,0.028817166164213513,0.9232954545454546,0.02926050718212449,0.9375,0.030856534846604007,0.9886363636363636,0.03121120766093279,1.0,0.02482709700301472,0.7954545454545454,0.027043802092569603,0.8664772727272727,0.030324525625110836,0.9715909090909091,0.031122539457350593,0.9971590909090909,0.02979251640361766,0.9545454545454546,0.02535910622450789,0.8125,0.030679198439439618,0.9829545454545454,0.029615179996453272,0.9488636363636364,0.02793048412839156,0.8948863636363636,0.026068451853165454,0.8352272727272727,0.03076786664302181,0.9857954545454546,0.02846249334988473,0.9119318181818182,0.02846249334988473,0.9119318181818182,0.02402908317077496,0.7698863636363636,0.03059053023585742,0.9801136363636364,0.029083170774960098,0.9318181818181818,0.02979251640361766,0.9545454545454546,0.025625110835254476,0.8210227272727273,0.03059053023585742,0.9801136363636364,0.029969852810782054,0.9602272727272727,0.02943784358928888,0.9431818181818182,0.02926050718212449,0.9375,0.030679198439439618,0.9829545454545454,0.03121120766093279,1.0,0.03121120766093279,1.0,0.02748714311048058,0.8806818181818182,0.0310338712537684,0.9943181818181818,0.03076786664302181,0.9857954545454546,0.029881184607199858,0.9573863636363636,0.028019152331973753,0.8977272727272727,0.030856534846604007,0.9886363636363636,0.030679198439439618,0.9829545454545454,0.03121120766093279,1.0,0.02633445646391204,0.84375,0.03059053023585742,0.9801136363636364,0.03121120766093279,1.0,0.03121120766093279,1.0,0.023408405745699593,0.75,0.030679198439439618,0.9829545454545454,0.03076786664302181,0.9857954545454546,0.03005852101436425,0.9630681818181818,0.027575811314062778,0.8835227272727273,0.030856534846604007,0.9886363636363636,0.029881184607199858,0.9573863636363636,0.03076786664302181,0.9857954545454546,0.025270438020925694,0.8096590909090909,0.03076786664302181,0.9857954545454546,0.031122539457350593,0.9971590909090909,0.031122539457350593,0.9971590909090909,0.0232310693385352,0.7443181818181818,0.030945203050186203,0.9914772727272727,0.0310338712537684,0.9943181818181818,0.030679198439439618,0.9829545454545454,0.024206419577939352,0.7755681818181818,0.031122539457350593,0.9971590909090909,0.03121120766093279,1.0,0.030679198439439618,0.9829545454545454,0.02535910622450789,0.8125,0.03076786664302181,0.9857954545454546,0.031122539457350593,0.9971590909090909,0.031122539457350593,0.9971590909090909,0.025270438020925694,0.8096590909090909,0.030945203050186203,0.9914772727272727,0.030945203050186203,0.9914772727272727,0.03059053023585742,0.9801136363636364,0.024117751374357156,0.7727272727272727,0.031122539457350593,0.9971590909090909,0.03121120766093279,1.0,0.03059053023585742,0.9801136363636364
77,0.028881498337125854,0.9375,0.030631892175739542,0.9943181818181818,0.03080693155960091,1.0,0.03080693155960091,1.0,0.02721862419044285,0.8835227272727273,0.030456852791878174,0.9886363636363636,0.030631892175739542,0.9943181818181818,0.02923157710484859,0.9488636363636364,0.0274811832662349,0.8920454545454546,0.030631892175739542,0.9943181818181818,0.030544372483808858,0.9914772727272727,0.03080693155960091,1.0,0.026343427271136005,0.8551136363636364,0.030544372483808858,0.9914772727272727,0.03080693155960091,1.0,0.03080693155960091,1.0,0.02485559250831437,0.8068181818181818,0.03001925433222475,0.9744318181818182,0.029931734640294066,0.9715909090909091,0.029144057412917906,0.9460227272727273,0.027656222650096273,0.8977272727272727,0.030631892175739542,0.9943181818181818,0.03036933309994749,0.9857954545454546,0.028531419569403117,0.9261363636363636,0.028881498337125854,0.9375,0.030456852791878174,0.9886363636363636,0.03080693155960091,1.0,0.024505513740591633,0.7954545454545454,0.027131104498512165,0.8806818181818182,0.029931734640294066,0.9715909090909091,0.030719411867670226,0.9971590909090909,0.02940661648870996,0.9545454545454546,0.025380710659898477,0.8238636363636364,0.030281813408016802,0.9829545454545454,0.029494136180640645,0.9573863636363636,0.027918781725888325,0.90625,0.025905828811482585,0.8409090909090909,0.03036933309994749,0.9857954545454546,0.028356380185541746,0.9204545454545454,0.028356380185541746,0.9204545454545454,0.024067915280938212,0.78125,0.030194293716086118,0.9801136363636364,0.02879397864519517,0.9346590909090909,0.029494136180640645,0.9573863636363636,0.02546823035182916,0.8267045454545454,0.030456852791878174,0.9886363636363636,0.02958165587257133,0.9602272727272727,0.029144057412917906,0.9460227272727273,0.028881498337125854,0.9375,0.030456852791878174,0.9886363636363636,0.03080693155960091,1.0,0.03080693155960091,1.0,0.027393663574304217,0.8892045454545454,0.030631892175739542,0.9943181818181818,0.03036933309994749,0.9857954545454546,0.029494136180640645,0.9573863636363636,0.02800630141781901,0.9090909090909091,0.030544372483808858,0.9914772727272727,0.03036933309994749,0.9857954545454546,0.03080693155960091,1.0,0.026343427271136005,0.8551136363636364,0.030194293716086118,0.9801136363636364,0.03080693155960091,1.0,0.03080693155960091,1.0,0.023367757745492736,0.7585227272727273,0.03036933309994749,0.9857954545454546,0.03036933309994749,0.9857954545454546,0.029669175564502014,0.9630681818181818,0.0274811832662349,0.8920454545454546,0.030544372483808858,0.9914772727272727,0.02984421494836338,0.96875,0.03036933309994749,0.9857954545454546,0.025555750043759845,0.8295454545454546,0.03036933309994749,0.9857954545454546,0.030719411867670226,0.9971590909090909,0.030719411867670226,0.9971590909090909,0.023280238053562052,0.7556818181818182,0.030544372483808858,0.9914772727272727,0.030631892175739542,0.9943181818181818,0.030281813408016802,0.9829545454545454,0.02398039558900753,0.7784090909090909,0.030719411867670226,0.9971590909090909,0.03080693155960091,1.0,0.030456852791878174,0.9886363636363636,0.02520567127603711,0.8181818181818182,0.03036933309994749,0.9857954545454546,0.030719411867670226,0.9971590909090909,0.030719411867670226,0.9971590909090909,0.025118151584106425,0.8153409090909091,0.030544372483808858,0.9914772727272727,0.030631892175739542,0.9943181818181818,0.030194293716086118,0.9801136363636364,0.02389287589707684,0.7755681818181818,0.030719411867670226,0.9971590909090909,0.03080693155960091,1.0,0.030456852791878174,0.9886363636363636
78,0.028682505399568035,0.9431818181818182,0.03023758099352052,0.9943181818181818,0.03041036717062635,1.0,0.03041036717062635,1.0,0.02695464362850972,0.8863636363636364,0.030064794816414688,0.9886363636363636,0.03023758099352052,0.9943181818181818,0.028941684665226782,0.9517045454545454,0.027213822894168467,0.8948863636363636,0.03023758099352052,0.9943181818181818,0.03023758099352052,0.9943181818181818,0.03041036717062635,1.0,0.026177105831533477,0.8607954545454546,0.030151187904967604,0.9914772727272727,0.03041036717062635,1.0,0.03041036717062635,1.0,0.02470842332613391,0.8125,0.029805615550755938,0.9801136363636364,0.02954643628509719,0.9715909090909091,0.028855291576673867,0.9488636363636364,0.027473002159827214,0.9034090909090909,0.03023758099352052,0.9943181818181818,0.030151187904967604,0.9914772727272727,0.028250539956803454,0.9289772727272727,0.028682505399568035,0.9431818181818182,0.030151187904967604,0.9914772727272727,0.03041036717062635,1.0,0.024190064794816415,0.7954545454545454,0.02695464362850972,0.8863636363636364,0.029892008639308857,0.9829545454545454,0.03041036717062635,1.0,0.029114470842332613,0.9573863636363636,0.025226781857451405,0.8295454545454546,0.030064794816414688,0.9886363636363636,0.02920086393088553,0.9602272727272727,0.027645788336933045,0.9090909090909091,0.026004319654427645,0.8551136363636364,0.030064794816414688,0.9886363636363636,0.028077753779697623,0.9232954545454546,0.028077753779697623,0.9232954545454546,0.0241036717062635,0.7926136363636364,0.029892008639308857,0.9829545454545454,0.02859611231101512,0.9403409090909091,0.02937365010799136,0.9659090909090909,0.025399568034557236,0.8352272727272727,0.030064794816414688,0.9886363636363636,0.02954643628509719,0.9715909090909091,0.02876889848812095,0.9460227272727273,0.028509719222462204,0.9375,0.030064794816414688,0.9886363636363636,0.03041036717062635,1.0,0.03041036717062635,1.0,0.027213822894168467,0.8948863636363636,0.030323974082073435,0.9971590909090909,0.029978401727861773,0.9857954545454546,0.02937365010799136,0.9659090909090909,0.027818574514038876,0.9147727272727273,0.03023758099352052,0.9943181818181818,0.029978401727861773,0.9857954545454546,0.03041036717062635,1.0,0.026177105831533477,0.8607954545454546,0.029805615550755938,0.9801136363636364,0.03041036717062635,1.0,0.03041036717062635,1.0,0.023585313174946006,0.7755681818181818,0.030064794816414688,0.9886363636363636,0.029978401727861773,0.9857954545454546,0.02937365010799136,0.9659090909090909,0.02755939524838013,0.90625,0.030323974082073435,0.9971590909090909,0.029719222462203022,0.9772727272727273,0.029978401727861773,0.9857954545454546,0.02531317494600432,0.8323863636363636,0.029978401727861773,0.9857954545454546,0.030323974082073435,0.9971590909090909,0.030323974082073435,0.9971590909090909,0.023585313174946006,0.7755681818181818,0.030151187904967604,0.9914772727272727,0.03023758099352052,0.9943181818181818,0.029892008639308857,0.9829545454545454,0.023758099352051837,0.78125,0.030323974082073435,0.9971590909090909,0.03041036717062635,1.0,0.030064794816414688,0.9886363636363636,0.025226781857451405,0.8295454545454546,0.030064794816414688,0.9886363636363636,0.030323974082073435,0.9971590909090909,0.030323974082073435,0.9971590909090909,0.02531317494600432,0.8323863636363636,0.030151187904967604,0.9914772727272727,0.03023758099352052,0.9943181818181818,0.029805615550755938,0.9801136363636364,0.023844492440604752,0.7840909090909091,0.030323974082073435,0.9971590909090909,0.03041036717062635,1.0,0.030064794816414688,0.9886363636363636
79,0.028405698200119425,0.9460227272727273,0.029855838949074467,0.9943181818181818,0.03002644374306918,1.0,0.03002644374306918,1.0,0.026784952657169667,0.8920454545454546,0.02968523415507976,0.9886363636363636,0.029855838949074467,0.9943181818181818,0.02866160539111149,0.9545454545454546,0.027040859848161732,0.9005681818181818,0.029855838949074467,0.9943181818181818,0.029941141346071825,0.9971590909090909,0.03002644374306918,1.0,0.026017231084193466,0.8664772727272727,0.029855838949074467,0.9943181818181818,0.03002644374306918,1.0,0.03002644374306918,1.0,0.024481787938241066,0.8153409090909091,0.02942932696408769,0.9801136363636364,0.02942932696408769,0.9801136363636364,0.02849100059711678,0.9488636363636364,0.027637976627143224,0.9204545454545454,0.029855838949074467,0.9943181818181818,0.029855838949074467,0.9943181818181818,0.028149791009127356,0.9375,0.028405698200119425,0.9460227272727273,0.029941141346071825,0.9971590909090909,0.03002644374306918,1.0,0.023884671159259574,0.7954545454545454,0.026784952657169667,0.8920454545454546,0.029514629361085048,0.9829545454545454,0.03002644374306918,1.0,0.028746907788108844,0.9573863636363636,0.02533481190821462,0.84375,0.02968523415507976,0.9886363636363636,0.029173419773095625,0.9715909090909091,0.02772327902414058,0.9232954545454546,0.025846626290198755,0.8607954545454546,0.029770536552077113,0.9914772727272727,0.02789388381813529,0.9289772727272727,0.02789388381813529,0.9289772727272727,0.023884671159259574,0.7954545454545454,0.029514629361085048,0.9829545454545454,0.028320395803122067,0.9431818181818182,0.029088117376098267,0.96875,0.02516420711421991,0.8380681818181818,0.029770536552077113,0.9914772727272727,0.02925872217009298,0.9744318181818182,0.02849100059711678,0.9488636363636364,0.028320395803122067,0.9431818181818182,0.029770536552077113,0.9914772727272727,0.03002644374306918,1.0,0.03002644374306918,1.0,0.027040859848161732,0.9005681818181818,0.029941141346071825,0.9971590909090909,0.029599931758082402,0.9857954545454546,0.029002814979100913,0.9659090909090909,0.027808581421137932,0.9261363636363636,0.029855838949074467,0.9943181818181818,0.029855838949074467,0.9943181818181818,0.03002644374306918,1.0,0.02610253348119082,0.8693181818181818,0.029514629361085048,0.9829545454545454,0.03002644374306918,1.0,0.03002644374306918,1.0,0.02362876396826751,0.7869318181818182,0.02968523415507976,0.9886363636363636,0.02968523415507976,0.9886363636363636,0.029002814979100913,0.9659090909090909,0.0272967670391538,0.9090909090909091,0.029941141346071825,0.9971590909090909,0.029514629361085048,0.9829545454545454,0.029599931758082402,0.9857954545454546,0.025420114305211978,0.8465909090909091,0.02968523415507976,0.9886363636363636,0.029941141346071825,0.9971590909090909,0.029941141346071825,0.9971590909090909,0.02362876396826751,0.7869318181818182,0.029770536552077113,0.9914772727272727,0.029855838949074467,0.9943181818181818,0.029514629361085048,0.9829545454545454,0.023714066365264862,0.7897727272727273,0.029941141346071825,0.9971590909090909,0.03002644374306918,1.0,0.02968523415507976,0.9886363636363636,0.025249509511217266,0.8409090909090909,0.02968523415507976,0.9886363636363636,0.029941141346071825,0.9971590909090909,0.029941141346071825,0.9971590909090909,0.024993602320225197,0.8323863636363636,0.029770536552077113,0.9914772727272727,0.029855838949074467,0.9943181818181818,0.029599931758082402,0.9857954545454546,0.023714066365264862,0.7897727272727273,0.029941141346071825,0.9971590909090909,0.03002644374306918,1.0,0.029770536552077113,0.9914772727272727
80,0.028049191374663072,0.9460227272727273,0.029565363881401616,0.9971590909090909,0.029649595687331536,1.0,0.029649595687331536,1.0,0.026617250673854446,0.8977272727272727,0.02931266846361186,0.9886363636363636,0.029565363881401616,0.9971590909090909,0.02847035040431267,0.9602272727272727,0.027122641509433963,0.9147727272727273,0.0294811320754717,0.9943181818181818,0.029649595687331536,1.0,0.029649595687331536,1.0,0.026111859838274933,0.8806818181818182,0.0294811320754717,0.9943181818181818,0.029649595687331536,1.0,0.029649595687331536,1.0,0.02451145552560647,0.8267045454545454,0.029144204851752023,0.9829545454545454,0.02922843665768194,0.9857954545454546,0.02821765498652291,0.9517045454545454,0.02745956873315364,0.9261363636363636,0.0294811320754717,0.9943181818181818,0.029565363881401616,0.9971590909090909,0.027880727762803235,0.9403409090909091,0.028049191374663072,0.9460227272727273,0.029565363881401616,0.9971590909090909,0.029649595687331536,1.0,0.02358490566037736,0.7954545454545454,0.026617250673854446,0.8977272727272727,0.02922843665768194,0.9857954545454546,0.029649595687331536,1.0,0.02847035040431267,0.9602272727272727,0.0255222371967655,0.8607954545454546,0.029565363881401616,0.9971590909090909,0.028807277628032344,0.9715909090909091,0.027375336927223718,0.9232954545454546,0.025690700808625337,0.8664772727272727,0.029396900269541778,0.9914772727272727,0.02754380053908356,0.9289772727272727,0.02754380053908356,0.9289772727272727,0.024006064690026953,0.8096590909090909,0.02922843665768194,0.9857954545454546,0.027964959568733155,0.9431818181818182,0.028891509433962265,0.9744318181818182,0.025101078167115903,0.8465909090909091,0.029396900269541778,0.9914772727272727,0.028891509433962265,0.9744318181818182,0.028133423180592993,0.9488636363636364,0.027964959568733155,0.9431818181818182,0.0294811320754717,0.9943181818181818,0.029649595687331536,1.0,0.029649595687331536,1.0,0.027038409703504043,0.9119318181818182,0.029565363881401616,0.9971590909090909,0.02931266846361186,0.9886363636363636,0.028638814016172506,0.9659090909090909,0.027880727762803235,0.9403409090909091,0.029565363881401616,0.9971590909090909,0.0294811320754717,0.9943181818181818,0.029649595687331536,1.0,0.026111859838274933,0.8806818181818182,0.02922843665768194,0.9857954545454546,0.029649595687331536,1.0,0.029649595687331536,1.0,0.023669137466307277,0.7982954545454546,0.02931266846361186,0.9886363636363636,0.029396900269541778,0.9914772727272727,0.028638814016172506,0.9659090909090909,0.027122641509433963,0.9147727272727273,0.029565363881401616,0.9971590909090909,0.02931266846361186,0.9886363636363636,0.02931266846361186,0.9886363636363636,0.02543800539083558,0.8579545454545454,0.02931266846361186,0.9886363636363636,0.029565363881401616,0.9971590909090909,0.029565363881401616,0.9971590909090909,0.023753369272237198,0.8011363636363636,0.029396900269541778,0.9914772727272727,0.0294811320754717,0.9943181818181818,0.02922843665768194,0.9857954545454546,0.02358490566037736,0.7954545454545454,0.029565363881401616,0.9971590909090909,0.029649595687331536,1.0,0.02931266846361186,0.9886363636363636,0.02526954177897574,0.8522727272727273,0.02931266846361186,0.9886363636363636,0.029565363881401616,0.9971590909090909,0.029565363881401616,0.9971590909090909,0.02535377358490566,0.8551136363636364,0.029396900269541778,0.9914772727272727,0.0294811320754717,0.9943181818181818,0.02931266846361186,0.9886363636363636,0.02358490566037736,0.7954545454545454,0.029565363881401616,0.9971590909090909,0.029649595687331536,1.0,0.029396900269541778,0.9914772727272727
81,0.028036605657237937,0.9573863636363636,0.029201331114808653,0.9971590909090909,0.029284525790349417,1.0,0.029284525790349417,1.0,0.02653910149750416,0.90625,0.028951747088186357,0.9886363636363636,0.029284525790349417,1.0,0.028452579034941763,0.9715909090909091,0.02695507487520799,0.9204545454545454,0.029201331114808653,0.9971590909090909,0.029284525790349417,1.0,0.029284525790349417,1.0,0.0259567387687188,0.8863636363636364,0.029201331114808653,0.9971590909090909,0.029284525790349417,1.0,0.029284525790349417,1.0,0.024875207986688852,0.8494318181818182,0.02886855241264559,0.9857954545454546,0.02903494176372712,0.9914772727272727,0.028036605657237937,0.9573863636363636,0.027121464226289516,0.9261363636363636,0.029118136439267885,0.9943181818181818,0.029284525790349417,1.0,0.027703826955074874,0.9460227272727273,0.0281198003327787,0.9602272727272727,0.029201331114808653,0.9971590909090909,0.029284525790349417,1.0,0.02329450915141431,0.7954545454545454,0.026455906821963394,0.9034090909090909,0.02886855241264559,0.9857954545454546,0.029284525790349417,1.0,0.028286189683860232,0.9659090909090909,0.02545757071547421,0.8693181818181818,0.029201331114808653,0.9971590909090909,0.02870216306156406,0.9801136363636364,0.027038269550748752,0.9232954545454546,0.02562396006655574,0.875,0.029201331114808653,0.9971590909090909,0.027537437603993343,0.9403409090909091,0.027537437603993343,0.9403409090909091,0.023876871880199668,0.8153409090909091,0.02886855241264559,0.9857954545454546,0.02762063227953411,0.9431818181818182,0.02853577371048253,0.9744318181818182,0.024958402662229616,0.8522727272727273,0.029118136439267885,0.9943181818181818,0.028785357737104826,0.9829545454545454,0.02778702163061564,0.9488636363636364,0.02778702163061564,0.9488636363636364,0.029201331114808653,0.9971590909090909,0.029284525790349417,1.0,0.029284525790349417,1.0,0.027121464226289516,0.9261363636363636,0.029201331114808653,0.9971590909090909,0.028951747088186357,0.9886363636363636,0.028286189683860232,0.9659090909090909,0.02762063227953411,0.9431818181818182,0.029201331114808653,0.9971590909090909,0.029201331114808653,0.9971590909090909,0.029284525790349417,1.0,0.025873544093178037,0.8835227272727273,0.028951747088186357,0.9886363636363636,0.029284525790349417,1.0,0.029284525790349417,1.0,0.023377703826955074,0.7982954545454546,0.028951747088186357,0.9886363636363636,0.029201331114808653,0.9971590909090909,0.028369384359401,0.96875,0.026788685524126457,0.9147727272727273,0.029201331114808653,0.9971590909090909,0.02903494176372712,0.9914772727272727,0.02903494176372712,0.9914772727272727,0.02529118136439268,0.8636363636363636,0.028951747088186357,0.9886363636363636,0.029201331114808653,0.9971590909090909,0.029201331114808653,0.9971590909090909,0.023627287853577372,0.8068181818181818,0.02903494176372712,0.9914772727272727,0.029118136439267885,0.9943181818181818,0.028951747088186357,0.9886363636363636,0.023627287853577372,0.8068181818181818,0.029201331114808653,0.9971590909090909,0.029284525790349417,1.0,0.02903494176372712,0.9914772727272727,0.025374376039933443,0.8664772727272727,0.028951747088186357,0.9886363636363636,0.029201331114808653,0.9971590909090909,0.029201331114808653,0.9971590909090909,0.025124792013311147,0.8579545454545454,0.02903494176372712,0.9914772727272727,0.029118136439267885,0.9943181818181818,0.028951747088186357,0.9886363636363636,0.023544093178036605,0.8039772727272727,0.029201331114808653,0.9971590909090909,0.029284525790349417,1.0,0.029118136439267885,0.9943181818181818
82,0.027859960552268245,0.9630681818181818,0.028846153846153848,0.9971590909090909,0.028928336620644313,1.0,0.028928336620644313,1.0,0.02638067061143984,0.9119318181818182,0.028599605522682446,0.9886363636363636,0.028928336620644313,1.0,0.028106508875739646,0.9715909090909091,0.026709401709401708,0.9232954545454546,0.028928336620644313,1.0,0.028928336620644313,1.0,0.028928336620644313,1.0,0.025805391190006573,0.8920454545454546,0.028846153846153848,0.9971590909090909,0.028928336620644313,1.0,0.028928336620644313,1.0,0.02490138067061144,0.8607954545454546,0.028517422748191978,0.9857954545454546,0.02868178829717291,0.9914772727272727,0.027859960552268245,0.9630681818181818,0.02687376725838264,0.9289772727272727,0.028846153846153848,0.9971590909090909,0.028928336620644313,1.0,0.027531229454306378,0.9517045454545454,0.027859960552268245,0.9630681818181818,0.028846153846153848,0.9971590909090909,0.028928336620644313,1.0,0.023011176857330704,0.7954545454545454,0.026545036160420775,0.9176136363636364,0.028599605522682446,0.9886363636363636,0.028928336620644313,1.0,0.028024326101249178,0.96875,0.025312294543063774,0.875,0.028846153846153848,0.9971590909090909,0.028353057199211044,0.9801136363636364,0.026709401709401708,0.9232954545454546,0.02572320841551611,0.8892045454545454,0.028846153846153848,0.9971590909090909,0.027366863905325445,0.9460227272727273,0.027366863905325445,0.9460227272727273,0.024079552925706772,0.8323863636363636,0.028517422748191978,0.9857954545454546,0.027284681130834976,0.9431818181818182,0.02818869165023011,0.9744318181818182,0.02523011176857331,0.8721590909090909,0.02876397107166338,0.9943181818181818,0.028435239973701513,0.9829545454545454,0.02744904667981591,0.9488636363636364,0.027777777777777776,0.9602272727272727,0.028846153846153848,0.9971590909090909,0.028928336620644313,1.0,0.028928336620644313,1.0,0.027038132807363578,0.9346590909090909,0.028846153846153848,0.9971590909090909,0.028599605522682446,0.9886363636363636,0.028024326101249178,0.96875,0.027366863905325445,0.9460227272727273,0.028846153846153848,0.9971590909090909,0.028846153846153848,0.9971590909090909,0.028928336620644313,1.0,0.026051939513477975,0.9005681818181818,0.028846153846153848,0.9971590909090909,0.028928336620644313,1.0,0.028928336620644313,1.0,0.023257725180802102,0.8039772727272727,0.02876397107166338,0.9943181818181818,0.028846153846153848,0.9971590909090909,0.028106508875739646,0.9715909090909091,0.02687376725838264,0.9289772727272727,0.028846153846153848,0.9971590909090909,0.02868178829717291,0.9914772727272727,0.02868178829717291,0.9914772727272727,0.02523011176857331,0.8721590909090909,0.02868178829717291,0.9914772727272727,0.028846153846153848,0.9971590909090909,0.028846153846153848,0.9971590909090909,0.02333990795529257,0.8068181818181818,0.02868178829717291,0.9914772727272727,0.02876397107166338,0.9943181818181818,0.02868178829717291,0.9914772727272727,0.023504273504273504,0.8125,0.028846153846153848,0.9971590909090909,0.028928336620644313,1.0,0.02868178829717291,0.9914772727272727,0.02514792899408284,0.8693181818181818,0.02868178829717291,0.9914772727272727,0.028846153846153848,0.9971590909090909,0.028846153846153848,0.9971590909090909,0.02514792899408284,0.8693181818181818,0.02876397107166338,0.9943181818181818,0.02876397107166338,0.9943181818181818,0.02868178829717291,0.9914772727272727,0.023750821827744906,0.8210227272727273,0.028846153846153848,0.9971590909090909,0.028928336620644313,1.0,0.02876397107166338,0.9943181818181818
83,0.027522935779816515,0.9630681818181818,0.02857838759438175,1.0,0.02857838759438175,1.0,0.02857838759438175,1.0,0.02622391816189007,0.9176136363636364,0.028253633189900138,0.9886363636363636,0.02857838759438175,1.0,0.02776650158317772,0.9715909090909091,0.026629861167492084,0.9318181818181818,0.02857838759438175,1.0,0.02857838759438175,1.0,0.02857838759438175,1.0,0.025736786555167656,0.9005681818181818,0.02857838759438175,1.0,0.02857838759438175,1.0,0.02857838759438175,1.0,0.024762523341722822,0.8664772727272727,0.028172444588779735,0.9857954545454546,0.028416010392140943,0.9943181818181818,0.027604124380936918,0.9659090909090909,0.026629861167492084,0.9318181818181818,0.02857838759438175,1.0,0.02857838759438175,1.0,0.02736055857757571,0.9573863636363636,0.027522935779816515,0.9630681818181818,0.028497198993261346,0.9971590909090909,0.02857838759438175,1.0,0.022732808313712754,0.7954545454545454,0.026305106763010472,0.9204545454545454,0.028253633189900138,0.9886363636363636,0.02857838759438175,1.0,0.027847690184298123,0.9744318181818182,0.02500608914508403,0.875,0.028497198993261346,0.9971590909090909,0.02833482179102054,0.9914772727272727,0.026386295364130875,0.9232954545454546,0.02557440935292685,0.8948863636363636,0.028497198993261346,0.9971590909090909,0.027035804173094098,0.9460227272727273,0.027035804173094098,0.9460227272727273,0.0241130145327596,0.84375,0.028172444588779735,0.9857954545454546,0.027522935779816515,0.9630681818181818,0.027928878785418526,0.9772727272727273,0.02500608914508403,0.875,0.028497198993261346,0.9971590909090909,0.02833482179102054,0.9914772727272727,0.0271169927742145,0.9488636363636364,0.027522935779816515,0.9630681818181818,0.028497198993261346,0.9971590909090909,0.02857838759438175,1.0,0.02857838759438175,1.0,0.026711049768612487,0.9346590909090909,0.028497198993261346,0.9971590909090909,0.028253633189900138,0.9886363636363636,0.027685312982057318,0.96875,0.0271169927742145,0.9488636363636364,0.02857838759438175,1.0,0.028497198993261346,0.9971590909090909,0.02857838759438175,1.0,0.025736786555167656,0.9005681818181818,0.028497198993261346,0.9971590909090909,0.02857838759438175,1.0,0.02857838759438175,1.0,0.023382317122675977,0.8181818181818182,0.028497198993261346,0.9971590909090909,0.02857838759438175,1.0,0.02776650158317772,0.9715909090909091,0.026873426970853292,0.9403409090909091,0.028497198993261346,0.9971590909090909,0.028497198993261346,0.9971590909090909,0.028416010392140943,0.9943181818181818,0.02524965494844524,0.8835227272727273,0.02833482179102054,0.9914772727272727,0.028497198993261346,0.9971590909090909,0.028497198993261346,0.9971590909090909,0.023301128521555574,0.8153409090909091,0.02833482179102054,0.9914772727272727,0.028497198993261346,0.9971590909090909,0.02833482179102054,0.9914772727272727,0.023950637330518797,0.8380681818181818,0.028497198993261346,0.9971590909090909,0.02857838759438175,1.0,0.02833482179102054,0.9914772727272727,0.02500608914508403,0.875,0.02833482179102054,0.9914772727272727,0.028497198993261346,0.9971590909090909,0.028497198993261346,0.9971590909090909,0.025087277746204433,0.8778409090909091,0.028416010392140943,0.9943181818181818,0.028416010392140943,0.9943181818181818,0.02833482179102054,0.9914772727272727,0.023869448729398394,0.8352272727272727,0.028497198993261346,0.9971590909090909,0.02857838759438175,1.0,0.028416010392140943,0.9943181818181818
84,0.02727637384677096,0.9659090909090909,0.02823906939430405,1.0,0.02823906939430405,1.0,0.02823906939430405,1.0,0.026233453670276775,0.9289772727272727,0.02807862013638187,0.9943181818181818,0.02823906939430405,1.0,0.02751704773365423,0.9744318181818182,0.02655435218612114,0.9403409090909091,0.02823906939430405,1.0,0.02823906939430405,1.0,0.02823906939430405,1.0,0.025591656638588048,0.90625,0.02823906939430405,1.0,0.02823906939430405,1.0,0.02823906939430405,1.0,0.024628961091054953,0.8721590909090909,0.027837946249498598,0.9857954545454546,0.02807862013638187,0.9943181818181818,0.02727637384677096,0.9659090909090909,0.026393902928198956,0.9346590909090909,0.02823906939430405,1.0,0.02823906939430405,1.0,0.027196149217809867,0.9630681818181818,0.02727637384677096,0.9659090909090909,0.02815884476534296,0.9971590909090909,0.02823906939430405,1.0,0.022462896109105495,0.7954545454545454,0.026153229041315684,0.9261363636363636,0.027998395507420778,0.9914772727272727,0.02823906939430405,1.0,0.02751704773365423,0.9744318181818182,0.024709185720016045,0.875,0.02815884476534296,0.9971590909090909,0.02815884476534296,0.9971590909090909,0.026313678299237867,0.9318181818181818,0.025431207380665864,0.9005681818181818,0.02815884476534296,0.9971590909090909,0.02679502607300441,0.9488636363636364,0.02679502607300441,0.9488636363636364,0.02430806257521059,0.8607954545454546,0.027837946249498598,0.9857954545454546,0.02735659847573205,0.96875,0.027677496991576414,0.9801136363636364,0.0251103088648215,0.8892045454545454,0.02815884476534296,0.9971590909090909,0.02807862013638187,0.9943181818181818,0.027035699959887687,0.9573863636363636,0.027196149217809867,0.9630681818181818,0.02823906939430405,1.0,0.02823906939430405,1.0,0.02823906939430405,1.0,0.026714801444043323,0.9460227272727273,0.02815884476534296,0.9971590909090909,0.027998395507420778,0.9914772727272727,0.027436823104693142,0.9715909090909091,0.026875250701965503,0.9517045454545454,0.02823906939430405,1.0,0.02823906939430405,1.0,0.02823906939430405,1.0,0.025671881267549136,0.9090909090909091,0.02815884476534296,0.9971590909090909,0.02823906939430405,1.0,0.02823906939430405,1.0,0.02358604091456077,0.8352272727272727,0.02823906939430405,1.0,0.02823906939430405,1.0,0.02751704773365423,0.9744318181818182,0.026955475330926595,0.9545454545454546,0.02815884476534296,0.9971590909090909,0.02815884476534296,0.9971590909090909,0.02815884476534296,0.9971590909090909,0.0251103088648215,0.8892045454545454,0.027998395507420778,0.9914772727272727,0.02815884476534296,0.9971590909090909,0.02815884476534296,0.9971590909090909,0.023104693140794223,0.8181818181818182,0.02807862013638187,0.9943181818181818,0.02823906939430405,1.0,0.027998395507420778,0.9914772727272727,0.023826714801444042,0.84375,0.02815884476534296,0.9971590909090909,0.02823906939430405,1.0,0.02815884476534296,0.9971590909090909,0.0251103088648215,0.8892045454545454,0.027998395507420778,0.9914772727272727,0.02815884476534296,0.9971590909090909,0.02815884476534296,0.9971590909090909,0.025190533493782592,0.8920454545454546,0.02807862013638187,0.9943181818181818,0.02807862013638187,0.9943181818181818,0.027998395507420778,0.9914772727272727,0.023826714801444042,0.84375,0.02815884476534296,0.9971590909090909,0.02823906939430405,1.0,0.02807862013638187,0.9943181818181818
85,0.02703345489139052,0.96875,0.027905501823370857,1.0,0.027905501823370857,1.0,0.027905501823370857,1.0,0.02600285397177739,0.9318181818181818,0.02774694783573807,0.9943181818181818,0.027905501823370857,1.0,0.027271285872839703,0.9772727272727273,0.02639923894085936,0.9460227272727273,0.027905501823370857,1.0,0.027905501823370857,1.0,0.027905501823370857,1.0,0.02544791501506263,0.9119318181818182,0.027905501823370857,1.0,0.027905501823370857,1.0,0.027905501823370857,1.0,0.02473442207071508,0.8863636363636364,0.02758839384810528,0.9886363636363636,0.02774694783573807,0.9943181818181818,0.02703345489139052,0.96875,0.026082130965593784,0.9346590909090909,0.027905501823370857,1.0,0.027905501823370857,1.0,0.02703345489139052,0.96875,0.02703345489139052,0.96875,0.027905501823370857,1.0,0.027905501823370857,1.0,0.022197558268590455,0.7954545454545454,0.025923576977960997,0.9289772727272727,0.027667670841921673,0.9914772727272727,0.027905501823370857,1.0,0.027350562866656096,0.9801136363636364,0.024496591089265895,0.8778409090909091,0.027826224829554463,0.9971590909090909,0.027826224829554463,0.9971590909090909,0.026795623909941335,0.9602272727272727,0.025368638021246233,0.9090909090909091,0.027905501823370857,1.0,0.026478515934675758,0.9488636363636364,0.026478515934675758,0.9488636363636364,0.024496591089265895,0.8778409090909091,0.027509116854288886,0.9857954545454546,0.027112731885206912,0.9715909090909091,0.027350562866656096,0.9801136363636364,0.024813699064531472,0.8892045454545454,0.027905501823370857,1.0,0.027826224829554463,0.9971590909090909,0.026795623909941335,0.9602272727272727,0.026954177897574125,0.9659090909090909,0.027905501823370857,1.0,0.027905501823370857,1.0,0.027905501823370857,1.0,0.02639923894085936,0.9460227272727273,0.027826224829554463,0.9971590909090909,0.027667670841921673,0.9914772727272727,0.027271285872839703,0.9772727272727273,0.026637069922308545,0.9545454545454546,0.027905501823370857,1.0,0.027905501823370857,1.0,0.027905501823370857,1.0,0.025527192008879023,0.9147727272727273,0.027905501823370857,1.0,0.027905501823370857,1.0,0.027905501823370857,1.0,0.02370382115110195,0.8494318181818182,0.027905501823370857,1.0,0.027905501823370857,1.0,0.02719200887902331,0.9744318181818182,0.02671634691612494,0.9573863636363636,0.027905501823370857,1.0,0.027826224829554463,0.9971590909090909,0.027826224829554463,0.9971590909090909,0.025051530045980656,0.8977272727272727,0.027667670841921673,0.9914772727272727,0.027826224829554463,0.9971590909090909,0.027826224829554463,0.9971590909090909,0.023228159188203583,0.8323863636363636,0.027905501823370857,1.0,0.027905501823370857,1.0,0.027667670841921673,0.9914772727272727,0.023624544157285557,0.8465909090909091,0.027826224829554463,0.9971590909090909,0.027905501823370857,1.0,0.027826224829554463,0.9971590909090909,0.025210084033613446,0.9034090909090909,0.027667670841921673,0.9914772727272727,0.027826224829554463,0.9971590909090909,0.027826224829554463,0.9971590909090909,0.025051530045980656,0.8977272727272727,0.02774694783573807,0.9943181818181818,0.02774694783573807,0.9943181818181818,0.027667670841921673,0.9914772727272727,0.02386237513873474,0.8551136363636364,0.027826224829554463,0.9971590909090909,0.027905501823370857,1.0,0.02774694783573807,0.9943181818181818
86,0.026876665099514183,0.9744318181818182,0.02758188371728569,1.0,0.02758188371728569,1.0,0.02758188371728569,1.0,0.026171446481742675,0.9488636363636364,0.027425168468892022,0.9943181818181818,0.02758188371728569,1.0,0.026955022723711017,0.9772727272727273,0.02609308885754584,0.9460227272727273,0.02758188371728569,1.0,0.02758188371728569,1.0,0.02758188371728569,1.0,0.025309512615577495,0.9176136363636364,0.02758188371728569,1.0,0.02758188371728569,1.0,0.02758188371728569,1.0,0.02468265162200282,0.8948863636363636,0.027268453220498354,0.9886363636363636,0.027425168468892022,0.9943181818181818,0.02703338034790785,0.9801136363636364,0.025936373609152172,0.9403409090909091,0.02758188371728569,1.0,0.02758188371728569,1.0,0.02679830747531735,0.9715909090909091,0.02703338034790785,0.9801136363636364,0.02758188371728569,1.0,0.02758188371728569,1.0,0.02194013477511362,0.7954545454545454,0.02570130073656167,0.9318181818181818,0.027425168468892022,0.9943181818181818,0.02758188371728569,1.0,0.02703338034790785,0.9801136363636364,0.024525936373609152,0.8892045454545454,0.027503526093088856,0.9971590909090909,0.027503526093088856,0.9971590909090909,0.02758188371728569,1.0,0.02523115499138066,0.9147727272727273,0.02758188371728569,1.0,0.026563234602726846,0.9630681818181818,0.026563234602726846,0.9630681818181818,0.024917724494593323,0.9034090909090909,0.027268453220498354,0.9886363636363636,0.026876665099514183,0.9744318181818182,0.02703338034790785,0.9801136363636364,0.024604293997805986,0.8920454545454546,0.02758188371728569,1.0,0.027503526093088856,0.9971590909090909,0.02648487697853001,0.9602272727272727,0.02679830747531735,0.9715909090909091,0.02758188371728569,1.0,0.02758188371728569,1.0,0.02758188371728569,1.0,0.026328161730136343,0.9545454545454546,0.027503526093088856,0.9971590909090909,0.027346810844695188,0.9914772727272727,0.026955022723711017,0.9772727272727273,0.026563234602726846,0.9630681818181818,0.02758188371728569,1.0,0.02758188371728569,1.0,0.02758188371728569,1.0,0.025309512615577495,0.9176136363636364,0.02758188371728569,1.0,0.02758188371728569,1.0,0.02758188371728569,1.0,0.02374236013164081,0.8607954545454546,0.02758188371728569,1.0,0.02758188371728569,1.0,0.026876665099514183,0.9744318181818182,0.026563234602726846,0.9630681818181818,0.02758188371728569,1.0,0.02758188371728569,1.0,0.02758188371728569,1.0,0.024917724494593323,0.9034090909090909,0.027346810844695188,0.9914772727272727,0.027503526093088856,0.9971590909090909,0.027503526093088856,0.9971590909090909,0.023350572010656635,0.8465909090909091,0.02758188371728569,1.0,0.02758188371728569,1.0,0.027346810844695188,0.9914772727272727,0.02374236013164081,0.8607954545454546,0.027503526093088856,0.9971590909090909,0.02758188371728569,1.0,0.027503526093088856,0.9971590909090909,0.024996082118790158,0.90625,0.027346810844695188,0.9914772727272727,0.027503526093088856,0.9971590909090909,0.027503526093088856,0.9971590909090909,0.024917724494593323,0.9034090909090909,0.027425168468892022,0.9943181818181818,0.027425168468892022,0.9943181818181818,0.027346810844695188,0.9914772727272727,0.02374236013164081,0.8607954545454546,0.027503526093088856,0.9971590909090909,0.02758188371728569,1.0,0.027425168468892022,0.9943181818181818
87,0.026723470178156468,0.9801136363636364,0.02726568551510457,1.0,0.02726568551510457,1.0,0.02726568551510457,1.0,0.025948876839659178,0.9517045454545454,0.027110766847405113,0.9943181818181818,0.02726568551510457,1.0,0.026723470178156468,0.9801136363636364,0.02602633617350891,0.9545454545454546,0.02726568551510457,1.0,0.02726568551510457,1.0,0.02726568551510457,1.0,0.02509682416731216,0.9204545454545454,0.02726568551510457,1.0,0.02726568551510457,1.0,0.02726568551510457,1.0,0.024864446165762975,0.9119318181818182,0.026955848179705654,0.9886363636363636,0.027110766847405113,0.9943181818181818,0.026800929512006195,0.9829545454545454,0.025716498838109992,0.9431818181818182,0.02726568551510457,1.0,0.02726568551510457,1.0,0.02656855151045701,0.9744318181818182,0.026723470178156468,0.9801136363636364,0.02726568551510457,1.0,0.02726568551510457,1.0,0.021688613477924088,0.7954545454545454,0.025561580170410533,0.9375,0.027110766847405113,0.9943181818181818,0.02726568551510457,1.0,0.026878388845855927,0.9857954545454546,0.024399690162664602,0.8948863636363636,0.02726568551510457,1.0,0.02718822618125484,0.9971590909090909,0.02726568551510457,1.0,0.025019364833462433,0.9176136363636364,0.02726568551510457,1.0,0.026336173508907823,0.9659090909090909,0.026336173508907823,0.9659090909090909,0.024941905499612702,0.9147727272727273,0.026955848179705654,0.9886363636363636,0.02656855151045701,0.9744318181818182,0.026723470178156468,0.9801136363636364,0.024399690162664602,0.8948863636363636,0.02726568551510457,1.0,0.02718822618125484,0.9971590909090909,0.02649109217660728,0.9715909090909091,0.026800929512006195,0.9829545454545454,0.02726568551510457,1.0,0.02726568551510457,1.0,0.02726568551510457,1.0,0.02602633617350891,0.9545454545454546,0.02718822618125484,0.9971590909090909,0.027110766847405113,0.9943181818181818,0.026723470178156468,0.9801136363636364,0.02641363284275755,0.96875,0.02726568551510457,1.0,0.02726568551510457,1.0,0.02726568551510457,1.0,0.02525174283501162,0.9261363636363636,0.02726568551510457,1.0,0.02726568551510457,1.0,0.02726568551510457,1.0,0.02378001549186677,0.8721590909090909,0.02726568551510457,1.0,0.02726568551510457,1.0,0.02656855151045701,0.9744318181818182,0.02656855151045701,0.9744318181818182,0.02726568551510457,1.0,0.02726568551510457,1.0,0.02726568551510457,1.0,0.024941905499612702,0.9147727272727273,0.02703330751355538,0.9914772727272727,0.02718822618125484,0.9971590909090909,0.02718822618125484,0.9971590909090909,0.023547637490317585,0.8636363636363636,0.02726568551510457,1.0,0.02726568551510457,1.0,0.027110766847405113,0.9943181818181818,0.02370255615801704,0.8693181818181818,0.02718822618125484,0.9971590909090909,0.02726568551510457,1.0,0.02718822618125484,0.9971590909090909,0.024941905499612702,0.9147727272727273,0.02703330751355538,0.9914772727272727,0.02718822618125484,0.9971590909090909,0.02718822618125484,0.9971590909090909,0.02525174283501162,0.9261363636363636,0.027110766847405113,0.9943181818181818,0.027110766847405113,0.9943181818181818,0.027110766847405113,0.9943181818181818,0.02378001549186677,0.8721590909090909,0.02718822618125484,0.9971590909090909,0.02726568551510457,1.0,0.027110766847405113,0.9943181818181818
88,0.026648288536641397,0.9886363636363636,0.026954590703729228,1.0,0.026954590703729228,1.0,0.026954590703729228,1.0,0.0257293820353779,0.9545454545454546,0.026878015161957272,0.9971590909090909,0.026954590703729228,1.0,0.026418561911325522,0.9801136363636364,0.02580595757714986,0.9573863636363636,0.026954590703729228,1.0,0.026954590703729228,1.0,0.026954590703729228,1.0,0.025193353242974195,0.9346590909090909,0.026954590703729228,1.0,0.026954590703729228,1.0,0.026954590703729228,1.0,0.024733899992342444,0.9176136363636364,0.026648288536641397,0.9886363636363636,0.026801439620185313,0.9943181818181818,0.02649513745309748,0.9829545454545454,0.025576230951833985,0.9488636363636364,0.026954590703729228,1.0,0.026954590703729228,1.0,0.02649513745309748,0.9829545454545454,0.026648288536641397,0.9886363636363636,0.026954590703729228,1.0,0.026954590703729228,1.0,0.02144115169614825,0.7954545454545454,0.02542307986829007,0.9431818181818182,0.026801439620185313,0.9943181818181818,0.026954590703729228,1.0,0.026648288536641397,0.9886363636363636,0.024427597825254613,0.90625,0.026954590703729228,1.0,0.026878015161957272,0.9971590909090909,0.026954590703729228,1.0,0.02496362661765832,0.9261363636363636,0.026954590703729228,1.0,0.02603568420246573,0.9659090909090909,0.02603568420246573,0.9659090909090909,0.02465732445057049,0.9147727272727273,0.026648288536641397,0.9886363636363636,0.026571712994869438,0.9857954545454546,0.026418561911325522,0.9801136363636364,0.024274446741710698,0.9005681818181818,0.026954590703729228,1.0,0.026878015161957272,0.9971590909090909,0.026341986369553566,0.9772727272727273,0.02649513745309748,0.9829545454545454,0.026954590703729228,1.0,0.026954590703729228,1.0,0.026954590703729228,1.0,0.02580595757714986,0.9573863636363636,0.026954590703729228,1.0,0.026801439620185313,0.9943181818181818,0.02649513745309748,0.9829545454545454,0.026265410827781607,0.9744318181818182,0.026954590703729228,1.0,0.026954590703729228,1.0,0.026954590703729228,1.0,0.02534650432651811,0.9403409090909091,0.026954590703729228,1.0,0.026954590703729228,1.0,0.026954590703729228,1.0,0.023814993491078948,0.8835227272727273,0.026954590703729228,1.0,0.026954590703729228,1.0,0.026265410827781607,0.9744318181818182,0.026341986369553566,0.9772727272727273,0.026954590703729228,1.0,0.026954590703729228,1.0,0.026954590703729228,1.0,0.025116777701202235,0.9318181818181818,0.026724864078413353,0.9914772727272727,0.026878015161957272,0.9971590909090909,0.026878015161957272,0.9971590909090909,0.023738417949306992,0.8806818181818182,0.026954590703729228,1.0,0.026954590703729228,1.0,0.026801439620185313,0.9943181818181818,0.023738417949306992,0.8806818181818182,0.026878015161957272,0.9971590909090909,0.026954590703729228,1.0,0.026878015161957272,0.9971590909090909,0.025116777701202235,0.9318181818181818,0.026724864078413353,0.9914772727272727,0.026878015161957272,0.9971590909090909,0.026878015161957272,0.9971590909090909,0.02542307986829007,0.9431818181818182,0.026801439620185313,0.9943181818181818,0.026801439620185313,0.9943181818181818,0.026801439620185313,0.9943181818181818,0.023814993491078948,0.8835227272727273,0.026878015161957272,0.9971590909090909,0.026954590703729228,1.0,0.026801439620185313,0.9943181818181818
89,0.026425380480048458,0.9914772727272727,0.026652532747785264,1.0,0.026652532747785264,1.0,0.026652532747785264,1.0,0.025819641099416975,0.96875,0.02657681532520633,0.9971590909090909,0.026652532747785264,1.0,0.02619822821231165,0.9829545454545454,0.02559248883168017,0.9602272727272727,0.026652532747785264,1.0,0.026652532747785264,1.0,0.026652532747785264,1.0,0.025516771409101233,0.9573863636363636,0.026652532747785264,1.0,0.026652532747785264,1.0,0.026652532747785264,1.0,0.024608162338154008,0.9232954545454546,0.026349663057469525,0.9886363636363636,0.02657681532520633,0.9971590909090909,0.02619822821231165,0.9829545454545454,0.025365336563943363,0.9517045454545454,0.026652532747785264,1.0,0.026652532747785264,1.0,0.026273945634890588,0.9857954545454546,0.026425380480048458,0.9914772727272727,0.026652532747785264,1.0,0.026652532747785264,1.0,0.021200878322101914,0.7954545454545454,0.0254410539865223,0.9545454545454546,0.026501097902627394,0.9943181818181818,0.026652532747785264,1.0,0.026349663057469525,0.9886363636363636,0.02430529264783827,0.9119318181818182,0.026652532747785264,1.0,0.02657681532520633,0.9971590909090909,0.026652532747785264,1.0,0.024986749451048687,0.9375,0.026652532747785264,1.0,0.025819641099416975,0.96875,0.025819641099416975,0.96875,0.024683879760732944,0.9261363636363636,0.026425380480048458,0.9914772727272727,0.026273945634890588,0.9857954545454546,0.02612251078973272,0.9801136363636364,0.02430529264783827,0.9119318181818182,0.026652532747785264,1.0,0.02657681532520633,0.9971590909090909,0.02612251078973272,0.9801136363636364,0.026425380480048458,0.9914772727272727,0.026652532747785264,1.0,0.026652532747785264,1.0,0.026652532747785264,1.0,0.025516771409101233,0.9573863636363636,0.026652532747785264,1.0,0.026501097902627394,0.9943181818181818,0.026273945634890588,0.9857954545454546,0.02612251078973272,0.9801136363636364,0.026652532747785264,1.0,0.026652532747785264,1.0,0.026652532747785264,1.0,0.025516771409101233,0.9573863636363636,0.026652532747785264,1.0,0.026652532747785264,1.0,0.026652532747785264,1.0,0.023850988112364656,0.8948863636363636,0.026652532747785264,1.0,0.026652532747785264,1.0,0.02612251078973272,0.9801136363636364,0.02612251078973272,0.9801136363636364,0.026652532747785264,1.0,0.026652532747785264,1.0,0.026652532747785264,1.0,0.02491103202846975,0.9346590909090909,0.026501097902627394,0.9943181818181818,0.026652532747785264,1.0,0.026652532747785264,1.0,0.023548118422048913,0.8835227272727273,0.026652532747785264,1.0,0.026652532747785264,1.0,0.026501097902627394,0.9943181818181818,0.02362383584462785,0.8863636363636364,0.02657681532520633,0.9971590909090909,0.026652532747785264,1.0,0.02657681532520633,0.9971590909090909,0.02506246687362762,0.9403409090909091,0.026501097902627394,0.9943181818181818,0.026652532747785264,1.0,0.026652532747785264,1.0,0.025213901718785493,0.9460227272727273,0.02657681532520633,0.9971590909090909,0.026501097902627394,0.9943181818181818,0.026501097902627394,0.9943181818181818,0.023699553267206783,0.8892045454545454,0.02657681532520633,0.9971590909090909,0.026652532747785264,1.0,0.026501097902627394,0.9943181818181818
90,0.02620545073375262,0.9943181818181818,0.026355196166516923,1.0,0.026355196166516923,1.0,0.026355196166516923,1.0,0.025606469002695417,0.9715909090909091,0.02628032345013477,0.9971590909090909,0.026355196166516923,1.0,0.02590595986822402,0.9829545454545454,0.025456723569931117,0.9659090909090909,0.026355196166516923,1.0,0.026355196166516923,1.0,0.026355196166516923,1.0,0.025306978137166817,0.9602272727272727,0.026355196166516923,1.0,0.026355196166516923,1.0,0.026355196166516923,1.0,0.024483378256963163,0.9289772727272727,0.02613057801737047,0.9914772727272727,0.026355196166516923,1.0,0.025980832584606168,0.9857954545454546,0.025082359988020365,0.9517045454545454,0.026355196166516923,1.0,0.026355196166516923,1.0,0.025980832584606168,0.9857954545454546,0.02620545073375262,0.9943181818181818,0.026355196166516923,1.0,0.026355196166516923,1.0,0.020964360587002098,0.7954545454545454,0.025456723569931117,0.9659090909090909,0.02620545073375262,0.9943181818181818,0.026355196166516923,1.0,0.02605570530098832,0.9886363636363636,0.024183887391434563,0.9176136363636364,0.026355196166516923,1.0,0.02628032345013477,0.9971590909090909,0.026355196166516923,1.0,0.025232105420784665,0.9573863636363636,0.026355196166516923,1.0,0.025606469002695417,0.9715909090909091,0.025606469002695417,0.9715909090909091,0.024633123689727462,0.9346590909090909,0.02613057801737047,0.9914772727272727,0.025980832584606168,0.9857954545454546,0.02590595986822402,0.9829545454545454,0.02410901467505241,0.9147727272727273,0.026355196166516923,1.0,0.02628032345013477,0.9971590909090909,0.025831087151841868,0.9801136363636364,0.02613057801737047,0.9914772727272727,0.026355196166516923,1.0,0.026355196166516923,1.0,0.026355196166516923,1.0,0.025306978137166817,0.9602272727272727,0.026355196166516923,1.0,0.02620545073375262,0.9943181818181818,0.025980832584606168,0.9857954545454546,0.02590595986822402,0.9829545454545454,0.026355196166516923,1.0,0.026355196166516923,1.0,0.026355196166516923,1.0,0.025306978137166817,0.9602272727272727,0.026355196166516923,1.0,0.026355196166516923,1.0,0.026355196166516923,1.0,0.02388439652590596,0.90625,0.026355196166516923,1.0,0.026355196166516923,1.0,0.025980832584606168,0.9857954545454546,0.025980832584606168,0.9857954545454546,0.026355196166516923,1.0,0.026355196166516923,1.0,0.026355196166516923,1.0,0.024782869122491762,0.9403409090909091,0.02628032345013477,0.9971590909090909,0.026355196166516923,1.0,0.026355196166516923,1.0,0.02336028751123091,0.8863636363636364,0.026355196166516923,1.0,0.026355196166516923,1.0,0.02620545073375262,0.9943181818181818,0.023809523809523808,0.9034090909090909,0.02628032345013477,0.9971590909090909,0.026355196166516923,1.0,0.026355196166516923,1.0,0.024857741838873914,0.9431818181818182,0.02620545073375262,0.9943181818181818,0.026355196166516923,1.0,0.026355196166516923,1.0,0.025082359988020365,0.9517045454545454,0.02628032345013477,0.9971590909090909,0.02620545073375262,0.9943181818181818,0.02620545073375262,0.9943181818181818,0.023809523809523808,0.9034090909090909,0.02628032345013477,0.9971590909090909,0.026355196166516923,1.0,0.02620545073375262,0.9943181818181818
91,0.02591824644549763,0.9943181818181818,0.026066350710900472,1.0,0.026066350710900472,1.0,0.026066350710900472,1.0,0.025399881516587678,0.9744318181818182,0.02599229857819905,0.9971590909090909,0.026066350710900472,1.0,0.025696090047393365,0.9857954545454546,0.025251777251184833,0.96875,0.026066350710900472,1.0,0.026066350710900472,1.0,0.026066350710900472,1.0,0.025177725118483412,0.9659090909090909,0.026066350710900472,1.0,0.026066350710900472,1.0,0.026066350710900472,1.0,0.024511255924170618,0.9403409090909091,0.02584419431279621,0.9914772727272727,0.026066350710900472,1.0,0.025696090047393365,0.9857954545454546,0.024955568720379146,0.9573863636363636,0.026066350710900472,1.0,0.026066350710900472,1.0,0.02584419431279621,0.9914772727272727,0.02591824644549763,0.9943181818181818,0.026066350710900472,1.0,0.026066350710900472,1.0,0.020734597156398103,0.7954545454545454,0.025251777251184833,0.96875,0.02591824644549763,0.9943181818181818,0.026066350710900472,1.0,0.02584419431279621,0.9914772727272727,0.024140995260663507,0.9261363636363636,0.026066350710900472,1.0,0.02599229857819905,0.9971590909090909,0.026066350710900472,1.0,0.02502962085308057,0.9602272727272727,0.026066350710900472,1.0,0.02554798578199052,0.9801136363636364,0.02554798578199052,0.9801136363636364,0.024511255924170618,0.9403409090909091,0.02584419431279621,0.9914772727272727,0.025770142180094786,0.9886363636363636,0.025770142180094786,0.9886363636363636,0.023992890995260665,0.9204545454545454,0.026066350710900472,1.0,0.02599229857819905,0.9971590909090909,0.02554798578199052,0.9801136363636364,0.02591824644549763,0.9943181818181818,0.026066350710900472,1.0,0.026066350710900472,1.0,0.026066350710900472,1.0,0.025177725118483412,0.9659090909090909,0.026066350710900472,1.0,0.02591824644549763,0.9943181818181818,0.02584419431279621,0.9914772727272727,0.025770142180094786,0.9886363636363636,0.026066350710900472,1.0,0.026066350710900472,1.0,0.026066350710900472,1.0,0.025177725118483412,0.9659090909090909,0.026066350710900472,1.0,0.026066350710900472,1.0,0.026066350710900472,1.0,0.023992890995260665,0.9204545454545454,0.026066350710900472,1.0,0.026066350710900472,1.0,0.02591824644549763,0.9943181818181818,0.02584419431279621,0.9914772727272727,0.026066350710900472,1.0,0.026066350710900472,1.0,0.026066350710900472,1.0,0.02465936018957346,0.9460227272727273,0.02599229857819905,0.9971590909090909,0.026066350710900472,1.0,0.026066350710900472,1.0,0.023548578199052133,0.9034090909090909,0.026066350710900472,1.0,0.026066350710900472,1.0,0.02591824644549763,0.9943181818181818,0.023696682464454975,0.9090909090909091,0.02599229857819905,0.9971590909090909,0.026066350710900472,1.0,0.026066350710900472,1.0,0.02458530805687204,0.9431818181818182,0.02599229857819905,0.9971590909090909,0.026066350710900472,1.0,0.026066350710900472,1.0,0.02502962085308057,0.9602272727272727,0.026066350710900472,1.0,0.02591824644549763,0.9943181818181818,0.02591824644549763,0.9943181818181818,0.02384478672985782,0.9147727272727273,0.02599229857819905,0.9971590909090909,0.026066350710900472,1.0,0.02591824644549763,0.9943181818181818
92,0.02563726926457662,0.9943181818181818,0.025783767946088484,1.0,0.025783767946088484,1.0,0.025783767946088484,1.0,0.02527102256079695,0.9801136363636364,0.025710518605332553,0.9971590909090909,0.025783767946088484,1.0,0.02541752124230882,0.9857954545454546,0.025124523879285085,0.9744318181818182,0.025783767946088484,1.0,0.025783767946088484,1.0,0.025783767946088484,1.0,0.02497802519777322,0.96875,0.025783767946088484,1.0,0.025783767946088484,1.0,0.025783767946088484,1.0,0.02453852915323762,0.9517045454545454,0.02563726926457662,0.9943181818181818,0.025783767946088484,1.0,0.025490770583064752,0.9886363636363636,0.024831526516261353,0.9630681818181818,0.025783767946088484,1.0,0.025783767946088484,1.0,0.025564019923820687,0.9914772727272727,0.02563726926457662,0.9943181818181818,0.025783767946088484,1.0,0.025783767946088484,1.0,0.020509815411661296,0.7954545454545454,0.02519777322004102,0.9772727272727273,0.025783767946088484,1.0,0.025783767946088484,1.0,0.02563726926457662,0.9943181818181818,0.024025783767946087,0.9318181818181818,0.025783767946088484,1.0,0.025710518605332553,0.9971590909090909,0.025783767946088484,1.0,0.024904775857017288,0.9659090909090909,0.025783767946088484,1.0,0.02527102256079695,0.9801136363636364,0.02527102256079695,0.9801136363636364,0.024392030471725754,0.9460227272727273,0.025564019923820687,0.9914772727272727,0.02563726926457662,0.9943181818181818,0.025490770583064752,0.9886363636363636,0.023952534427190156,0.9289772727272727,0.025783767946088484,1.0,0.025710518605332553,0.9971590909090909,0.02527102256079695,0.9801136363636364,0.02563726926457662,0.9943181818181818,0.025783767946088484,1.0,0.025783767946088484,1.0,0.025783767946088484,1.0,0.025051274538529154,0.9715909090909091,0.025783767946088484,1.0,0.02563726926457662,0.9943181818181818,0.025564019923820687,0.9914772727272727,0.025710518605332553,0.9971590909090909,0.025783767946088484,1.0,0.025783767946088484,1.0,0.025783767946088484,1.0,0.02497802519777322,0.96875,0.025783767946088484,1.0,0.025783767946088484,1.0,0.025783767946088484,1.0,0.023952534427190156,0.9289772727272727,0.025783767946088484,1.0,0.025783767946088484,1.0,0.02563726926457662,0.9943181818181818,0.025564019923820687,0.9914772727272727,0.025783767946088484,1.0,0.025783767946088484,1.0,0.025783767946088484,1.0,0.024392030471725754,0.9460227272727273,0.025710518605332553,0.9971590909090909,0.025783767946088484,1.0,0.025783767946088484,1.0,0.023513038382654557,0.9119318181818182,0.025783767946088484,1.0,0.025783767946088484,1.0,0.02563726926457662,0.9943181818181818,0.02358628772341049,0.9147727272727273,0.025710518605332553,0.9971590909090909,0.025783767946088484,1.0,0.025783767946088484,1.0,0.024392030471725754,0.9460227272727273,0.025710518605332553,0.9971590909090909,0.025783767946088484,1.0,0.025783767946088484,1.0,0.02497802519777322,0.96875,0.025783767946088484,1.0,0.02563726926457662,0.9943181818181818,0.02563726926457662,0.9943181818181818,0.023732786404922355,0.9204545454545454,0.025710518605332553,0.9971590909090909,0.025783767946088484,1.0,0.025710518605332553,0.9971590909090909
93,0.025505398159553657,1.0,0.025505398159553657,1.0,0.025505398159553657,1.0,0.025505398159553657,1.0,0.025070647054561263,0.9829545454545454,0.025432939642054925,0.9971590909090909,0.025505398159553657,1.0,0.02528802260705746,0.9914772727272727,0.025143105572059996,0.9857954545454546,0.025505398159553657,1.0,0.025505398159553657,1.0,0.025505398159553657,1.0,0.024780812984566337,0.9715909090909091,0.025505398159553657,1.0,0.025505398159553657,1.0,0.025505398159553657,1.0,0.024635895949568873,0.9659090909090909,0.025360481124556192,0.9943181818181818,0.025505398159553657,1.0,0.02528802260705746,0.9914772727272727,0.024635895949568873,0.9659090909090909,0.025505398159553657,1.0,0.025505398159553657,1.0,0.02528802260705746,0.9914772727272727,0.025505398159553657,1.0,0.025505398159553657,1.0,0.025505398159553657,1.0,0.020288384899644952,0.7954545454545454,0.025143105572059996,0.9857954545454546,0.025505398159553657,1.0,0.025505398159553657,1.0,0.025360481124556192,0.9943181818181818,0.024056227809579014,0.9431818181818182,0.025505398159553657,1.0,0.025505398159553657,1.0,0.025505398159553657,1.0,0.024708354467067605,0.96875,0.025505398159553657,1.0,0.02499818853706253,0.9801136363636364,0.02499818853706253,0.9801136363636364,0.02420114484457648,0.9488636363636364,0.02528802260705746,0.9914772727272727,0.025360481124556192,0.9943181818181818,0.02528802260705746,0.9914772727272727,0.02383885225708282,0.9346590909090909,0.025505398159553657,1.0,0.025505398159553657,1.0,0.02499818853706253,0.9801136363636364,0.025360481124556192,0.9943181818181818,0.025505398159553657,1.0,0.025505398159553657,1.0,0.025505398159553657,1.0,0.024853271502065066,0.9744318181818182,0.025505398159553657,1.0,0.025505398159553657,1.0,0.025360481124556192,0.9943181818181818,0.025505398159553657,1.0,0.025505398159553657,1.0,0.025505398159553657,1.0,0.025505398159553657,1.0,0.024780812984566337,0.9715909090909091,0.025505398159553657,1.0,0.025505398159553657,1.0,0.025505398159553657,1.0,0.023983769292080286,0.9403409090909091,0.025505398159553657,1.0,0.025505398159553657,1.0,0.025360481124556192,0.9943181818181818,0.025432939642054925,0.9971590909090909,0.025505398159553657,1.0,0.025505398159553657,1.0,0.025505398159553657,1.0,0.02427360336207521,0.9517045454545454,0.025432939642054925,0.9971590909090909,0.025505398159553657,1.0,0.025505398159553657,1.0,0.02347655966958916,0.9204545454545454,0.025505398159553657,1.0,0.025505398159553657,1.0,0.025360481124556192,0.9943181818181818,0.023983769292080286,0.9403409090909091,0.025432939642054925,0.9971590909090909,0.025505398159553657,1.0,0.025505398159553657,1.0,0.02427360336207521,0.9517045454545454,0.025432939642054925,0.9971590909090909,0.025505398159553657,1.0,0.025505398159553657,1.0,0.024853271502065066,0.9744318181818182,0.025505398159553657,1.0,0.025360481124556192,0.9943181818181818,0.025360481124556192,0.9943181818181818,0.024056227809579014,0.9431818181818182,0.025432939642054925,0.9971590909090909,0.025505398159553657,1.0,0.025432939642054925,0.9971590909090909
94,0.02523478385547351,1.0,0.02523478385547351,1.0,0.02523478385547351,1.0,0.02523478385547351,1.0,0.02494802494802495,0.9886363636363636,0.02516309412861137,0.9971590909090909,0.02523478385547351,1.0,0.02501971467488709,0.9914772727272727,0.02501971467488709,0.9914772727272727,0.02523478385547351,1.0,0.02523478385547351,1.0,0.02523478385547351,1.0,0.024517886586852104,0.9715909090909091,0.02523478385547351,1.0,0.02523478385547351,1.0,0.02523478385547351,1.0,0.024589576313714244,0.9744318181818182,0.02509140440174923,0.9943181818181818,0.02523478385547351,1.0,0.02501971467488709,0.9914772727272727,0.024589576313714244,0.9744318181818182,0.02523478385547351,1.0,0.02523478385547351,1.0,0.02501971467488709,0.9914772727272727,0.02523478385547351,1.0,0.02523478385547351,1.0,0.02523478385547351,1.0,0.020073123521399384,0.7954545454545454,0.024876335221162806,0.9857954545454546,0.02523478385547351,1.0,0.02523478385547351,1.0,0.02516309412861137,0.9971590909090909,0.02394436877195498,0.9488636363636364,0.02523478385547351,1.0,0.02523478385547351,1.0,0.02523478385547351,1.0,0.024517886586852104,0.9715909090909091,0.02523478385547351,1.0,0.024732955767438527,0.9801136363636364,0.024732955767438527,0.9801136363636364,0.024159437952541402,0.9573863636363636,0.02501971467488709,0.9914772727272727,0.02509140440174923,0.9943181818181818,0.02501971467488709,0.9914772727272727,0.023872679045092837,0.9460227272727273,0.02523478385547351,1.0,0.02523478385547351,1.0,0.024804645494300667,0.9829545454545454,0.02516309412861137,0.9971590909090909,0.02523478385547351,1.0,0.02523478385547351,1.0,0.02523478385547351,1.0,0.024732955767438527,0.9801136363636364,0.02523478385547351,1.0,0.02523478385547351,1.0,0.02509140440174923,0.9943181818181818,0.02523478385547351,1.0,0.02523478385547351,1.0,0.02523478385547351,1.0,0.02523478385547351,1.0,0.024517886586852104,0.9715909090909091,0.02523478385547351,1.0,0.02523478385547351,1.0,0.02523478385547351,1.0,0.023800989318230697,0.9431818181818182,0.02523478385547351,1.0,0.02523478385547351,1.0,0.02516309412861137,0.9971590909090909,0.02516309412861137,0.9971590909090909,0.02523478385547351,1.0,0.02523478385547351,1.0,0.02523478385547351,1.0,0.024159437952541402,0.9573863636363636,0.02523478385547351,1.0,0.02523478385547351,1.0,0.02523478385547351,1.0,0.023585920137644274,0.9346590909090909,0.02523478385547351,1.0,0.02523478385547351,1.0,0.02509140440174923,0.9943181818181818,0.02394436877195498,0.9488636363636364,0.02516309412861137,0.9971590909090909,0.02523478385547351,1.0,0.02523478385547351,1.0,0.024231127679403542,0.9602272727272727,0.02523478385547351,1.0,0.02523478385547351,1.0,0.02523478385547351,1.0,0.024661266040576387,0.9772727272727273,0.02523478385547351,1.0,0.02516309412861137,0.9971590909090909,0.02509140440174923,0.9943181818181818,0.02394436877195498,0.9488636363636364,0.02516309412861137,0.9971590909090909,0.02523478385547351,1.0,0.02516309412861137,0.9971590909090909
95,0.024968080578805504,1.0,0.024968080578805504,1.0,0.024968080578805504,1.0,0.024968080578805504,1.0,0.02468435239040999,0.9886363636363636,0.024897148531706624,0.9971590909090909,0.024968080578805504,1.0,0.024755284437508865,0.9914772727272727,0.024826216484607744,0.9943181818181818,0.024968080578805504,1.0,0.024968080578805504,1.0,0.024968080578805504,1.0,0.02454248829621223,0.9829545454545454,0.024968080578805504,1.0,0.024968080578805504,1.0,0.024968080578805504,1.0,0.02440062420201447,0.9772727272727273,0.024826216484607744,0.9943181818181818,0.024968080578805504,1.0,0.024755284437508865,0.9914772727272727,0.02454248829621223,0.9829545454545454,0.024968080578805504,1.0,0.024968080578805504,1.0,0.024755284437508865,0.9914772727272727,0.024968080578805504,1.0,0.024968080578805504,1.0,0.024968080578805504,1.0,0.019860973187686197,0.7954545454545454,0.02468435239040999,0.9886363636363636,0.024968080578805504,1.0,0.024968080578805504,1.0,0.024968080578805504,1.0,0.023762235778124557,0.9517045454545454,0.024968080578805504,1.0,0.024968080578805504,1.0,0.024968080578805504,1.0,0.02447155624911335,0.9801136363636364,0.024968080578805504,1.0,0.02454248829621223,0.9829545454545454,0.02454248829621223,0.9829545454545454,0.02418782806071783,0.96875,0.024755284437508865,0.9914772727272727,0.024897148531706624,0.9971590909090909,0.024826216484607744,0.9943181818181818,0.023833167825223437,0.9545454545454546,0.024968080578805504,1.0,0.024968080578805504,1.0,0.024755284437508865,0.9914772727272727,0.024968080578805504,1.0,0.024968080578805504,1.0,0.024968080578805504,1.0,0.024968080578805504,1.0,0.02461342034331111,0.9857954545454546,0.024968080578805504,1.0,0.024968080578805504,1.0,0.024826216484607744,0.9943181818181818,0.024968080578805504,1.0,0.024968080578805504,1.0,0.024968080578805504,1.0,0.024968080578805504,1.0,0.02454248829621223,0.9829545454545454,0.024968080578805504,1.0,0.024968080578805504,1.0,0.024968080578805504,1.0,0.023833167825223437,0.9545454545454546,0.024968080578805504,1.0,0.024968080578805504,1.0,0.024897148531706624,0.9971590909090909,0.024897148531706624,0.9971590909090909,0.024968080578805504,1.0,0.024968080578805504,1.0,0.024968080578805504,1.0,0.024116896013618952,0.9659090909090909,0.024968080578805504,1.0,0.024968080578805504,1.0,0.024968080578805504,1.0,0.023691303731025678,0.9488636363636364,0.024968080578805504,1.0,0.024968080578805504,1.0,0.024826216484607744,0.9943181818181818,0.023762235778124557,0.9517045454545454,0.024897148531706624,0.9971590909090909,0.024968080578805504,1.0,0.024968080578805504,1.0,0.024116896013618952,0.9659090909090909,0.024968080578805504,1.0,0.024968080578805504,1.0,0.024968080578805504,1.0,0.02461342034331111,0.9857954545454546,0.024968080578805504,1.0,0.024968080578805504,1.0,0.024826216484607744,0.9943181818181818,0.023762235778124557,0.9517045454545454,0.024897148531706624,0.9971590909090909,0.024968080578805504,1.0,0.024968080578805504,1.0
96,0.024708690158641022,1.0,0.024708690158641022,1.0,0.024708690158641022,1.0,0.024708690158641022,1.0,0.024568299873648742,0.9943181818181818,0.024638495016144884,0.9971590909090909,0.024708690158641022,1.0,0.024498104731152603,0.9914772727272727,0.024568299873648742,0.9943181818181818,0.024708690158641022,1.0,0.024708690158641022,1.0,0.024708690158641022,1.0,0.024498104731152603,0.9914772727272727,0.024708690158641022,1.0,0.024708690158641022,1.0,0.024708690158641022,1.0,0.024287519303664188,0.9829545454545454,0.024638495016144884,0.9971590909090909,0.024708690158641022,1.0,0.024638495016144884,0.9971590909090909,0.024568299873648742,0.9943181818181818,0.024708690158641022,1.0,0.024708690158641022,1.0,0.024498104731152603,0.9914772727272727,0.024708690158641022,1.0,0.024708690158641022,1.0,0.024708690158641022,1.0,0.019654639898918996,0.7954545454545454,0.024568299873648742,0.9943181818181818,0.024708690158641022,1.0,0.024708690158641022,1.0,0.024708690158641022,1.0,0.02393654359118349,0.96875,0.024708690158641022,1.0,0.024708690158641022,1.0,0.024708690158641022,1.0,0.024287519303664188,0.9829545454545454,0.024708690158641022,1.0,0.024357714446160326,0.9857954545454546,0.024357714446160326,0.9857954545454546,0.02407693387617577,0.9744318181818182,0.024498104731152603,0.9914772727272727,0.024638495016144884,0.9971590909090909,0.024568299873648742,0.9943181818181818,0.02379615330619121,0.9630681818181818,0.024708690158641022,1.0,0.024708690158641022,1.0,0.024568299873648742,0.9943181818181818,0.024708690158641022,1.0,0.024708690158641022,1.0,0.024708690158641022,1.0,0.024708690158641022,1.0,0.024498104731152603,0.9914772727272727,0.024708690158641022,1.0,0.024708690158641022,1.0,0.024568299873648742,0.9943181818181818,0.024708690158641022,1.0,0.024708690158641022,1.0,0.024708690158641022,1.0,0.024708690158641022,1.0,0.024498104731152603,0.9914772727272727,0.024708690158641022,1.0,0.024708690158641022,1.0,0.024708690158641022,1.0,0.02400673873367963,0.9715909090909091,0.024708690158641022,1.0,0.024708690158641022,1.0,0.024638495016144884,0.9971590909090909,0.024638495016144884,0.9971590909090909,0.024708690158641022,1.0,0.024708690158641022,1.0,0.024708690158641022,1.0,0.02386634844868735,0.9659090909090909,0.024708690158641022,1.0,0.024708690158641022,1.0,0.024708690158641022,1.0,0.02379615330619121,0.9630681818181818,0.024708690158641022,1.0,0.024708690158641022,1.0,0.024568299873648742,0.9943181818181818,0.023725958163695073,0.9602272727272727,0.024708690158641022,1.0,0.024708690158641022,1.0,0.024708690158641022,1.0,0.02386634844868735,0.9659090909090909,0.024708690158641022,1.0,0.024708690158641022,1.0,0.024708690158641022,1.0,0.024498104731152603,0.9914772727272727,0.024708690158641022,1.0,0.024708690158641022,1.0,0.024568299873648742,0.9943181818181818,0.023725958163695073,0.9602272727272727,0.024638495016144884,0.9971590909090909,0.024708690158641022,1.0,0.024708690158641022,1.0
97,0.024454633875225788,1.0,0.024454633875225788,1.0,0.024454633875225788,1.0,0.024454633875225788,1.0,0.024385160483534805,0.9971590909090909,0.024385160483534805,0.9971590909090909,0.024454633875225788,1.0,0.024385160483534805,0.9971590909090909,0.024454633875225788,1.0,0.024454633875225788,1.0,0.024454633875225788,1.0,0.024454633875225788,1.0,0.024385160483534805,0.9971590909090909,0.024454633875225788,1.0,0.024454633875225788,1.0,0.024454633875225788,1.0,0.024037793525079895,0.9829545454545454,0.024385160483534805,0.9971590909090909,0.024454633875225788,1.0,0.024454633875225788,1.0,0.024315687091843823,0.9943181818181818,0.024454633875225788,1.0,0.024454633875225788,1.0,0.02424621370015284,0.9914772727272727,0.024454633875225788,1.0,0.024454633875225788,1.0,0.024454633875225788,1.0,0.020216756982075864,0.8267045454545454,0.024315687091843823,0.9943181818181818,0.024454633875225788,1.0,0.024454633875225788,1.0,0.024454633875225788,1.0,0.023968320133388912,0.9801136363636364,0.024454633875225788,1.0,0.024454633875225788,1.0,0.024454633875225788,1.0,0.024385160483534805,0.9971590909090909,0.024454633875225788,1.0,0.024107266916770877,0.9857954545454546,0.024107266916770877,0.9857954545454546,0.023968320133388912,0.9801136363636364,0.02424621370015284,0.9914772727272727,0.024385160483534805,0.9971590909090909,0.024385160483534805,0.9971590909090909,0.023829373350006948,0.9744318181818182,0.024454633875225788,1.0,0.024454633875225788,1.0,0.024385160483534805,0.9971590909090909,0.024454633875225788,1.0,0.024454633875225788,1.0,0.024454633875225788,1.0,0.024454633875225788,1.0,0.024385160483534805,0.9971590909090909,0.024454633875225788,1.0,0.024454633875225788,1.0,0.024315687091843823,0.9943181818181818,0.024454633875225788,1.0,0.024454633875225788,1.0,0.024454633875225788,1.0,0.024454633875225788,1.0,0.024385160483534805,0.9971590909090909,0.024454633875225788,1.0,0.024454633875225788,1.0,0.024454633875225788,1.0,0.023829373350006948,0.9744318181818182,0.024454633875225788,1.0,0.024454633875225788,1.0,0.024454633875225788,1.0,0.024454633875225788,1.0,0.024454633875225788,1.0,0.024454633875225788,1.0,0.024454633875225788,1.0,0.023829373350006948,0.9744318181818182,0.024454633875225788,1.0,0.024454633875225788,1.0,0.024454633875225788,1.0,0.023759899958315966,0.9715909090909091,0.024454633875225788,1.0,0.024454633875225788,1.0,0.024315687091843823,0.9943181818181818,0.023690426566624984,0.96875,0.024454633875225788,1.0,0.024454633875225788,1.0,0.024454633875225788,1.0,0.023829373350006948,0.9744318181818182,0.024454633875225788,1.0,0.024454633875225788,1.0,0.024454633875225788,1.0,0.02424621370015284,0.9914772727272727,0.024454633875225788,1.0,0.024454633875225788,1.0,0.024315687091843823,0.9943181818181818,0.023690426566624984,0.96875,0.024454633875225788,1.0,0.024454633875225788,1.0,0.024454633875225788,1.0
98,0.024204084439249124,1.0,0.024204084439249124,1.0,0.024204084439249124,1.0,0.024204084439249124,1.0,0.02413532283572853,0.9971590909090909,0.024204084439249124,1.0,0.024204084439249124,1.0,0.02413532283572853,0.9971590909090909,0.024204084439249124,1.0,0.024204084439249124,1.0,0.024204084439249124,1.0,0.024204084439249124,1.0,0.024204084439249124,1.0,0.024204084439249124,1.0,0.024204084439249124,1.0,0.024204084439249124,1.0,0.023997799628687342,0.9914772727272727,0.02413532283572853,0.9971590909090909,0.024204084439249124,1.0,0.024204084439249124,1.0,0.024204084439249124,1.0,0.024204084439249124,1.0,0.024204084439249124,1.0,0.024066561232207934,0.9943181818181818,0.024204084439249124,1.0,0.024204084439249124,1.0,0.024204084439249124,1.0,0.021591143505466547,0.8920454545454546,0.024066561232207934,0.9943181818181818,0.024204084439249124,1.0,0.024204084439249124,1.0,0.024204084439249124,1.0,0.023997799628687342,0.9914772727272727,0.024204084439249124,1.0,0.024204084439249124,1.0,0.024204084439249124,1.0,0.024204084439249124,1.0,0.024204084439249124,1.0,0.024066561232207934,0.9943181818181818,0.024066561232207934,0.9943181818181818,0.02379151481812556,0.9829545454545454,0.02413532283572853,0.9971590909090909,0.02413532283572853,0.9971590909090909,0.02413532283572853,0.9971590909090909,0.02386027642164615,0.9857954545454546,0.024204084439249124,1.0,0.024204084439249124,1.0,0.024204084439249124,1.0,0.024204084439249124,1.0,0.024204084439249124,1.0,0.024204084439249124,1.0,0.024204084439249124,1.0,0.024204084439249124,1.0,0.024204084439249124,1.0,0.024204084439249124,1.0,0.02413532283572853,0.9971590909090909,0.024204084439249124,1.0,0.024204084439249124,1.0,0.024204084439249124,1.0,0.024204084439249124,1.0,0.024204084439249124,1.0,0.024204084439249124,1.0,0.024204084439249124,1.0,0.024204084439249124,1.0,0.02365399161108437,0.9772727272727273,0.024204084439249124,1.0,0.024204084439249124,1.0,0.024204084439249124,1.0,0.024204084439249124,1.0,0.024204084439249124,1.0,0.024204084439249124,1.0,0.024204084439249124,1.0,0.023722753214604965,0.9801136363636364,0.024204084439249124,1.0,0.024204084439249124,1.0,0.024204084439249124,1.0,0.02379151481812556,0.9829545454545454,0.024204084439249124,1.0,0.024204084439249124,1.0,0.02413532283572853,0.9971590909090909,0.023585230007563775,0.9744318181818182,0.024204084439249124,1.0,0.024204084439249124,1.0,0.024204084439249124,1.0,0.023722753214604965,0.9801136363636364,0.024204084439249124,1.0,0.024204084439249124,1.0,0.024204084439249124,1.0,0.023997799628687342,0.9914772727272727,0.024204084439249124,1.0,0.024204084439249124,1.0,0.02413532283572853,0.9971590909090909,0.023585230007563775,0.9744318181818182,0.024204084439249124,1.0,0.024204084439249124,1.0,0.024204084439249124,1.0
99,0.023960247770743993,1.0,0.023960247770743993,1.0,0.023960247770743993,1.0,0.023960247770743993,1.0,0.023892178885031652,0.9971590909090909,0.023960247770743993,1.0,0.023960247770743993,1.0,0.023892178885031652,0.9971590909090909,0.023960247770743993,1.0,0.023960247770743993,1.0,0.023960247770743993,1.0,0.023960247770743993,1.0,0.023960247770743993,1.0,0.023960247770743993,1.0,0.023960247770743993,1.0,0.023960247770743993,1.0,0.023892178885031652,0.9971590909090909,0.023960247770743993,1.0,0.023960247770743993,1.0,0.023960247770743993,1.0,0.023960247770743993,1.0,0.023960247770743993,1.0,0.023960247770743993,1.0,0.023960247770743993,1.0,0.023960247770743993,1.0,0.023960247770743993,1.0,0.023960247770743993,1.0,0.0228030767136342,0.9517045454545454,0.023960247770743993,1.0,0.023960247770743993,1.0,0.023960247770743993,1.0,0.023960247770743993,1.0,0.02375604111360697,0.9914772727272727,0.023960247770743993,1.0,0.023960247770743993,1.0,0.023960247770743993,1.0,0.023960247770743993,1.0,0.023960247770743993,1.0,0.023892178885031652,0.9971590909090909,0.023892178885031652,0.9971590909090909,0.023892178885031652,0.9971590909090909,0.023960247770743993,1.0,0.023960247770743993,1.0,0.023892178885031652,0.9971590909090909,0.02375604111360697,0.9914772727272727,0.023960247770743993,1.0,0.023960247770743993,1.0,0.023960247770743993,1.0,0.023960247770743993,1.0,0.023960247770743993,1.0,0.023960247770743993,1.0,0.023960247770743993,1.0,0.023960247770743993,1.0,0.023960247770743993,1.0,0.023960247770743993,1.0,0.023960247770743993,1.0,0.023960247770743993,1.0,0.023960247770743993,1.0,0.023960247770743993,1.0,0.023960247770743993,1.0,0.023960247770743993,1.0,0.023960247770743993,1.0,0.023960247770743993,1.0,0.023960247770743993,1.0,0.02355183445646995,0.9829545454545454,0.023960247770743993,1.0,0.023960247770743993,1.0,0.023960247770743993,1.0,0.023960247770743993,1.0,0.023960247770743993,1.0,0.023960247770743993,1.0,0.023960247770743993,1.0,0.02368797222789463,0.9886363636363636,0.023960247770743993,1.0,0.023960247770743993,1.0,0.023960247770743993,1.0,0.02382410999931931,0.9943181818181818,0.023960247770743993,1.0,0.023960247770743993,1.0,0.023892178885031652,0.9971590909090909,0.02355183445646995,0.9829545454545454,0.023960247770743993,1.0,0.023960247770743993,1.0,0.023960247770743993,1.0,0.02368797222789463,0.9886363636363636,0.023960247770743993,1.0,0.023960247770743993,1.0,0.023960247770743993,1.0,0.02382410999931931,0.9943181818181818,0.023960247770743993,1.0,0.023960247770743993,1.0,0.023960247770743993,1.0,0.023619903342182287,0.9857954545454546,0.023960247770743993,1.0,0.023960247770743993,1.0,0.023960247770743993,1.0
100,0.02371967654986523,1.0,0.02371967654986523,1.0,0.02371967654986523,1.0,0.02371967654986523,1.0,0.02371967654986523,1.0,0.02371967654986523,1.0,0.02371967654986523,1.0,0.02371967654986523,1.0,0.02371967654986523,1.0,0.02371967654986523,1.0,0.02371967654986523,1.0,0.02371967654986523,1.0,0.02371967654986523,1.0,0.02371967654986523,1.0,0.02371967654986523,1.0,0.02371967654986523,1.0,0.02371967654986523,1.0,0.02371967654986523,1.0,0.02371967654986523,1.0,0.02371967654986523,1.0,0.02371967654986523,1.0,0.02371967654986523,1.0,0.02371967654986523,1.0,0.02371967654986523,1.0,0.02371967654986523,1.0,0.02371967654986523,1.0,0.02371967654986523,1.0,0.02371967654986523,1.0,0.02371967654986523,1.0,0.02371967654986523,1.0,0.02371967654986523,1.0,0.02371967654986523,1.0,0.02371967654986523,1.0,0.02371967654986523,1.0,0.02371967654986523,1.0,0.02371967654986523,1.0,0.02371967654986523,1.0,0.02371967654986523,1.0,0.02371967654986523,1.0,0.02371967654986523,1.0,0.02371967654986523,1.0,0.02371967654986523,1.0,0.02371967654986523,1.0,0.02371967654986523,1.0,0.02371967654986523,1.0,0.02371967654986523,1.0,0.02371967654986523,1.0,0.02371967654986523,1.0,0.02371967654986523,1.0,0.02371967654986523,1.0,0.02371967654986523,1.0,0.02371967654986523,1.0,0.02371967654986523,1.0,0.02371967654986523,1.0,0.02371967654986523,1.0,0.02371967654986523,1.0,0.02371967654986523,1.0,0.02371967654986523,1.0,0.02371967654986523,1.0,0.02371967654986523,1.0,0.02371967654986523,1.0,0.02371967654986523,1.0,0.02371967654986523,1.0,0.02371967654986523,1.0,0.02371967654986523,1.0,0.02371967654986523,1.0,0.02371967654986523,1.0,0.02371967654986523,1.0,0.02371967654986523,1.0,0.02371967654986523,1.0,0.02371967654986523,1.0,0.02371967654986523,1.0,0.02371967654986523,1.0,0.02371967654986523,1.0,0.02371967654986523,1.0,0.02371967654986523,1.0,0.02371967654986523,1.0,0.02371967654986523,1.0,0.02371967654986523,1.0,0.02371967654986523,1.0,0.02371967654986523,1.0,0.02371967654986523,1.0,0.02371967654986523,1.0,0.02371967654986523,1.0,0.02371967654986523,1.0,0.02371967654986523,1.0,0.02371967654986523,1.0,0.02371967654986523,1.0,0.02371967654986523,1.0,0.02371967654986523,1.0,0.02371967654986523,1.0,0.02371967654986523,1.0,0.02371967654986523,1.0,0.02371967654986523,1.0,0.02371967654986523,1.0,0.02371967654986523,1.0
