Top_Percent,aaindex_Linear_HitRate,aaindex_Linear_Recall,aaindex_Ridge_HitRate,aaindex_Ridge_Recall,aaindex_Lasso_HitRate,aaindex_Lasso_Recall,aaindex_ElasticNet_HitRate,aaindex_ElasticNet_Recall,aaindex_NeuralNet_HitRate,aaindex_NeuralNet_Recall,aaindex_RandomForest_HitRate,aaindex_RandomForest_Recall,aaindex_XGBoost_HitRate,aaindex_XGBoost_Recall,aaindex_KNN_HitRate,aaindex_KNN_Recall,aaindex_GaussianProcess_HitRate,aaindex_GaussianProcess_Recall,aaindex_PLSRegression_HitRate,aaindex_PLSRegression_Recall,aaindex_SVR_HitRate,aaindex_SVR_Recall,aaindex_ExtraTrees_HitRate,aaindex_ExtraTrees_Recall,aaindex_with_esm_Linear_HitRate,aaindex_with_esm_Linear_Recall,aaindex_with_esm_Ridge_HitRate,aaindex_with_esm_Ridge_Recall,aaindex_with_esm_Lasso_HitRate,aaindex_with_esm_Lasso_Recall,aaindex_with_esm_ElasticNet_HitRate,aaindex_with_esm_ElasticNet_Recall,aaindex_with_esm_NeuralNet_HitRate,aaindex_with_esm_NeuralNet_Recall,aaindex_with_esm_RandomForest_HitRate,aaindex_with_esm_RandomForest_Recall,aaindex_with_esm_XGBoost_HitRate,aaindex_with_esm_XGBoost_Recall,aaindex_with_esm_KNN_HitRate,aaindex_with_esm_KNN_Recall,aaindex_with_esm_GaussianProcess_HitRate,aaindex_with_esm_GaussianProcess_Recall,aaindex_with_esm_PLSRegression_HitRate,aaindex_with_esm_PLSRegression_Recall,aaindex_with_esm_SVR_HitRate,aaindex_with_esm_SVR_Recall,aaindex_with_esm_ExtraTrees_HitRate,aaindex_with_esm_ExtraTrees_Recall,onehot_Linear_HitRate,onehot_Linear_Recall,onehot_Ridge_HitRate,onehot_Ridge_Recall,onehot_Lasso_HitRate,onehot_Lasso_Recall,onehot_ElasticNet_HitRate,onehot_ElasticNet_Recall,onehot_NeuralNet_HitRate,onehot_NeuralNet_Recall,onehot_RandomForest_HitRate,onehot_RandomForest_Recall,onehot_XGBoost_HitRate,onehot_XGBoost_Recall,onehot_KNN_HitRate,onehot_KNN_Recall,onehot_GaussianProcess_HitRate,onehot_GaussianProcess_Recall,onehot_PLSRegression_HitRate,onehot_PLSRegression_Recall,onehot_SVR_HitRate,onehot_SVR_Recall,onehot_ExtraTrees_HitRate,onehot_ExtraTrees_Recall,onehot_with_esm_Linear_HitRate,onehot_with_esm_Linear_Recall,onehot_with_esm_Ridge_HitRate,onehot_with_esm_Ridge_Recall,onehot_with_esm_Lasso_HitRate,onehot_with_esm_Lasso_Recall,onehot_with_esm_ElasticNet_HitRate,onehot_with_esm_ElasticNet_Recall,onehot_with_esm_NeuralNet_HitRate,onehot_with_esm_NeuralNet_Recall,onehot_with_esm_RandomForest_HitRate,onehot_with_esm_RandomForest_Recall,onehot_with_esm_XGBoost_HitRate,onehot_with_esm_XGBoost_Recall,onehot_with_esm_KNN_HitRate,onehot_with_esm_KNN_Recall,onehot_with_esm_GaussianProcess_HitRate,onehot_with_esm_GaussianProcess_Recall,onehot_with_esm_PLSRegression_HitRate,onehot_with_esm_PLSRegression_Recall,onehot_with_esm_SVR_HitRate,onehot_with_esm_SVR_Recall,onehot_with_esm_ExtraTrees_HitRate,onehot_with_esm_ExtraTrees_Recall,georgiev_Linear_HitRate,georgiev_Linear_Recall,georgiev_Ridge_HitRate,georgiev_Ridge_Recall,georgiev_Lasso_HitRate,georgiev_Lasso_Recall,georgiev_ElasticNet_HitRate,georgiev_ElasticNet_Recall,georgiev_NeuralNet_HitRate,georgiev_NeuralNet_Recall,georgiev_RandomForest_HitRate,georgiev_RandomForest_Recall,georgiev_XGBoost_HitRate,georgiev_XGBoost_Recall,georgiev_KNN_HitRate,georgiev_KNN_Recall,georgiev_GaussianProcess_HitRate,georgiev_GaussianProcess_Recall,georgiev_PLSRegression_HitRate,georgiev_PLSRegression_Recall,georgiev_SVR_HitRate,georgiev_SVR_Recall,georgiev_ExtraTrees_HitRate,georgiev_ExtraTrees_Recall,georgiev_with_esm_Linear_HitRate,georgiev_with_esm_Linear_Recall,georgiev_with_esm_Ridge_HitRate,georgiev_with_esm_Ridge_Recall,georgiev_with_esm_Lasso_HitRate,georgiev_with_esm_Lasso_Recall,georgiev_with_esm_ElasticNet_HitRate,georgiev_with_esm_ElasticNet_Recall,georgiev_with_esm_NeuralNet_HitRate,georgiev_with_esm_NeuralNet_Recall,georgiev_with_esm_RandomForest_HitRate,georgiev_with_esm_RandomForest_Recall,georgiev_with_esm_XGBoost_HitRate,georgiev_with_esm_XGBoost_Recall,georgiev_with_esm_KNN_HitRate,georgiev_with_esm_KNN_Recall,georgiev_with_esm_GaussianProcess_HitRate,georgiev_with_esm_GaussianProcess_Recall,georgiev_with_esm_PLSRegression_HitRate,georgiev_with_esm_PLSRegression_Recall,georgiev_with_esm_SVR_HitRate,georgiev_with_esm_SVR_Recall,georgiev_with_esm_ExtraTrees_HitRate,georgiev_with_esm_ExtraTrees_Recall,prott5_Linear_HitRate,prott5_Linear_Recall,prott5_Ridge_HitRate,prott5_Ridge_Recall,prott5_Lasso_HitRate,prott5_Lasso_Recall,prott5_ElasticNet_HitRate,prott5_ElasticNet_Recall,prott5_NeuralNet_HitRate,prott5_NeuralNet_Recall,prott5_RandomForest_HitRate,prott5_RandomForest_Recall,prott5_XGBoost_HitRate,prott5_XGBoost_Recall,prott5_KNN_HitRate,prott5_KNN_Recall,prott5_GaussianProcess_HitRate,prott5_GaussianProcess_Recall,prott5_PLSRegression_HitRate,prott5_PLSRegression_Recall,prott5_SVR_HitRate,prott5_SVR_Recall,prott5_ExtraTrees_HitRate,prott5_ExtraTrees_Recall,prott5_with_esm_Linear_HitRate,prott5_with_esm_Linear_Recall,prott5_with_esm_Ridge_HitRate,prott5_with_esm_Ridge_Recall,prott5_with_esm_Lasso_HitRate,prott5_with_esm_Lasso_Recall,prott5_with_esm_ElasticNet_HitRate,prott5_with_esm_ElasticNet_Recall,prott5_with_esm_NeuralNet_HitRate,prott5_with_esm_NeuralNet_Recall,prott5_with_esm_RandomForest_HitRate,prott5_with_esm_RandomForest_Recall,prott5_with_esm_XGBoost_HitRate,prott5_with_esm_XGBoost_Recall,prott5_with_esm_KNN_HitRate,prott5_with_esm_KNN_Recall,prott5_with_esm_GaussianProcess_HitRate,prott5_with_esm_GaussianProcess_Recall,prott5_with_esm_PLSRegression_HitRate,prott5_with_esm_PLSRegression_Recall,prott5_with_esm_SVR_HitRate,prott5_with_esm_SVR_Recall,prott5_with_esm_ExtraTrees_HitRate,prott5_with_esm_ExtraTrees_Recall
1,0.1554054054054054,0.06534090909090909,0.27702702702702703,0.11647727272727272,0.3108108108108108,0.13068181818181818,0.3108108108108108,0.13068181818181818,0.05405405405405406,0.022727272727272728,0.20945945945945946,0.08806818181818182,0.13513513513513514,0.056818181818181816,0.17567567567567569,0.07386363636363637,0.10135135135135136,0.04261363636363636,0.2702702702702703,0.11363636363636363,0.2635135135135135,0.11079545454545454,0.24324324324324326,0.10227272727272728,0.006756756756756757,0.002840909090909091,0.2635135135135135,0.11079545454545454,0.22297297297297297,0.09375,0.25,0.10511363636363637,0.013513513513513514,0.005681818181818182,0.16891891891891891,0.07102272727272728,0.10135135135135136,0.04261363636363636,0.13513513513513514,0.056818181818181816,0.08783783783783784,0.036931818181818184,0.2635135135135135,0.11079545454545454,0.23648648648648649,0.09943181818181818,0.21621621621621623,0.09090909090909091,0.1554054054054054,0.06534090909090909,0.22972972972972974,0.09659090909090909,0.25675675675675674,0.10795454545454546,0.25675675675675674,0.10795454545454546,0.0,0.0,0.27702702702702703,0.11647727272727272,0.27702702702702703,0.11647727272727272,0.25,0.10511363636363637,0.10135135135135136,0.04261363636363636,0.22972972972972974,0.09659090909090909,0.25675675675675674,0.10795454545454546,0.12837837837837837,0.05397727272727273,0.006756756756756757,0.002840909090909091,0.22297297297297297,0.09375,0.24324324324324326,0.10227272727272728,0.24324324324324326,0.10227272727272728,0.0,0.0,0.18243243243243243,0.07670454545454546,0.20945945945945946,0.08806818181818182,0.16216216216216217,0.06818181818181818,0.08783783783783784,0.036931818181818184,0.24324324324324326,0.10227272727272728,0.25,0.10511363636363637,0.17567567567567569,0.07386363636363637,0.1554054054054054,0.06534090909090909,0.27702702702702703,0.11647727272727272,0.24324324324324326,0.10227272727272728,0.25675675675675674,0.10795454545454546,0.02027027027027027,0.008522727272727272,0.19594594594594594,0.08238636363636363,0.20945945945945946,0.08806818181818182,0.16891891891891891,0.07102272727272728,0.11486486486486487,0.048295454545454544,0.2905405405405405,0.12215909090909091,0.25675675675675674,0.10795454545454546,0.25,0.10511363636363637,0.006756756756756757,0.002840909090909091,0.2635135135135135,0.11079545454545454,0.22972972972972974,0.09659090909090909,0.23648648648648649,0.09943181818181818,0.013513513513513514,0.005681818181818182,0.22972972972972974,0.09659090909090909,0.16891891891891891,0.07102272727272728,0.12162162162162163,0.05113636363636364,0.12162162162162163,0.05113636363636364,0.2972972972972973,0.125,0.22972972972972974,0.09659090909090909,0.19594594594594594,0.08238636363636363,0.1554054054054054,0.06534090909090909,0.39864864864864863,0.16761363636363635,0.31756756756756754,0.13352272727272727,0.31756756756756754,0.13352272727272727,0.006756756756756757,0.002840909090909091,0.22297297297297297,0.09375,0.10810810810810811,0.045454545454545456,0.22297297297297297,0.09375,0.033783783783783786,0.014204545454545454,0.2972972972972973,0.125,0.2702702702702703,0.11363636363636363,0.27702702702702703,0.11647727272727272,0.16216216216216217,0.06818181818181818,0.3918918918918919,0.16477272727272727,0.31756756756756754,0.13352272727272727,0.31756756756756754,0.13352272727272727,0.0,0.0,0.19594594594594594,0.08238636363636363,0.10810810810810811,0.045454545454545456,0.23648648648648649,0.09943181818181818,0.033783783783783786,0.014204545454545454,0.2905405405405405,0.12215909090909091,0.2702702702702703,0.11363636363636363,0.2635135135135135,0.11079545454545454
2,0.13175675675675674,0.11079545454545454,0.19256756756756757,0.16193181818181818,0.23310810810810811,0.19602272727272727,0.23310810810810811,0.19602272727272727,0.05067567567567568,0.04261363636363636,0.1891891891891892,0.1590909090909091,0.1554054054054054,0.13068181818181818,0.15878378378378377,0.13352272727272727,0.07432432432432433,0.0625,0.19594594594594594,0.16477272727272727,0.18243243243243243,0.1534090909090909,0.1891891891891892,0.1590909090909091,0.006756756756756757,0.005681818181818182,0.19594594594594594,0.16477272727272727,0.16216216216216217,0.13636363636363635,0.17229729729729729,0.14488636363636365,0.016891891891891893,0.014204545454545454,0.1554054054054054,0.13068181818181818,0.10810810810810811,0.09090909090909091,0.125,0.10511363636363637,0.07432432432432433,0.0625,0.20945945945945946,0.17613636363636365,0.16891891891891891,0.14204545454545456,0.16891891891891891,0.14204545454545456,0.13175675675675674,0.11079545454545454,0.17229729729729729,0.14488636363636365,0.1858108108108108,0.15625,0.17229729729729729,0.14488636363636365,0.006756756756756757,0.005681818181818182,0.2195945945945946,0.1846590909090909,0.19932432432432431,0.16761363636363635,0.16554054054054054,0.13920454545454544,0.0945945945945946,0.07954545454545454,0.18243243243243243,0.1534090909090909,0.1891891891891892,0.1590909090909091,0.10810810810810811,0.09090909090909091,0.006756756756756757,0.005681818181818182,0.1891891891891892,0.1590909090909091,0.19932432432432431,0.16761363636363635,0.19932432432432431,0.16761363636363635,0.010135135135135136,0.008522727272727272,0.20270270270270271,0.17045454545454544,0.15202702702702703,0.1278409090909091,0.16216216216216217,0.13636363636363635,0.09121621621621621,0.07670454545454546,0.18243243243243243,0.1534090909090909,0.19594594594594594,0.16477272727272727,0.13851351351351351,0.11647727272727272,0.13851351351351351,0.11647727272727272,0.1891891891891892,0.1590909090909091,0.20608108108108109,0.17329545454545456,0.20270270270270271,0.17045454545454544,0.016891891891891893,0.014204545454545454,0.17229729729729729,0.14488636363636365,0.15878378378378377,0.13352272727272727,0.1554054054054054,0.13068181818181818,0.07432432432432433,0.0625,0.19594594594594594,0.16477272727272727,0.1858108108108108,0.15625,0.22297297297297297,0.1875,0.006756756756756757,0.005681818181818182,0.19932432432432431,0.16761363636363635,0.16891891891891891,0.14204545454545456,0.18243243243243243,0.1534090909090909,0.04054054054054054,0.03409090909090909,0.18243243243243243,0.1534090909090909,0.11824324324324324,0.09943181818181818,0.13851351351351351,0.11647727272727272,0.07094594594594594,0.05965909090909091,0.20270270270270271,0.17045454545454544,0.18243243243243243,0.1534090909090909,0.17567567567567569,0.14772727272727273,0.14527027027027026,0.12215909090909091,0.28040540540540543,0.23579545454545456,0.2668918918918919,0.22443181818181818,0.2668918918918919,0.22443181818181818,0.010135135135135136,0.008522727272727272,0.14527027027027026,0.12215909090909091,0.08783783783783784,0.07386363636363637,0.16554054054054054,0.13920454545454544,0.04054054054054054,0.03409090909090909,0.24662162162162163,0.20738636363636365,0.26013513513513514,0.21875,0.20270270270270271,0.17045454545454544,0.14527027027027026,0.12215909090909091,0.28716216216216217,0.24147727272727273,0.2668918918918919,0.22443181818181818,0.2668918918918919,0.22443181818181818,0.0,0.0,0.14189189189189189,0.11931818181818182,0.0777027027027027,0.06534090909090909,0.16891891891891891,0.14204545454545456,0.04054054054054054,0.03409090909090909,0.25,0.21022727272727273,0.25675675675675674,0.2159090909090909,0.21621621621621623,0.18181818181818182
3,0.12808988764044943,0.16193181818181818,0.15955056179775282,0.20170454545454544,0.1842696629213483,0.23295454545454544,0.1842696629213483,0.23295454545454544,0.04269662921348315,0.05397727272727273,0.14831460674157304,0.1875,0.1348314606741573,0.17045454545454544,0.13258426966292136,0.16761363636363635,0.051685393258426963,0.06534090909090909,0.16179775280898875,0.20454545454545456,0.14157303370786517,0.17897727272727273,0.16853932584269662,0.21306818181818182,0.0044943820224719105,0.005681818181818182,0.15955056179775282,0.20170454545454544,0.16404494382022472,0.20738636363636365,0.16179775280898875,0.20454545454545456,0.024719101123595506,0.03125,0.1393258426966292,0.17613636363636365,0.11235955056179775,0.14204545454545456,0.1146067415730337,0.14488636363636365,0.05393258426966292,0.06818181818181818,0.16404494382022472,0.20738636363636365,0.14606741573033707,0.1846590909090909,0.13707865168539327,0.17329545454545456,0.1303370786516854,0.16477272727272727,0.15955056179775282,0.20170454545454544,0.15955056179775282,0.20170454545454544,0.16179775280898875,0.20454545454545456,0.01348314606741573,0.017045454545454544,0.18651685393258427,0.23579545454545456,0.15056179775280898,0.1903409090909091,0.14382022471910114,0.18181818181818182,0.09887640449438202,0.125,0.16404494382022472,0.20738636363636365,0.17303370786516853,0.21875,0.10337078651685393,0.13068181818181818,0.0044943820224719105,0.005681818181818182,0.16404494382022472,0.20738636363636365,0.17303370786516853,0.21875,0.17303370786516853,0.21875,0.006741573033707865,0.008522727272727272,0.1797752808988764,0.22727272727272727,0.15056179775280898,0.1903409090909091,0.14157303370786517,0.17897727272727273,0.0853932584269663,0.10795454545454546,0.16179775280898875,0.20454545454545456,0.17303370786516853,0.21875,0.1258426966292135,0.1590909090909091,0.1303370786516854,0.16477272727272727,0.15955056179775282,0.20170454545454544,0.16404494382022472,0.20738636363636365,0.1662921348314607,0.21022727272727273,0.017977528089887642,0.022727272727272728,0.15280898876404495,0.19318181818181818,0.14382022471910114,0.18181818181818182,0.11685393258426967,0.14772727272727273,0.05393258426966292,0.06818181818181818,0.16179775280898875,0.20454545454545456,0.16404494382022472,0.20738636363636365,0.2,0.2528409090909091,0.0044943820224719105,0.005681818181818182,0.16179775280898875,0.20454545454545456,0.15730337078651685,0.19886363636363635,0.1550561797752809,0.19602272727272727,0.038202247191011236,0.048295454545454544,0.15730337078651685,0.19886363636363635,0.13707865168539327,0.17329545454545456,0.12359550561797752,0.15625,0.05393258426966292,0.06818181818181818,0.1662921348314607,0.21022727272727273,0.16404494382022472,0.20738636363636365,0.15955056179775282,0.20170454545454544,0.1348314606741573,0.17045454545454544,0.2449438202247191,0.3096590909090909,0.23370786516853934,0.29545454545454547,0.23146067415730337,0.29261363636363635,0.01348314606741573,0.017045454545454544,0.12359550561797752,0.15625,0.07415730337078652,0.09375,0.16179775280898875,0.20454545454545456,0.04269662921348315,0.05397727272727273,0.22247191011235956,0.28125,0.22696629213483147,0.2869318181818182,0.18876404494382024,0.23863636363636365,0.1348314606741573,0.17045454545454544,0.2449438202247191,0.3096590909090909,0.23370786516853934,0.29545454545454547,0.23146067415730337,0.29261363636363635,0.0044943820224719105,0.005681818181818182,0.12134831460674157,0.1534090909090909,0.060674157303370786,0.07670454545454546,0.16179775280898875,0.20454545454545456,0.04269662921348315,0.05397727272727273,0.2247191011235955,0.2840909090909091,0.2292134831460674,0.2897727272727273,0.1797752808988764,0.22727272727272727
4,0.11129848229342328,0.1875,0.14165261382799327,0.23863636363636365,0.15177065767284992,0.2556818181818182,0.15177065767284992,0.2556818181818182,0.04047217537942664,0.06818181818181818,0.14165261382799327,0.23863636363636365,0.10623946037099494,0.17897727272727273,0.11129848229342328,0.1875,0.05227655986509275,0.08806818181818182,0.13827993254637436,0.23295454545454544,0.12141652613827993,0.20454545454545456,0.14502529510961215,0.24431818181818182,0.00505902192242833,0.008522727272727272,0.14165261382799327,0.23863636363636365,0.1399662731871838,0.23579545454545456,0.1399662731871838,0.23579545454545456,0.023608768971332208,0.03977272727272727,0.13322091062394603,0.22443181818181818,0.09949409780775717,0.16761363636363635,0.10286677908937605,0.17329545454545456,0.05564924114671164,0.09375,0.1399662731871838,0.23579545454545456,0.13490725126475547,0.22727272727272727,0.1281618887015177,0.2159090909090909,0.11298482293423272,0.1903409090909091,0.13659359190556492,0.23011363636363635,0.14839797639123103,0.25,0.1399662731871838,0.23579545454545456,0.016863406408094434,0.028409090909090908,0.14502529510961215,0.24431818181818182,0.12984822934232715,0.21875,0.12310286677908938,0.20738636363636365,0.09780775716694773,0.16477272727272727,0.13827993254637436,0.23295454545454544,0.15008431703204048,0.2528409090909091,0.08431703204047218,0.14204545454545456,0.00505902192242833,0.008522727272727272,0.13827993254637436,0.23295454545454544,0.14502529510961215,0.24431818181818182,0.1467116357504216,0.2471590909090909,0.01011804384485666,0.017045454545454544,0.14839797639123103,0.25,0.1433389544688027,0.24147727272727273,0.12141652613827993,0.20454545454545456,0.09443507588532883,0.1590909090909091,0.1399662731871838,0.23579545454545456,0.16020236087689713,0.26988636363636365,0.11298482293423272,0.1903409090909091,0.11298482293423272,0.1903409090909091,0.1433389544688027,0.24147727272727273,0.14165261382799327,0.23863636363636365,0.14165261382799327,0.23863636363636365,0.025295109612141653,0.04261363636363636,0.13659359190556492,0.23011363636363635,0.13827993254637436,0.23295454545454544,0.09949409780775717,0.16761363636363635,0.05733558178752108,0.09659090909090909,0.1433389544688027,0.24147727272727273,0.14165261382799327,0.23863636363636365,0.18381112984822934,0.3096590909090909,0.00505902192242833,0.008522727272727272,0.14502529510961215,0.24431818181818182,0.13659359190556492,0.23011363636363635,0.13659359190556492,0.23011363636363635,0.03204047217537943,0.05397727272727273,0.1315345699831366,0.2215909090909091,0.11973018549747048,0.20170454545454544,0.10792580101180438,0.18181818181818182,0.048903878583473864,0.08238636363636363,0.14502529510961215,0.24431818181818182,0.14165261382799327,0.23863636363636365,0.13490725126475547,0.22727272727272727,0.1315345699831366,0.2215909090909091,0.21922428330522767,0.3693181818181818,0.20067453625632378,0.3380681818181818,0.20236087689713322,0.3409090909090909,0.013490725126475547,0.022727272727272728,0.10792580101180438,0.18181818181818182,0.06239460370994941,0.10511363636363637,0.15851602023608768,0.26704545454545453,0.0387858347386172,0.06534090909090909,0.20741989881956155,0.3494318181818182,0.20067453625632378,0.3380681818181818,0.1736930860033727,0.29261363636363635,0.1315345699831366,0.2215909090909091,0.2209106239460371,0.3721590909090909,0.20067453625632378,0.3380681818181818,0.20236087689713322,0.3409090909090909,0.006745362563237774,0.011363636363636364,0.10961214165261383,0.1846590909090909,0.05227655986509275,0.08806818181818182,0.15851602023608768,0.26704545454545453,0.0387858347386172,0.06534090909090909,0.21079258010118043,0.35511363636363635,0.20067453625632378,0.3380681818181818,0.1551433389544688,0.26136363636363635
5,0.09703504043126684,0.20454545454545456,0.12533692722371967,0.26420454545454547,0.12668463611859837,0.26704545454545453,0.12668463611859837,0.26704545454545453,0.03369272237196765,0.07102272727272728,0.12533692722371967,0.26420454545454547,0.10377358490566038,0.21875,0.10107816711590296,0.21306818181818182,0.0660377358490566,0.13920454545454544,0.1280323450134771,0.26988636363636365,0.11185983827493262,0.23579545454545456,0.12668463611859837,0.26704545454545453,0.008086253369272238,0.017045454545454544,0.12668463611859837,0.26704545454545453,0.12668463611859837,0.26704545454545453,0.12668463611859837,0.26704545454545453,0.025606469002695417,0.05397727272727273,0.12533692722371967,0.26420454545454547,0.09299191374663072,0.19602272727272727,0.09703504043126684,0.20454545454545456,0.06873315363881402,0.14488636363636365,0.1293800539083558,0.2727272727272727,0.11590296495956873,0.24431818181818182,0.12533692722371967,0.26420454545454547,0.09703504043126684,0.20454545454545456,0.12533692722371967,0.26420454545454547,0.12668463611859837,0.26704545454545453,0.12668463611859837,0.26704545454545453,0.018867924528301886,0.03977272727272727,0.1293800539083558,0.2727272727272727,0.1320754716981132,0.2784090909090909,0.12264150943396226,0.2585227272727273,0.09164420485175202,0.19318181818181818,0.12533692722371967,0.26420454545454547,0.1495956873315364,0.3153409090909091,0.0673854447439353,0.14204545454545456,0.006738544474393531,0.014204545454545454,0.12668463611859837,0.26704545454545453,0.12533692722371967,0.26420454545454547,0.12533692722371967,0.26420454545454547,0.009433962264150943,0.019886363636363636,0.12533692722371967,0.26420454545454547,0.12533692722371967,0.26420454545454547,0.11725067385444744,0.2471590909090909,0.10242587601078167,0.2159090909090909,0.1280323450134771,0.26988636363636365,0.14690026954177898,0.3096590909090909,0.11590296495956873,0.24431818181818182,0.09838274932614555,0.20738636363636365,0.1280323450134771,0.26988636363636365,0.12533692722371967,0.26420454545454547,0.12533692722371967,0.26420454545454547,0.02425876010781671,0.05113636363636364,0.12398921832884097,0.26136363636363635,0.11994609164420485,0.2528409090909091,0.0889487870619946,0.1875,0.05929919137466307,0.125,0.1293800539083558,0.2727272727272727,0.11994609164420485,0.2528409090909091,0.16307277628032346,0.34375,0.006738544474393531,0.014204545454545454,0.1280323450134771,0.26988636363636365,0.12533692722371967,0.26420454545454547,0.12533692722371967,0.26420454545454547,0.02830188679245283,0.05965909090909091,0.12668463611859837,0.26704545454545453,0.1105121293800539,0.23295454545454544,0.10107816711590296,0.21306818181818182,0.06064690026954178,0.1278409090909091,0.1307277628032345,0.2755681818181818,0.11725067385444744,0.2471590909090909,0.12668463611859837,0.26704545454545453,0.14420485175202155,0.3039772727272727,0.1967654986522911,0.4147727272727273,0.18328840970350405,0.38636363636363635,0.18598382749326145,0.39204545454545453,0.022911051212938006,0.048295454545454544,0.09568733153638814,0.20170454545454544,0.05525606469002695,0.11647727272727272,0.1509433962264151,0.3181818181818182,0.03638814016172507,0.07670454545454546,0.19137466307277629,0.4034090909090909,0.18059299191374664,0.3806818181818182,0.15902964959568733,0.3352272727272727,0.14824797843665768,0.3125,0.19811320754716982,0.41761363636363635,0.18328840970350405,0.38636363636363635,0.18598382749326145,0.39204545454545453,0.006738544474393531,0.014204545454545454,0.10377358490566038,0.21875,0.05525606469002695,0.11647727272727272,0.1509433962264151,0.3181818181818182,0.03638814016172507,0.07670454545454546,0.192722371967655,0.40625,0.18328840970350405,0.38636363636363635,0.13611859838274934,0.2869318181818182
6,0.08764044943820225,0.2215909090909091,0.12022471910112359,0.3039772727272727,0.12471910112359551,0.3153409090909091,0.12471910112359551,0.3153409090909091,0.028089887640449437,0.07102272727272728,0.10786516853932585,0.2727272727272727,0.09550561797752809,0.24147727272727273,0.09438202247191012,0.23863636363636365,0.07078651685393259,0.17897727272727273,0.12247191011235956,0.3096590909090909,0.10561797752808989,0.26704545454545453,0.11348314606741573,0.2869318181818182,0.012359550561797753,0.03125,0.11573033707865168,0.29261363636363635,0.12247191011235956,0.3096590909090909,0.12247191011235956,0.3096590909090909,0.024719101123595506,0.0625,0.11235955056179775,0.2840909090909091,0.09438202247191012,0.23863636363636365,0.10449438202247191,0.26420454545454547,0.0651685393258427,0.16477272727272727,0.12247191011235956,0.3096590909090909,0.10786516853932585,0.2727272727272727,0.1146067415730337,0.2897727272727273,0.0853932584269663,0.2159090909090909,0.11573033707865168,0.29261363636363635,0.11685393258426967,0.29545454545454547,0.11685393258426967,0.29545454545454547,0.016853932584269662,0.04261363636363636,0.1146067415730337,0.2897727272727273,0.14157303370786517,0.35795454545454547,0.10898876404494381,0.2755681818181818,0.08314606741573034,0.21022727272727273,0.1146067415730337,0.2897727272727273,0.13707865168539327,0.3465909090909091,0.056179775280898875,0.14204545454545456,0.008988764044943821,0.022727272727272728,0.11685393258426967,0.29545454545454547,0.1101123595505618,0.2784090909090909,0.1101123595505618,0.2784090909090909,0.007865168539325843,0.019886363636363636,0.11573033707865168,0.29261363636363635,0.1146067415730337,0.2897727272727273,0.10674157303370786,0.26988636363636365,0.09662921348314607,0.24431818181818182,0.11685393258426967,0.29545454545454547,0.12921348314606743,0.32670454545454547,0.10561797752808989,0.26704545454545453,0.08876404494382023,0.22443181818181818,0.11910112359550562,0.30113636363636365,0.12808988764044943,0.32386363636363635,0.1303370786516854,0.32954545454545453,0.02696629213483146,0.06818181818181818,0.11573033707865168,0.29261363636363635,0.10786516853932585,0.2727272727272727,0.08426966292134831,0.21306818181818182,0.058426966292134834,0.14772727272727273,0.12247191011235956,0.3096590909090909,0.10786516853932585,0.2727272727272727,0.15056179775280898,0.3806818181818182,0.010112359550561797,0.02556818181818182,0.11797752808988764,0.29829545454545453,0.12134831460674157,0.3068181818181818,0.11910112359550562,0.30113636363636365,0.03258426966292135,0.08238636363636363,0.1146067415730337,0.2897727272727273,0.1,0.2528409090909091,0.1,0.2528409090909091,0.05730337078651685,0.14488636363636365,0.12471910112359551,0.3153409090909091,0.10898876404494381,0.2755681818181818,0.11685393258426967,0.29545454545454547,0.14831460674157304,0.375,0.18202247191011237,0.4602272727272727,0.17415730337078653,0.4403409090909091,0.17303370786516853,0.4375,0.020224719101123594,0.05113636363636364,0.09662921348314607,0.24431818181818182,0.052808988764044947,0.13352272727272727,0.13820224719101123,0.3494318181818182,0.033707865168539325,0.08522727272727272,0.1707865168539326,0.4318181818181818,0.1662921348314607,0.42045454545454547,0.1393258426966292,0.3522727272727273,0.14831460674157304,0.375,0.18089887640449437,0.45738636363636365,0.17415730337078653,0.4403409090909091,0.17303370786516853,0.4375,0.007865168539325843,0.019886363636363636,0.09887640449438202,0.25,0.058426966292134834,0.14772727272727273,0.13707865168539327,0.3465909090909091,0.033707865168539325,0.08522727272727272,0.1696629213483146,0.4289772727272727,0.1662921348314607,0.42045454545454547,0.12359550561797752,0.3125
7,0.07996146435452794,0.23579545454545456,0.10886319845857419,0.3210227272727273,0.12620423892100194,0.3721590909090909,0.12716763005780346,0.375,0.028901734104046242,0.08522727272727272,0.09826589595375723,0.2897727272727273,0.09441233140655106,0.2784090909090909,0.09152215799614644,0.26988636363636365,0.06936416184971098,0.20454545454545456,0.11368015414258188,0.3352272727272727,0.1001926782273603,0.29545454545454547,0.10789980732177264,0.3181818181818182,0.014450867052023121,0.04261363636363636,0.10886319845857419,0.3210227272727273,0.11175337186897881,0.32954545454545453,0.11175337186897881,0.32954545454545453,0.029865125240847785,0.08806818181818182,0.10500963391136801,0.3096590909090909,0.0905587668593449,0.26704545454545453,0.09826589595375723,0.2897727272727273,0.06647398843930635,0.19602272727272727,0.11368015414258188,0.3352272727272727,0.10115606936416185,0.29829545454545453,0.10886319845857419,0.3210227272727273,0.0789980732177264,0.23295454545454544,0.10404624277456648,0.3068181818181818,0.1069364161849711,0.3153409090909091,0.1069364161849711,0.3153409090909091,0.014450867052023121,0.04261363636363636,0.11560693641618497,0.3409090909090909,0.1396917148362235,0.4119318181818182,0.10597302504816955,0.3125,0.08766859344894026,0.2585227272727273,0.10211946050096339,0.30113636363636365,0.12716763005780346,0.375,0.05491329479768786,0.16193181818181818,0.012524084778420038,0.036931818181818184,0.10308285163776493,0.3039772727272727,0.1069364161849711,0.3153409090909091,0.1069364161849711,0.3153409090909091,0.00674373795761079,0.019886363636363636,0.1069364161849711,0.3153409090909091,0.10500963391136801,0.3096590909090909,0.10308285163776493,0.3039772727272727,0.09248554913294797,0.2727272727272727,0.10404624277456648,0.3068181818181818,0.12427745664739884,0.3664772727272727,0.09826589595375723,0.2897727272727273,0.08092485549132948,0.23863636363636365,0.1069364161849711,0.3153409090909091,0.12235067437379576,0.36079545454545453,0.1233140655105973,0.36363636363636365,0.025048169556840076,0.07386363636363637,0.1069364161849711,0.3153409090909091,0.10211946050096339,0.30113636363636365,0.08285163776493257,0.24431818181818182,0.05876685934489403,0.17329545454545456,0.11464354527938343,0.3380681818181818,0.09730250481695568,0.2869318181818182,0.1348747591522158,0.3977272727272727,0.010597302504816955,0.03125,0.10789980732177264,0.3181818181818182,0.11849710982658959,0.3494318181818182,0.11753371868978806,0.3465909090909091,0.03468208092485549,0.10227272727272728,0.10404624277456648,0.3068181818181818,0.08863198458574181,0.26136363636363635,0.09152215799614644,0.26988636363636365,0.06069364161849711,0.17897727272727273,0.11368015414258188,0.3352272727272727,0.09633911368015415,0.2840909090909091,0.11078998073217726,0.32670454545454547,0.1464354527938343,0.4318181818181818,0.17341040462427745,0.5113636363636364,0.1579961464354528,0.4659090909090909,0.1579961464354528,0.4659090909090909,0.02023121387283237,0.05965909090909091,0.0953757225433526,0.28125,0.051059730250481696,0.15056818181818182,0.14547206165703275,0.4289772727272727,0.028901734104046242,0.08522727272727272,0.1628131021194605,0.48011363636363635,0.15510597302504817,0.45738636363636365,0.13391136801541426,0.39488636363636365,0.14547206165703275,0.4289772727272727,0.17341040462427745,0.5113636363636364,0.1579961464354528,0.4659090909090909,0.1579961464354528,0.4659090909090909,0.009633911368015413,0.028409090909090908,0.09730250481695568,0.2869318181818182,0.05876685934489403,0.17329545454545456,0.14739884393063585,0.4346590909090909,0.028901734104046242,0.08522727272727272,0.16377649325626203,0.48295454545454547,0.15510597302504817,0.45738636363636365,0.11657032755298652,0.34375
8,0.07497893850042123,0.2528409090909091,0.10362257792754845,0.3494318181818182,0.12047177759056445,0.40625,0.12047177759056445,0.40625,0.02948609941027801,0.09943181818181818,0.09182813816343724,0.3096590909090909,0.08593091828138164,0.2897727272727273,0.08930075821398484,0.30113636363636365,0.06992417860151642,0.23579545454545456,0.10951979780960404,0.3693181818181818,0.09435551811288964,0.3181818181818182,0.10530749789385004,0.35511363636363635,0.014321819713563605,0.048295454545454544,0.10025273799494525,0.3380681818181818,0.10783487784330244,0.36363636363636365,0.10867733782645324,0.3664772727272727,0.02611625947767481,0.08806818181818182,0.09519797809604044,0.3210227272727273,0.08761583824768324,0.29545454545454547,0.09435551811288964,0.3181818181818182,0.06571187868576242,0.2215909090909091,0.10614995787700084,0.35795454545454547,0.09267059814658804,0.3125,0.10193765796124685,0.34375,0.07413647851727043,0.25,0.09267059814658804,0.3125,0.10699241786015164,0.36079545454545453,0.10278011794439765,0.3465909090909091,0.018534119629317607,0.0625,0.10783487784330244,0.36363636363636365,0.13310867733782644,0.44886363636363635,0.09941027801179445,0.3352272727272727,0.08340353833192923,0.28125,0.09267059814658804,0.3125,0.12384161752316765,0.41761363636363635,0.07497893850042123,0.2528409090909091,0.012636899747262006,0.04261363636363636,0.09267059814658804,0.3125,0.09772535804549284,0.32954545454545453,0.09772535804549284,0.32954545454545453,0.005897219882055603,0.019886363636363636,0.10193765796124685,0.34375,0.09351305812973884,0.3153409090909091,0.09519797809604044,0.3210227272727273,0.08845829823083404,0.29829545454545453,0.09688289806234204,0.32670454545454547,0.11878685762426285,0.4005681818181818,0.09182813816343724,0.3096590909090909,0.07582139848357203,0.2556818181818182,0.09941027801179445,0.3352272727272727,0.11710193765796124,0.39488636363636365,0.12047177759056445,0.40625,0.02190395956192081,0.07386363636363637,0.10025273799494525,0.3380681818181818,0.10025273799494525,0.3380681818181818,0.07834877843302443,0.26420454545454547,0.05981465880370682,0.20170454545454544,0.10614995787700084,0.35795454545454547,0.08845829823083404,0.29829545454545453,0.12468407750631845,0.42045454545454547,0.010951979780960405,0.036931818181818184,0.10278011794439765,0.3465909090909091,0.11120471777590564,0.375,0.10951979780960404,0.3693181818181818,0.03201347935973041,0.10795454545454546,0.10278011794439765,0.3465909090909091,0.08003369839932603,0.26988636363636365,0.08761583824768324,0.29545454545454547,0.05812973883740522,0.19602272727272727,0.10783487784330244,0.36363636363636365,0.08845829823083404,0.29829545454545453,0.10109519797809605,0.3409090909090909,0.13058129738837404,0.4403409090909091,0.15669755686604886,0.5284090909090909,0.15164279696714406,0.5113636363636364,0.15080033698399326,0.5085227272727273,0.019376579612468407,0.06534090909090909,0.09014321819713564,0.3039772727272727,0.04802021903959562,0.16193181818181818,0.13732097725358045,0.4630681818181818,0.02948609941027801,0.09943181818181818,0.15248525695029486,0.5142045454545454,0.14406065711878685,0.48579545454545453,0.11962931760741365,0.4034090909090909,0.13142375737152484,0.4431818181818182,0.15669755686604886,0.5284090909090909,0.15164279696714406,0.5113636363636364,0.15080033698399326,0.5085227272727273,0.009267059814658803,0.03125,0.09182813816343724,0.3096590909090909,0.05391743892165122,0.18181818181818182,0.13732097725358045,0.4630681818181818,0.02864363942712721,0.09659090909090909,0.15501263689974726,0.5227272727272727,0.14321819713563605,0.48295454545454547,0.10867733782645324,0.3664772727272727
9,0.0696629213483146,0.26420454545454547,0.0951310861423221,0.36079545454545453,0.11685393258426967,0.4431818181818182,0.11760299625468165,0.4460227272727273,0.0299625468164794,0.11363636363636363,0.08389513108614233,0.3181818181818182,0.08014981273408239,0.3039772727272727,0.08389513108614233,0.3181818181818182,0.06891385767790262,0.26136363636363635,0.10037453183520599,0.3806818181818182,0.08764044943820225,0.33238636363636365,0.09887640449438202,0.375,0.0149812734082397,0.056818181818181816,0.09588014981273409,0.36363636363636365,0.10486891385767791,0.3977272727272727,0.10486891385767791,0.3977272727272727,0.027715355805243445,0.10511363636363637,0.0898876404494382,0.3409090909090909,0.08389513108614233,0.3181818181818182,0.08913857677902622,0.3380681818181818,0.06142322097378277,0.23295454545454544,0.09887640449438202,0.375,0.08689138576779026,0.32954545454545453,0.0951310861423221,0.36079545454545453,0.06816479400749063,0.2585227272727273,0.0853932584269663,0.32386363636363635,0.09588014981273409,0.36363636363636365,0.09662921348314607,0.3664772727272727,0.021722846441947566,0.08238636363636363,0.09588014981273409,0.36363636363636365,0.12434456928838951,0.4715909090909091,0.09438202247191012,0.35795454545454547,0.08389513108614233,0.3181818181818182,0.0853932584269663,0.32386363636363635,0.11385767790262172,0.4318181818181818,0.07415730337078652,0.28125,0.01348314606741573,0.05113636363636364,0.0853932584269663,0.32386363636363635,0.08838951310861423,0.3352272727272727,0.08838951310861423,0.3352272727272727,0.00599250936329588,0.022727272727272728,0.09213483146067415,0.3494318181818182,0.08464419475655431,0.3210227272727273,0.09288389513108614,0.3522727272727273,0.08689138576779026,0.32954545454545453,0.0898876404494382,0.3409090909090909,0.11310861423220973,0.4289772727272727,0.08314606741573034,0.3153409090909091,0.0696629213483146,0.26420454545454547,0.09363295880149813,0.35511363636363635,0.11610486891385768,0.4403409090909091,0.11535580524344569,0.4375,0.021722846441947566,0.08238636363636363,0.10037453183520599,0.3806818181818182,0.09288389513108614,0.3522727272727273,0.07265917602996255,0.2755681818181818,0.05917602996254682,0.22443181818181818,0.099625468164794,0.3778409090909091,0.0853932584269663,0.32386363636363635,0.11535580524344569,0.4375,0.012734082397003745,0.048295454545454544,0.09438202247191012,0.35795454545454547,0.10411985018726591,0.39488636363636365,0.10411985018726591,0.39488636363636365,0.0299625468164794,0.11363636363636363,0.09588014981273409,0.36363636363636365,0.07191011235955057,0.2727272727272727,0.08314606741573034,0.3153409090909091,0.05767790262172284,0.21875,0.10112359550561797,0.3835227272727273,0.08389513108614233,0.3181818181818182,0.09588014981273409,0.36363636363636365,0.1258426966292135,0.4772727272727273,0.149812734082397,0.5681818181818182,0.13857677902621723,0.5255681818181818,0.1393258426966292,0.5284090909090909,0.020224719101123594,0.07670454545454546,0.08614232209737828,0.32670454545454547,0.045692883895131084,0.17329545454545456,0.12284644194756554,0.4659090909090909,0.027715355805243445,0.10511363636363637,0.14082397003745317,0.5340909090909091,0.13408239700374533,0.5085227272727273,0.11086142322097378,0.42045454545454547,0.1258426966292135,0.4772727272727273,0.14831460674157304,0.5625,0.13857677902621723,0.5255681818181818,0.1393258426966292,0.5284090909090909,0.009737827715355805,0.036931818181818184,0.08389513108614233,0.3181818181818182,0.05767790262172284,0.21875,0.12434456928838951,0.4715909090909091,0.027715355805243445,0.10511363636363637,0.14157303370786517,0.5369318181818182,0.13333333333333333,0.5056818181818182,0.10262172284644194,0.38920454545454547
10,0.0646900269541779,0.2727272727272727,0.09029649595687332,0.3806818181818182,0.11320754716981132,0.4772727272727273,0.11253369272237197,0.4744318181818182,0.028975741239892182,0.12215909090909091,0.08153638814016173,0.34375,0.07547169811320754,0.3181818181818182,0.07749326145552561,0.32670454545454547,0.06873315363881402,0.2897727272727273,0.0963611859838275,0.40625,0.08221024258760108,0.3465909090909091,0.09231805929919137,0.38920454545454547,0.016172506738544475,0.06818181818181818,0.08827493261455525,0.3721590909090909,0.10377358490566038,0.4375,0.10242587601078167,0.4318181818181818,0.026954177897574125,0.11363636363636363,0.08221024258760108,0.3465909090909091,0.08018867924528301,0.3380681818181818,0.0889487870619946,0.375,0.05929919137466307,0.25,0.09433962264150944,0.3977272727272727,0.08153638814016173,0.34375,0.08827493261455525,0.3721590909090909,0.06401617250673855,0.26988636363636365,0.08086253369272237,0.3409090909090909,0.0862533692722372,0.36363636363636365,0.08692722371967655,0.3664772727272727,0.0215633423180593,0.09090909090909091,0.0876010781671159,0.3693181818181818,0.1179245283018868,0.4971590909090909,0.0876010781671159,0.3693181818181818,0.08288409703504043,0.3494318181818182,0.08153638814016173,0.34375,0.10512129380053908,0.4431818181818182,0.06671159029649595,0.28125,0.016846361185983826,0.07102272727272728,0.08018867924528301,0.3380681818181818,0.08086253369272237,0.3409090909090909,0.08153638814016173,0.34375,0.006738544474393531,0.028409090909090908,0.08490566037735849,0.35795454545454547,0.08153638814016173,0.34375,0.0876010781671159,0.3693181818181818,0.08355795148247978,0.3522727272727273,0.08557951482479785,0.36079545454545453,0.10646900269541779,0.44886363636363635,0.08557951482479785,0.36079545454545453,0.06536388140161725,0.2755681818181818,0.0876010781671159,0.3693181818181818,0.1091644204851752,0.4602272727272727,0.10983827493261455,0.4630681818181818,0.02021563342318059,0.08522727272727272,0.0963611859838275,0.40625,0.0862533692722372,0.36363636363636365,0.06805929919137467,0.2869318181818182,0.05862533692722372,0.2471590909090909,0.09433962264150944,0.3977272727272727,0.08288409703504043,0.3494318181818182,0.11185983827493262,0.4715909090909091,0.013477088948787063,0.056818181818181816,0.0889487870619946,0.375,0.0977088948787062,0.4119318181818182,0.09838274932614555,0.4147727272727273,0.02830188679245283,0.11931818181818182,0.09029649595687332,0.3806818181818182,0.06873315363881402,0.2897727272727273,0.08221024258760108,0.3465909090909091,0.05592991913746631,0.23579545454545456,0.0963611859838275,0.40625,0.08086253369272237,0.3409090909090909,0.0889487870619946,0.375,0.1179245283018868,0.4971590909090909,0.1421832884097035,0.5994318181818182,0.13140161725067384,0.5539772727272727,0.13140161725067384,0.5539772727272727,0.018867924528301886,0.07954545454545454,0.08086253369272237,0.3409090909090909,0.0444743935309973,0.1875,0.11388140161725067,0.48011363636363635,0.027628032345013476,0.11647727272727272,0.1347708894878706,0.5681818181818182,0.12668463611859837,0.5340909090909091,0.10377358490566038,0.4375,0.11657681940700809,0.4914772727272727,0.1421832884097035,0.5994318181818182,0.13140161725067384,0.5539772727272727,0.13140161725067384,0.5539772727272727,0.010107816711590296,0.04261363636363636,0.07951482479784366,0.3352272727272727,0.05727762803234501,0.24147727272727273,0.11388140161725067,0.48011363636363635,0.025606469002695417,0.10795454545454546,0.13409703504043127,0.5653409090909091,0.12735849056603774,0.5369318181818182,0.0977088948787062,0.4119318181818182
11,0.061274509803921566,0.2840909090909091,0.0857843137254902,0.3977272727272727,0.10600490196078431,0.4914772727272727,0.10600490196078431,0.4914772727272727,0.026348039215686275,0.12215909090909091,0.07965686274509803,0.3693181818181818,0.06862745098039216,0.3181818181818182,0.07536764705882353,0.3494318181818182,0.06740196078431372,0.3125,0.09129901960784313,0.42329545454545453,0.07965686274509803,0.3693181818181818,0.08823529411764706,0.4090909090909091,0.017769607843137254,0.08238636363636363,0.08394607843137254,0.38920454545454547,0.10049019607843138,0.4659090909090909,0.09926470588235294,0.4602272727272727,0.025735294117647058,0.11931818181818182,0.07720588235294118,0.35795454545454547,0.07659313725490197,0.35511363636363635,0.0857843137254902,0.3977272727272727,0.056372549019607844,0.26136363636363635,0.09191176470588236,0.42613636363636365,0.07536764705882353,0.3494318181818182,0.08088235294117647,0.375,0.0625,0.2897727272727273,0.07536764705882353,0.3494318181818182,0.0784313725490196,0.36363636363636365,0.07904411764705882,0.3664772727272727,0.022058823529411766,0.10227272727272728,0.08088235294117647,0.375,0.11090686274509803,0.5142045454545454,0.08272058823529412,0.3835227272727273,0.08088235294117647,0.375,0.0784313725490196,0.36363636363636365,0.09926470588235294,0.4602272727272727,0.06862745098039216,0.3181818181818182,0.01838235294117647,0.08522727272727272,0.07352941176470588,0.3409090909090909,0.0778186274509804,0.36079545454545453,0.07720588235294118,0.35795454545454547,0.007352941176470588,0.03409090909090909,0.07965686274509803,0.3693181818181818,0.0778186274509804,0.36079545454545453,0.08455882352941177,0.39204545454545453,0.0821078431372549,0.3806818181818182,0.0821078431372549,0.3806818181818182,0.10110294117647059,0.46875,0.08026960784313726,0.3721590909090909,0.061274509803921566,0.2840909090909091,0.08455882352941177,0.39204545454545453,0.1017156862745098,0.4715909090909091,0.10294117647058823,0.4772727272727273,0.0196078431372549,0.09090909090909091,0.08946078431372549,0.4147727272727273,0.0821078431372549,0.3806818181818182,0.0661764705882353,0.3068181818181818,0.05943627450980392,0.2755681818181818,0.08884803921568628,0.4119318181818182,0.07965686274509803,0.3693181818181818,0.10600490196078431,0.4914772727272727,0.015931372549019607,0.07386363636363637,0.08455882352941177,0.39204545454545453,0.09252450980392157,0.4289772727272727,0.09191176470588236,0.42613636363636365,0.028799019607843136,0.13352272727272727,0.08700980392156862,0.4034090909090909,0.0661764705882353,0.3068181818181818,0.07965686274509803,0.3693181818181818,0.0545343137254902,0.2528409090909091,0.0900735294117647,0.41761363636363635,0.07659313725490197,0.35511363636363635,0.08700980392156862,0.4034090909090909,0.1096813725490196,0.5085227272727273,0.13357843137254902,0.6193181818181818,0.12438725490196079,0.5767045454545454,0.12377450980392157,0.5738636363636364,0.018995098039215685,0.08806818181818182,0.0778186274509804,0.36079545454545453,0.044730392156862746,0.20738636363636365,0.10784313725490197,0.5,0.025122549019607844,0.11647727272727272,0.12683823529411764,0.5880681818181818,0.11764705882352941,0.5454545454545454,0.09865196078431372,0.45738636363636365,0.11090686274509803,0.5142045454545454,0.13357843137254902,0.6193181818181818,0.12438725490196079,0.5767045454545454,0.12377450980392157,0.5738636363636364,0.013480392156862746,0.0625,0.07720588235294118,0.35795454545454547,0.056372549019607844,0.26136363636363635,0.10784313725490197,0.5,0.025735294117647058,0.11931818181818182,0.12745098039215685,0.5909090909090909,0.11825980392156862,0.5482954545454546,0.09375,0.4346590909090909
12,0.058426966292134834,0.29545454545454547,0.07921348314606741,0.4005681818181818,0.09943820224719101,0.5028409090909091,0.09943820224719101,0.5028409090909091,0.026404494382022473,0.13352272727272727,0.07696629213483146,0.38920454545454547,0.06797752808988763,0.34375,0.07134831460674157,0.36079545454545453,0.06460674157303371,0.32670454545454547,0.0848314606741573,0.4289772727272727,0.07808988764044944,0.39488636363636365,0.08202247191011236,0.4147727272727273,0.021910112359550562,0.11079545454545454,0.07921348314606741,0.4005681818181818,0.09550561797752809,0.48295454545454547,0.09606741573033707,0.48579545454545453,0.025842696629213482,0.13068181818181818,0.07640449438202247,0.38636363636363635,0.07359550561797752,0.3721590909090909,0.08089887640449438,0.4090909090909091,0.05561797752808989,0.28125,0.08595505617977528,0.4346590909090909,0.07134831460674157,0.36079545454545453,0.07640449438202247,0.38636363636363635,0.05786516853932584,0.29261363636363635,0.07191011235955057,0.36363636363636365,0.07696629213483146,0.38920454545454547,0.07584269662921349,0.3835227272727273,0.02359550561797753,0.11931818181818182,0.07640449438202247,0.38636363636363635,0.10449438202247191,0.5284090909090909,0.07921348314606741,0.4005681818181818,0.07921348314606741,0.4005681818181818,0.07584269662921349,0.3835227272727273,0.09213483146067415,0.4659090909090909,0.06853932584269663,0.3465909090909091,0.019662921348314606,0.09943181818181818,0.07247191011235955,0.3664772727272727,0.07191011235955057,0.36363636363636365,0.07303370786516854,0.3693181818181818,0.007865168539325843,0.03977272727272727,0.07303370786516854,0.3693181818181818,0.07359550561797752,0.3721590909090909,0.07865168539325842,0.3977272727272727,0.07921348314606741,0.4005681818181818,0.07696629213483146,0.38920454545454547,0.09606741573033707,0.48579545454545453,0.07752808988764046,0.39204545454545453,0.05955056179775281,0.30113636363636365,0.08089887640449438,0.4090909090909091,0.09719101123595505,0.4914772727272727,0.10056179775280899,0.5085227272727273,0.020224719101123594,0.10227272727272728,0.08426966292134831,0.42613636363636365,0.07640449438202247,0.38636363636363635,0.06348314606741573,0.3210227272727273,0.060112359550561795,0.3039772727272727,0.08595505617977528,0.4346590909090909,0.07696629213483146,0.38920454545454547,0.09887640449438202,0.5,0.01741573033707865,0.08806818181818182,0.07921348314606741,0.4005681818181818,0.09325842696629214,0.4715909090909091,0.0898876404494382,0.45454545454545453,0.028089887640449437,0.14204545454545456,0.08314606741573034,0.42045454545454547,0.06292134831460675,0.3181818181818182,0.07696629213483146,0.38920454545454547,0.05393258426966292,0.2727272727272727,0.08651685393258426,0.4375,0.07528089887640449,0.3806818181818182,0.08258426966292134,0.41761363636363635,0.10674157303370786,0.5397727272727273,0.12415730337078652,0.6278409090909091,0.11741573033707865,0.59375,0.11741573033707865,0.59375,0.01853932584269663,0.09375,0.07584269662921349,0.3835227272727273,0.044382022471910115,0.22443181818181818,0.10224719101123596,0.5170454545454546,0.025280898876404494,0.1278409090909091,0.12022471910112359,0.6079545454545454,0.11235955056179775,0.5681818181818182,0.09382022471910112,0.4744318181818182,0.10561797752808989,0.5340909090909091,0.12415730337078652,0.6278409090909091,0.11741573033707865,0.59375,0.11741573033707865,0.59375,0.014044943820224719,0.07102272727272728,0.07584269662921349,0.3835227272727273,0.05561797752808989,0.28125,0.10280898876404494,0.5198863636363636,0.025280898876404494,0.1278409090909091,0.12022471910112359,0.6079545454545454,0.11348314606741573,0.5738636363636364,0.08932584269662922,0.45170454545454547
13,0.05598755832037325,0.3068181818181818,0.0751684810782789,0.4119318181818182,0.09642301710730948,0.5284090909090909,0.09590461378952825,0.5255681818181818,0.02592016588906169,0.14204545454545456,0.07568688439606014,0.4147727272727273,0.06531881804043546,0.35795454545454547,0.06946604458268534,0.3806818181818182,0.06168999481596682,0.3380681818181818,0.08190772420943494,0.44886363636363635,0.0782789009849663,0.4289772727272727,0.0782789009849663,0.4289772727272727,0.021254536029030584,0.11647727272727272,0.07465007776049767,0.4090909090909091,0.09123898392949716,0.5,0.09383100051840332,0.5142045454545454,0.02695697252462416,0.14772727272727273,0.07568688439606014,0.4147727272727273,0.06998444790046657,0.3835227272727273,0.07776049766718507,0.42613636363636365,0.05339554173146708,0.29261363636363635,0.08138932089165371,0.4460227272727273,0.07309486780715396,0.4005681818181818,0.0720580611715915,0.39488636363636365,0.05443234836702955,0.29829545454545453,0.06946604458268534,0.3806818181818182,0.0720580611715915,0.39488636363636365,0.0705028512182478,0.38636363636363635,0.02280974598237429,0.125,0.0736132711249352,0.4034090909090909,0.09745982374287196,0.5340909090909091,0.07465007776049767,0.4090909090909091,0.07931570762052877,0.4346590909090909,0.0720580611715915,0.39488636363636365,0.08657335406946605,0.4744318181818182,0.0705028512182478,0.38636363636363635,0.019699326075686883,0.10795454545454546,0.06998444790046657,0.3835227272727273,0.0720580611715915,0.39488636363636365,0.07257646448937273,0.3977272727272727,0.00829445308449974,0.045454545454545456,0.06946604458268534,0.3806818181818182,0.0705028512182478,0.38636363636363635,0.07776049766718507,0.42613636363636365,0.07568688439606014,0.4147727272727273,0.07102125453602903,0.38920454545454547,0.09227579056505962,0.5056818181818182,0.07620528771384137,0.41761363636363635,0.05650596163815448,0.3096590909090909,0.07620528771384137,0.41761363636363635,0.09538621047174702,0.5227272727272727,0.09849663037843442,0.5397727272727273,0.020736132711249352,0.11363636363636363,0.07983411093831,0.4375,0.07257646448937273,0.3977272727272727,0.06272680145152928,0.34375,0.05961638154484189,0.32670454545454547,0.08190772420943494,0.44886363636363635,0.07879730430274753,0.4318181818181818,0.09383100051840332,0.5142045454545454,0.01658890616899948,0.09090909090909091,0.0751684810782789,0.4119318181818182,0.08812856402280975,0.48295454545454547,0.08761016070502851,0.48011363636363635,0.027475375842405392,0.15056818181818182,0.08087091757387248,0.4431818181818182,0.06324520476931052,0.3465909090909091,0.0736132711249352,0.4034090909090909,0.05132192846034215,0.28125,0.08138932089165371,0.4460227272727273,0.0720580611715915,0.39488636363636365,0.07776049766718507,0.42613636363636365,0.10057024364955935,0.5511363636363636,0.1181959564541213,0.6477272727272727,0.1119751166407465,0.6136363636363636,0.11301192327630896,0.6193181818181818,0.01866251944012442,0.10227272727272728,0.07568688439606014,0.4147727272727273,0.04665629860031104,0.2556818181818182,0.09538621047174702,0.5227272727272727,0.02436495593571799,0.13352272727272727,0.11404872991187144,0.625,0.10834629341627787,0.59375,0.09020217729393468,0.4943181818181818,0.10005184033177812,0.5482954545454546,0.1181959564541213,0.6477272727272727,0.1119751166407465,0.6136363636363636,0.11301192327630896,0.6193181818181818,0.01607050285121825,0.08806818181818182,0.0751684810782789,0.4119318181818182,0.055469155002592016,0.3039772727272727,0.09590461378952825,0.5255681818181818,0.02436495593571799,0.13352272727272727,0.11456713322965267,0.6278409090909091,0.10730948678071539,0.5880681818181818,0.08346293416277864,0.45738636363636365
14,0.053442465093885415,0.3153409090909091,0.07366393837265287,0.4346590909090909,0.09484833895040924,0.5596590909090909,0.09484833895040924,0.5596590909090909,0.025517573423206548,0.15056818181818182,0.07366393837265287,0.4346590909090909,0.06259027443428021,0.3693181818181818,0.06981222917669716,0.4119318181818182,0.061627347135291284,0.36363636363636365,0.07896003851709196,0.4659090909090909,0.07558979297063072,0.4460227272727273,0.07655272026961964,0.45170454545454547,0.020702936928261917,0.12215909090909091,0.07077515647568608,0.41761363636363635,0.08858931150698122,0.5227272727272727,0.08955223880597014,0.5284090909090909,0.0274434280211844,0.16193181818181818,0.07270101107366393,0.4289772727272727,0.06740491092922485,0.3977272727272727,0.0731824747231584,0.4318181818181818,0.05007221954742417,0.29545454545454547,0.07751564756860857,0.45738636363636365,0.07077515647568608,0.41761363636363635,0.06788637457871931,0.4005681818181818,0.051035146846413096,0.30113636363636365,0.06740491092922485,0.3977272727272727,0.06836783822821377,0.4034090909090909,0.06836783822821377,0.4034090909090909,0.022147327876745306,0.13068181818181818,0.07029369282619162,0.4147727272727273,0.09244102070293693,0.5454545454545454,0.07221954742416947,0.42613636363636365,0.07799711121810303,0.4602272727272727,0.06788637457871931,0.4005681818181818,0.08184882041405873,0.48295454545454547,0.07077515647568608,0.41761363636363635,0.020702936928261917,0.12215909090909091,0.065479056331247,0.38636363636363635,0.0693307655272027,0.4090909090909091,0.0693307655272027,0.4090909090909091,0.008666345690900338,0.05113636363636364,0.06644198363023592,0.39204545454545453,0.06836783822821377,0.4034090909090909,0.07366393837265287,0.4346590909090909,0.07125662012518055,0.42045454545454547,0.0693307655272027,0.4090909090909091,0.08810784785748677,0.5198863636363636,0.07414540202214732,0.4375,0.053923928743379874,0.3181818181818182,0.07221954742416947,0.42613636363636365,0.09484833895040924,0.5596590909090909,0.09725565719788155,0.5738636363636364,0.020221473278767454,0.11931818181818182,0.07414540202214732,0.4375,0.07125662012518055,0.42045454545454547,0.06259027443428021,0.3693181818181818,0.05970149253731343,0.3522727272727273,0.07799711121810303,0.4602272727272727,0.0784785748675975,0.4630681818181818,0.09195955705344247,0.5426136363636364,0.015888300433317286,0.09375,0.07125662012518055,0.42045454545454547,0.08521906596051998,0.5028409090909091,0.08521906596051998,0.5028409090909091,0.027924891670678863,0.16477272727272727,0.07607125662012518,0.44886363636363635,0.06210881078478575,0.3664772727272727,0.07366393837265287,0.4346590909090909,0.04910929224843524,0.2897727272727273,0.0784785748675975,0.4630681818181818,0.07414540202214732,0.4375,0.07510832932113626,0.4431818181818182,0.09484833895040924,0.5596590909090909,0.11218103033220991,0.6619318181818182,0.10881078478574868,0.6420454545454546,0.10881078478574868,0.6420454545454546,0.018777082330284064,0.11079545454545454,0.0731824747231584,0.4318181818181818,0.045739046701974,0.26988636363636365,0.08955223880597014,0.5284090909090909,0.023110255175734232,0.13636363636363635,0.10688493018777083,0.6306818181818182,0.10399614829080404,0.6136363636363636,0.08473760231102552,0.5,0.09581126624939817,0.5653409090909091,0.11266249398170439,0.6647727272727273,0.10881078478574868,0.6420454545454546,0.10881078478574868,0.6420454545454546,0.017332691381800675,0.10227272727272728,0.07366393837265287,0.4346590909090909,0.053923928743379874,0.3181818181818182,0.09003370245546462,0.53125,0.023110255175734232,0.13636363636363635,0.10688493018777083,0.6306818181818182,0.10351468464130958,0.6107954545454546,0.08184882041405873,0.48295454545454547
15,0.051662174303683736,0.32670454545454547,0.07097933513027853,0.44886363636363635,0.09074573225516622,0.5738636363636364,0.09074573225516622,0.5738636363636364,0.024707996406109614,0.15625,0.07412398921832884,0.46875,0.06019766397124888,0.3806818181818182,0.06693620844564241,0.42329545454545453,0.059748427672955975,0.3778409090909091,0.07637017070979335,0.48295454545454547,0.07367475292003593,0.4659090909090909,0.07457322551662174,0.4715909090909091,0.02021563342318059,0.1278409090909091,0.06828391734052111,0.4318181818181818,0.0862533692722372,0.5454545454545454,0.08715184186882301,0.5511363636363636,0.026954177897574125,0.17045454545454544,0.06918238993710692,0.4375,0.0637915543575921,0.4034090909090909,0.07053009883198562,0.4460227272727273,0.05256064690026954,0.33238636363636365,0.07367475292003593,0.4659090909090909,0.06828391734052111,0.4318181818181818,0.0651392632524708,0.4119318181818182,0.048966756513926325,0.3096590909090909,0.06558849955076371,0.4147727272727273,0.0664869721473495,0.42045454545454547,0.0660377358490566,0.41761363636363635,0.023809523809523808,0.15056818181818182,0.06873315363881402,0.4346590909090909,0.08939802336028752,0.5653409090909091,0.06918238993710692,0.4375,0.07637017070979335,0.48295454545454547,0.0651392632524708,0.4119318181818182,0.07996406109613657,0.5056818181818182,0.07008086253369272,0.4431818181818182,0.019766397124887692,0.125,0.06334231805929919,0.4005681818181818,0.0664869721473495,0.42045454545454547,0.0664869721473495,0.42045454545454547,0.008984725965858042,0.056818181818181816,0.06334231805929919,0.4005681818181818,0.06558849955076371,0.4147727272727273,0.07053009883198562,0.4460227272727273,0.06783468104222821,0.4289772727272727,0.0646900269541779,0.4090909090909091,0.08490566037735849,0.5369318181818182,0.07322551662174304,0.4630681818181818,0.05211141060197664,0.32954545454545453,0.07097933513027853,0.44886363636363635,0.09029649595687332,0.5710227272727273,0.09523809523809523,0.6022727272727273,0.02021563342318059,0.1278409090909091,0.07008086253369272,0.4431818181818182,0.06783468104222821,0.4289772727272727,0.06154537286612758,0.38920454545454547,0.05884995507637017,0.3721590909090909,0.07502246181491465,0.4744318181818182,0.07502246181491465,0.4744318181818182,0.08849955076370171,0.5596590909090909,0.014824797843665768,0.09375,0.06873315363881402,0.4346590909090909,0.08221024258760108,0.5198863636363636,0.08176100628930817,0.5170454545454546,0.027403414195867025,0.17329545454545456,0.07187780772686433,0.45454545454545453,0.06289308176100629,0.3977272727272727,0.06963162623539983,0.4403409090909091,0.04851752021563342,0.3068181818181818,0.07457322551662174,0.4715909090909091,0.07457322551662174,0.4715909090909091,0.07142857142857142,0.45170454545454547,0.09119496855345911,0.5767045454545454,0.10557053009883198,0.6676136363636364,0.10332434860736747,0.6534090909090909,0.10332434860736747,0.6534090909090909,0.02021563342318059,0.1278409090909091,0.07142857142857142,0.45170454545454547,0.04672057502246182,0.29545454545454547,0.0853548966756514,0.5397727272727273,0.022911051212938006,0.14488636363636365,0.10152740341419586,0.6420454545454546,0.09883198562443846,0.625,0.08086253369272237,0.5113636363636364,0.09119496855345911,0.5767045454545454,0.10557053009883198,0.6676136363636364,0.10332434860736747,0.6534090909090909,0.10332434860736747,0.6534090909090909,0.01752021563342318,0.11079545454545454,0.07277628032345014,0.4602272727272727,0.05435759209344115,0.34375,0.0853548966756514,0.5397727272727273,0.022461814914645103,0.14204545454545456,0.10152740341419586,0.6420454545454546,0.09973045822102426,0.6306818181818182,0.07861635220125786,0.4971590909090909
16,0.051390058972198824,0.3465909090909091,0.06950294860994102,0.46875,0.08677337826453244,0.5852272727272727,0.08677337826453244,0.5852272727272727,0.02527379949452401,0.17045454545454544,0.07076663858466722,0.4772727272727273,0.05981465880370682,0.4034090909090909,0.06402695871946082,0.4318181818181818,0.05728727885425442,0.38636363636363635,0.07455770850884583,0.5028409090909091,0.07160909856781802,0.48295454545454547,0.07329401853411963,0.4943181818181818,0.020219039595619208,0.13636363636363635,0.06571187868576242,0.4431818181818182,0.08508845829823083,0.5738636363636364,0.08466722830665543,0.5710227272727273,0.02737994945240101,0.1846590909090909,0.06613310867733782,0.4460227272727273,0.061499578770008424,0.4147727272727273,0.06697556866048862,0.45170454545454547,0.051390058972198824,0.3465909090909091,0.07160909856781802,0.48295454545454547,0.06950294860994102,0.46875,0.062342038753159225,0.42045454545454547,0.04844144903117102,0.32670454545454547,0.062342038753159225,0.42045454545454547,0.06444818871103622,0.4346590909090909,0.06444818871103622,0.4346590909090909,0.025695029486099412,0.17329545454545456,0.06866048862679022,0.4630681818181818,0.08508845829823083,0.5738636363636364,0.06655433866891322,0.44886363636363635,0.07287278854254423,0.4914772727272727,0.061920808761583825,0.41761363636363635,0.07582139848357203,0.5113636363636364,0.06655433866891322,0.44886363636363635,0.019797809604043808,0.13352272727272727,0.060657118786857624,0.4090909090909091,0.06529064869418702,0.4403409090909091,0.06486941870261162,0.4375,0.010530749789385004,0.07102272727272728,0.06023588879528222,0.40625,0.06276326874473462,0.42329545454545453,0.06655433866891322,0.44886363636363635,0.06486941870261162,0.4375,0.061499578770008424,0.4147727272727273,0.08340353833192923,0.5625,0.06950294860994102,0.46875,0.051811288963774224,0.3494318181818182,0.06950294860994102,0.46875,0.09140690817186184,0.6164772727272727,0.09224936815501264,0.6221590909090909,0.02106149957877001,0.14204545454545456,0.06739679865206402,0.45454545454545453,0.06613310867733782,0.4460227272727273,0.06023588879528222,0.40625,0.05770850884582982,0.38920454545454547,0.07329401853411963,0.4943181818181818,0.07160909856781802,0.48295454545454547,0.08424599831508003,0.5681818181818182,0.014743049705139006,0.09943181818181818,0.06697556866048862,0.45170454545454547,0.07877000842459983,0.53125,0.07834877843302443,0.5284090909090909,0.02653748946925021,0.17897727272727273,0.06908171861836562,0.4659090909090909,0.060657118786857624,0.4090909090909091,0.06697556866048862,0.45170454545454547,0.04759898904802022,0.3210227272727273,0.07118786857624262,0.48011363636363635,0.07160909856781802,0.48295454545454547,0.06781802864363942,0.45738636363636365,0.08803706823925864,0.59375,0.10109519797809605,0.6818181818181818,0.10109519797809605,0.6818181818181818,0.10109519797809605,0.6818181818181818,0.02148272957034541,0.14488636363636365,0.06992417860151642,0.4715909090909091,0.04591406908171862,0.3096590909090909,0.08256107834877843,0.5568181818181818,0.02316764953664701,0.15625,0.09688289806234204,0.6534090909090909,0.09561920808761584,0.6448863636363636,0.07877000842459983,0.53125,0.08930075821398484,0.6022727272727273,0.10067396798652065,0.6789772727272727,0.10109519797809605,0.6818181818181818,0.10109519797809605,0.6818181818181818,0.016849199663016005,0.11363636363636363,0.07118786857624262,0.48011363636363635,0.051811288963774224,0.3494318181818182,0.08298230834035383,0.5596590909090909,0.02316764953664701,0.15625,0.09814658803706824,0.6619318181818182,0.09604043807919124,0.6477272727272727,0.07582139848357203,0.5113636363636364
17,0.0499603489294211,0.35795454545454547,0.06780333068992862,0.48579545454545453,0.08366375892149087,0.5994318181818182,0.08366375892149087,0.5994318181818182,0.02498017446471055,0.17897727272727273,0.06701030927835051,0.48011363636363635,0.05868358445678033,0.42045454545454547,0.06423473433782712,0.4602272727272727,0.056304520222045996,0.4034090909090909,0.07137192704203013,0.5113636363636364,0.06859635210150675,0.4914772727272727,0.07018239492466297,0.5028409090909091,0.021808088818398096,0.15625,0.06423473433782712,0.4602272727272727,0.0816812053925456,0.5852272727272727,0.0816812053925456,0.5852272727272727,0.02696272799365583,0.19318181818181818,0.06502775574940524,0.4659090909090909,0.05868358445678033,0.42045454545454547,0.0654242664551943,0.46875,0.05035685963521015,0.36079545454545453,0.0689928628072958,0.4943181818181818,0.06780333068992862,0.48579545454545453,0.05947660586835844,0.42613636363636365,0.047977795400475816,0.34375,0.05947660586835844,0.42613636363636365,0.06423473433782712,0.4602272727272727,0.06304520222045995,0.45170454545454547,0.025376685170499604,0.18181818181818182,0.07137192704203013,0.5113636363636364,0.08088818398096749,0.5795454545454546,0.06383822363203806,0.45738636363636365,0.07018239492466297,0.5028409090909091,0.06026962727993656,0.4318181818181818,0.07216494845360824,0.5170454545454546,0.0626486915146709,0.44886363636363635,0.020618556701030927,0.14772727272727273,0.05947660586835844,0.42613636363636365,0.061855670103092786,0.4431818181818182,0.061855670103092786,0.4431818181818182,0.011102299762093577,0.07954545454545454,0.05868358445678033,0.42045454545454547,0.06026962727993656,0.4318181818181818,0.063441712926249,0.45454545454545453,0.06423473433782712,0.4602272727272727,0.060666137985725614,0.4346590909090909,0.08088818398096749,0.5795454545454546,0.06780333068992862,0.48579545454545453,0.05035685963521015,0.36079545454545453,0.06661379857256146,0.4772727272727273,0.08683584456780333,0.6221590909090909,0.08842188739095956,0.6335227272727273,0.021808088818398096,0.15625,0.06701030927835051,0.48011363636363635,0.06463124504361618,0.4630681818181818,0.05868358445678033,0.42045454545454547,0.05749405233941316,0.4119318181818182,0.07057890563045202,0.5056818181818182,0.06978588421887391,0.5,0.08247422680412371,0.5909090909090909,0.01506740681998414,0.10795454545454546,0.06582077716098335,0.4715909090909091,0.07652656621728787,0.5482954545454546,0.0753370340999207,0.5397727272727273,0.026169706582077717,0.1875,0.06701030927835051,0.48011363636363635,0.05749405233941316,0.4119318181818182,0.063441712926249,0.45454545454545453,0.045995241871530534,0.32954545454545453,0.06938937351308486,0.4971590909090909,0.06859635210150675,0.4914772727272727,0.0654242664551943,0.46875,0.08564631245043616,0.6136363636363636,0.09754163362410785,0.6988636363636364,0.0979381443298969,0.7017045454545454,0.09754163362410785,0.6988636363636364,0.02141157811260904,0.1534090909090909,0.06740681998413957,0.48295454545454547,0.0471847739888977,0.3380681818181818,0.07930214115781126,0.5681818181818182,0.022204599524187154,0.1590909090909091,0.0943695479777954,0.6761363636363636,0.09318001586042823,0.6676136363636364,0.07573354480570975,0.5426136363636364,0.08564631245043616,0.6136363636363636,0.09674861221252974,0.6931818181818182,0.0979381443298969,0.7017045454545454,0.09754163362410785,0.6988636363636364,0.016653449643140365,0.11931818181818182,0.06780333068992862,0.48579545454545453,0.05154639175257732,0.3693181818181818,0.07969865186360031,0.5710227272727273,0.022204599524187154,0.1590909090909091,0.09516256938937351,0.6818181818181818,0.09318001586042823,0.6676136363636364,0.0761300555114988,0.5454545454545454
18,0.04829651815799326,0.3664772727272727,0.06439535754399102,0.48863636363636365,0.08161737177087233,0.6193181818181818,0.08161737177087233,0.6193181818181818,0.02358667165855485,0.17897727272727273,0.06551853238487458,0.4971590909090909,0.056533133657806066,0.4289772727272727,0.06327218270310744,0.48011363636363635,0.055035567203294646,0.41761363636363635,0.07038562336203669,0.5340909090909091,0.06589292399850244,0.5,0.06888805690752527,0.5227272727272727,0.021714713590415574,0.16477272727272727,0.06140022463496818,0.4659090909090909,0.07824784724822163,0.59375,0.07787345563459379,0.5909090909090909,0.026956196181205542,0.20454545454545456,0.06177461624859603,0.46875,0.056533133657806066,0.4289772727272727,0.06402096593036316,0.48579545454545453,0.05054286783976039,0.3835227272727273,0.06589292399850244,0.5,0.06476974915761886,0.4914772727272727,0.05690752527143392,0.4318181818181818,0.04605016847622613,0.3494318181818182,0.05840509172594534,0.4431818181818182,0.06252339947585174,0.4744318181818182,0.06177461624859603,0.46875,0.025833021340321977,0.19602272727272727,0.07001123174840884,0.53125,0.07749906402096593,0.5880681818181818,0.06214900786222389,0.4715909090909091,0.067016098839386,0.5085227272727273,0.058779483339573196,0.4460227272727273,0.07001123174840884,0.53125,0.0595282665668289,0.45170454545454547,0.02134032197678772,0.16193181818181818,0.058030700112317486,0.4403409090909091,0.06027704979408461,0.45738636363636365,0.06027704979408461,0.45738636363636365,0.010857356795207787,0.08238636363636363,0.057281916885061776,0.4346590909090909,0.058030700112317486,0.4403409090909091,0.06214900786222389,0.4715909090909091,0.06402096593036316,0.48579545454545453,0.057281916885061776,0.4346590909090909,0.07937102208910521,0.6022727272727273,0.06589292399850244,0.5,0.04829651815799326,0.3664772727272727,0.06476974915761886,0.4914772727272727,0.08461250467989517,0.6420454545454546,0.08498689629352303,0.6448863636363636,0.020965930363159864,0.1590909090909091,0.06551853238487458,0.4971590909090909,0.06252339947585174,0.4744318181818182,0.05765630849868963,0.4375,0.05615874204417821,0.42613636363636365,0.06851366529389742,0.5198863636363636,0.06589292399850244,0.5,0.08049419692998877,0.6107954545454546,0.014601272931486334,0.11079545454545454,0.0628977910894796,0.4772727272727273,0.07637588918008237,0.5795454545454546,0.07487832272557095,0.5681818181818182,0.02620741295394983,0.19886363636363635,0.06551853238487458,0.4971590909090909,0.054661175589666794,0.4147727272727273,0.06065144140771247,0.4602272727272727,0.04867090977162111,0.3693181818181818,0.06739049045301385,0.5113636363636364,0.06589292399850244,0.5,0.0628977910894796,0.4772727272727273,0.08199176338450019,0.6221590909090909,0.0950954698614751,0.7215909090909091,0.09472107824784724,0.71875,0.09472107824784724,0.71875,0.02208910520404343,0.16761363636363635,0.06476974915761886,0.4914772727272727,0.04829651815799326,0.3664772727272727,0.07562710595282665,0.5738636363636364,0.022463496817671284,0.17045454545454544,0.09247472856608012,0.7017045454545454,0.0909771621115687,0.6903409090909091,0.07487832272557095,0.5681818181818182,0.08199176338450019,0.6221590909090909,0.0943466866342194,0.7159090909090909,0.09472107824784724,0.71875,0.09472107824784724,0.71875,0.01647323099962561,0.125,0.06589292399850244,0.5,0.04941969299887682,0.375,0.07600149756645451,0.5767045454545454,0.02208910520404343,0.16761363636363635,0.09284912017970798,0.7045454545454546,0.09060277049794084,0.6875,0.07263197304380382,0.5511363636363636
19,0.04647037956722242,0.3721590909090909,0.06349769421780774,0.5085227272727273,0.07981553742461867,0.6392045454545454,0.07981553742461867,0.6392045454545454,0.023412557644554806,0.1875,0.06633557999290529,0.53125,0.054984036892515076,0.4403409090909091,0.06207875133025896,0.4971590909090909,0.054984036892515076,0.4403409090909091,0.06881873004611565,0.5511363636363636,0.06278822277403334,0.5028409090909091,0.06669031571479248,0.5340909090909091,0.02092940759134445,0.16761363636363635,0.0595956012770486,0.4772727272727273,0.07484923731819794,0.5994318181818182,0.07449450159631076,0.5965909090909091,0.027669386307201137,0.2215909090909091,0.05888612983327421,0.4715909090909091,0.055693508336289464,0.4460227272727273,0.06136927988648457,0.4914772727272727,0.049308265342319975,0.39488636363636365,0.06456190138346932,0.5170454545454546,0.06207875133025896,0.4971590909090909,0.054984036892515076,0.4403409090909091,0.044696700957786446,0.35795454545454547,0.05711245122383824,0.45738636363636365,0.060305072720822986,0.48295454545454547,0.061014544164597374,0.48863636363636365,0.025895707697765166,0.20738636363636365,0.06952820148989003,0.5568181818181818,0.07591344448385952,0.6079545454545454,0.06172401560837176,0.4943181818181818,0.0652713728272437,0.5227272727272727,0.05782192266761263,0.4630681818181818,0.06810925860234125,0.5454545454545454,0.05782192266761263,0.4630681818181818,0.020574671869457255,0.16477272727272727,0.056048244058176655,0.44886363636363635,0.05924086555516141,0.4744318181818182,0.05853139411138702,0.46875,0.010996807378503014,0.08806818181818182,0.05711245122383824,0.45738636363636365,0.056048244058176655,0.44886363636363635,0.061014544164597374,0.48863636363636365,0.061014544164597374,0.48863636363636365,0.056757715501951043,0.45454545454545453,0.07662291592763391,0.6136363636363636,0.06314295849592054,0.5056818181818182,0.04647037956722242,0.3721590909090909,0.06314295849592054,0.5056818181818182,0.08194395175594182,0.65625,0.0830081589216034,0.6647727272727273,0.02092940759134445,0.16761363636363635,0.06314295849592054,0.5056818181818182,0.06207875133025896,0.4971590909090909,0.05711245122383824,0.45738636363636365,0.05427456544874069,0.4346590909090909,0.06704505143667967,0.5369318181818182,0.06349769421780774,0.5085227272727273,0.0776871230932955,0.6221590909090909,0.01489890031926215,0.11931818181818182,0.059950336998935795,0.48011363636363635,0.07520397304008514,0.6022727272727273,0.07484923731819794,0.5994318181818182,0.02625044341965236,0.21022727272727273,0.0656261085491309,0.5255681818181818,0.05179141539553033,0.4147727272727273,0.05817665838949982,0.4659090909090909,0.047534586732884,0.3806818181818182,0.0659808442710181,0.5284090909090909,0.06278822277403334,0.5028409090909091,0.06207875133025896,0.4971590909090909,0.08017027314650585,0.6420454545454546,0.09223128769067045,0.7386363636363636,0.09116708052500887,0.7301136363636364,0.09116708052500887,0.7301136363636364,0.021284143313231644,0.17045454545454544,0.06456190138346932,0.5170454545454546,0.04895352962043278,0.39204545454545453,0.07307555870876198,0.5852272727272727,0.022703086200780417,0.18181818181818182,0.08939340191557289,0.7159090909090909,0.08832919474991131,0.7073863636363636,0.071301880099326,0.5710227272727273,0.07946080170273147,0.6363636363636364,0.09187655196878326,0.7357954545454546,0.09116708052500887,0.7301136363636364,0.09116708052500887,0.7301136363636364,0.017027314650585313,0.13636363636363635,0.0652713728272437,0.5227272727272727,0.049663001064207166,0.3977272727272727,0.07307555870876198,0.5852272727272727,0.022348350478893223,0.17897727272727273,0.08939340191557289,0.7159090909090909,0.08868393047179851,0.7102272727272727,0.071301880099326,0.5710227272727273
20,0.0444743935309973,0.375,0.06233153638814016,0.5255681818181818,0.07749326145552561,0.6534090909090909,0.07816711590296496,0.6590909090909091,0.02358490566037736,0.19886363636363635,0.0646900269541779,0.5454545454545454,0.0545822102425876,0.4602272727272727,0.05963611859838275,0.5028409090909091,0.05390835579514825,0.45454545454545453,0.0673854447439353,0.5681818181818182,0.05997304582210242,0.5056818181818182,0.0646900269541779,0.5454545454545454,0.019878706199460916,0.16761363636363635,0.0589622641509434,0.4971590909090909,0.07142857142857142,0.6022727272727273,0.07176549865229111,0.6051136363636364,0.027628032345013476,0.23295454545454544,0.058288409703504046,0.4914772727272727,0.0545822102425876,0.4602272727272727,0.05929919137466307,0.5,0.04716981132075472,0.3977272727272727,0.06266846361185983,0.5284090909090909,0.05963611859838275,0.5028409090909091,0.05323450134770889,0.44886363636363635,0.043463611859838276,0.3664772727272727,0.05559299191374663,0.46875,0.05929919137466307,0.5,0.05862533692722372,0.4943181818181818,0.024595687331536387,0.20738636363636365,0.0673854447439353,0.5681818181818182,0.07243935309973046,0.6107954545454546,0.06266846361185983,0.5284090909090909,0.06300539083557952,0.53125,0.05660377358490566,0.4772727272727273,0.0660377358490566,0.5568181818181818,0.05660377358490566,0.4772727272727273,0.02055256064690027,0.17329545454545456,0.05390835579514825,0.45454545454545453,0.057951482479784364,0.48863636363636365,0.057951482479784364,0.48863636363636365,0.01179245283018868,0.09943181818181818,0.056266846361185986,0.4744318181818182,0.05323450134770889,0.44886363636363635,0.05929919137466307,0.5,0.05997304582210242,0.5056818181818182,0.05660377358490566,0.4772727272727273,0.07412398921832884,0.625,0.06300539083557952,0.53125,0.04481132075471698,0.3778409090909091,0.06266846361185983,0.5284090909090909,0.07951482479784366,0.6704545454545454,0.0805256064690027,0.6789772727272727,0.02122641509433962,0.17897727272727273,0.06266846361185983,0.5284090909090909,0.06098382749326146,0.5142045454545454,0.056266846361185986,0.4744318181818182,0.05323450134770889,0.44886363636363635,0.06570080862533692,0.5539772727272727,0.060309973045822106,0.5085227272727273,0.0761455525606469,0.6420454545454546,0.01549865229110512,0.13068181818181818,0.05929919137466307,0.5,0.0747978436657682,0.6306818181818182,0.07345013477088949,0.6193181818181818,0.025943396226415096,0.21875,0.06334231805929919,0.5340909090909091,0.05020215633423181,0.42329545454545453,0.05660377358490566,0.4772727272727273,0.04784366576819407,0.4034090909090909,0.06502695417789757,0.5482954545454546,0.060309973045822106,0.5085227272727273,0.06098382749326146,0.5142045454545454,0.07715633423180593,0.6505681818181818,0.08928571428571429,0.7528409090909091,0.08827493261455525,0.7443181818181818,0.0876010781671159,0.7386363636363636,0.0215633423180593,0.18181818181818182,0.06300539083557952,0.53125,0.04784366576819407,0.4034090909090909,0.0704177897574124,0.59375,0.022911051212938006,0.19318181818181818,0.08591644204851752,0.7244318181818182,0.08490566037735849,0.7159090909090909,0.06907008086253369,0.5823863636363636,0.07715633423180593,0.6505681818181818,0.08861185983827494,0.7471590909090909,0.08827493261455525,0.7443181818181818,0.0876010781671159,0.7386363636363636,0.016846361185983826,0.14204545454545456,0.06334231805929919,0.5340909090909091,0.047506738544474396,0.4005681818181818,0.07109164420485176,0.5994318181818182,0.02223719676549865,0.1875,0.08659029649595687,0.7301136363636364,0.08490566037735849,0.7159090909090909,0.06974393530997304,0.5880681818181818
21,0.04300385109114249,0.3806818181818182,0.061296534017971756,0.5426136363636364,0.07477535301668806,0.6619318181818182,0.07477535301668806,0.6619318181818182,0.02374839537869063,0.21022727272727273,0.06514762516046213,0.5767045454545454,0.05231065468549422,0.4630681818181818,0.05744544287548139,0.5085227272727273,0.05166880616174583,0.45738636363636365,0.06546854942233633,0.5795454545454546,0.059050064184852376,0.5227272727272727,0.06386392811296535,0.5653409090909091,0.02053915275994865,0.18181818181818182,0.057766367137355584,0.5113636363636364,0.0689987163029525,0.6107954545454546,0.0689987163029525,0.6107954545454546,0.027599486521181,0.24431818181818182,0.05648267008985879,0.5,0.05391527599486521,0.4772727272727273,0.05872913992297818,0.5198863636363636,0.04525032092426187,0.4005681818181818,0.06225930680359435,0.5511363636363636,0.05712451861360719,0.5056818181818182,0.05295250320924262,0.46875,0.0417201540436457,0.3693181818181818,0.054878048780487805,0.48579545454545453,0.05712451861360719,0.5056818181818182,0.05712451861360719,0.5056818181818182,0.02471116816431322,0.21875,0.06611039794608473,0.5852272727272727,0.0693196405648267,0.6136363636363636,0.06033376123234917,0.5340909090909091,0.06290115532734275,0.5568181818181818,0.055198973042362,0.48863636363636365,0.06418485237483953,0.5681818181818182,0.054878048780487805,0.48579545454545453,0.02053915275994865,0.18181818181818182,0.051989730423620026,0.4602272727272727,0.05712451861360719,0.5056818181818182,0.05712451861360719,0.5056818181818182,0.01251604621309371,0.11079545454545454,0.053594351732991014,0.4744318181818182,0.050706033376123234,0.44886363636363635,0.05840821566110398,0.5170454545454546,0.05872913992297818,0.5198863636363636,0.0558408215661104,0.4943181818181818,0.07092426187419769,0.6278409090909091,0.06097560975609756,0.5397727272727273,0.04332477535301669,0.3835227272727273,0.060654685494223363,0.5369318181818182,0.07766367137355584,0.6875,0.07894736842105263,0.6988636363636364,0.022143774069319642,0.19602272727272727,0.060654685494223363,0.5369318181818182,0.060654685494223363,0.5369318181818182,0.054878048780487805,0.48579545454545453,0.05231065468549422,0.4630681818181818,0.06450577663671374,0.5710227272727273,0.059050064184852376,0.5227272727272727,0.07381258023106547,0.6534090909090909,0.016367137355584083,0.14488636363636365,0.057766367137355584,0.5113636363636364,0.07413350449293966,0.65625,0.07349165596919127,0.6505681818181818,0.02503209242618742,0.2215909090909091,0.061938382541720155,0.5482954545454546,0.04910141206675225,0.4346590909090909,0.0555198973042362,0.4914772727272727,0.04621309370988447,0.4090909090909091,0.06322207958921694,0.5596590909090909,0.05808729139922978,0.5142045454545454,0.061296534017971756,0.5426136363636364,0.07381258023106547,0.6534090909090909,0.08568677792041078,0.7585227272727273,0.08536585365853659,0.7556818181818182,0.08568677792041078,0.7585227272727273,0.021501925545571246,0.1903409090909091,0.061296534017971756,0.5426136363636364,0.04910141206675225,0.4346590909090909,0.0702824133504493,0.6221590909090909,0.023106546854942234,0.20454545454545456,0.08376123234916559,0.7414772727272727,0.08183568677792041,0.7244318181818182,0.06771501925545571,0.5994318181818182,0.07381258023106547,0.6534090909090909,0.08568677792041078,0.7585227272727273,0.08536585365853659,0.7556818181818182,0.08568677792041078,0.7585227272727273,0.017329910141206675,0.1534090909090909,0.06354300385109114,0.5625,0.045571245186136075,0.4034090909090909,0.07124518613607189,0.6306818181818182,0.022785622593068038,0.20170454545454544,0.08376123234916559,0.7414772727272727,0.08183568677792041,0.7244318181818182,0.0689987163029525,0.6107954545454546
22,0.04197303921568627,0.38920454545454547,0.06004901960784314,0.5568181818181818,0.07352941176470588,0.6818181818181818,0.07322303921568628,0.6789772727272727,0.023590686274509803,0.21875,0.06464460784313726,0.5994318181818182,0.05238970588235294,0.48579545454545453,0.05545343137254902,0.5142045454545454,0.05116421568627451,0.4744318181818182,0.06372549019607843,0.5909090909090909,0.05698529411764706,0.5284090909090909,0.0625,0.5795454545454546,0.020526960784313725,0.1903409090909091,0.056372549019607844,0.5227272727272727,0.0664828431372549,0.6164772727272727,0.06678921568627451,0.6193181818181818,0.02696078431372549,0.25,0.0545343137254902,0.5056818181818182,0.053002450980392156,0.4914772727272727,0.05912990196078431,0.5482954545454546,0.04442401960784314,0.4119318181818182,0.06066176470588235,0.5625,0.05575980392156863,0.5170454545454546,0.053002450980392156,0.4914772727272727,0.04044117647058824,0.375,0.05422794117647059,0.5028409090909091,0.05575980392156863,0.5170454545454546,0.05514705882352941,0.5113636363636364,0.025735294117647058,0.23863636363636365,0.06464460784313726,0.5994318181818182,0.06709558823529412,0.6221590909090909,0.05912990196078431,0.5482954545454546,0.06096813725490196,0.5653409090909091,0.05392156862745098,0.5,0.06311274509803921,0.5852272727272727,0.05392156862745098,0.5,0.020526960784313725,0.1903409090909091,0.05024509803921569,0.4659090909090909,0.0548406862745098,0.5085227272727273,0.0548406862745098,0.5085227272727273,0.012867647058823529,0.11931818181818182,0.052083333333333336,0.48295454545454547,0.04932598039215686,0.45738636363636365,0.05667892156862745,0.5255681818181818,0.0585171568627451,0.5426136363636364,0.0545343137254902,0.5056818181818182,0.06893382352941177,0.6392045454545454,0.06004901960784314,0.5568181818181818,0.04136029411764706,0.3835227272727273,0.05974264705882353,0.5539772727272727,0.07720588235294118,0.7159090909090909,0.0784313725490196,0.7272727272727273,0.02297794117647059,0.21306818181818182,0.06004901960784314,0.5568181818181818,0.060355392156862746,0.5596590909090909,0.05330882352941176,0.4943181818181818,0.04993872549019608,0.4630681818181818,0.06219362745098039,0.5767045454545454,0.057291666666666664,0.53125,0.07322303921568628,0.6789772727272727,0.017463235294117647,0.16193181818181818,0.05606617647058824,0.5198863636363636,0.07169117647058823,0.6647727272727273,0.07077205882352941,0.65625,0.02420343137254902,0.22443181818181818,0.060355392156862746,0.5596590909090909,0.048100490196078434,0.4460227272727273,0.05361519607843137,0.4971590909090909,0.044730392156862746,0.4147727272727273,0.06158088235294118,0.5710227272727273,0.05667892156862745,0.5255681818181818,0.060355392156862746,0.5596590909090909,0.07169117647058823,0.6647727272727273,0.08241421568627451,0.7642045454545454,0.08333333333333333,0.7727272727272727,0.08333333333333333,0.7727272727272727,0.021752450980392156,0.20170454545454544,0.061274509803921566,0.5681818181818182,0.04993872549019608,0.4630681818181818,0.0701593137254902,0.6505681818181818,0.022365196078431373,0.20738636363636365,0.08057598039215687,0.7471590909090909,0.07965686274509803,0.7386363636363636,0.06556372549019608,0.6079545454545454,0.07169117647058823,0.6647727272727273,0.08241421568627451,0.7642045454545454,0.08333333333333333,0.7727272727272727,0.08333333333333333,0.7727272727272727,0.01838235294117647,0.17045454545454544,0.0625,0.5795454545454546,0.044730392156862746,0.4147727272727273,0.07077205882352941,0.65625,0.022365196078431373,0.20738636363636365,0.08026960784313726,0.7443181818181818,0.07935049019607843,0.7357954545454546,0.06587009803921569,0.6107954545454546
23,0.04043363609727513,0.39204545454545453,0.059478464693817755,0.5767045454545454,0.07119835921476707,0.6903409090909091,0.07119835921476707,0.6903409090909091,0.022853794315851158,0.2215909090909091,0.06270143568707881,0.6079545454545454,0.05127453852915324,0.4971590909090909,0.0544975095224143,0.5284090909090909,0.04951655435101084,0.48011363636363635,0.061236448871960156,0.59375,0.05596249633753296,0.5426136363636364,0.06006445941986522,0.5823863636363636,0.021388807500732493,0.20738636363636365,0.05479050688543803,0.53125,0.06475241722824494,0.6278409090909091,0.06563140931731615,0.6363636363636364,0.02724875476120715,0.26420454545454547,0.05332552007031937,0.5170454545454546,0.052153530618224433,0.5056818181818182,0.05801347787869909,0.5625,0.04307061236448872,0.41761363636363635,0.059478464693817755,0.5767045454545454,0.05420451215939057,0.5255681818181818,0.052446527981248166,0.5085227272727273,0.03867565191913273,0.375,0.0536185174333431,0.5198863636363636,0.05479050688543803,0.53125,0.05332552007031937,0.5170454545454546,0.026076765309112217,0.2528409090909091,0.06270143568707881,0.6079545454545454,0.06592440668033987,0.6392045454545454,0.05742748315265163,0.5568181818181818,0.06006445941986522,0.5823863636363636,0.0536185174333431,0.5198863636363636,0.060943451508936416,0.5909090909090909,0.052446527981248166,0.5085227272727273,0.021681804863756225,0.21022727272727273,0.04922355698798711,0.4772727272727273,0.05508350424846176,0.5340909090909091,0.05508350424846176,0.5340909090909091,0.013184881336067975,0.1278409090909091,0.05039554644008204,0.48863636363636365,0.04775857017286844,0.4630681818181818,0.05479050688543803,0.53125,0.05684148842660416,0.5511363636363636,0.05303252270729564,0.5142045454545454,0.06738939349545854,0.6534090909090909,0.058306475241722826,0.5653409090909091,0.040140638734251395,0.38920454545454547,0.058306475241722826,0.5653409090909091,0.07588631702314678,0.7357954545454546,0.07735130383826545,0.75,0.02314679167887489,0.22443181818181818,0.059478464693817755,0.5767045454545454,0.05859947260474656,0.5681818181818182,0.0518605332552007,0.5028409090909091,0.048637562261939646,0.4715909090909091,0.060650454145912684,0.5880681818181818,0.05625549370055669,0.5454545454545454,0.07178435394081453,0.6960227272727273,0.0187518312335189,0.18181818181818182,0.05596249633753296,0.5426136363636364,0.0714913565777908,0.6931818181818182,0.07002636976267214,0.6789772727272727,0.023439789041898623,0.22727272727272727,0.058306475241722826,0.5653409090909091,0.04717257544682098,0.45738636363636365,0.05156753589217697,0.5,0.04424260181658365,0.4289772727272727,0.060650454145912684,0.5880681818181818,0.05479050688543803,0.53125,0.06006445941986522,0.5823863636363636,0.07002636976267214,0.6789772727272727,0.08145326692059772,0.7897727272727273,0.08057427483152652,0.78125,0.08086727219455025,0.7840909090909091,0.021681804863756225,0.21022727272727273,0.06152944623498389,0.5965909090909091,0.05010254907705831,0.48579545454545453,0.07031936712569586,0.6818181818181818,0.021974802226779958,0.21306818181818182,0.07735130383826545,0.75,0.07764430120128919,0.7528409090909091,0.06533841195429241,0.6335227272727273,0.0697333723996484,0.6761363636363636,0.08116026955757398,0.7869318181818182,0.08057427483152652,0.78125,0.08086727219455025,0.7840909090909091,0.019337825959566363,0.1875,0.06211544096103135,0.6022727272727273,0.04453559917960739,0.4318181818181818,0.07031936712569586,0.6818181818181818,0.021974802226779958,0.21306818181818182,0.07735130383826545,0.75,0.07705830647524173,0.7471590909090909,0.06416642250219748,0.6221590909090909
24,0.039595619208087615,0.4005681818181818,0.05812973883740522,0.5880681818181818,0.06992417860151642,0.7073863636363636,0.06992417860151642,0.7073863636363636,0.02330805953383881,0.23579545454545456,0.06178039876439202,0.625,0.05082841898343162,0.5142045454545454,0.05307497893850042,0.5369318181818182,0.04886267902274642,0.4943181818181818,0.059533838809323225,0.6022727272727273,0.05475989890480202,0.5539772727272727,0.05841055883178883,0.5909090909090909,0.023027239539455208,0.23295454545454544,0.05391743892165122,0.5454545454545454,0.06318449873631002,0.6392045454545454,0.06374613872507723,0.6448863636363636,0.02639707947205841,0.26704545454545453,0.05279415894411682,0.5340909090909091,0.051390058972198824,0.5198863636363636,0.055883178882336425,0.5653409090909091,0.04184217916315642,0.42329545454545453,0.05981465880370682,0.6051136363636364,0.05363661892726762,0.5426136363636364,0.05167087896658242,0.5227272727272727,0.038753159224936815,0.39204545454545453,0.05195169896096602,0.5255681818181818,0.05560235888795282,0.5625,0.05532153889356922,0.5596590909090909,0.02639707947205841,0.26704545454545453,0.060657118786857624,0.6136363636363636,0.06346531873069362,0.6420454545454546,0.05644481887110362,0.5710227272727273,0.058691378826172425,0.59375,0.05167087896658242,0.5227272727272727,0.05981465880370682,0.6051136363636364,0.05082841898343162,0.5142045454545454,0.02358887952822241,0.23863636363636365,0.04858185902836282,0.4914772727272727,0.05532153889356922,0.5596590909090909,0.05532153889356922,0.5596590909090909,0.013479359730412805,0.13636363636363635,0.04858185902836282,0.4914772727272727,0.04830103903397922,0.48863636363636365,0.05307497893850042,0.5369318181818182,0.05560235888795282,0.5625,0.05110923897781522,0.5170454545454546,0.06543105869137883,0.6619318181818182,0.05616399887672002,0.5681818181818182,0.03987643920247121,0.4034090909090909,0.05700645885987082,0.5767045454545454,0.07441729851165403,0.7528409090909091,0.07610221847795563,0.7698863636363636,0.023869699522606008,0.24147727272727273,0.058691378826172425,0.59375,0.05812973883740522,0.5880681818181818,0.05054759898904802,0.5113636363636364,0.047739399045212016,0.48295454545454547,0.05925301881493962,0.5994318181818182,0.054198258916034824,0.5482954545454546,0.07020499859590003,0.7102272727272727,0.018814939623701208,0.1903409090909091,0.05560235888795282,0.5625,0.06936253861274923,0.7017045454545454,0.06936253861274923,0.7017045454545454,0.02358887952822241,0.23863636363636365,0.056725638865487225,0.5738636363636364,0.046054479078910415,0.4659090909090909,0.05110923897781522,0.5170454545454546,0.04380791912384162,0.4431818181818182,0.059533838809323225,0.6022727272727273,0.05363661892726762,0.5426136363636364,0.05841055883178883,0.5909090909090909,0.06739679865206402,0.6818181818181818,0.08031451839370964,0.8125,0.07834877843302443,0.7926136363636364,0.07806795843864082,0.7897727272727273,0.02218477955630441,0.22443181818181818,0.060657118786857624,0.6136363636363636,0.04998595900028082,0.5056818181818182,0.06908171861836562,0.6988636363636364,0.02190395956192081,0.2215909090909091,0.07469811850603764,0.7556818181818182,0.07582139848357203,0.7670454545454546,0.06318449873631002,0.6392045454545454,0.06711597865768043,0.6789772727272727,0.07862959842740803,0.7954545454545454,0.07834877843302443,0.7926136363636364,0.07806795843864082,0.7897727272727273,0.019376579612468407,0.19602272727272727,0.06178039876439202,0.625,0.044088739118225216,0.4460227272727273,0.06880089862398203,0.6960227272727273,0.02246559955068801,0.22727272727272727,0.07525975849480483,0.7613636363636364,0.07666385846672283,0.7755681818181818,0.06178039876439202,0.625
25,0.03962264150943396,0.41761363636363635,0.05822102425876011,0.6136363636363636,0.06846361185983828,0.7215909090909091,0.06846361185983828,0.7215909090909091,0.023180592991913745,0.24431818181818182,0.060107816711590295,0.6335227272727273,0.05040431266846361,0.53125,0.0522911051212938,0.5511363636363636,0.04743935309973046,0.5,0.059568733153638816,0.6278409090909091,0.05309973045822102,0.5596590909090909,0.05633423180592992,0.59375,0.02398921832884097,0.2528409090909091,0.052830188679245285,0.5568181818181818,0.06199460916442048,0.6534090909090909,0.06280323450134771,0.6619318181818182,0.025606469002695417,0.26988636363636365,0.051482479784366576,0.5426136363636364,0.049326145552560645,0.5198863636363636,0.05579514824797844,0.5880681818181818,0.04123989218328841,0.4346590909090909,0.05849056603773585,0.6164772727272727,0.05175202156334232,0.5454545454545454,0.04986522911051213,0.5255681818181818,0.038544474393530995,0.40625,0.051482479784366576,0.5426136363636364,0.05822102425876011,0.6136363636363636,0.05822102425876011,0.6136363636363636,0.02587601078167116,0.2727272727272727,0.05929919137466307,0.625,0.06091644204851752,0.6420454545454546,0.05498652291105121,0.5795454545454546,0.056873315363881405,0.5994318181818182,0.050673854447439354,0.5340909090909091,0.05822102425876011,0.6136363636363636,0.04986522911051213,0.5255681818181818,0.02345013477088949,0.2471590909090909,0.0477088948787062,0.5028409090909091,0.055525606469002696,0.5852272727272727,0.055525606469002696,0.5852272727272727,0.013207547169811321,0.13920454545454544,0.04690026954177898,0.4943181818181818,0.0477088948787062,0.5028409090909091,0.05202156334231806,0.5482954545454546,0.05417789757412399,0.5710227272727273,0.04986522911051213,0.5255681818181818,0.06361185983827493,0.6704545454545454,0.05525606469002695,0.5823863636363636,0.04016172506738545,0.42329545454545453,0.056064690026954175,0.5909090909090909,0.07304582210242587,0.7698863636363636,0.07412398921832884,0.78125,0.024797843665768194,0.26136363636363635,0.05768194070080863,0.6079545454545454,0.05633423180592992,0.59375,0.04905660377358491,0.5170454545454546,0.04716981132075472,0.4971590909090909,0.05849056603773585,0.6164772727272727,0.0522911051212938,0.5511363636363636,0.0692722371967655,0.7301136363636364,0.018867924528301886,0.19886363636363635,0.055525606469002696,0.5852272727272727,0.06873315363881402,0.7244318181818182,0.06765498652291105,0.7130681818181818,0.022911051212938006,0.24147727272727273,0.05633423180592992,0.59375,0.04582210242587601,0.48295454545454547,0.05121293800539083,0.5397727272727273,0.04285714285714286,0.45170454545454547,0.05849056603773585,0.6164772727272727,0.0522911051212938,0.5511363636363636,0.05660377358490566,0.5965909090909091,0.0660377358490566,0.6960227272727273,0.07897574123989218,0.8323863636363636,0.07574123989218329,0.7982954545454546,0.07574123989218329,0.7982954545454546,0.022371967654986523,0.23579545454545456,0.060107816711590295,0.6335227272727273,0.05121293800539083,0.5397727272727273,0.06684636118598383,0.7045454545454546,0.02183288409703504,0.23011363636363635,0.07304582210242587,0.7698863636363636,0.07466307277628033,0.7869318181818182,0.06172506738544475,0.6505681818181818,0.06576819407008086,0.6931818181818182,0.0784366576819407,0.8267045454545454,0.07574123989218329,0.7982954545454546,0.07574123989218329,0.7982954545454546,0.019676549865229112,0.20738636363636365,0.059568733153638816,0.6278409090909091,0.04501347708894879,0.4744318181818182,0.06657681940700809,0.7017045454545454,0.02183288409703504,0.23011363636363635,0.07331536388140161,0.7727272727272727,0.07493261455525606,0.7897727272727273,0.060107816711590295,0.6335227272727273
26,0.03913945049248315,0.4289772727272727,0.056765163297045104,0.6221590909090909,0.06661482633488855,0.7301136363636364,0.06687402799377916,0.7329545454545454,0.023068947641264905,0.2528409090909091,0.0583203732503888,0.6392045454545454,0.049766718506998445,0.5454545454545454,0.05080352514256091,0.5568181818181818,0.046397096941420427,0.5085227272727273,0.05780196993260757,0.6335227272727273,0.05184033177812338,0.5681818181818182,0.055469155002592016,0.6079545454545454,0.02436495593571799,0.26704545454545453,0.05261793675479523,0.5767045454545454,0.061430793157076204,0.6732954545454546,0.061949196474857436,0.6789772727272727,0.024624157594608606,0.26988636363636365,0.05028512182477968,0.5511363636363636,0.047952306894764124,0.5255681818181818,0.05469155002592017,0.5994318181818182,0.04043545878693624,0.4431818181818182,0.05702436495593572,0.625,0.05054432348367029,0.5539772727272727,0.04847071021254536,0.53125,0.03784344219803007,0.4147727272727273,0.049766718506998445,0.5454545454545454,0.05702436495593572,0.625,0.05598755832037325,0.6136363636363636,0.025401762571280455,0.2784090909090909,0.05780196993260757,0.6335227272727273,0.059875583203732506,0.65625,0.05391394504924832,0.5909090909090909,0.056246759979263865,0.6164772727272727,0.049766718506998445,0.5454545454545454,0.056765163297045104,0.6221590909090909,0.049766718506998445,0.5454545454545454,0.023587350959046138,0.2585227272727273,0.04665629860031104,0.5113636363636364,0.054950751684810784,0.6022727272727273,0.054950751684810784,0.6022727272727273,0.01347848626231208,0.14772727272727273,0.04561949196474858,0.5,0.04743390357698289,0.5198863636363636,0.05054432348367029,0.5539772727272727,0.05313634007257646,0.5823863636363636,0.04872991187143598,0.5340909090909091,0.06298600311041991,0.6903409090909091,0.054173146708138935,0.59375,0.03939865215137377,0.4318181818181818,0.054173146708138935,0.59375,0.07153965785381027,0.7840909090909091,0.07153965785381027,0.7840909090909091,0.024624157594608606,0.26988636363636365,0.0583203732503888,0.6392045454545454,0.05443234836702955,0.5965909090909091,0.04847071021254536,0.53125,0.045878693623639194,0.5028409090909091,0.058061171591498185,0.6363636363636364,0.05132192846034215,0.5625,0.06791083462934162,0.7443181818181818,0.01918092275790565,0.21022727272727273,0.05469155002592017,0.5994318181818182,0.06687402799377916,0.7329545454545454,0.0658372213582167,0.7215909090909091,0.023068947641264905,0.2528409090909091,0.054950751684810784,0.6022727272727273,0.04406428201140487,0.48295454545454547,0.05184033177812338,0.5681818181818182,0.04173146708138932,0.45738636363636365,0.05702436495593572,0.625,0.051581130119232765,0.5653409090909091,0.054950751684810784,0.6022727272727273,0.06350440642820114,0.6960227272727273,0.07646448937273198,0.8380681818181818,0.07387247278382582,0.8096590909090909,0.0736132711249352,0.8068181818181818,0.02177293934681182,0.23863636363636365,0.058838776568170034,0.6448863636363636,0.051062726801451526,0.5596590909090909,0.06505961638154484,0.7130681818181818,0.021513737687921204,0.23579545454545456,0.07153965785381027,0.7840909090909091,0.07231726283048212,0.7926136363636364,0.06013478486262312,0.6590909090909091,0.06350440642820114,0.6960227272727273,0.07620528771384137,0.8352272727272727,0.07387247278382582,0.8096590909090909,0.0736132711249352,0.8068181818181818,0.019440124416796267,0.21306818181818182,0.05857957490927942,0.6420454545454546,0.04613789528252981,0.5056818181818182,0.0645412130637636,0.7073863636363636,0.020995334370139968,0.23011363636363635,0.07179885951270087,0.7869318181818182,0.07283566614826335,0.7982954545454546,0.05857957490927942,0.6420454545454546
27,0.0381927109335996,0.4346590909090909,0.055666500249625564,0.6335227272727273,0.06515227159261108,0.7414772727272727,0.0654018971542686,0.7443181818181818,0.023464802795806292,0.26704545454545453,0.056415376934598103,0.6420454545454546,0.04867698452321518,0.5539772727272727,0.049675486769845234,0.5653409090909091,0.0454318522216675,0.5170454545454546,0.05716425361957064,0.6505681818181818,0.04992511233150274,0.5681818181818182,0.054418372441337994,0.6193181818181818,0.024463305042436344,0.2784090909090909,0.05142286570144783,0.5852272727272727,0.05991013479780329,0.6818181818181818,0.06040938592111832,0.6875,0.02471293060409386,0.28125,0.04942586120818772,0.5625,0.046430354468297554,0.5284090909090909,0.05317024463305042,0.6051136363636364,0.039690464303544684,0.45170454545454547,0.055666500249625564,0.6335227272727273,0.04942586120818772,0.5625,0.04667998002995507,0.53125,0.036944583125312035,0.42045454545454547,0.0491762356465302,0.5596590909090909,0.056415376934598103,0.6420454545454546,0.05841238142785821,0.6647727272727273,0.02471293060409386,0.28125,0.056415376934598103,0.6420454545454546,0.0581627558662007,0.6619318181818182,0.052421367948077884,0.5965909090909091,0.05591612581128307,0.6363636363636364,0.04867698452321518,0.5539772727272727,0.05591612581128307,0.6363636363636364,0.04892661008487269,0.5568181818181818,0.024463305042436344,0.2784090909090909,0.04593110334498253,0.5227272727272727,0.05491762356465302,0.625,0.05491762356465302,0.625,0.013729405891163254,0.15625,0.04468297553669496,0.5085227272727273,0.04618072890664004,0.5255681818181818,0.050424363454817774,0.5738636363636364,0.052421367948077884,0.5965909090909091,0.04792810783824263,0.5454545454545454,0.06115826260609086,0.6960227272727273,0.053669495756365454,0.6107954545454546,0.03919121318022965,0.4460227272727273,0.05292061907139291,0.6022727272727273,0.06939590614078882,0.7897727272727273,0.07114328507239141,0.8096590909090909,0.0254618072890664,0.2897727272727273,0.05991013479780329,0.6818181818181818,0.0526709935097354,0.5994318181818182,0.04742885671492761,0.5397727272727273,0.044433349975037444,0.5056818181818182,0.05616575137294059,0.6392045454545454,0.05017473789316026,0.5710227272727273,0.06640039940089865,0.7556818181818182,0.018971542685971045,0.2159090909090909,0.053669495756365454,0.6107954545454546,0.06490264603095357,0.7386363636363636,0.06490264603095357,0.7386363636363636,0.022965551672491265,0.26136363636363635,0.05391912131802296,0.6136363636363636,0.042436345481777334,0.48295454545454547,0.04992511233150274,0.5681818181818182,0.04193709435846231,0.4772727272727273,0.05541687468796805,0.6306818181818182,0.05117324013979031,0.5823863636363636,0.05391912131802296,0.6136363636363636,0.061657513729405894,0.7017045454545454,0.07413879181228157,0.84375,0.07189216175736396,0.8181818181818182,0.07189216175736396,0.8181818181818182,0.021467798302546182,0.24431818181818182,0.05741387918122816,0.6534090909090909,0.05117324013979031,0.5823863636363636,0.06290564153769346,0.7159090909090909,0.021218172740888667,0.24147727272727273,0.07039440838741887,0.8011363636363636,0.07039440838741887,0.8011363636363636,0.05866200698951573,0.6676136363636364,0.06140788816774838,0.6988636363636364,0.07413879181228157,0.84375,0.07189216175736396,0.8181818181818182,0.07189216175736396,0.8181818181818182,0.019720419370943584,0.22443181818181818,0.05716425361957064,0.6505681818181818,0.04817773339990015,0.5482954545454546,0.06240639041437843,0.7102272727272727,0.020968547179231155,0.23863636363636365,0.07064403394907638,0.8039772727272727,0.07039440838741887,0.8011363636363636,0.05741387918122816,0.6534090909090909
28,0.038267148014440436,0.45170454545454547,0.05391095066185319,0.6363636363636364,0.06377858002406739,0.7528409090909091,0.06401925391095066,0.7556818181818182,0.023104693140794223,0.2727272727272727,0.054632972322503005,0.6448863636363636,0.049338146811071,0.5823863636363636,0.04837545126353791,0.5710227272727273,0.044765342960288806,0.5284090909090909,0.05703971119133574,0.6732954545454546,0.04885679903730445,0.5767045454545454,0.05318892900120337,0.6278409090909091,0.02454873646209386,0.2897727272727273,0.05006016847172082,0.5909090909090909,0.05896510228640193,0.6960227272727273,0.0592057761732852,0.6988636363636364,0.024067388688327317,0.2840909090909091,0.04957882069795427,0.5852272727272727,0.04548736462093863,0.5369318181818182,0.05174488567990373,0.6107954545454546,0.039229843561973524,0.4630681818181818,0.05439229843561973,0.6420454545454546,0.048134777376654635,0.5681818181818182,0.0457280385078219,0.5397727272727273,0.03658243080625752,0.4318181818181818,0.048134777376654635,0.5681818181818182,0.056077015643802644,0.6619318181818182,0.056558363417569195,0.6676136363636364,0.02454873646209386,0.2897727272727273,0.054873646209386284,0.6477272727272727,0.05679903730445247,0.6704545454545454,0.05102286401925391,0.6022727272727273,0.05583634175691937,0.6590909090909091,0.048134777376654635,0.5681818181818182,0.05415162454873646,0.6392045454545454,0.049819494584837545,0.5880681818181818,0.024067388688327317,0.2840909090909091,0.0457280385078219,0.5397727272727273,0.05391095066185319,0.6363636363636364,0.05415162454873646,0.6392045454545454,0.013477737665463297,0.1590909090909091,0.044524669073405534,0.5255681818181818,0.04500601684717208,0.53125,0.049338146811071,0.5823863636363636,0.05246690734055355,0.6193181818181818,0.04717208182912154,0.5568181818181818,0.059927797833935016,0.7073863636363636,0.05318892900120337,0.6278409090909091,0.038267148014440436,0.45170454545454547,0.05198555956678701,0.6136363636363636,0.06811070998796631,0.8039772727272727,0.06931407942238267,0.8181818181818182,0.025511432009626956,0.30113636363636365,0.059687123947051744,0.7045454545454546,0.05102286401925391,0.6022727272727273,0.046209386281588445,0.5454545454545454,0.04332129963898917,0.5113636363636364,0.054873646209386284,0.6477272727272727,0.04885679903730445,0.5767045454545454,0.06498194945848375,0.7670454545454546,0.019494584837545126,0.23011363636363635,0.05222623345367028,0.6164772727272727,0.06329723225030084,0.7471590909090909,0.0628158844765343,0.7414772727272727,0.02358604091456077,0.2784090909090909,0.053429602888086646,0.6306818181818182,0.04380264741275572,0.5170454545454546,0.04861612515042118,0.5738636363636364,0.041395908543922985,0.48863636363636365,0.05391095066185319,0.6363636363636364,0.05078219013237064,0.5994318181818182,0.05367027677496992,0.6335227272727273,0.059927797833935016,0.7073863636363636,0.07220216606498195,0.8522727272727273,0.06955475330926594,0.8210227272727273,0.06979542719614922,0.8238636363636364,0.020938628158844765,0.2471590909090909,0.0555956678700361,0.65625,0.05006016847172082,0.5909090909090909,0.06113116726835138,0.7215909090909091,0.021419975932611312,0.2528409090909091,0.06883273164861613,0.8125,0.06955475330926594,0.8210227272727273,0.05679903730445247,0.6704545454545454,0.059687123947051744,0.7045454545454546,0.07220216606498195,0.8522727272727273,0.06955475330926594,0.8210227272727273,0.06979542719614922,0.8238636363636364,0.020697954271961493,0.24431818181818182,0.05583634175691937,0.6590909090909091,0.04837545126353791,0.5710227272727273,0.06089049338146811,0.71875,0.021419975932611312,0.2528409090909091,0.06883273164861613,0.8125,0.06955475330926594,0.8210227272727273,0.05631768953068592,0.6647727272727273
29,0.03764815245177783,0.4602272727272727,0.05228910062746921,0.6392045454545454,0.0625145247501743,0.7642045454545454,0.0625145247501743,0.7642045454545454,0.022542412270508946,0.2755681818181818,0.05298628863583547,0.6477272727272727,0.048570764582849174,0.59375,0.04833836858006042,0.5909090909090909,0.043690448524285386,0.5340909090909091,0.05554264466651174,0.6789772727272727,0.04764118057169417,0.5823863636363636,0.05252149663025796,0.6420454545454546,0.02486637229839647,0.3039772727272727,0.049267952591215435,0.6022727272727273,0.057634208691610504,0.7045454545454546,0.057866604694399255,0.7073863636363636,0.02370439228445271,0.2897727272727273,0.04787357657448292,0.5852272727272727,0.045317220543806644,0.5539772727272727,0.05042993260515919,0.6164772727272727,0.03927492447129909,0.48011363636363635,0.05368347664420172,0.65625,0.04764118057169417,0.5823863636363636,0.046014408552172904,0.5625,0.03602138043225656,0.4403409090909091,0.04671159656053916,0.5710227272727273,0.054613060655356725,0.6676136363636364,0.05484545665814548,0.6704545454545454,0.02486637229839647,0.3039772727272727,0.05368347664420172,0.65625,0.0567046246804555,0.6931818181818182,0.04973274459679294,0.6079545454545454,0.05600743667208924,0.6846590909090909,0.04717638856611666,0.5767045454545454,0.05321868463862422,0.6505681818181818,0.05066232860794794,0.6193181818181818,0.02393678828724146,0.29261363636363635,0.04485242853822914,0.5482954545454546,0.05298628863583547,0.6477272727272727,0.05298628863583547,0.6477272727272727,0.013246572158958867,0.16193181818181818,0.04392284452707414,0.5369318181818182,0.04415524052986289,0.5397727272727273,0.04810597257727167,0.5880681818181818,0.051824308621891704,0.6335227272727273,0.046014408552172904,0.5625,0.058563792702765516,0.7159090909090909,0.05228910062746921,0.6392045454545454,0.03788054845456658,0.4630681818181818,0.051824308621891704,0.6335227272727273,0.06669765280037183,0.8153409090909091,0.06762723681152684,0.8267045454545454,0.02626074831512898,0.3210227272727273,0.060190564722286774,0.7357954545454546,0.05019753660237044,0.6136363636363636,0.0455496165465954,0.5568181818181818,0.042993260515919125,0.5255681818181818,0.05414826864977922,0.6619318181818182,0.048570764582849174,0.59375,0.06367650476411806,0.7784090909090909,0.02068324424819893,0.2528409090909091,0.05112712061352545,0.625,0.06228212874738555,0.7613636363636364,0.06135254473623054,0.75,0.023471996281663954,0.2869318181818182,0.05298628863583547,0.6477272727272727,0.04252846851034162,0.5198863636363636,0.04740878456890542,0.5795454545454546,0.04066930048803161,0.4971590909090909,0.05298628863583547,0.6477272727272727,0.04973274459679294,0.6079545454545454,0.05414826864977922,0.6619318181818182,0.058563792702765516,0.7159090909090909,0.07018359284220312,0.8579545454545454,0.06762723681152684,0.8267045454545454,0.06762723681152684,0.8267045454545454,0.02068324424819893,0.2528409090909091,0.054380664652567974,0.6647727272727273,0.04996514059958169,0.6107954545454546,0.060190564722286774,0.7357954545454546,0.02068324424819893,0.2528409090909091,0.06739484080873809,0.8238636363636364,0.06785963281431559,0.8295454545454546,0.05577504066930049,0.6818181818181818,0.05833139669997676,0.7130681818181818,0.06995119683941436,0.8551136363636364,0.06762723681152684,0.8267045454545454,0.06762723681152684,0.8267045454545454,0.02068324424819893,0.2528409090909091,0.05577504066930049,0.6818181818181818,0.04694399256332791,0.5738636363636364,0.05995816871949802,0.7329545454545454,0.02068324424819893,0.2528409090909091,0.06762723681152684,0.8267045454545454,0.06809202881710434,0.8323863636363636,0.05484545665814548,0.6704545454545454
30,0.03796046720575023,0.48011363636363635,0.05143755615453729,0.6505681818181818,0.06132075471698113,0.7755681818181818,0.06132075471698113,0.7755681818181818,0.02358490566037736,0.29829545454545453,0.05188679245283019,0.65625,0.04784366576819407,0.6051136363636364,0.046945193171608265,0.59375,0.04335130278526505,0.5482954545454546,0.05435759209344115,0.6875,0.04716981132075472,0.5965909090909091,0.052336028751123094,0.6619318181818182,0.025381850853548965,0.3210227272727273,0.04919137466307277,0.6221590909090909,0.057053009883198565,0.7215909090909091,0.05727762803234501,0.7244318181818182,0.02358490566037736,0.29829545454545453,0.046945193171608265,0.59375,0.044249775381850855,0.5596590909090909,0.049640610961365676,0.6278409090909091,0.03840970350404313,0.48579545454545453,0.053009883198562445,0.6704545454545454,0.046945193171608265,0.59375,0.04537286612758311,0.5738636363636364,0.03638814016172507,0.4602272727272727,0.046271338724168914,0.5852272727272727,0.053009883198562445,0.6704545454545454,0.053009883198562445,0.6704545454545454,0.025606469002695417,0.32386363636363635,0.053009883198562445,0.6704545454545454,0.055031446540880505,0.6960227272727273,0.04941599281221923,0.625,0.05480682839173405,0.6931818181818182,0.04649595687331536,0.5880681818181818,0.052336028751123094,0.6619318181818182,0.04941599281221923,0.625,0.025157232704402517,0.3181818181818182,0.04469901168014376,0.5653409090909091,0.05211141060197664,0.6590909090909091,0.05211141060197664,0.6590909090909091,0.013701707097933512,0.17329545454545456,0.0440251572327044,0.5568181818181818,0.04380053908355795,0.5539772727272727,0.04672057502246182,0.5909090909090909,0.05076370170709793,0.6420454545454546,0.044923629829290206,0.5681818181818182,0.05727762803234501,0.7244318181818182,0.050988319856244385,0.6448863636363636,0.03773584905660377,0.4772727272727273,0.05076370170709793,0.6420454545454546,0.06491464510332434,0.8210227272727273,0.0664869721473495,0.8409090909090909,0.02628032345013477,0.33238636363636365,0.05952380952380952,0.7528409090909091,0.049640610961365676,0.6278409090909091,0.04469901168014376,0.5653409090909091,0.0426774483378257,0.5397727272727273,0.05323450134770889,0.6732954545454546,0.04784366576819407,0.6051136363636364,0.06199460916442048,0.7840909090909091,0.0215633423180593,0.2727272727272727,0.05008984725965858,0.6335227272727273,0.060422282120395326,0.7642045454545454,0.05997304582210242,0.7585227272727273,0.023809523809523808,0.30113636363636365,0.053009883198562445,0.6704545454545454,0.04110512129380054,0.5198863636363636,0.04672057502246182,0.5909090909090909,0.03998203054806829,0.5056818181818182,0.05256064690026954,0.6647727272727273,0.04941599281221923,0.625,0.053683737646001796,0.6789772727272727,0.05750224618149147,0.7272727272727273,0.06828391734052111,0.8636363636363636,0.06581311769991015,0.8323863636363636,0.06581311769991015,0.8323863636363636,0.020664869721473494,0.26136363636363635,0.0541329739442947,0.6846590909090909,0.05053908355795148,0.6392045454545454,0.05862533692722372,0.7414772727272727,0.020664869721473494,0.26136363636363635,0.06626235399820306,0.8380681818181818,0.0660377358490566,0.8352272727272727,0.05435759209344115,0.6875,0.057053009883198565,0.7215909090909091,0.06828391734052111,0.8636363636363636,0.06581311769991015,0.8323863636363636,0.06581311769991015,0.8323863636363636,0.020664869721473494,0.26136363636363635,0.0545822102425876,0.6903409090909091,0.04649595687331536,0.5880681818181818,0.05817610062893082,0.7357954545454546,0.020440251572327043,0.2585227272727273,0.0660377358490566,0.8352272727272727,0.0660377358490566,0.8352272727272727,0.05345911949685535,0.6761363636363636
31,0.03891304347826087,0.5085227272727273,0.050434782608695654,0.6590909090909091,0.06065217391304348,0.7926136363636364,0.06065217391304348,0.7926136363636364,0.023695652173913045,0.3096590909090909,0.050217391304347825,0.65625,0.04717391304347826,0.6164772727272727,0.04608695652173913,0.6022727272727273,0.041956521739130434,0.5482954545454546,0.05347826086956522,0.6988636363636364,0.04586956521739131,0.5994318181818182,0.050869565217391305,0.6647727272727273,0.02608695652173913,0.3409090909090909,0.04847826086956522,0.6335227272727273,0.05608695652173913,0.7329545454545454,0.05673913043478261,0.7414772727272727,0.023478260869565216,0.3068181818181818,0.04543478260869565,0.59375,0.04456521739130435,0.5823863636363636,0.04804347826086956,0.6278409090909091,0.03782608695652174,0.4943181818181818,0.05173913043478261,0.6761363636363636,0.04586956521739131,0.5994318181818182,0.04456521739130435,0.5823863636363636,0.03695652173913044,0.48295454545454547,0.04586956521739131,0.5994318181818182,0.051956521739130436,0.6789772727272727,0.051956521739130436,0.6789772727272727,0.025652173913043478,0.3352272727272727,0.052608695652173916,0.6875,0.05369565217391304,0.7017045454545454,0.04847826086956522,0.6335227272727273,0.05369565217391304,0.7017045454545454,0.04543478260869565,0.59375,0.05173913043478261,0.6761363636363636,0.04782608695652174,0.625,0.025652173913043478,0.3352272727272727,0.04391304347826087,0.5738636363636364,0.051086956521739134,0.6676136363636364,0.051086956521739134,0.6676136363636364,0.014130434782608696,0.1846590909090909,0.04391304347826087,0.5738636363636364,0.043478260869565216,0.5681818181818182,0.04608695652173913,0.6022727272727273,0.050217391304347825,0.65625,0.044130434782608696,0.5767045454545454,0.0558695652173913,0.7301136363636364,0.050652173913043476,0.6619318181818182,0.03847826086956522,0.5028409090909091,0.049782608695652174,0.6505681818181818,0.0641304347826087,0.8380681818181818,0.06478260869565218,0.8465909090909091,0.026304347826086958,0.34375,0.06,0.7840909090909091,0.049130434782608694,0.6420454545454546,0.043478260869565216,0.5681818181818182,0.04173913043478261,0.5454545454545454,0.051956521739130436,0.6789772727272727,0.04652173913043478,0.6079545454545454,0.06043478260869565,0.7897727272727273,0.021739130434782608,0.2840909090909091,0.049130434782608694,0.6420454545454546,0.059347826086956525,0.7755681818181818,0.059130434782608696,0.7727272727272727,0.02391304347826087,0.3125,0.05239130434782609,0.6846590909090909,0.04021739130434782,0.5255681818181818,0.04673913043478261,0.6107954545454546,0.03956521739130435,0.5170454545454546,0.051304347826086956,0.6704545454545454,0.04826086956521739,0.6306818181818182,0.05478260869565217,0.7159090909090909,0.05630434782608695,0.7357954545454546,0.06652173913043478,0.8693181818181818,0.06391304347826086,0.8352272727272727,0.06391304347826086,0.8352272727272727,0.021521739130434783,0.28125,0.05347826086956522,0.6988636363636364,0.04934782608695652,0.6448863636363636,0.057391304347826085,0.75,0.021956521739130434,0.2869318181818182,0.06478260869565218,0.8465909090909091,0.06434782608695652,0.8409090909090909,0.05347826086956522,0.6988636363636364,0.05608695652173913,0.7329545454545454,0.06630434782608696,0.8664772727272727,0.06391304347826086,0.8352272727272727,0.06391304347826086,0.8352272727272727,0.02108695652173913,0.2755681818181818,0.05478260869565217,0.7159090909090909,0.04652173913043478,0.6079545454545454,0.05717391304347826,0.7471590909090909,0.02108695652173913,0.2755681818181818,0.06456521739130434,0.84375,0.0641304347826087,0.8380681818181818,0.051956521739130436,0.6789772727272727
32,0.038542544229149114,0.5198863636363636,0.04991575400168492,0.6732954545454546,0.05981465880370682,0.8068181818181818,0.05981465880370682,0.8068181818181818,0.02401010951979781,0.32386363636363635,0.04865206402695872,0.65625,0.04591406908171862,0.6193181818181818,0.04612468407750632,0.6221590909090909,0.040859309182813816,0.5511363636363636,0.05307497893850042,0.7159090909090909,0.04507160909856782,0.6079545454545454,0.04949452401010952,0.6676136363636364,0.02653748946925021,0.35795454545454547,0.04780960404380792,0.6448863636363636,0.05539174389216512,0.7471590909090909,0.05602358887952822,0.7556818181818182,0.02401010951979781,0.32386363636363635,0.04401853411962932,0.59375,0.04338668913226622,0.5852272727272727,0.04717775905644482,0.6363636363636364,0.037700084245998314,0.5085227272727273,0.05075821398483572,0.6846590909090909,0.04507160909856782,0.6079545454545454,0.04401853411962932,0.59375,0.03643639427127211,0.4914772727272727,0.04528222409435552,0.6107954545454546,0.05075821398483572,0.6846590909090909,0.05075821398483572,0.6846590909090909,0.02611625947767481,0.3522727272727273,0.051811288963774224,0.6988636363636364,0.05223251895534962,0.7045454545454546,0.04802021903959562,0.6477272727272727,0.05307497893850042,0.7159090909090909,0.04528222409435552,0.6107954545454546,0.05033698399326032,0.6789772727272727,0.04654591406908172,0.6278409090909091,0.02611625947767481,0.3522727272727273,0.04317607413647852,0.5823863636363636,0.05075821398483572,0.6846590909090909,0.05075821398483572,0.6846590909090909,0.014532434709351305,0.19602272727272727,0.04296545914069082,0.5795454545454546,0.04212299915754002,0.5681818181818182,0.04528222409435552,0.6107954545454546,0.04928390901432182,0.6647727272727273,0.04359730412805392,0.5880681818181818,0.05497051390058972,0.7414772727272727,0.04949452401010952,0.6676136363636364,0.038121314237573714,0.5142045454545454,0.04865206402695872,0.65625,0.06297388374052232,0.8494318181818182,0.06297388374052232,0.8494318181818182,0.02653748946925021,0.35795454545454547,0.05876158382476832,0.7926136363636364,0.04780960404380792,0.6448863636363636,0.04317607413647852,0.5823863636363636,0.040859309182813816,0.5511363636363636,0.051811288963774224,0.6988636363636364,0.04633529907329402,0.625,0.05918281381634372,0.7982954545454546,0.02190395956192081,0.29545454545454547,0.04844144903117102,0.6534090909090909,0.05960404380791912,0.8039772727272727,0.05834035383319292,0.7869318181818182,0.02358887952822241,0.3181818181818182,0.051179443976411124,0.6903409090909091,0.039595619208087615,0.5340909090909091,0.04549283909014322,0.6136363636363636,0.039385004212299915,0.53125,0.05033698399326032,0.6789772727272727,0.04759898904802022,0.6420454545454546,0.05433866891322662,0.7329545454545454,0.05539174389216512,0.7471590909090909,0.06529064869418702,0.8806818181818182,0.061920808761583825,0.8352272727272727,0.062131423757371525,0.8380681818181818,0.02169334456613311,0.29261363636363635,0.052021903959561924,0.7017045454545454,0.04949452401010952,0.6676136363636364,0.05581297388374052,0.7528409090909091,0.02148272957034541,0.2897727272727273,0.06297388374052232,0.8494318181818182,0.06339511373209772,0.8551136363636364,0.05244313395113732,0.7073863636363636,0.05539174389216512,0.7471590909090909,0.06508003369839932,0.8778409090909091,0.061920808761583825,0.8352272727272727,0.062131423757371525,0.8380681818181818,0.02085088458298231,0.28125,0.05328559393428812,0.71875,0.04612468407750632,0.6221590909090909,0.05539174389216512,0.7471590909090909,0.02127211457455771,0.2869318181818182,0.06339511373209772,0.8551136363636364,0.06339511373209772,0.8551136363636364,0.050968828980623423,0.6875
33,0.037778231570349194,0.5255681818181818,0.049213804370022464,0.6846590909090909,0.058403103941188486,0.8125,0.058403103941188486,0.8125,0.024300592199305696,0.3380681818181818,0.04758015111292628,0.6619318181818182,0.04512967122728201,0.6278409090909091,0.04574229119869308,0.6363636363636364,0.03982029814171942,0.5539772727272727,0.05186849091280376,0.7215909090909091,0.04472125791300796,0.6221590909090909,0.04798856442720033,0.6676136363636364,0.026342658770675924,0.3664772727272727,0.04737594445578926,0.6590909090909091,0.054523177455585055,0.7585227272727273,0.054931590769859096,0.7642045454545454,0.02450479885644272,0.3409090909090909,0.04288339799877476,0.5965909090909091,0.04227077802736369,0.5880681818181818,0.04676332448437819,0.6505681818181818,0.03716561159893812,0.5170454545454546,0.04941801102715949,0.6875,0.04390443128445987,0.6107954545454546,0.04329181131304881,0.6022727272727273,0.035531958341841946,0.4943181818181818,0.04472125791300796,0.6221590909090909,0.04941801102715949,0.6875,0.049213804370022464,0.6846590909090909,0.026342658770675924,0.3664772727272727,0.050643250969981624,0.7045454545454546,0.05186849091280376,0.7215909090909091,0.04717173779865223,0.65625,0.0522769042270778,0.7272727272727273,0.04431284459873392,0.6164772727272727,0.04900959771288544,0.6818181818181818,0.04512967122728201,0.6278409090909091,0.02593424545640188,0.36079545454545453,0.04247498468450071,0.5909090909090909,0.049213804370022464,0.6846590909090909,0.049213804370022464,0.6846590909090909,0.015111292628139678,0.21022727272727273,0.04227077802736369,0.5880681818181818,0.0414539513988156,0.5767045454545454,0.04431284459873392,0.6164772727272727,0.04860118439861139,0.6761363636363636,0.04329181131304881,0.6022727272727273,0.053502144169899936,0.7443181818181818,0.0504390443128446,0.7017045454545454,0.03757402491321217,0.5227272727272727,0.04758015111292628,0.6619318181818182,0.06187461711251787,0.8607954545454546,0.06187461711251787,0.8607954545454546,0.026751072084949968,0.3721590909090909,0.05758627731264039,0.8011363636363636,0.046967531141515216,0.6534090909090909,0.04227077802736369,0.5880681818181818,0.04002450479885644,0.5568181818181818,0.050643250969981624,0.7045454545454546,0.044925464570144985,0.625,0.05819889728405146,0.8096590909090909,0.021850112313661425,0.3039772727272727,0.04758015111292628,0.6619318181818182,0.05901572391259955,0.8210227272727273,0.05799469062691444,0.8068181818181818,0.02307535225648356,0.3210227272727273,0.04982642434143353,0.6931818181818182,0.038799264856034306,0.5397727272727273,0.04472125791300796,0.6221590909090909,0.038799264856034306,0.5397727272727273,0.049213804370022464,0.6846590909090909,0.04655911782724117,0.6477272727272727,0.05329793751276292,0.7414772727272727,0.054931590769859096,0.7642045454545454,0.06330406371247703,0.8806818181818182,0.0612619971411068,0.8522727272727273,0.0612619971411068,0.8522727272727273,0.021850112313661425,0.3039772727272727,0.051051664284255664,0.7102272727272727,0.04962221768429651,0.6903409090909091,0.05534000408413314,0.7698863636363636,0.02205431897079845,0.3068181818181818,0.06146620379824382,0.8551136363636364,0.062078823769654894,0.8636363636363636,0.05207269756994078,0.7244318181818182,0.05472738411272207,0.7613636363636364,0.06330406371247703,0.8806818181818182,0.0612619971411068,0.8522727272727273,0.0612619971411068,0.8522727272727273,0.021237492342250357,0.29545454545454547,0.05268531754135185,0.7329545454545454,0.04574229119869308,0.6363636363636364,0.05554421074127017,0.7727272727272727,0.021237492342250357,0.29545454545454547,0.06187461711251787,0.8607954545454546,0.061670410455380846,0.8579545454545454,0.0504390443128446,0.7017045454545454
34,0.037264618434093164,0.5340909090909091,0.04816650148662042,0.6903409090909091,0.0576808721506442,0.8267045454545454,0.0576808721506442,0.8267045454545454,0.02438057482656095,0.3494318181818182,0.04658077304261645,0.6676136363636364,0.044598612487611496,0.6392045454545454,0.04598612487611497,0.6590909090909091,0.03924677898909812,0.5625,0.05094152626362736,0.7301136363636364,0.04360753221010902,0.625,0.04777006937561942,0.6846590909090909,0.025966303270564917,0.3721590909090909,0.04638255698711596,0.6647727272727273,0.053518334985133795,0.7670454545454546,0.054112983151635284,0.7755681818181818,0.024777006937561942,0.35511363636363635,0.04162537165510406,0.5965909090909091,0.041228939544103074,0.5909090909090909,0.04558969276511397,0.6534090909090909,0.036273538156590686,0.5198863636363636,0.048562933597621406,0.6960227272727273,0.04321110009910803,0.6193181818181818,0.04321110009910803,0.6193181818181818,0.0354806739345887,0.5085227272727273,0.04360753221010902,0.625,0.04816650148662042,0.6903409090909091,0.04777006937561942,0.6846590909090909,0.026362735381565906,0.3778409090909091,0.04995044598612488,0.7159090909090909,0.05094152626362736,0.7301136363636364,0.04658077304261645,0.6676136363636364,0.051337958374628345,0.7357954545454546,0.04380574826560951,0.6278409090909091,0.04777006937561942,0.6846590909090909,0.04380574826560951,0.6278409090909091,0.026560951437066403,0.3806818181818182,0.04202180376610506,0.6022727272727273,0.049157581764122896,0.7045454545454546,0.049157581764122896,0.7045454545454546,0.01565906838453915,0.22443181818181818,0.04142715559960357,0.59375,0.04142715559960357,0.59375,0.04321110009910803,0.6193181818181818,0.04777006937561942,0.6846590909090909,0.042814667988107034,0.6136363636363636,0.051932606541129835,0.7443181818181818,0.04975222993062438,0.7130681818181818,0.037264618434093164,0.5340909090909091,0.04658077304261645,0.6676136363636364,0.06045589692765114,0.8664772727272727,0.06065411298315163,0.8693181818181818,0.027750247770069375,0.3977272727272727,0.05649157581764123,0.8096590909090909,0.04598612487611497,0.6590909090909091,0.04182358771060456,0.5994318181818182,0.03944499504459861,0.5653409090909091,0.049554013875123884,0.7102272727272727,0.04420218037661051,0.6335227272727273,0.0578790882061447,0.8295454545454546,0.02180376610505451,0.3125,0.04658077304261645,0.6676136363636364,0.05728444003964321,0.8210227272727273,0.05728444003964321,0.8210227272727273,0.022993062438057484,0.32954545454545453,0.049157581764122896,0.7045454545454546,0.03766105054509415,0.5397727272727273,0.043409316154608524,0.6221590909090909,0.03825569871159564,0.5482954545454546,0.04777006937561942,0.6846590909090909,0.04578790882061447,0.65625,0.05272547076313181,0.7556818181818182,0.05391476709613479,0.7727272727272727,0.06164519326065411,0.8835227272727273,0.06005946481665015,0.8607954545454546,0.06005946481665015,0.8607954545454546,0.02180376610505451,0.3125,0.05034687809712587,0.7215909090909091,0.048562933597621406,0.6960227272727273,0.05470763131813677,0.7840909090909091,0.02180376610505451,0.3125,0.06005946481665015,0.8607954545454546,0.06124876114965312,0.8778409090909091,0.051337958374628345,0.7357954545454546,0.05371655104063429,0.7698863636363636,0.06164519326065411,0.8835227272727273,0.06005946481665015,0.8607954545454546,0.06005946481665015,0.8607954545454546,0.0222001982160555,0.3181818181818182,0.051932606541129835,0.7443181818181818,0.04479682854311199,0.6420454545454546,0.05510406342913776,0.7897727272727273,0.021605550049554015,0.3096590909090909,0.06005946481665015,0.8607954545454546,0.06065411298315163,0.8693181818181818,0.049554013875123884,0.7102272727272727
35,0.036965729688101655,0.5454545454545454,0.04716981132075472,0.6960227272727273,0.05775895263765884,0.8522727272727273,0.05775895263765884,0.8522727272727273,0.02425876010781671,0.35795454545454547,0.04543704274162495,0.6704545454545454,0.044089333846746244,0.6505681818181818,0.04620716211012707,0.6818181818181818,0.03889102810935695,0.5738636363636364,0.05063534847901425,0.7471590909090909,0.04331921447824413,0.6392045454545454,0.04659222179437813,0.6875,0.026184058529072005,0.38636363636363635,0.04543704274162495,0.6704545454545454,0.05256064690026954,0.7755681818181818,0.05275317674239507,0.7784090909090909,0.02464381979206777,0.36363636363636365,0.04043126684636118,0.5965909090909091,0.04120138621486331,0.6079545454545454,0.04485945321524836,0.6619318181818182,0.03619561031959954,0.5340909090909091,0.04851752021563342,0.7159090909090909,0.04254909510974201,0.6278409090909091,0.04216403542549095,0.6221590909090909,0.03484790142472083,0.5142045454545454,0.04331921447824413,0.6392045454545454,0.04755487100500578,0.7017045454545454,0.04659222179437813,0.6875,0.026376588371197534,0.38920454545454547,0.04928763958413554,0.7272727272727273,0.05005775895263766,0.7386363636363636,0.04620716211012707,0.6818181818181818,0.05025028879476319,0.7414772727272727,0.04293415479399307,0.6335227272727273,0.04659222179437813,0.6875,0.04274162495186754,0.6306818181818182,0.026184058529072005,0.38636363636363635,0.041586445899114366,0.6136363636363636,0.047747400847131305,0.7045454545454546,0.047747400847131305,0.7045454545454546,0.016172506738544475,0.23863636363636365,0.04081632653061224,0.6022727272727273,0.04120138621486331,0.6079545454545454,0.0431266846361186,0.6363636363636364,0.047362341162880246,0.6988636363636364,0.04235656526761648,0.625,0.05063534847901425,0.7471590909090909,0.048710050057758955,0.71875,0.03677319984597613,0.5426136363636364,0.04620716211012707,0.6818181818181818,0.05910666153253755,0.8721590909090909,0.059876780901039664,0.8835227272727273,0.027916827108201772,0.4119318181818182,0.05506353484790143,0.8125,0.04485945321524836,0.6619318181818182,0.04139391605698883,0.6107954545454546,0.03908355795148248,0.5767045454545454,0.048710050057758955,0.71875,0.04351174432036966,0.6420454545454546,0.05698883326915672,0.8409090909090909,0.022333461686561418,0.32954545454545453,0.04582210242587601,0.6761363636363636,0.057566422795533305,0.8494318181818182,0.0562187139006546,0.8295454545454546,0.022718521370812476,0.3352272727272727,0.049095109742010014,0.7244318181818182,0.03677319984597613,0.5426136363636364,0.04235656526761648,0.625,0.03812090874085483,0.5625,0.047362341162880246,0.6988636363636364,0.04543704274162495,0.6704545454545454,0.05236811705814401,0.7727272727272727,0.05256064690026954,0.7755681818181818,0.06006931074316519,0.8863636363636364,0.05872160184828648,0.8664772727272727,0.058529072006160955,0.8636363636363636,0.02137081247593377,0.3153409090909091,0.0496726992683866,0.7329545454545454,0.04793993068925684,0.7073863636363636,0.05390835579514825,0.7954545454545454,0.02175587216018483,0.3210227272727273,0.058529072006160955,0.8636363636363636,0.059876780901039664,0.8835227272727273,0.05063534847901425,0.7471590909090909,0.05236811705814401,0.7727272727272727,0.059876780901039664,0.8835227272727273,0.05872160184828648,0.8664772727272727,0.058529072006160955,0.8636363636363636,0.022525991528686947,0.33238636363636365,0.05063534847901425,0.7471590909090909,0.04562957258375048,0.6732954545454546,0.05467847516365037,0.8068181818181818,0.0215633423180593,0.3181818181818182,0.058529072006160955,0.8636363636363636,0.059876780901039664,0.8835227272727273,0.04890257989988448,0.7215909090909091
36,0.036690378135529764,0.5568181818181818,0.04605016847622613,0.6988636363636364,0.05709472107824785,0.8664772727272727,0.05690752527143392,0.8636363636363636,0.02489704230625234,0.3778409090909091,0.04473979782852864,0.6789772727272727,0.04361662298764508,0.6619318181818182,0.04567577686259828,0.6931818181818182,0.037813552976413325,0.5738636363636364,0.04960688880569075,0.7528409090909091,0.042493448146761516,0.6448863636363636,0.04567577686259828,0.6931818181818182,0.026020217147135906,0.39488636363636365,0.04492699363534257,0.6818181818181818,0.05185323848745788,0.7869318181818182,0.05166604268064395,0.7840909090909091,0.02489704230625234,0.3778409090909091,0.03987270685136653,0.6051136363636364,0.040434294271808315,0.6136363636363636,0.04361662298764508,0.6619318181818182,0.035754399101460124,0.5426136363636364,0.04810932235117933,0.7301136363636364,0.041744664919505806,0.6335227272727273,0.04193186072631973,0.6363636363636364,0.03481842006739049,0.5284090909090909,0.04286783976038937,0.6505681818181818,0.04661175589666791,0.7073863636363636,0.04661175589666791,0.7073863636363636,0.026956196181205542,0.4090909090909091,0.04810932235117933,0.7301136363636364,0.04979408461250468,0.7556818181818182,0.0451141894421565,0.6846590909090909,0.04960688880569075,0.7528409090909091,0.042306252339947586,0.6420454545454546,0.04567577686259828,0.6931818181818182,0.041744664919505806,0.6335227272727273,0.02620741295394983,0.3977272727272727,0.04118307749906402,0.625,0.04698614751029577,0.7130681818181818,0.04698614751029577,0.7130681818181818,0.016098839385997755,0.24431818181818182,0.040247098464994385,0.6107954545454546,0.040059902658180456,0.6079545454545454,0.04193186072631973,0.6363636363636364,0.04754773493073755,0.7215909090909091,0.042306252339947586,0.6420454545454546,0.04979408461250468,0.7556818181818182,0.04792212654436541,0.7272727272727273,0.036690378135529764,0.5568181818181818,0.04530138524897042,0.6875,0.05821789591913141,0.8835227272727273,0.058779483339573196,0.8920454545454546,0.02845376263571696,0.4318181818181818,0.053725196555597154,0.8153409090909091,0.04380381879445901,0.6647727272727273,0.040995881692250095,0.6221590909090909,0.03912392362411082,0.59375,0.04810932235117933,0.7301136363636364,0.04268064395357544,0.6477272727272727,0.055597154623736426,0.84375,0.022463496817671284,0.3409090909090909,0.04567577686259828,0.6931818181818182,0.056533133657806066,0.8579545454545454,0.055597154623736426,0.84375,0.022463496817671284,0.3409090909090909,0.04848371396480719,0.7357954545454546,0.036503182328715834,0.5539772727272727,0.041557469112691876,0.6306818181818182,0.037439161362785474,0.5681818181818182,0.04661175589666791,0.7073863636363636,0.04436540621490079,0.6732954545454546,0.051478846873830024,0.78125,0.0512916510670161,0.7784090909090909,0.05859228753275927,0.8892045454545454,0.05765630849868963,0.875,0.057469112691875705,0.8721590909090909,0.02152751778360165,0.32670454545454547,0.04867090977162111,0.7386363636363636,0.04698614751029577,0.7130681818181818,0.053912392362411084,0.8181818181818182,0.02134032197678772,0.32386363636363635,0.05765630849868963,0.875,0.05859228753275927,0.8892045454545454,0.04979408461250468,0.7556818181818182,0.05166604268064395,0.7840909090909091,0.05840509172594534,0.8863636363636364,0.05765630849868963,0.875,0.057469112691875705,0.8721590909090909,0.02227630101085736,0.3380681818181818,0.04960688880569075,0.7528409090909091,0.04492699363534257,0.6818181818181818,0.053725196555597154,0.8153409090909091,0.021153126169973793,0.3210227272727273,0.05765630849868963,0.875,0.05840509172594534,0.8863636363636364,0.04867090977162111,0.7386363636363636
37,0.03588342440801457,0.5596590909090909,0.04499089253187614,0.7017045454545454,0.055919854280510016,0.8721590909090909,0.055919854280510016,0.8721590909090909,0.025318761384335156,0.39488636363636365,0.04353369763205829,0.6789772727272727,0.043351548269581056,0.6761363636363636,0.04499089253187614,0.7017045454545454,0.036794171220400726,0.5738636363636364,0.04899817850637523,0.7642045454545454,0.04189435336976321,0.6534090909090909,0.04517304189435337,0.7045454545454546,0.02604735883424408,0.40625,0.044444444444444446,0.6931818181818182,0.05136612021857923,0.8011363636363636,0.05136612021857923,0.8011363636363636,0.025136612021857924,0.39204545454545453,0.039162112932604735,0.6107954545454546,0.04007285974499089,0.625,0.04262295081967213,0.6647727272727273,0.03551912568306011,0.5539772727272727,0.04681238615664845,0.7301136363636364,0.04116575591985428,0.6420454545454546,0.04080145719489982,0.6363636363636364,0.034972677595628415,0.5454545454545454,0.0424408014571949,0.6619318181818182,0.04553734061930783,0.7102272727272727,0.04590163934426229,0.7159090909090909,0.026775956284153007,0.41761363636363635,0.04735883424408015,0.7386363636363636,0.04918032786885246,0.7670454545454546,0.04408014571948998,0.6875,0.04899817850637523,0.7642045454545454,0.04189435336976321,0.6534090909090909,0.04480874316939891,0.6988636363636364,0.04171220400728597,0.6505681818181818,0.02604735883424408,0.40625,0.040255009107468126,0.6278409090909091,0.04608378870673953,0.71875,0.04608378870673953,0.71875,0.01639344262295082,0.2556818181818182,0.03989071038251366,0.6221590909090909,0.03970856102003643,0.6193181818181818,0.04171220400728597,0.6505681818181818,0.04644808743169399,0.7244318181818182,0.041530054644808745,0.6477272727272727,0.04918032786885246,0.7670454545454546,0.04681238615664845,0.7301136363636364,0.036247723132969034,0.5653409090909091,0.0453551912568306,0.7073863636363636,0.05683060109289618,0.8863636363636364,0.05737704918032787,0.8948863636363636,0.02841530054644809,0.4431818181818182,0.052823315118397086,0.8238636363636364,0.04298724954462659,0.6704545454545454,0.040437158469945354,0.6306818181818182,0.03879781420765027,0.6051136363636364,0.04790528233151184,0.7471590909090909,0.04189435336976321,0.6534090909090909,0.05446265938069217,0.8494318181818182,0.02313296903460838,0.36079545454545453,0.04517304189435337,0.7045454545454546,0.055373406193078324,0.8636363636363636,0.05500910746812386,0.8579545454545454,0.022768670309653915,0.35511363636363635,0.04735883424408015,0.7386363636363636,0.0366120218579235,0.5710227272727273,0.04116575591985428,0.6420454545454546,0.036794171220400726,0.5738636363636364,0.04626593806921676,0.7215909090909091,0.04389799635701275,0.6846590909090909,0.05045537340619308,0.7869318181818182,0.05063752276867031,0.7897727272727273,0.057194899817850635,0.8920454545454546,0.05737704918032787,0.8948863636363636,0.057194899817850635,0.8920454545454546,0.021311475409836064,0.33238636363636365,0.04790528233151184,0.7471590909090909,0.04590163934426229,0.7159090909090909,0.053005464480874315,0.8267045454545454,0.021675774134790528,0.3380681818181818,0.05628415300546448,0.8778409090909091,0.057194899817850635,0.8920454545454546,0.049908925318761385,0.7784090909090909,0.05045537340619308,0.7869318181818182,0.05701275045537341,0.8892045454545454,0.05737704918032787,0.8948863636363636,0.057194899817850635,0.8920454545454546,0.022586520947176687,0.3522727272727273,0.04918032786885246,0.7670454545454546,0.044626593806921674,0.6960227272727273,0.05264116575591985,0.8210227272727273,0.021311475409836064,0.33238636363636365,0.05628415300546448,0.8778409090909091,0.05701275045537341,0.8892045454545454,0.04772313296903461,0.7443181818181818
38,0.03546728143287817,0.5681818181818182,0.044688774605426494,0.7159090909090909,0.05479694981379677,0.8778409090909091,0.05479694981379677,0.8778409090909091,0.025536442631672283,0.4090909090909091,0.042738074126618196,0.6846590909090909,0.042738074126618196,0.6846590909090909,0.04433410179109771,0.7102272727272727,0.03670863628302891,0.5880681818181818,0.048412839155878705,0.7755681818181818,0.04131938286930307,0.6619318181818182,0.04433410179109771,0.7102272727272727,0.026068451853165454,0.41761363636363635,0.04327008334811137,0.6931818181818182,0.05000886682035822,0.8011363636363636,0.05125022167050895,0.8210227272727273,0.02535910622450789,0.40625,0.038482000354672814,0.6164772727272727,0.03972335520482355,0.6363636363636364,0.04202872849796063,0.6732954545454546,0.03528994502571378,0.5653409090909091,0.046816811491399185,0.75,0.040610037240645505,0.6505681818181818,0.03972335520482355,0.6363636363636364,0.034403262989891825,0.5511363636363636,0.04167405568363185,0.6676136363636364,0.045752793048412836,0.7329545454545454,0.045220783826919665,0.7244318181818182,0.026777797481823018,0.4289772727272727,0.04663947508423479,0.7471590909090909,0.049299521191700654,0.7897727272727273,0.04291541053378259,0.6875,0.04823550274871431,0.7727272727272727,0.04131938286930307,0.6619318181818182,0.04415676538393332,0.7073863636363636,0.04291541053378259,0.6875,0.026423124667494236,0.42329545454545453,0.03972335520482355,0.6363636363636364,0.04504344741975527,0.7215909090909091,0.04504344741975527,0.7215909090909091,0.01631494945912396,0.26136363636363635,0.03919134598333038,0.6278409090909091,0.039546018797659156,0.6335227272727273,0.04167405568363185,0.6676136363636364,0.04610746586274162,0.7386363636363636,0.04167405568363185,0.6676136363636364,0.04859017556304309,0.7784090909090909,0.04610746586274162,0.7386363636363636,0.03582195424720695,0.5738636363636364,0.0445114381982621,0.7130681818181818,0.05568363184961873,0.8920454545454546,0.05586096825678312,0.8948863636363636,0.027841815924809363,0.4460227272727273,0.05160489448483774,0.8267045454545454,0.04185139209079624,0.6704545454545454,0.03990069161198794,0.6392045454545454,0.038127327540344036,0.6107954545454546,0.04663947508423479,0.7471590909090909,0.04149671927646746,0.6647727272727273,0.05337825855648164,0.8551136363636364,0.023408405745699593,0.375,0.04415676538393332,0.7073863636363636,0.05497428622096116,0.8806818181818182,0.05408760418513921,0.8664772727272727,0.022344387302713247,0.35795454545454547,0.04663947508423479,0.7471590909090909,0.03706330909735769,0.59375,0.04043270083348111,0.6477272727272727,0.036531299875864516,0.5852272727272727,0.046284802269906014,0.7414772727272727,0.04397942897676893,0.7045454545454546,0.04965419400602944,0.7954545454545454,0.04947685759886505,0.7926136363636364,0.0562156410711119,0.9005681818181818,0.056038304663947505,0.8977272727272727,0.056038304663947505,0.8977272727272727,0.021635041674055683,0.3465909090909091,0.047348820712892356,0.7585227272727273,0.04557545664124845,0.7301136363636364,0.05213690370633091,0.8352272727272727,0.021635041674055683,0.3465909090909091,0.05497428622096116,0.8806818181818182,0.056038304663947505,0.8977272727272727,0.04876751197020748,0.78125,0.04947685759886505,0.7926136363636364,0.0562156410711119,0.9005681818181818,0.056038304663947505,0.8977272727272727,0.056038304663947505,0.8977272727272727,0.022344387302713247,0.35795454545454547,0.04859017556304309,0.7784090909090909,0.044688774605426494,0.7159090909090909,0.05178223089200213,0.8295454545454546,0.021635041674055683,0.3465909090909091,0.055151622628125556,0.8835227272727273,0.05586096825678312,0.8948863636363636,0.04663947508423479,0.7471590909090909
39,0.03490582339726974,0.5738636363636364,0.04354587869362364,0.7159090909090909,0.05391394504924832,0.8863636363636364,0.05374114394332124,0.8835227272727273,0.026092966994988767,0.4289772727272727,0.042163469846207016,0.6931818181818182,0.04250907205806117,0.6988636363636364,0.04406428201140487,0.7244318181818182,0.036115431138759285,0.59375,0.04769310523587351,0.7840909090909091,0.041472265422498704,0.6818181818181818,0.043891480905477794,0.7215909090909091,0.026438569206842923,0.4346590909090909,0.04268187316398825,0.7017045454545454,0.049766718506998445,0.8181818181818182,0.05045792293070676,0.8295454545454546,0.024883359253499222,0.4090909090909091,0.03801624330395714,0.625,0.03957145325730085,0.6505681818181818,0.041472265422498704,0.6818181818181818,0.03456022118541559,0.5681818181818182,0.04579229307067565,0.7528409090909091,0.04026265768100916,0.6619318181818182,0.038880248833592534,0.6392045454545454,0.03438742007948851,0.5653409090909091,0.041299464316571624,0.6789772727272727,0.044582685329186106,0.7329545454545454,0.04406428201140487,0.7244318181818182,0.026611370312770003,0.4375,0.04665629860031104,0.7670454545454546,0.04838430965958182,0.7954545454545454,0.04250907205806117,0.6988636363636364,0.04769310523587351,0.7840909090909091,0.04112666321064455,0.6761363636363636,0.04354587869362364,0.7159090909090909,0.04320027648176948,0.7102272727272727,0.026611370312770003,0.4375,0.03939865215137377,0.6477272727272727,0.04406428201140487,0.7244318181818182,0.04406428201140487,0.7244318181818182,0.016761707274926558,0.2755681818181818,0.038880248833592534,0.6392045454545454,0.039053049939519614,0.6420454545454546,0.04060825989286331,0.6676136363636364,0.0454466908588215,0.7471590909090909,0.041299464316571624,0.6789772727272727,0.047520304129946435,0.78125,0.04510108864696734,0.7414772727272727,0.0352514256091239,0.5795454545454546,0.043891480905477794,0.7215909090909091,0.054777950578883704,0.9005681818181818,0.054950751684810784,0.9034090909090909,0.027993779160186624,0.4602272727272727,0.05063072403663384,0.8323863636363636,0.041299464316571624,0.6789772727272727,0.039053049939519614,0.6420454545454546,0.03749783998617591,0.6164772727272727,0.04665629860031104,0.7670454545454546,0.04095386210471747,0.6732954545454546,0.05270433730775877,0.8664772727272727,0.02332814930015552,0.3835227272727273,0.04337307758769656,0.7130681818181818,0.05374114394332124,0.8835227272727273,0.05339554173146708,0.8778409090909091,0.022118541558665977,0.36363636363636365,0.04561949196474858,0.75,0.036461033350613445,0.5994318181818182,0.03974425436322793,0.6534090909090909,0.036115431138759285,0.59375,0.0454466908588215,0.7471590909090909,0.04302747537584241,0.7073863636363636,0.04890271297736305,0.8039772727272727,0.04890271297736305,0.8039772727272727,0.054950751684810784,0.9034090909090909,0.054777950578883704,0.9005681818181818,0.054950751684810784,0.9034090909090909,0.02160013824088474,0.35511363636363635,0.04665629860031104,0.7670454545454546,0.04596509417660273,0.7556818181818182,0.05114912735441507,0.8409090909090909,0.022118541558665977,0.36363636363636365,0.05408674615517539,0.8892045454545454,0.05512355279073786,0.90625,0.04821150855365474,0.7926136363636364,0.04838430965958182,0.7954545454545454,0.054950751684810784,0.9034090909090909,0.054777950578883704,0.9005681818181818,0.054950751684810784,0.9034090909090909,0.022464143770520133,0.3693181818181818,0.047520304129946435,0.78125,0.044582685329186106,0.7329545454545454,0.05063072403663384,0.8323863636363636,0.022118541558665977,0.36363636363636365,0.05408674615517539,0.8892045454545454,0.05512355279073786,0.90625,0.04596509417660273,0.7556818181818182
40,0.03554582210242588,0.5994318181818182,0.0431266846361186,0.7272727272727273,0.05306603773584906,0.8948863636363636,0.05306603773584906,0.8948863636363636,0.026617250673854446,0.44886363636363635,0.04110512129380054,0.6931818181818182,0.041442048517520216,0.6988636363636364,0.043463611859838276,0.7329545454545454,0.03571428571428571,0.6022727272727273,0.04649595687331536,0.7840909090909091,0.040768194070080865,0.6875,0.04380053908355795,0.7386363636363636,0.026954177897574125,0.45454545454545453,0.04194743935309973,0.7073863636363636,0.04919137466307277,0.8295454545454546,0.04969676549865229,0.8380681818181818,0.024764150943396228,0.41761363636363635,0.03756738544474394,0.6335227272727273,0.039420485175202157,0.6647727272727273,0.041273584905660375,0.6960227272727273,0.03436657681940701,0.5795454545454546,0.04497978436657682,0.7585227272727273,0.03975741239892183,0.6704545454545454,0.03840970350404313,0.6477272727272727,0.034029649595687335,0.5738636363636364,0.040599730458221024,0.6846590909090909,0.043463611859838276,0.7329545454545454,0.04295822102425876,0.7244318181818182,0.02644878706199461,0.4460227272727273,0.04582210242587601,0.7727272727272727,0.047338274932614555,0.7982954545454546,0.04194743935309973,0.7073863636363636,0.04683288409703504,0.7897727272727273,0.040768194070080865,0.6875,0.04245283018867924,0.7159090909090909,0.0431266846361186,0.7272727272727273,0.026111859838274933,0.4403409090909091,0.03891509433962264,0.65625,0.04380053908355795,0.7386363636363636,0.04380053908355795,0.7386363636363636,0.01667789757412399,0.28125,0.03891509433962264,0.65625,0.038578167115902964,0.6505681818181818,0.04009433962264151,0.6761363636363636,0.045316711590296495,0.7642045454545454,0.04043126684636118,0.6818181818181818,0.04649595687331536,0.7840909090909091,0.04430592991913747,0.7471590909090909,0.0352088948787062,0.59375,0.04363207547169811,0.7357954545454546,0.05357142857142857,0.9034090909090909,0.05390835579514825,0.9090909090909091,0.027796495956873314,0.46875,0.049528301886792456,0.8352272727272727,0.04043126684636118,0.6818181818181818,0.03891509433962264,0.65625,0.037230458221024255,0.6278409090909091,0.04615902964959569,0.7784090909090909,0.04026280323450135,0.6789772727272727,0.05256064690026954,0.8863636363636364,0.02324797843665768,0.39204545454545453,0.04228436657681941,0.7130681818181818,0.05256064690026954,0.8863636363636364,0.052055256064690025,0.8778409090909091,0.021900269541778976,0.3693181818181818,0.04497978436657682,0.7585227272727273,0.03554582210242588,0.5994318181818182,0.03891509433962264,0.65625,0.03537735849056604,0.5965909090909091,0.0444743935309973,0.75,0.04228436657681941,0.7130681818181818,0.04767520215633423,0.8039772727272727,0.04784366576819407,0.8068181818181818,0.05390835579514825,0.9090909090909091,0.054076819407008085,0.9119318181818182,0.054076819407008085,0.9119318181818182,0.021731805929919138,0.3664772727272727,0.04565363881401617,0.7698863636363636,0.04582210242587601,0.7727272727272727,0.05020215633423181,0.8465909090909091,0.02240566037735849,0.3778409090909091,0.053402964959568734,0.9005681818181818,0.054076819407008085,0.9119318181818182,0.04767520215633423,0.8039772727272727,0.04767520215633423,0.8039772727272727,0.05357142857142857,0.9034090909090909,0.054076819407008085,0.9119318181818182,0.054076819407008085,0.9119318181818182,0.02223719676549865,0.375,0.046664420485175204,0.7869318181818182,0.0444743935309973,0.75,0.04969676549865229,0.8380681818181818,0.021731805929919138,0.3664772727272727,0.053402964959568734,0.9005681818181818,0.05390835579514825,0.9090909090909091,0.045485175202156336,0.7670454545454546
41,0.03566732412886259,0.6164772727272727,0.04240631163708087,0.7329545454545454,0.05243261012491782,0.90625,0.05243261012491782,0.90625,0.027120315581854043,0.46875,0.040105193951347796,0.6931818181818182,0.040927021696252466,0.7073863636363636,0.04339250493096647,0.75,0.03533859303090072,0.6107954545454546,0.04602235371466141,0.7954545454545454,0.04043392504930966,0.6988636363636364,0.0430637738330046,0.7443181818181818,0.02646285338593031,0.45738636363636365,0.041091387245233396,0.7102272727272727,0.04881656804733728,0.84375,0.049145299145299144,0.8494318181818182,0.024983563445101907,0.4318181818181818,0.036817882971729124,0.6363636363636364,0.03895463510848126,0.6732954545454546,0.04125575279421433,0.7130681818181818,0.034023668639053255,0.5880681818181818,0.044543063773833005,0.7698863636363636,0.03977646285338593,0.6875,0.0381328073635766,0.6590909090909091,0.03353057199211045,0.5795454545454546,0.04026955950032873,0.6960227272727273,0.04240631163708087,0.7329545454545454,0.041913214990138066,0.7244318181818182,0.026627218934911243,0.4602272727272727,0.044707429322813935,0.7727272727272727,0.046515450361604205,0.8039772727272727,0.0415844838921762,0.71875,0.04618671926364234,0.7982954545454546,0.040105193951347796,0.6931818181818182,0.0415844838921762,0.71875,0.043556870479947406,0.7528409090909091,0.026298487836949377,0.45454545454545453,0.03829717291255753,0.6619318181818182,0.042899408284023666,0.7414772727272727,0.042899408284023666,0.7414772727272727,0.017587113740959896,0.3039772727272727,0.038461538461538464,0.6647727272727273,0.03796844181459566,0.65625,0.03977646285338593,0.6875,0.04421433267587114,0.7642045454545454,0.03994082840236687,0.6903409090909091,0.04618671926364234,0.7982954545454546,0.04339250493096647,0.75,0.03533859303090072,0.6107954545454546,0.04322813938198554,0.7471590909090909,0.05259697567389875,0.9090909090909091,0.05276134122287968,0.9119318181818182,0.02827087442472058,0.48863636363636365,0.048323471400394474,0.8352272727272727,0.040105193951347796,0.6931818181818182,0.03879026955950033,0.6704545454545454,0.03648915187376726,0.6306818181818182,0.045364891518737675,0.7840909090909091,0.03977646285338593,0.6875,0.05128205128205128,0.8863636363636364,0.02333990795529257,0.4034090909090909,0.0415844838921762,0.71875,0.05144641683103222,0.8892045454545454,0.05128205128205128,0.8863636363636364,0.0220249835634451,0.3806818181818182,0.04437869822485207,0.7670454545454546,0.03468113083497699,0.5994318181818182,0.03796844181459566,0.65625,0.03468113083497699,0.5994318181818182,0.04388560157790927,0.7585227272727273,0.0415844838921762,0.71875,0.04700854700854701,0.8125,0.04667981591058514,0.8068181818181818,0.05259697567389875,0.9090909090909091,0.05276134122287968,0.9119318181818182,0.05292570677186062,0.9147727272727273,0.021860618014464168,0.3778409090909091,0.04487179487179487,0.7755681818181818,0.045529257067718605,0.7869318181818182,0.049145299145299144,0.8494318181818182,0.022682445759368838,0.39204545454545453,0.05210387902695595,0.9005681818181818,0.05292570677186062,0.9147727272727273,0.04700854700854701,0.8125,0.04667981591058514,0.8068181818181818,0.05259697567389875,0.9090909090909091,0.05276134122287968,0.9119318181818182,0.05292570677186062,0.9147727272727273,0.0220249835634451,0.3806818181818182,0.045529257067718605,0.7869318181818182,0.04437869822485207,0.7670454545454546,0.04848783694937541,0.8380681818181818,0.021860618014464168,0.3778409090909091,0.05210387902695595,0.9005681818181818,0.05276134122287968,0.9119318181818182,0.04503616042077581,0.7784090909090909
42,0.03530166880616174,0.625,0.0417201540436457,0.7386363636363636,0.051829268292682924,0.9176136363636364,0.051829268292682924,0.9176136363636364,0.027118100128369706,0.48011363636363635,0.039473684210526314,0.6988636363636364,0.04011553273427471,0.7102272727272727,0.042522464698331194,0.7528409090909091,0.03465982028241335,0.6136363636363636,0.04589216944801027,0.8125,0.04027599486521181,0.7130681818181818,0.042682926829268296,0.7556818181818182,0.02647625160462131,0.46875,0.04091784338896021,0.7244318181818182,0.04813863928112965,0.8522727272727273,0.04862002567394095,0.8607954545454546,0.02503209242618742,0.4431818181818182,0.03610397946084724,0.6392045454545454,0.038350449293966624,0.6789772727272727,0.04091784338896021,0.7244318181818182,0.033697047496790755,0.5965909090909091,0.04396662387676508,0.7784090909090909,0.038992297817715016,0.6903409090909091,0.03754813863928113,0.6647727272727273,0.03353658536585366,0.59375,0.03995507060333761,0.7073863636363636,0.041399229781771504,0.7329545454545454,0.04091784338896021,0.7244318181818182,0.027599486521181,0.48863636363636365,0.043645699614890884,0.7727272727272727,0.04573170731707317,0.8096590909090909,0.04091784338896021,0.7244318181818182,0.045410783055198974,0.8039772727272727,0.03995507060333761,0.7073863636363636,0.04059691912708601,0.71875,0.042682926829268296,0.7556818181818182,0.02615532734274711,0.4630681818181818,0.03818998716302952,0.6761363636363636,0.04236200256739409,0.75,0.04236200256739409,0.75,0.01797175866495507,0.3181818181818182,0.03770860077021823,0.6676136363636364,0.03802952503209243,0.6732954545454546,0.03915275994865212,0.6931818181818182,0.043806161745827986,0.7755681818181818,0.039473684210526314,0.6988636363636364,0.045410783055198974,0.8039772727272727,0.042682926829268296,0.7556818181818182,0.035462130937098844,0.6278409090909091,0.04236200256739409,0.75,0.05166880616174583,0.9147727272727273,0.05215019255455713,0.9232954545454546,0.028883183568677792,0.5113636363636364,0.04733632862644416,0.8380681818181818,0.039473684210526314,0.6988636363636364,0.038510911424903725,0.6818181818181818,0.035622593068035946,0.6306818181818182,0.044768934531450574,0.7926136363636364,0.03883183568677792,0.6875,0.05038510911424904,0.8920454545454546,0.02358793324775353,0.41761363636363635,0.0410783055198973,0.7272727272727273,0.051347881899871634,0.9090909090909091,0.050866495507060336,0.9005681818181818,0.021662387676508344,0.3835227272727273,0.04348523748395379,0.7698863636363636,0.03401797175866496,0.6022727272727273,0.03754813863928113,0.6647727272727273,0.034338896020539154,0.6079545454545454,0.043806161745827986,0.7755681818181818,0.04059691912708601,0.71875,0.046052631578947366,0.8153409090909091,0.04573170731707317,0.8096590909090909,0.05166880616174583,0.9147727272727273,0.051829268292682924,0.9176136363636364,0.051989730423620026,0.9204545454545454,0.02198331193838254,0.38920454545454547,0.044287548138639284,0.7840909090909091,0.044929396662387676,0.7954545454545454,0.04813863928112965,0.8522727272727273,0.022464698331193838,0.3977272727272727,0.050866495507060336,0.9005681818181818,0.05166880616174583,0.9147727272727273,0.04621309370988447,0.8181818181818182,0.04573170731707317,0.8096590909090909,0.05166880616174583,0.9147727272727273,0.051829268292682924,0.9176136363636364,0.051989730423620026,0.9204545454545454,0.02198331193838254,0.38920454545454547,0.04460847240051348,0.7897727272727273,0.044768934531450574,0.7926136363636364,0.047817715019255455,0.8465909090909091,0.02230423620025674,0.39488636363636365,0.050866495507060336,0.9005681818181818,0.051829268292682924,0.9176136363636364,0.04508985879332478,0.7982954545454546
43,0.03494750039178812,0.6335227272727273,0.04168625607271587,0.7556818181818182,0.05077574047954866,0.9204545454545454,0.05077574047954866,0.9204545454545454,0.02679830747531735,0.48579545454545453,0.038551951104842504,0.6988636363636364,0.039335527346810846,0.7130681818181818,0.04231311706629055,0.7670454545454546,0.03385049365303244,0.6136363636363636,0.04482056104058925,0.8125,0.03964895784359818,0.71875,0.04246983231468422,0.7698863636363636,0.02648487697853001,0.48011363636363635,0.03996238834038552,0.7244318181818182,0.04779815076006896,0.8664772727272727,0.047954866008462625,0.8693181818181818,0.024761009246199655,0.44886363636363635,0.03651465287572481,0.6619318181818182,0.037768374862874154,0.6846590909090909,0.040432534085566525,0.7329545454545454,0.032910202162670425,0.5965909090909091,0.0435668390534399,0.7897727272727273,0.03823852060805517,0.6931818181818182,0.037768374862874154,0.6846590909090909,0.033693778404638774,0.6107954545454546,0.039335527346810846,0.7130681818181818,0.040432534085566525,0.7329545454545454,0.03996238834038552,0.7244318181818182,0.02773859896567936,0.5028409090909091,0.043096693308258896,0.78125,0.04466384579219558,0.8096590909090909,0.04011910358877919,0.7272727272727273,0.04450713054380191,0.8068181818181818,0.04027581883717286,0.7301136363636364,0.04027581883717286,0.7301136363636364,0.04215640181789688,0.7642045454545454,0.026171446481742675,0.4744318181818182,0.037768374862874154,0.6846590909090909,0.04199968656950321,0.7613636363636364,0.04184297132110954,0.7585227272727273,0.0180222535652719,0.32670454545454547,0.03714151386929948,0.6732954545454546,0.03745494436608682,0.6789772727272727,0.03886538160162984,0.7045454545454546,0.043253408556652564,0.7840909090909091,0.03902209685002351,0.7073863636363636,0.04450713054380191,0.8068181818181818,0.04184297132110954,0.7585227272727273,0.03494750039178812,0.6335227272727273,0.04168625607271587,0.7556818181818182,0.05061902523115499,0.9176136363636364,0.05124588622472966,0.9289772727272727,0.029305751449616047,0.53125,0.046230998276132265,0.8380681818181818,0.03886538160162984,0.7045454545454546,0.03792509011126782,0.6875,0.03494750039178812,0.6335227272727273,0.044193700047014575,0.8011363636363636,0.038551951104842504,0.6988636363636364,0.04967873374079298,0.9005681818181818,0.023507287259050307,0.42613636363636365,0.040589249333960194,0.7357954545454546,0.05030559473436765,0.9119318181818182,0.04983544898918665,0.9034090909090909,0.021626704278326282,0.39204545454545453,0.04278326281147156,0.7755681818181818,0.033693778404638774,0.6107954545454546,0.03714151386929948,0.6732954545454546,0.03416392414981978,0.6193181818181818,0.043253408556652564,0.7840909090909091,0.03996238834038552,0.7244318181818182,0.045290706785770254,0.8210227272727273,0.04482056104058925,0.8125,0.05077574047954866,0.9204545454545454,0.05077574047954866,0.9204545454545454,0.05077574047954866,0.9204545454545454,0.022410280520294625,0.40625,0.04388026955022724,0.7954545454545454,0.04450713054380191,0.8068181818181818,0.04717128976649428,0.8551136363636364,0.022566995768688293,0.4090909090909091,0.050148879485973984,0.9090909090909091,0.050932455727942326,0.9232954545454546,0.045290706785770254,0.8210227272727273,0.04482056104058925,0.8125,0.05046230998276132,0.9147727272727273,0.05077574047954866,0.9204545454545454,0.05077574047954866,0.9204545454545454,0.02194013477511362,0.3977272727272727,0.04403698479862091,0.7982954545454546,0.04450713054380191,0.8068181818181818,0.04670114402131327,0.8465909090909091,0.022253565271900956,0.4034090909090909,0.050148879485973984,0.9090909090909091,0.051089170976335994,0.9261363636363636,0.04450713054380191,0.8068181818181818
44,0.03446163271557666,0.6392045454545454,0.041813447694899676,0.7755681818181818,0.04993107673456885,0.9261363636363636,0.04993107673456885,0.9261363636363636,0.02649716648797672,0.4914772727272727,0.03767805176903048,0.6988636363636364,0.03859702864144586,0.7159090909090909,0.042272936131107365,0.7840909090909091,0.03369581865523051,0.625,0.04380456425179966,0.8125,0.03905651707765355,0.7244318181818182,0.042119773319038135,0.78125,0.02634400367590749,0.48863636363636365,0.039362842701792,0.7301136363636364,0.046867820493184255,0.8693181818181818,0.047174146117322714,0.875,0.024812375555215194,0.4602272727272727,0.035840098024199726,0.6647727272727273,0.03721856333282279,0.6903409090909091,0.04028181957420738,0.7471590909090909,0.03308316740695359,0.6136363636363636,0.04319191300352274,0.8011363636363636,0.03798437739316894,0.7045454545454546,0.03752488895696125,0.6960227272727273,0.03354265584316128,0.6221590909090909,0.03905651707765355,0.7244318181818182,0.03951600551386123,0.7329545454545454,0.03905651707765355,0.7244318181818182,0.027569306172461325,0.5113636363636364,0.04303875019145351,0.7982954545454546,0.04365140143973043,0.8096590909090909,0.03997549395006892,0.7414772727272727,0.04380456425179966,0.8125,0.03966916832593046,0.7357954545454546,0.03982233113799969,0.7386363636363636,0.042732424567315054,0.7926136363636364,0.025731352427630572,0.4772727272727273,0.03737172614489202,0.6931818181818182,0.04104763363455353,0.7613636363636364,0.04104763363455353,0.7613636363636364,0.018226374636238322,0.3380681818181818,0.036605912084545875,0.6789772727272727,0.03721856333282279,0.6903409090909091,0.03890335426558432,0.7215909090909091,0.042885587379384284,0.7954545454545454,0.03844386582937663,0.7130681818181818,0.04380456425179966,0.8125,0.0408944708224843,0.7585227272727273,0.03492112115178435,0.6477272727272727,0.04135395925869199,0.7670454545454546,0.04947158829836116,0.9176136363636364,0.05023740235870731,0.9318181818181818,0.02971358554143054,0.5511363636363636,0.04548935518456119,0.84375,0.0382907030173074,0.7102272727272727,0.03752488895696125,0.6960227272727273,0.03476795833971512,0.6448863636363636,0.0434982386276612,0.8068181818181818,0.03767805176903048,0.6988636363636364,0.04870577423801501,0.9034090909090909,0.023740235870730587,0.4403409090909091,0.04058814519834584,0.7528409090909091,0.04947158829836116,0.9176136363636364,0.04870577423801501,0.9034090909090909,0.0217491193138306,0.4034090909090909,0.042272936131107365,0.7840909090909091,0.03492112115178435,0.6477272727272727,0.03737172614489202,0.6931818181818182,0.03354265584316128,0.6221590909090909,0.04303875019145351,0.7982954545454546,0.03951600551386123,0.7329545454545454,0.04457037831214581,0.8267045454545454,0.04395772706386889,0.8153409090909091,0.04962475111043039,0.9204545454545454,0.04977791392249962,0.9232954545454546,0.04977791392249962,0.9232954545454546,0.02205544493796906,0.4090909090909091,0.04319191300352274,0.8011363636363636,0.04426405268800735,0.8210227272727273,0.04610200643283811,0.8551136363636364,0.02220860775003829,0.4119318181818182,0.04901209986215347,0.9090909090909091,0.05023740235870731,0.9318181818181818,0.04487670393628427,0.8323863636363636,0.04380456425179966,0.8125,0.04947158829836116,0.9176136363636364,0.04977791392249962,0.9232954545454546,0.04977791392249962,0.9232954545454546,0.0217491193138306,0.4034090909090909,0.0434982386276612,0.8068181818181818,0.04380456425179966,0.8125,0.04610200643283811,0.8551136363636364,0.02205544493796906,0.4090909090909091,0.04901209986215347,0.9090909090909091,0.05008423954663808,0.9289772727272727,0.04426405268800735,0.8210227272727273
45,0.03459119496855346,0.65625,0.04162923030847559,0.7897727272727273,0.049266247379454925,0.9346590909090909,0.049266247379454925,0.9346590909090909,0.02620545073375262,0.4971590909090909,0.03698712189278227,0.7017045454545454,0.03773584905660377,0.7159090909090909,0.04162923030847559,0.7897727272727273,0.03324348607367475,0.6306818181818182,0.043575920934411504,0.8267045454545454,0.03863432165318958,0.7329545454545454,0.04147948487571129,0.7869318181818182,0.02590595986822402,0.4914772727272727,0.03938304881701108,0.7471590909090909,0.046271338724168914,0.8778409090909091,0.04672057502246182,0.8863636363636364,0.024707996406109614,0.46875,0.03563941299790356,0.6761363636363636,0.037586103623839476,0.7130681818181818,0.03968253968253968,0.7528409090909091,0.03264450434261755,0.6193181818181818,0.042527702905061394,0.8068181818181818,0.03713686732554657,0.7045454545454546,0.03728661275831087,0.7073863636363636,0.03324348607367475,0.6306818181818182,0.038484576220425275,0.7301136363636364,0.03863432165318958,0.7329545454545454,0.038185085354896675,0.7244318181818182,0.027403414195867025,0.5198863636363636,0.0429769392033543,0.8153409090909091,0.0426774483378257,0.8096590909090909,0.03923330338424678,0.7443181818181818,0.043575920934411504,0.8267045454545454,0.03908355795148248,0.7414772727272727,0.03893381251871818,0.7386363636363636,0.041928721174004195,0.7954545454545454,0.025606469002695417,0.48579545454545453,0.03713686732554657,0.7045454545454546,0.04028152141359689,0.7642045454545454,0.04013177598083258,0.7613636363636364,0.018418688230008983,0.3494318181818182,0.03638814016172507,0.6903409090909091,0.036837376460017966,0.6988636363636364,0.03863432165318958,0.7329545454545454,0.0423779574722971,0.8039772727272727,0.037885594489368075,0.71875,0.0432764300688829,0.8210227272727273,0.03998203054806829,0.7585227272727273,0.03459119496855346,0.65625,0.04073075771188979,0.7727272727272727,0.04881701108116202,0.9261363636363636,0.04911650194669063,0.9318181818181818,0.029499850254567236,0.5596590909090909,0.0444743935309973,0.84375,0.037586103623839476,0.7130681818181818,0.03698712189278227,0.7017045454545454,0.03399221323749626,0.6448863636363636,0.0434261755016472,0.8238636363636364,0.03698712189278227,0.7017045454545454,0.04806828391734052,0.9119318181818182,0.023809523809523808,0.45170454545454547,0.04013177598083258,0.7613636363636364,0.04851752021563342,0.9204545454545454,0.04806828391734052,0.9119318181818182,0.0218628331835879,0.4147727272727273,0.042228212039532795,0.8011363636363636,0.03459119496855346,0.65625,0.03728661275831087,0.7073863636363636,0.03324348607367475,0.6306818181818182,0.04207846660676849,0.7982954545454546,0.03923330338424678,0.7443181818181818,0.044324648098233006,0.8409090909090909,0.0432764300688829,0.8210227272727273,0.04881701108116202,0.9261363636363636,0.048966756513926325,0.9289772727272727,0.04911650194669063,0.9318181818181818,0.0220125786163522,0.41761363636363635,0.0426774483378257,0.8096590909090909,0.0432764300688829,0.8210227272727273,0.045223120694818805,0.8579545454545454,0.022162324049116503,0.42045454545454547,0.04791853848457622,0.9090909090909091,0.04941599281221923,0.9375,0.0440251572327044,0.8352272727272727,0.0434261755016472,0.8238636363636364,0.04851752021563342,0.9204545454545454,0.048966756513926325,0.9289772727272727,0.04911650194669063,0.9318181818181818,0.0215633423180593,0.4090909090909091,0.0431266846361186,0.8181818181818182,0.0431266846361186,0.8181818181818182,0.04537286612758311,0.8607954545454546,0.022162324049116503,0.42045454545454547,0.04806828391734052,0.9119318181818182,0.04941599281221923,0.9375,0.043575920934411504,0.8267045454545454
46,0.034280691473776735,0.6647727272727273,0.041166129504834455,0.7982954545454546,0.048491063580427776,0.9403409090909091,0.048491063580427776,0.9403409090909091,0.026076765309112217,0.5056818181818182,0.03677116905947846,0.7130681818181818,0.037064166422502196,0.71875,0.04087313214181072,0.7926136363636364,0.03252270729563434,0.6306818181818182,0.042777615001464986,0.8295454545454546,0.038382654556108994,0.7443181818181818,0.041166129504834455,0.7982954545454546,0.02593026662760035,0.5028409090909091,0.03911514796366833,0.7585227272727273,0.04585408731321418,0.8892045454545454,0.04614708467623791,0.8948863636363636,0.024172282449457953,0.46875,0.035599179607383534,0.6903409090909091,0.03765016114854966,0.7301136363636364,0.03911514796366833,0.7585227272727273,0.03237620861412247,0.6278409090909091,0.04189862291239379,0.8125,0.0366246703779666,0.7102272727272727,0.0366246703779666,0.7102272727272727,0.03325520070319367,0.6448863636363636,0.038529153237620864,0.7471590909090909,0.03779665983006153,0.7329545454545454,0.03735716378552593,0.7244318181818182,0.02724875476120715,0.5284090909090909,0.042777615001464986,0.8295454545454546,0.04204512159390565,0.8153409090909091,0.038529153237620864,0.7471590909090909,0.042777615001464986,0.8295454545454546,0.038822150600644596,0.7528409090909091,0.038382654556108994,0.7443181818181818,0.04175212423088192,0.8096590909090909,0.02636976267213595,0.5113636363636364,0.03647817169645473,0.7073863636363636,0.03940814532669206,0.7642045454545454,0.03940814532669206,0.7642045454545454,0.018165836507471434,0.3522727272727273,0.0357456782888954,0.6931818181818182,0.03647817169645473,0.7073863636363636,0.03808965719308526,0.7386363636363636,0.04189862291239379,0.8125,0.03808965719308526,0.7386363636363636,0.042484617638441254,0.8238636363636364,0.03911514796366833,0.7585227272727273,0.034280691473776735,0.6647727272727273,0.04028713741576326,0.78125,0.04834456489891591,0.9375,0.048491063580427776,0.9403409090909091,0.02959273366539701,0.5738636363636364,0.04365660709053618,0.8465909090909091,0.037064166422502196,0.71875,0.0366246703779666,0.7102272727272727,0.03325520070319367,0.6448863636363636,0.04307061236448872,0.8352272727272727,0.0366246703779666,0.7102272727272727,0.04731907412833285,0.9176136363636364,0.024318781130969823,0.4715909090909091,0.03970114268971579,0.7698863636363636,0.04761207149135658,0.9232954545454546,0.04717257544682098,0.9147727272727273,0.021681804863756225,0.42045454545454547,0.04204512159390565,0.8153409090909091,0.034427190155288605,0.6676136363636364,0.037064166422502196,0.71875,0.032962203340169936,0.6392045454545454,0.04189862291239379,0.8125,0.038382654556108994,0.7443181818181818,0.044096103135071785,0.8551136363636364,0.04307061236448872,0.8352272727272727,0.048051567535892174,0.9318181818181818,0.048198066217404044,0.9346590909090909,0.048198066217404044,0.9346590909090909,0.022560796952827426,0.4375,0.04175212423088192,0.8096590909090909,0.04307061236448872,0.8352272727272727,0.04453559917960739,0.8636363636363636,0.021974802226779958,0.42613636363636365,0.04717257544682098,0.9147727272727273,0.048637562261939646,0.9431818181818182,0.04365660709053618,0.8465909090909091,0.042924113682976855,0.8323863636363636,0.04790506885438031,0.9289772727272727,0.048198066217404044,0.9346590909090909,0.048198066217404044,0.9346590909090909,0.02182830354526809,0.42329545454545453,0.042924113682976855,0.8323863636363636,0.04219162027541752,0.8181818181818182,0.04453559917960739,0.8636363636363636,0.021974802226779958,0.42613636363636365,0.04717257544682098,0.9147727272727273,0.04907705830647524,0.9517045454545454,0.04336360972751245,0.8409090909090909
47,0.03412675652423287,0.6761363636363636,0.04072268425580729,0.8068181818181818,0.0476053914539719,0.9431818181818182,0.0476053914539719,0.9431818181818182,0.026096931459707484,0.5170454545454546,0.0364209922569544,0.7215909090909091,0.03627760252365931,0.71875,0.040005735589331806,0.7926136363636364,0.032262689991396615,0.6392045454545454,0.04244336105534844,0.8409090909090909,0.03756811012331517,0.7443181818181818,0.04072268425580729,0.8068181818181818,0.026527100659592774,0.5255681818181818,0.038715227989675936,0.7670454545454546,0.045024376254660166,0.8920454545454546,0.045454545454545456,0.9005681818181818,0.024519644393461427,0.48579545454545453,0.03527387439059363,0.6988636363636364,0.03713794092342988,0.7357954545454546,0.038858617722971035,0.7698863636363636,0.032262689991396615,0.6392045454545454,0.04115285345569257,0.8153409090909091,0.03613421279036421,0.7159090909090909,0.0365643819902495,0.7244318181818182,0.03326641812446229,0.6590909090909091,0.038141669056495554,0.7556818181818182,0.03785488958990536,0.75,0.0365643819902495,0.7244318181818182,0.027530828792658446,0.5454545454545454,0.04229997132205334,0.8380681818181818,0.04129624318898767,0.8181818181818182,0.03785488958990536,0.75,0.04273014052193863,0.8465909090909091,0.038428448523085745,0.7613636363636364,0.038141669056495554,0.7556818181818182,0.04086607398910238,0.8096590909090909,0.02638371092629768,0.5227272727272727,0.03599082305706911,0.7130681818181818,0.038571838256380844,0.7642045454545454,0.038571838256380844,0.7642045454545454,0.0182104961284772,0.36079545454545453,0.03513048465729854,0.6960227272727273,0.0365643819902495,0.7244318181818182,0.03756811012331517,0.7443181818181818,0.04129624318898767,0.8181818181818182,0.037711499856610264,0.7471590909090909,0.04244336105534844,0.8409090909090909,0.03828505878979065,0.7585227272727273,0.033839977057642676,0.6704545454545454,0.04043590478921709,0.8011363636363636,0.0473186119873817,0.9375,0.04789217092056209,0.9488636363636364,0.030111843991970175,0.5965909090909091,0.04301691998852882,0.8522727272727273,0.03670777172354459,0.7272727272727273,0.0364209922569544,0.7215909090909091,0.032979638657872096,0.6534090909090909,0.04273014052193863,0.8465909090909091,0.03627760252365931,0.71875,0.04660166332090622,0.9232954545454546,0.02480642386005162,0.4914772727272727,0.03943217665615142,0.78125,0.04660166332090622,0.9232954545454546,0.04631488385431603,0.9176136363636364,0.02122168052767422,0.42045454545454547,0.04172641238887296,0.8267045454545454,0.03398336679093777,0.6732954545454546,0.03670777172354459,0.7272727272727273,0.032692859191281905,0.6477272727272727,0.04172641238887296,0.8267045454545454,0.03785488958990536,0.75,0.04330369945511901,0.8579545454545454,0.04273014052193863,0.8465909090909091,0.04703183252079151,0.9318181818181818,0.0474620017206768,0.9403409090909091,0.0474620017206768,0.9403409090909091,0.022225408660739892,0.4403409090909091,0.04143963292228276,0.8210227272727273,0.04301691998852882,0.8522727272727273,0.0437338686550043,0.8664772727272727,0.022368798394034987,0.4431818181818182,0.04617149412102094,0.9147727272727273,0.04803556065385718,0.9517045454545454,0.04330369945511901,0.8579545454545454,0.04287353025523372,0.8494318181818182,0.04688844278749642,0.9289772727272727,0.0474620017206768,0.9403409090909091,0.0474620017206768,0.9403409090909091,0.02365930599369085,0.46875,0.04273014052193863,0.8465909090909091,0.04158302265557786,0.8238636363636364,0.044020648121594494,0.8721590909090909,0.021938629194149697,0.4346590909090909,0.04631488385431603,0.9176136363636364,0.04803556065385718,0.9517045454545454,0.04287353025523372,0.8494318181818182
48,0.033974448968131406,0.6875,0.04015162150779166,0.8125,0.04689035518742103,0.9488636363636364,0.04689035518742103,0.9488636363636364,0.02597220272357153,0.5255681818181818,0.035939912958023304,0.7272727272727273,0.03565913238803875,0.7215909090909091,0.03930927979783799,0.7954545454545454,0.03200898497823951,0.6477272727272727,0.041836304927699006,0.8465909090909091,0.037063035237961534,0.75,0.0398708409378071,0.8068181818181818,0.02667415414853292,0.5397727272727273,0.03846693808788432,0.7784090909090909,0.04436333005756002,0.8977272727272727,0.04478450091253685,0.90625,0.024708690158641022,0.5,0.03495718096307736,0.7073863636363636,0.03650147409799242,0.7386363636363636,0.038045767232907486,0.7698863636363636,0.03158781412326267,0.6392045454545454,0.040432402077776215,0.8181818181818182,0.03579952267303103,0.7244318181818182,0.03608030324301558,0.7301136363636364,0.03313210725817774,0.6704545454545454,0.03762459637793065,0.7613636363636364,0.0379053769479152,0.7670454545454546,0.03579952267303103,0.7244318181818182,0.027516495858486593,0.5568181818181818,0.04141513407272217,0.8380681818181818,0.040713182647760776,0.8238636363636364,0.03762459637793065,0.7613636363636364,0.04225747578267584,0.8551136363636364,0.03846693808788432,0.7784090909090909,0.03734381580794609,0.7556818181818182,0.040011231222799384,0.8096590909090909,0.026954934718517478,0.5454545454545454,0.03608030324301558,0.7301136363636364,0.037764986662922925,0.7642045454545454,0.037764986662922925,0.7642045454545454,0.018671907903973044,0.3778409090909091,0.03453601010810052,0.6988636363636364,0.03579952267303103,0.7244318181818182,0.037063035237961534,0.75,0.0405727923627685,0.8210227272727273,0.03720342552295381,0.7528409090909091,0.04169591464270672,0.84375,0.03748420609293837,0.7585227272727273,0.033693668398146845,0.6818181818181818,0.040432402077776215,0.8181818181818182,0.04660957461743647,0.9431818181818182,0.04689035518742103,0.9488636363636364,0.03144742383827039,0.6363636363636364,0.04295942720763723,0.8693181818181818,0.03650147409799242,0.7386363636363636,0.03608030324301558,0.7301136363636364,0.0327109364032009,0.6619318181818182,0.04197669521269128,0.8494318181818182,0.035939912958023304,0.7272727272727273,0.04590762319247508,0.9289772727272727,0.025129861013617857,0.5085227272727273,0.03902849922785343,0.7897727272727273,0.04590762319247508,0.9289772727272727,0.0457672329074828,0.9261363636363636,0.02105854274884178,0.42613636363636365,0.041134353502737614,0.8323863636363636,0.03355327811315457,0.6789772727272727,0.036220693528007865,0.7329545454545454,0.032149375263231784,0.6505681818181818,0.04127474378772989,0.8352272727272727,0.03734381580794609,0.7556818181818182,0.04281903692264495,0.8664772727272727,0.0425382563526604,0.8607954545454546,0.046048013477467356,0.9318181818181818,0.04660957461743647,0.9431818181818182,0.04660957461743647,0.9431818181818182,0.022322055313772286,0.45170454545454547,0.04127474378772989,0.8352272727272727,0.04225747578267584,0.8551136363636364,0.04324020777762179,0.875,0.022322055313772286,0.45170454545454547,0.04548645233749825,0.9204545454545454,0.04759230661238242,0.9630681818181818,0.042678646637652674,0.8636363636363636,0.0425382563526604,0.8607954545454546,0.046048013477467356,0.9318181818181818,0.04660957461743647,0.9431818181818182,0.04660957461743647,0.9431818181818182,0.023304787308718235,0.4715909090909091,0.0425382563526604,0.8607954545454546,0.04085357293275305,0.8267045454545454,0.04324020777762179,0.875,0.02176049417380317,0.4403409090909091,0.04548645233749825,0.9204545454545454,0.04703074547241331,0.9517045454545454,0.04211708549768356,0.8522727272727273
49,0.03383303534589465,0.6988636363636364,0.03974693989822583,0.8210227272727273,0.046210975106587816,0.9545454545454546,0.046210975106587816,0.9545454545454546,0.025718608169440244,0.53125,0.035620959977994776,0.7357954545454546,0.03507082932196397,0.7244318181818182,0.038921743914179616,0.8039772727272727,0.03163251272177142,0.6534090909090909,0.04139733186631825,0.8551136363636364,0.03658368862604869,0.7556818181818182,0.03974693989822583,0.8210227272727273,0.027369000137532663,0.5653409090909091,0.037959015266125704,0.7840909090909091,0.04387291981845688,0.90625,0.04387291981845688,0.90625,0.024755879521386328,0.5113636363636364,0.03507082932196397,0.7244318181818182,0.035758492642002475,0.7386363636363636,0.0376839499381103,0.7784090909090909,0.031494980057763716,0.6505681818181818,0.04084720121028744,0.84375,0.03534589464997937,0.7301136363636364,0.03603355797001788,0.7443181818181818,0.03300783936184844,0.6818181818181818,0.0375464172741026,0.7755681818181818,0.03823408059414111,0.7897727272727273,0.0371338192820795,0.7670454545454546,0.027506532801540366,0.5681818181818182,0.04084720121028744,0.84375,0.04002200522624123,0.8267045454545454,0.03699628661807179,0.7642045454545454,0.04180992985834136,0.8636363636363636,0.0376839499381103,0.7784090909090909,0.03658368862604869,0.7556818181818182,0.03919680924219502,0.8096590909090909,0.026681336817494156,0.5511363636363636,0.035758492642002475,0.7386363636363636,0.037271351946087196,0.7698863636363636,0.0371338192820795,0.7670454545454546,0.018979507633062852,0.39204545454545453,0.03397056800990235,0.7017045454545454,0.035208361985971666,0.7272727272727273,0.036308623298033284,0.75,0.04015953789024893,0.8295454545454546,0.037959015266125704,0.7840909090909091,0.04125979920231055,0.8522727272727273,0.03699628661807179,0.7642045454545454,0.033695502681886945,0.6960227272727273,0.03974693989822583,0.8210227272727273,0.04607344244258011,0.9517045454545454,0.046210975106587816,0.9545454545454546,0.03135744739375602,0.6477272727272727,0.04236006051437216,0.875,0.03644615596204098,0.7528409090909091,0.03589602530601018,0.7414772727272727,0.03218264337780223,0.6647727272727273,0.04125979920231055,0.8522727272727273,0.03534589464997937,0.7301136363636364,0.0449731811305185,0.9289772727272727,0.025306010177417137,0.5227272727272727,0.03850914592215651,0.7954545454545454,0.045248246458533904,0.9346590909090909,0.044835648466510794,0.9261363636363636,0.02090496492917068,0.4318181818181818,0.04043460321826434,0.8352272727272727,0.03328290468986384,0.6875,0.035758492642002475,0.7386363636363636,0.031907578049786826,0.6590909090909091,0.04070966854627974,0.8409090909090909,0.03685875395406409,0.7613636363636364,0.04222252785036446,0.8721590909090909,0.04194746252234906,0.8664772727272727,0.0451107137945262,0.9318181818181818,0.045798377114564706,0.9460227272727273,0.045798377114564706,0.9460227272727273,0.0225553568972631,0.4659090909090909,0.04057213588227204,0.8380681818181818,0.04139733186631825,0.8551136363636364,0.04249759317837987,0.8778409090909091,0.022142758905239996,0.45738636363636365,0.0449731811305185,0.9289772727272727,0.046761105762618625,0.9659090909090909,0.04194746252234906,0.8664772727272727,0.04194746252234906,0.8664772727272727,0.0451107137945262,0.9318181818181818,0.045798377114564706,0.9460227272727273,0.045798377114564706,0.9460227272727273,0.02324302021730161,0.48011363636363635,0.04194746252234906,0.8664772727272727,0.04002200522624123,0.8267045454545454,0.04249759317837987,0.8778409090909091,0.022280291569247695,0.4602272727272727,0.0449731811305185,0.9289772727272727,0.046898638426626324,0.96875,0.04167239719433365,0.8607954545454546
50,0.03369272237196765,0.7102272727272727,0.040026954177897575,0.84375,0.04555256064690027,0.9602272727272727,0.04555256064690027,0.9602272727272727,0.025741239892183288,0.5426136363636364,0.03504043126684636,0.7386363636363636,0.03450134770889488,0.7272727272727273,0.038544474393530995,0.8125,0.03167115902964959,0.6676136363636364,0.04110512129380054,0.8664772727272727,0.03638814016172507,0.7670454545454546,0.03908355795148248,0.8238636363636364,0.027358490566037737,0.5767045454545454,0.037870619946091644,0.7982954545454546,0.04326145552560647,0.9119318181818182,0.04339622641509434,0.9147727272727273,0.024797843665768194,0.5227272727272727,0.03490566037735849,0.7357954545454546,0.03504043126684636,0.7386363636363636,0.037331536388140164,0.7869318181818182,0.031266846361185985,0.6590909090909091,0.04016172506738545,0.8465909090909091,0.03517520215633423,0.7414772727272727,0.035849056603773584,0.7556818181818182,0.0330188679245283,0.6960227272727273,0.037331536388140164,0.7869318181818182,0.03894878706199461,0.8210227272727273,0.0408355795148248,0.8607954545454546,0.027223719676549865,0.5738636363636364,0.040026954177897575,0.84375,0.03921832884097035,0.8267045454545454,0.036522911051212935,0.7698863636363636,0.04137466307277628,0.8721590909090909,0.03719676549865229,0.7840909090909091,0.035983827493261455,0.7585227272727273,0.03840970350404313,0.8096590909090909,0.026954177897574125,0.5681818181818182,0.035309973045822104,0.7443181818181818,0.036657681940700806,0.7727272727272727,0.036522911051212935,0.7698863636363636,0.018733153638814014,0.39488636363636365,0.03355795148247979,0.7073863636363636,0.03463611859838275,0.7301136363636364,0.03611859838274933,0.7613636363636364,0.039353099730458224,0.8295454545454546,0.0376010781671159,0.7926136363636364,0.040566037735849055,0.8551136363636364,0.03638814016172507,0.7670454545454546,0.03355795148247979,0.7073863636363636,0.03948787061994609,0.8323863636363636,0.0454177897574124,0.9573863636363636,0.04555256064690027,0.9602272727272727,0.031401617250673856,0.6619318181818182,0.04177897574123989,0.8806818181818182,0.035849056603773584,0.7556818181818182,0.03571428571428571,0.7528409090909091,0.031940700808625336,0.6732954545454546,0.04043126684636118,0.8522727272727273,0.03477088948787062,0.7329545454545454,0.04433962264150943,0.9346590909090909,0.025067385444743934,0.5284090909090909,0.03827493261455526,0.8068181818181818,0.0444743935309973,0.9375,0.04433962264150943,0.9346590909090909,0.021159029649595686,0.4460227272727273,0.039892183288409704,0.8409090909090909,0.03315363881401617,0.6988636363636364,0.03557951482479784,0.75,0.031266846361185985,0.6590909090909091,0.040026954177897575,0.84375,0.0362533692722372,0.7642045454545454,0.04177897574123989,0.8806818181818182,0.04110512129380054,0.8664772727272727,0.044204851752021566,0.9318181818181818,0.04514824797843666,0.9517045454545454,0.04514824797843666,0.9517045454545454,0.022506738544474394,0.4744318181818182,0.040566037735849055,0.8551136363636364,0.040700808625336926,0.8579545454545454,0.042048517520215635,0.8863636363636364,0.022102425876010783,0.4659090909090909,0.04433962264150943,0.9346590909090909,0.04595687331536388,0.96875,0.04123989218328841,0.8693181818181818,0.04110512129380054,0.8664772727272727,0.044204851752021566,0.9318181818181818,0.04514824797843666,0.9517045454545454,0.04514824797843666,0.9517045454545454,0.02371967654986523,0.5,0.04137466307277628,0.8721590909090909,0.03948787061994609,0.8323863636363636,0.04218328840970351,0.8892045454545454,0.022102425876010783,0.4659090909090909,0.04433962264150943,0.9346590909090909,0.046091644204851755,0.9715909090909091,0.04110512129380054,0.8664772727272727
51,0.03343023255813953,0.71875,0.03977272727272727,0.8551136363636364,0.0447938689217759,0.9630681818181818,0.0447938689217759,0.9630681818181818,0.02629492600422833,0.5653409090909091,0.03461945031712474,0.7443181818181818,0.03461945031712474,0.7443181818181818,0.03805496828752643,0.8181818181818182,0.031183932346723044,0.6704545454545454,0.040697674418604654,0.875,0.03607293868921776,0.7755681818181818,0.03845137420718816,0.8267045454545454,0.027219873150105708,0.5852272727272727,0.0377906976744186,0.8125,0.04267970401691332,0.9176136363636364,0.04281183932346723,0.9204545454545454,0.024445031712473572,0.5255681818181818,0.034223044397463,0.7357954545454546,0.03488372093023256,0.75,0.036733615221987315,0.7897727272727273,0.031051797040169134,0.6676136363636364,0.039904862579281185,0.8579545454545454,0.03501585623678647,0.7528409090909091,0.0354122621564482,0.7613636363636364,0.03263742071881607,0.7017045454545454,0.037130021141649046,0.7982954545454546,0.03937632135306554,0.8465909090909091,0.04201902748414376,0.9034090909090909,0.0270877378435518,0.5823863636363636,0.03937632135306554,0.8465909090909091,0.03845137420718816,0.8267045454545454,0.036337209302325583,0.78125,0.04096194503171247,0.8806818181818182,0.037130021141649046,0.7982954545454546,0.035544397463002114,0.7642045454545454,0.0376585623678647,0.8096590909090909,0.027219873150105708,0.5852272727272727,0.03514799154334038,0.7556818181818182,0.03620507399577167,0.7784090909090909,0.035940803382663845,0.7727272727272727,0.019159619450317123,0.4119318181818182,0.0330338266384778,0.7102272727272727,0.03395877378435518,0.7301136363636364,0.03580866807610994,0.7698863636363636,0.039112050739957716,0.8409090909090909,0.03699788583509514,0.7954545454545454,0.040301268498942916,0.8664772727272727,0.03580866807610994,0.7698863636363636,0.03369450317124736,0.7244318181818182,0.0389799154334038,0.8380681818181818,0.044529598308668074,0.9573863636363636,0.0447938689217759,0.9630681818181818,0.031051797040169134,0.6676136363636364,0.0412262156448203,0.8863636363636364,0.035544397463002114,0.7642045454545454,0.03514799154334038,0.7556818181818182,0.03144820295983087,0.6761363636363636,0.03977272727272727,0.8551136363636364,0.034223044397463,0.7357954545454546,0.04386892177589852,0.9431818181818182,0.024973572938689216,0.5369318181818182,0.0376585623678647,0.8096590909090909,0.04386892177589852,0.9431818181818182,0.04386892177589852,0.9431818181818182,0.02100951374207188,0.45170454545454547,0.03937632135306554,0.8465909090909091,0.03263742071881607,0.7017045454545454,0.03528012684989429,0.7585227272727273,0.031183932346723044,0.6704545454545454,0.039508456659619454,0.8494318181818182,0.03567653276955603,0.7670454545454546,0.04135835095137421,0.8892045454545454,0.040301268498942916,0.8664772727272727,0.04334038054968287,0.9318181818181818,0.044265327695560255,0.9517045454545454,0.04439746300211417,0.9545454545454546,0.022330866807610993,0.48011363636363635,0.040169133192389,0.8636363636363636,0.040301268498942916,0.8664772727272727,0.04175475687103594,0.8977272727272727,0.022595137420718815,0.48579545454545453,0.043472515856236786,0.9346590909090909,0.04519027484143763,0.9715909090909091,0.040697674418604654,0.875,0.040301268498942916,0.8664772727272727,0.043472515856236786,0.9346590909090909,0.044265327695560255,0.9517045454545454,0.04439746300211417,0.9545454545454546,0.023520084566596194,0.5056818181818182,0.04056553911205074,0.8721590909090909,0.038715644820295984,0.8323863636363636,0.04162262156448203,0.8948863636363636,0.02193446088794926,0.4715909090909091,0.043472515856236786,0.9346590909090909,0.04532241014799154,0.9744318181818182,0.04056553911205074,0.8721590909090909
52,0.03304821150855365,0.7244318181818182,0.03939865215137377,0.8636363636363636,0.04406428201140487,0.9659090909090909,0.04406428201140487,0.9659090909090909,0.026438569206842923,0.5795454545454546,0.03421461897356143,0.75,0.03421461897356143,0.75,0.03758424053913945,0.8238636363636364,0.03084499740798341,0.6761363636363636,0.04004665629860031,0.8778409090909091,0.035510627268014516,0.7784090909090909,0.03771384136858476,0.8267045454545454,0.027086573354069467,0.59375,0.03745463970969414,0.8210227272727273,0.04212026956972525,0.9232954545454546,0.04212026956972525,0.9232954545454546,0.024624157594608606,0.5397727272727273,0.03434421980300674,0.7528409090909091,0.03434421980300674,0.7528409090909091,0.036288232244686365,0.7954545454545454,0.030974598237428718,0.6789772727272727,0.03926905132192846,0.8607954545454546,0.034473820632452044,0.7556818181818182,0.03486262312078797,0.7642045454545454,0.0321410057024365,0.7045454545454546,0.03654743390357698,0.8011363636363636,0.039917055469155,0.875,0.04341627786417833,0.9517045454545454,0.026827371695178848,0.5880681818181818,0.03862104717470192,0.8465909090909091,0.037973043027475374,0.8323863636363636,0.03576982892690513,0.7840909090909091,0.04017625712804562,0.8806818181818182,0.03667703473302229,0.8039772727272727,0.034992223950233284,0.7670454545454546,0.03693623639191291,0.8096590909090909,0.02695697252462416,0.5909090909090909,0.03473302229134267,0.7613636363636364,0.03576982892690513,0.7840909090909091,0.03576982892690513,0.7840909090909091,0.01982892690513219,0.4346590909090909,0.03252980819077242,0.7130681818181818,0.033307413167444275,0.7301136363636364,0.035510627268014516,0.7784090909090909,0.03875064800414723,0.8494318181818182,0.03641783307413168,0.7982954545454546,0.03965785381026438,0.8693181818181818,0.03512182477967859,0.7698863636363636,0.03343701399688958,0.7329545454545454,0.03862104717470192,0.8465909090909091,0.04393468118195956,0.9630681818181818,0.04393468118195956,0.9630681818181818,0.03201140487299119,0.7017045454545454,0.04082426127527216,0.8948863636363636,0.03486262312078797,0.7642045454545454,0.03473302229134267,0.7613636363636364,0.031233799896319338,0.6846590909090909,0.039009849663037846,0.8551136363636364,0.033696215655780196,0.7386363636363636,0.04341627786417833,0.9517045454545454,0.024753758424053914,0.5426136363636364,0.03732503888024884,0.8181818181818182,0.043286677034733025,0.9488636363636364,0.043286677034733025,0.9488636363636364,0.021124935199585276,0.4630681818181818,0.03875064800414723,0.8494318181818182,0.0321410057024365,0.7045454545454546,0.03512182477967859,0.7698863636363636,0.030974598237428718,0.6789772727272727,0.038880248833592534,0.8522727272727273,0.0352514256091239,0.7727272727272727,0.040565059616381544,0.8892045454545454,0.03952825298081908,0.8664772727272727,0.042768273716951785,0.9375,0.04354587869362364,0.9545454545454546,0.04354587869362364,0.9545454545454546,0.022161741835147745,0.48579545454545453,0.03965785381026438,0.8693181818181818,0.03952825298081908,0.8664772727272727,0.041083462934162776,0.9005681818181818,0.02255054432348367,0.4943181818181818,0.0428978745463971,0.9403409090909091,0.04432348367029549,0.9715909090909091,0.04004665629860031,0.8778409090909091,0.03965785381026438,0.8693181818181818,0.04263867288750648,0.9346590909090909,0.04354587869362364,0.9545454545454546,0.04354587869362364,0.9545454545454546,0.023068947641264905,0.5056818181818182,0.039787454639709695,0.8721590909090909,0.03823224468636599,0.8380681818181818,0.041601866251944015,0.9119318181818182,0.02255054432348367,0.4943181818181818,0.042768273716951785,0.9375,0.0444530844997408,0.9744318181818182,0.04043545878693624,0.8863636363636364
53,0.03305785123966942,0.7386363636363636,0.03865225683407501,0.8636363636363636,0.04348378893833439,0.9715909090909091,0.043356643356643354,0.96875,0.026573426573426574,0.59375,0.03382072472981564,0.7556818181818182,0.033693579148124604,0.7528409090909091,0.036999364272091544,0.8267045454545454,0.03076923076923077,0.6875,0.03979656706929434,0.8892045454545454,0.03547361729179911,0.7926136363636364,0.03725365543547362,0.8323863636363636,0.02695486331849968,0.6022727272727273,0.03712650985378258,0.8295454545454546,0.04157660521296885,0.9289772727272727,0.041703750794659884,0.9318181818181818,0.024539097266369995,0.5482954545454546,0.03382072472981564,0.7556818181818182,0.03407501589319771,0.7613636363636364,0.03572790845518118,0.7982954545454546,0.03076923076923077,0.6875,0.03852511125238398,0.8607954545454546,0.034583598219961854,0.7727272727272727,0.03445645263827082,0.7698863636363636,0.0322949777495232,0.7215909090909091,0.03610934520025429,0.8068181818181818,0.03992371265098538,0.8920454545454546,0.04259376986649714,0.9517045454545454,0.026446280991735537,0.5909090909090909,0.0378893833439288,0.8465909090909091,0.03750794659885569,0.8380681818181818,0.035219326128417036,0.7869318181818182,0.03979656706929434,0.8892045454545454,0.036236490781945324,0.8096590909090909,0.03445645263827082,0.7698863636363636,0.03661792752701844,0.8181818181818182,0.02695486331849968,0.6022727272727273,0.03445645263827082,0.7698863636363636,0.035219326128417036,0.7869318181818182,0.035219326128417036,0.7869318181818182,0.01996185632549269,0.4460227272727273,0.032040686586141134,0.7159090909090909,0.032676414494596316,0.7301136363636364,0.03572790845518118,0.7982954545454546,0.03827082008900191,0.8551136363636364,0.03636363636363636,0.8125,0.03903369357914813,0.8721590909090909,0.03471074380165289,0.7755681818181818,0.03318499682136046,0.7414772727272727,0.038397965670692945,0.8579545454545454,0.043102352193261285,0.9630681818181818,0.04322949777495232,0.9659090909090909,0.0319135410044501,0.7130681818181818,0.04017800381436745,0.8977272727272727,0.034583598219961854,0.7727272727272727,0.034583598219961854,0.7727272727272727,0.031023521932612843,0.6931818181818182,0.03865225683407501,0.8636363636363636,0.033693579148124604,0.7528409090909091,0.04272091544818817,0.9545454545454546,0.024539097266369995,0.5482954545454546,0.03738080101716466,0.8352272727272727,0.04272091544818817,0.9545454545454546,0.04259376986649714,0.9517045454545454,0.02097902097902098,0.46875,0.03801652892561983,0.8494318181818182,0.03165924984106802,0.7073863636363636,0.03483788938334393,0.7784090909090909,0.03076923076923077,0.6875,0.03852511125238398,0.8607954545454546,0.03496503496503497,0.78125,0.03992371265098538,0.8920454545454546,0.039287984742530195,0.8778409090909091,0.042085187539733,0.9403409090909091,0.04272091544818817,0.9545454545454546,0.04284806102987921,0.9573863636363636,0.02225047679593134,0.4971590909090909,0.039160839160839164,0.875,0.03877940241576605,0.8664772727272727,0.0410680228862047,0.9176136363636364,0.02288620470438652,0.5113636363636364,0.042085187539733,0.9403409090909091,0.04361093452002543,0.9744318181818182,0.03954227590591227,0.8835227272727273,0.03890654799745709,0.8693181818181818,0.04183089637635092,0.9346590909090909,0.04272091544818817,0.9545454545454546,0.04284806102987921,0.9573863636363636,0.02339478703115067,0.5227272727272727,0.039160839160839164,0.875,0.03827082008900191,0.8551136363636364,0.0410680228862047,0.9176136363636364,0.02263191354100445,0.5056818181818182,0.04259376986649714,0.9517045454545454,0.04361093452002543,0.9744318181818182,0.03966942148760331,0.8863636363636364
54,0.03269686759016598,0.7443181818181818,0.03806314738549856,0.8664772727272727,0.04268064395357544,0.9715909090909091,0.04268064395357544,0.9715909090909091,0.026706601772120305,0.6079545454545454,0.03332085361287907,0.7585227272727273,0.03332085361287907,0.7585227272727273,0.03656558093098715,0.8323863636363636,0.031074503931111944,0.7073863636363636,0.03943591663546737,0.8977272727272727,0.03506801447647573,0.7982954545454546,0.036690378135529764,0.8352272727272727,0.026956196181205542,0.6136363636363636,0.03656558093098715,0.8323863636363636,0.0410582802945214,0.9346590909090909,0.04093348308997878,0.9318181818181818,0.024585049294895793,0.5596590909090909,0.03344565081742169,0.7613636363636364,0.03357044802196431,0.7642045454545454,0.035317608885560965,0.8039772727272727,0.03057531511294147,0.6960227272727273,0.03806314738549856,0.8664772727272727,0.034194434044677396,0.7784090909090909,0.034194434044677396,0.7784090909090909,0.03182328715836765,0.7244318181818182,0.03569200049918882,0.8125,0.03993510545363784,0.9090909090909091,0.04180706352177711,0.9517045454545454,0.02633221015849245,0.5994318181818182,0.03718956695370024,0.8465909090909091,0.036815175340072386,0.8380681818181818,0.03481842006739049,0.7926136363636364,0.03918632222638213,0.8920454545454546,0.03581679770373144,0.8153409090909091,0.033820042431049545,0.7698863636363636,0.03631598652190191,0.8267045454545454,0.026706601772120305,0.6079545454545454,0.03431923124922002,0.78125,0.03469362286284787,0.7897727272727273,0.03481842006739049,0.7926136363636364,0.02009234993136154,0.45738636363636365,0.03194808436291027,0.7272727272727273,0.03207288156745289,0.7301136363636364,0.035317608885560965,0.8039772727272727,0.037813552976413325,0.8607954545454546,0.03619118931735929,0.8238636363636364,0.03843753899912642,0.875,0.03406963684013478,0.7755681818181818,0.0328216647947086,0.7471590909090909,0.03768875577187071,0.8579545454545454,0.0424310495444902,0.9659090909090909,0.04255584674903282,0.96875,0.03207288156745289,0.7301136363636364,0.03981030824909522,0.90625,0.03394483963559216,0.7727272727272727,0.03406963684013478,0.7755681818181818,0.031074503931111944,0.7073863636363636,0.0383127417945838,0.8721590909090909,0.03332085361287907,0.7585227272727273,0.04193186072631973,0.9545454545454546,0.024959440908523648,0.5681818181818182,0.03706476974915762,0.84375,0.04193186072631973,0.9545454545454546,0.04180706352177711,0.9517045454545454,0.020841133158617246,0.4744318181818182,0.037439161362785474,0.8522727272727273,0.031573692749282414,0.71875,0.03469362286284787,0.7897727272727273,0.03057531511294147,0.6960227272727273,0.03843753899912642,0.875,0.03469362286284787,0.7897727272727273,0.03943591663546737,0.8977272727272727,0.03881193061275427,0.8835227272727273,0.04130787470360664,0.9403409090909091,0.042181455135404965,0.9602272727272727,0.042181455135404965,0.9602272727272727,0.02208910520404343,0.5028409090909091,0.03881193061275427,0.8835227272727273,0.038187944590041184,0.8693181818181818,0.04055909147635093,0.9232954545454546,0.022962685635841758,0.5227272727272727,0.04205665793086235,0.9573863636363636,0.042930238362660675,0.9772727272727273,0.038936727817296894,0.8863636363636364,0.038936727817296894,0.8863636363636364,0.04118307749906402,0.9375,0.042181455135404965,0.9602272727272727,0.042181455135404965,0.9602272727272727,0.022962685635841758,0.5227272727272727,0.03906152502183951,0.8892045454545454,0.037813552976413325,0.8607954545454546,0.040434294271808315,0.9204545454545454,0.023087482840384376,0.5255681818181818,0.04205665793086235,0.9573863636363636,0.042930238362660675,0.9772727272727273,0.03918632222638213,0.8920454545454546
55,0.03222249448664543,0.7471590909090909,0.03761333006616026,0.8721590909090909,0.04202401372212693,0.9744318181818182,0.04202401372212693,0.9744318181818182,0.02621906395491301,0.6079545454545454,0.03320264641019358,0.7698863636363636,0.03283508943886303,0.7613636363636364,0.036755697133055626,0.8522727272727273,0.030752266601323207,0.7130681818181818,0.038716000980151925,0.8977272727272727,0.034550355305072285,0.8011363636363636,0.036633178142612105,0.8494318181818182,0.02646410193580005,0.6136363636363636,0.03638814016172507,0.84375,0.04043126684636118,0.9375,0.04043126684636118,0.9375,0.02450379808870375,0.5681818181818182,0.03308012741975006,0.7670454545454546,0.03344768439108062,0.7755681818181818,0.034795393285959327,0.8068181818181818,0.030139671649105613,0.6988636363636364,0.03773584905660377,0.875,0.03430531732418525,0.7954545454545454,0.03418279833374173,0.7926136363636364,0.03148738054398432,0.7301136363636364,0.03516295025728988,0.8153409090909091,0.039328595932369516,0.9119318181818182,0.04104386179857878,0.9517045454545454,0.02646410193580005,0.6136363636363636,0.036633178142612105,0.8494318181818182,0.03626562117128155,0.8409090909090909,0.03442783631462877,0.7982954545454546,0.03883851997059544,0.9005681818181818,0.03565302621906395,0.8267045454545454,0.03369272237196765,0.78125,0.03565302621906395,0.8267045454545454,0.026831658907130605,0.6221590909090909,0.03406027934329821,0.7897727272727273,0.03430531732418525,0.7954545454545454,0.03430531732418525,0.7954545454545454,0.019848076451850036,0.4602272727272727,0.03148738054398432,0.7301136363636364,0.03148738054398432,0.7301136363636364,0.03504043126684636,0.8125,0.037245773094829696,0.8636363636363636,0.03577554520950747,0.8295454545454546,0.03785836804704729,0.8778409090909091,0.03418279833374173,0.7926136363636364,0.03234501347708895,0.75,0.037245773094829696,0.8636363636363636,0.04190149473168341,0.9715909090909091,0.04190149473168341,0.9715909090909091,0.03173241852487135,0.7357954545454546,0.03945111492281304,0.9147727272727273,0.0333251654006371,0.7727272727272727,0.03357020338152414,0.7784090909090909,0.030874785591766724,0.7159090909090909,0.03785836804704729,0.8778409090909091,0.03295760842930654,0.7642045454545454,0.0411663807890223,0.9545454545454546,0.024871355060034305,0.5767045454545454,0.036755697133055626,0.8522727272727273,0.041288899779465815,0.9573863636363636,0.0411663807890223,0.9545454545454546,0.020950747365841706,0.48579545454545453,0.03712325410438618,0.8607954545454546,0.03160989953442784,0.7329545454545454,0.03430531732418525,0.7954545454545454,0.03050722862043617,0.7073863636363636,0.037980887037490814,0.8806818181818182,0.03442783631462877,0.7982954545454546,0.03896103896103896,0.9034090909090909,0.038593481989708404,0.8948863636363636,0.040676304827248225,0.9431818181818182,0.041411418769909336,0.9602272727272727,0.041411418769909336,0.9602272727272727,0.022298456260720412,0.5170454545454546,0.03834844400882137,0.8892045454545454,0.03749081107571674,0.8693181818181818,0.03994119088458711,0.9261363636363636,0.022911051212938006,0.53125,0.041411418769909336,0.9602272727272727,0.04226905170301397,0.9801136363636364,0.038470962999264884,0.8920454545454546,0.038470962999264884,0.8920454545454546,0.040798823817691746,0.9460227272727273,0.041411418769909336,0.9602272727272727,0.041411418769909336,0.9602272727272727,0.023033570203381523,0.5340909090909091,0.038470962999264884,0.8920454545454546,0.037368292085273216,0.8664772727272727,0.03994119088458711,0.9261363636363636,0.023156089193825044,0.5369318181818182,0.041411418769909336,0.9602272727272727,0.04239157069345749,0.9829545454545454,0.038593481989708404,0.8948863636363636
56,0.032490974729241874,0.7670454545454546,0.037184115523465705,0.8778409090909091,0.04127557160048135,0.9744318181818182,0.041395908543922985,0.9772727272727273,0.025872442839951864,0.6107954545454546,0.03369434416365824,0.7954545454545454,0.03237063778580024,0.7642045454545454,0.03646209386281588,0.8607954545454546,0.03056558363417569,0.7215909090909091,0.03838748495788207,0.90625,0.034416365824308064,0.8125,0.036341756919374246,0.8579545454545454,0.026594464500601683,0.6278409090909091,0.03646209386281588,0.8607954545454546,0.039951865222623346,0.9431818181818182,0.039951865222623346,0.9431818181818182,0.024187725631768953,0.5710227272727273,0.032490974729241874,0.7670454545454546,0.03345367027677497,0.7897727272727273,0.034416365824308064,0.8125,0.029843561973525872,0.7045454545454546,0.03730445246690734,0.8806818181818182,0.03381468110709988,0.7982954545454546,0.03369434416365824,0.7954545454545454,0.031528279181708786,0.7443181818181818,0.03513838748495788,0.8295454545454546,0.038868832731648616,0.9176136363636364,0.040312876052948254,0.9517045454545454,0.02635379061371841,0.6221590909090909,0.036341756919374246,0.8579545454545454,0.0358604091456077,0.8465909090909091,0.03381468110709988,0.7982954545454546,0.03838748495788207,0.90625,0.03537906137184116,0.8352272727272727,0.03333333333333333,0.7869318181818182,0.035018050541516244,0.8267045454545454,0.026955475330926595,0.6363636363636364,0.03393501805054152,0.8011363636363636,0.03381468110709988,0.7982954545454546,0.03381468110709988,0.7982954545454546,0.019614921780986762,0.4630681818181818,0.031167268351383875,0.7357954545454546,0.030926594464500603,0.7301136363636364,0.03477737665463297,0.8210227272727273,0.03706377858002407,0.875,0.035499398315282794,0.8380681818181818,0.03754512635379061,0.8863636363636364,0.03417569193742479,0.8068181818181818,0.0322503008423586,0.7613636363636364,0.036702767749699154,0.8664772727272727,0.04127557160048135,0.9744318181818182,0.04115523465703971,0.9715909090909091,0.03176895306859206,0.75,0.03874849578820698,0.9147727272727273,0.03309265944645006,0.78125,0.032972322503008425,0.7784090909090909,0.030806257521058963,0.7272727272727273,0.03766546329723225,0.8892045454545454,0.03273164861612515,0.7727272727272727,0.04043321299638989,0.9545454545454546,0.0246690734055355,0.5823863636363636,0.03646209386281588,0.8607954545454546,0.040553549939831526,0.9573863636363636,0.04043321299638989,0.9545454545454546,0.020938628158844765,0.4943181818181818,0.03658243080625752,0.8636363636363636,0.031167268351383875,0.7357954545454546,0.03369434416365824,0.7954545454545454,0.03056558363417569,0.7215909090909091,0.03766546329723225,0.8892045454545454,0.03417569193742479,0.8068181818181818,0.03838748495788207,0.90625,0.0381468110709988,0.9005681818181818,0.04007220216606498,0.9460227272727273,0.04091456077015644,0.9659090909090909,0.04091456077015644,0.9659090909090909,0.022262334536702767,0.5255681818181818,0.03802647412755716,0.8977272727272727,0.0368231046931408,0.8693181818181818,0.039470517448856796,0.9318181818181818,0.023104693140794223,0.5454545454545454,0.04067388688327316,0.9602272727272727,0.04175691937424789,0.9857954545454546,0.03802647412755716,0.8977272727272727,0.03790613718411552,0.8948863636363636,0.04019253910950662,0.9488636363636364,0.04091456077015644,0.9659090909090909,0.04091456077015644,0.9659090909090909,0.023345367027677498,0.5511363636363636,0.03802647412755716,0.8977272727272727,0.036702767749699154,0.8664772727272727,0.039229843561973524,0.9261363636363636,0.02286401925391095,0.5397727272727273,0.04067388688327316,0.9602272727272727,0.04163658243080626,0.9829545454545454,0.03802647412755716,0.8977272727272727
57,0.03227713407424923,0.7755681818181818,0.03676992196736817,0.8835227272727273,0.040789784819106174,0.9801136363636364,0.040789784819106174,0.9801136363636364,0.025892646015606525,0.6221590909090909,0.033695909198392056,0.8096590909090909,0.03180420903286829,0.7642045454545454,0.03582407188460629,0.8607954545454546,0.030148971388034997,0.7244318181818182,0.03783400331047529,0.9090909090909091,0.03381414045873729,0.8125,0.035942303144951525,0.8636363636363636,0.026720264838023172,0.6420454545454546,0.035942303144951525,0.8636363636363636,0.03960747221565382,0.9517045454545454,0.03960747221565382,0.9517045454545454,0.02400094585008276,0.5767045454545454,0.03204067155355876,0.7698863636363636,0.033459446677701586,0.8039772727272727,0.033932371719082526,0.8153409090909091,0.029676046346654054,0.7130681818181818,0.03676992196736817,0.8835227272727273,0.033695909198392056,0.8096590909090909,0.033222984157011116,0.7982954545454546,0.03133128399148735,0.7528409090909091,0.034996453062189646,0.8409090909090909,0.039016315913927645,0.9375,0.03960747221565382,0.9517045454545454,0.025892646015606525,0.6221590909090909,0.03582407188460629,0.8607954545454546,0.03535114684322535,0.8494318181818182,0.03381414045873729,0.8125,0.037715772050130054,0.90625,0.03511468432253488,0.84375,0.03275005911563017,0.7869318181818182,0.034405296760463465,0.8267045454545454,0.026956727358713645,0.6477272727272727,0.03357767793804682,0.8068181818181818,0.03357767793804682,0.8068181818181818,0.03357767793804682,0.8068181818181818,0.019389926696618588,0.4659090909090909,0.03085835895010641,0.7414772727272727,0.030385433908725466,0.7301136363636364,0.034168834239772995,0.8210227272727273,0.03688815322771341,0.8863636363636364,0.034996453062189646,0.8409090909090909,0.03759754078978482,0.9034090909090909,0.033932371719082526,0.8153409090909091,0.03204067155355876,0.7698863636363636,0.036415228186332464,0.875,0.0405533222984157,0.9744318181818182,0.0405533222984157,0.9744318181818182,0.031685977772523057,0.7613636363636364,0.03830692835185623,0.9204545454545454,0.03275005911563017,0.7869318181818182,0.032395365334594466,0.7784090909090909,0.0305036651690707,0.7329545454545454,0.037242847008749115,0.8948863636363636,0.032395365334594466,0.7784090909090909,0.03984393473634429,0.9573863636363636,0.024473870891463703,0.5880681818181818,0.03606053440529676,0.8664772727272727,0.03984393473634429,0.9573863636363636,0.039725703475999054,0.9545454545454546,0.020926933081106644,0.5028409090909091,0.03629699692598723,0.8721590909090909,0.031213052731142114,0.75,0.033459446677701586,0.8039772727272727,0.030148971388034997,0.7244318181818182,0.037242847008749115,0.8948863636363636,0.033695909198392056,0.8096590909090909,0.037952234570820524,0.9119318181818182,0.037479309529439585,0.9005681818181818,0.03984393473634429,0.9573863636363636,0.04031685977772523,0.96875,0.04031685977772523,0.96875,0.02199101442421376,0.5284090909090909,0.037479309529439585,0.9005681818181818,0.036178765665641995,0.8693181818181818,0.038779853393237175,0.9318181818181818,0.022936864506975643,0.5511363636363636,0.04008039725703476,0.9630681818181818,0.04114447860014188,0.9886363636363636,0.037715772050130054,0.90625,0.03759754078978482,0.9034090909090909,0.03960747221565382,0.9517045454545454,0.04031685977772523,0.96875,0.04031685977772523,0.96875,0.023173327027666116,0.5568181818181818,0.03759754078978482,0.9034090909090909,0.036415228186332464,0.875,0.0385433908725467,0.9261363636363636,0.022700401986285174,0.5454545454545454,0.04008039725703476,0.9630681818181818,0.041026247339796644,0.9857954545454546,0.037479309529439585,0.9005681818181818
58,0.03206692227256884,0.7840909090909091,0.036598117811084,0.8948863636363636,0.040199837341698616,0.9829545454545454,0.040199837341698616,0.9829545454545454,0.025676774718252585,0.6278409090909091,0.03346113628441966,0.8181818181818182,0.031485999767631,0.7698863636363636,0.03532008830022075,0.8636363636363636,0.02997560125479261,0.7329545454545454,0.037179040316021844,0.9090909090909091,0.03346113628441966,0.8181818181818182,0.03532008830022075,0.8636363636363636,0.026722435227140698,0.6534090909090909,0.03555245730219589,0.8693181818181818,0.03903799233182294,0.9545454545454546,0.0391541768328105,0.9573863636363636,0.02393400720343906,0.5852272727272727,0.031485999767631,0.7698863636363636,0.03299639828046939,0.8068181818181818,0.03334495178343209,0.8153409090909091,0.02939467874985477,0.71875,0.0362495643081213,0.8863636363636364,0.03334495178343209,0.8153409090909091,0.03299639828046939,0.8068181818181818,0.03125363076565586,0.7642045454545454,0.03462298129429534,0.8465909090909091,0.03938654583478564,0.9630681818181818,0.03903799233182294,0.9545454545454546,0.02602532822121529,0.6363636363636364,0.03532008830022075,0.8636363636363636,0.03473916579528291,0.8494318181818182,0.033693505286394795,0.8238636363636364,0.037062855815034275,0.90625,0.03473916579528291,0.8494318181818182,0.03229929127454398,0.7897727272727273,0.033809689787382365,0.8267045454545454,0.026838619728128267,0.65625,0.033693505286394795,0.8238636363636364,0.03346113628441966,0.8181818181818182,0.033693505286394795,0.8238636363636364,0.01917044266294876,0.46875,0.030440339258742885,0.7443181818181818,0.029859416753805042,0.7301136363636364,0.033577320785407226,0.8210227272727273,0.036481933310096436,0.8920454545454546,0.03462298129429534,0.8465909090909091,0.037062855815034275,0.90625,0.033577320785407226,0.8210227272727273,0.03218310677355641,0.7869318181818182,0.03590101080515859,0.8778409090909091,0.03996746833972348,0.9772727272727273,0.03996746833972348,0.9772727272727273,0.0318345532705937,0.7784090909090909,0.03775996282095968,0.9232954545454546,0.03218310677355641,0.7869318181818182,0.03206692227256884,0.7840909090909091,0.030324154757755316,0.7414772727272727,0.036830486813059136,0.9005681818181818,0.0318345532705937,0.7784090909090909,0.03927036133379807,0.9602272727272727,0.024863483211339608,0.6079545454545454,0.03555245730219589,0.8693181818181818,0.03950273033577321,0.9659090909090909,0.03927036133379807,0.9602272727272727,0.02079702567677472,0.5085227272727273,0.03566864180318346,0.8721590909090909,0.03067270826071802,0.75,0.03334495178343209,0.8153409090909091,0.030091785755780177,0.7357954545454546,0.036830486813059136,0.9005681818181818,0.033577320785407226,0.8210227272727273,0.037527593818984545,0.9176136363636364,0.037062855815034275,0.90625,0.03938654583478564,0.9630681818181818,0.039851283838735915,0.9744318181818182,0.039851283838735915,0.9744318181818182,0.02253979319158824,0.5511363636363636,0.036946671314046706,0.9034090909090909,0.03555245730219589,0.8693181818181818,0.03810851632392239,0.9318181818181818,0.02288834669455095,0.5596590909090909,0.03938654583478564,0.9630681818181818,0.040432206343673754,0.9886363636363636,0.03729522481700941,0.9119318181818182,0.037062855815034275,0.90625,0.0391541768328105,0.9573863636363636,0.039851283838735915,0.9744318181818182,0.039851283838735915,0.9744318181818182,0.023120715696526083,0.5653409090909091,0.037062855815034275,0.90625,0.03578482630417102,0.875,0.03810851632392239,0.9318181818181818,0.02253979319158824,0.5511363636363636,0.03938654583478564,0.9630681818181818,0.040432206343673754,0.9886363636363636,0.037062855815034275,0.90625
59,0.03198172472872644,0.7954545454545454,0.03632210165619646,0.9034090909090909,0.039520274129069104,0.9829545454545454,0.039520274129069104,0.9829545454545454,0.025813820673900627,0.6420454545454546,0.03312392918332382,0.8238636363636364,0.031296402055968016,0.7784090909090909,0.03495145631067961,0.8693181818181818,0.03026841804683038,0.7528409090909091,0.03666476299257567,0.9119318181818182,0.03300970873786408,0.8210227272727273,0.035179897201599086,0.875,0.026727584237578525,0.6647727272727273,0.035179897201599086,0.875,0.03837806967447173,0.9545454545454546,0.038492290119931466,0.9573863636363636,0.023872073101085096,0.59375,0.03175328383780697,0.7897727272727273,0.03243860651056539,0.8068181818181818,0.03289548829240434,0.8181818181818182,0.029354654483152484,0.7301136363636364,0.03563677898343803,0.8863636363636364,0.0327812678469446,0.8153409090909091,0.03255282695602513,0.8096590909090909,0.031067961165048542,0.7727272727272727,0.03438035408338092,0.8551136363636364,0.038834951456310676,0.9659090909090909,0.03837806967447173,0.9545454545454546,0.025928041119360364,0.6448863636363636,0.03495145631067961,0.8693181818181818,0.03438035408338092,0.8551136363636364,0.033580810965162765,0.8352272727272727,0.036550542547115934,0.9090909090909091,0.0346087949743004,0.8607954545454546,0.03175328383780697,0.7897727272727273,0.033580810965162765,0.8352272727272727,0.026613363792118788,0.6619318181818182,0.03380925185608224,0.8409090909090909,0.033580810965162765,0.8352272727272727,0.03346659051970303,0.8323863636363636,0.01953169617361508,0.48579545454545453,0.03026841804683038,0.7528409090909091,0.029354654483152484,0.7301136363636364,0.033238149628783555,0.8267045454545454,0.03586521987435751,0.8920454545454546,0.03438035408338092,0.8551136363636364,0.03666476299257567,0.9119318181818182,0.03312392918332382,0.8238636363636364,0.03186750428326671,0.7926136363636364,0.0355225585379783,0.8835227272727273,0.03929183323814963,0.9772727272727273,0.03929183323814963,0.9772727272727273,0.03175328383780697,0.7897727272727273,0.037235865219874355,0.9261363636363636,0.03221016561964592,0.8011363636363636,0.03209594517418618,0.7982954545454546,0.03026841804683038,0.7528409090909091,0.036207881210736724,0.9005681818181818,0.03163906339234723,0.7869318181818182,0.03894917190177042,0.96875,0.02490005711022273,0.6193181818181818,0.03529411764705882,0.8778409090909091,0.03906339234723016,0.9715909090909091,0.03894917190177042,0.96875,0.020788121073672186,0.5170454545454546,0.035179897201599086,0.875,0.030154197601370645,0.75,0.03312392918332382,0.8238636363636364,0.029811536264991435,0.7414772727272727,0.036207881210736724,0.9005681818181818,0.03335237007424329,0.8295454545454546,0.036893203883495145,0.9176136363636364,0.0364363221016562,0.90625,0.03872073101085094,0.9630681818181818,0.03917761279268989,0.9744318181818182,0.03917761279268989,0.9744318181818182,0.022501427755568248,0.5596590909090909,0.0364363221016562,0.90625,0.03506567675613935,0.8721590909090909,0.03769274700171331,0.9375,0.022844089091947458,0.5681818181818182,0.038834951456310676,0.9659090909090909,0.03974871501998858,0.9886363636363636,0.03677898343803541,0.9147727272727273,0.0364363221016562,0.90625,0.03872073101085094,0.9630681818181818,0.03917761279268989,0.9744318181818182,0.03917761279268989,0.9744318181818182,0.023186750428326672,0.5767045454545454,0.0364363221016562,0.90625,0.03575099942889777,0.8892045454545454,0.03757852655625357,0.9346590909090909,0.022844089091947458,0.5681818181818182,0.038834951456310676,0.9659090909090909,0.03974871501998858,0.9886363636363636,0.0364363221016562,0.90625
60,0.03189577717879605,0.8068181818181818,0.03593890386343217,0.9090909090909091,0.038858939802336026,0.9829545454545454,0.038858939802336026,0.9829545454545454,0.025831087151841868,0.6534090909090909,0.032794249775381853,0.8295454545454546,0.03133423180592992,0.7926136363636364,0.03459119496855346,0.875,0.02976190476190476,0.7528409090909091,0.036163522012578615,0.9147727272727273,0.032681940700808626,0.8267045454545454,0.03504043126684636,0.8863636363636364,0.026617250673854446,0.6732954545454546,0.034703504043126686,0.8778409090909091,0.03796046720575023,0.9602272727272727,0.03796046720575023,0.9602272727272727,0.023809523809523808,0.6022727272727273,0.031221922731356693,0.7897727272727273,0.032008086253369275,0.8096590909090909,0.0325696316262354,0.8238636363636364,0.029200359389038633,0.7386363636363636,0.03526504941599281,0.8920454545454546,0.032681940700808626,0.8267045454545454,0.03245732255166217,0.8210227272727273,0.03110961365678347,0.7869318181818182,0.03391734052111411,0.8579545454545454,0.038185085354896675,0.9659090909090909,0.03773584905660377,0.9545454545454546,0.025606469002695417,0.6477272727272727,0.03459119496855346,0.875,0.034141958670260555,0.8636363636363636,0.03369272237196765,0.8522727272727273,0.03593890386343217,0.9090909090909091,0.034141958670260555,0.8636363636363636,0.031221922731356693,0.7897727272727273,0.03335579514824798,0.84375,0.026617250673854446,0.6732954545454546,0.03358041329739443,0.8494318181818182,0.03324348607367475,0.8409090909090909,0.033468104222821204,0.8465909090909091,0.019991015274034143,0.5056818181818182,0.029874213836477988,0.7556818181818182,0.028863432165318958,0.7301136363636364,0.032906558849955074,0.8323863636363636,0.03560197663971249,0.9005681818181818,0.034029649595687335,0.8607954545454546,0.03638814016172507,0.9204545454545454,0.032681940700808626,0.8267045454545454,0.03167115902964959,0.8011363636363636,0.03515274034141959,0.8892045454545454,0.03863432165318958,0.9772727272727273,0.03863432165318958,0.9772727272727273,0.03167115902964959,0.8011363636363636,0.036725067385444746,0.9289772727272727,0.03178346810422282,0.8039772727272727,0.03223270440251572,0.8153409090909091,0.03032345013477089,0.7670454545454546,0.03593890386343217,0.9090909090909091,0.031446540880503145,0.7954545454545454,0.0382973944294699,0.96875,0.024483378256963163,0.6193181818181818,0.03481581311769991,0.8806818181818182,0.03840970350404313,0.9715909090909091,0.03840970350404313,0.9715909090909091,0.020664869721473494,0.5227272727272727,0.03459119496855346,0.875,0.02976190476190476,0.7528409090909091,0.032681940700808626,0.8267045454545454,0.029537286612758312,0.7471590909090909,0.03582659478885894,0.90625,0.03313117699910153,0.8380681818181818,0.03638814016172507,0.9204545454545454,0.03582659478885894,0.90625,0.038185085354896675,0.9659090909090909,0.03863432165318958,0.9772727272727273,0.03863432165318958,0.9772727272727273,0.02234950584007188,0.5653409090909091,0.03593890386343217,0.9090909090909091,0.03459119496855346,0.875,0.03717430368373765,0.9403409090909091,0.02279874213836478,0.5767045454545454,0.038185085354896675,0.9659090909090909,0.03908355795148248,0.9886363636363636,0.036163522012578615,0.9147727272727273,0.03593890386343217,0.9090909090909091,0.038185085354896675,0.9659090909090909,0.03863432165318958,0.9772727272727273,0.03863432165318958,0.9772727272727273,0.023135669362084457,0.5852272727272727,0.03582659478885894,0.90625,0.03515274034141959,0.8892045454545454,0.036949685534591194,0.9346590909090909,0.022911051212938006,0.5795454545454546,0.038185085354896675,0.9659090909090909,0.03908355795148248,0.9886363636363636,0.03605121293800539,0.9119318181818182
61,0.03137428192664605,0.8068181818181818,0.03546177640300486,0.9119318181818182,0.0382235969951392,0.9829545454545454,0.0382235969951392,0.9829545454545454,0.025850640742377376,0.6647727272727273,0.03225806451612903,0.8295454545454546,0.031042863455589924,0.7982954545454546,0.03413610251878038,0.8778409090909091,0.029385771100309325,0.7556818181818182,0.035682722050375607,0.9176136363636364,0.03247901016349978,0.8352272727272727,0.034577993813521876,0.8892045454545454,0.026734423331860362,0.6875,0.03424657534246575,0.8806818181818182,0.03745028722934158,0.9630681818181818,0.037560760053026956,0.9659090909090909,0.02364118426866991,0.6079545454545454,0.031042863455589924,0.7982954545454546,0.03159522757401679,0.8125,0.03225806451612903,0.8295454545454546,0.02894387980556783,0.7443181818181818,0.034909412284577994,0.8977272727272727,0.03214759169244366,0.8267045454545454,0.03247901016349978,0.8352272727272727,0.030600972160848432,0.7869318181818182,0.03336279275298277,0.8579545454545454,0.037560760053026956,0.9659090909090909,0.03711886875828546,0.9545454545454546,0.025519222271321255,0.65625,0.034025629695095004,0.875,0.033694211224038886,0.8664772727272727,0.033583738400353516,0.8636363636363636,0.03546177640300486,0.9119318181818182,0.033694211224038886,0.8664772727272727,0.030821917808219176,0.7926136363636364,0.03347326557666814,0.8607954545454546,0.02662395050817499,0.6846590909090909,0.03325231992929739,0.8551136363636364,0.033031374281926644,0.8494318181818182,0.033031374281926644,0.8494318181818182,0.020658418029164825,0.53125,0.029717189571365443,0.7642045454545454,0.028391515687140965,0.7301136363636364,0.0328104286345559,0.84375,0.03535130357931949,0.9090909090909091,0.033694211224038886,0.8664772727272727,0.0361246133451171,0.9289772727272727,0.03225806451612903,0.8295454545454546,0.03137428192664605,0.8068181818181818,0.03513035793194874,0.9034090909090909,0.03800265134776845,0.9772727272727273,0.03811312417145382,0.9801136363636364,0.03137428192664605,0.8068181818181818,0.03634555899248785,0.9346590909090909,0.03126380910296067,0.8039772727272727,0.03225806451612903,0.8295454545454546,0.030048608042421564,0.7727272727272727,0.035572249226690236,0.9147727272727273,0.03126380910296067,0.8039772727272727,0.037781705700397704,0.9715909090909091,0.024304021210782147,0.625,0.0344675209898365,0.8863636363636364,0.037892178524083074,0.9744318181818182,0.037781705700397704,0.9715909090909091,0.02054794520547945,0.5284090909090909,0.034025629695095004,0.875,0.02927529827662395,0.7528409090909091,0.03225806451612903,0.8295454545454546,0.029164825452938577,0.75,0.03546177640300486,0.9119318181818182,0.0328104286345559,0.84375,0.035793194874060984,0.9204545454545454,0.035682722050375607,0.9176136363636364,0.03767123287671233,0.96875,0.03800265134776845,0.9772727272727273,0.03800265134776845,0.9772727272727273,0.0224259832081308,0.5767045454545454,0.03535130357931949,0.9090909090909091,0.03413610251878038,0.8778409090909091,0.036566504639858596,0.9403409090909091,0.022867874502872292,0.5880681818181818,0.03767123287671233,0.96875,0.038555015466195316,0.9914772727272727,0.035793194874060984,0.9204545454545454,0.03546177640300486,0.9119318181818182,0.03767123287671233,0.96875,0.03800265134776845,0.9772727272727273,0.03800265134776845,0.9772727272727273,0.02308882015024304,0.59375,0.03524083075563411,0.90625,0.034577993813521876,0.8892045454545454,0.036566504639858596,0.9403409090909091,0.022867874502872292,0.5880681818181818,0.037781705700397704,0.9715909090909091,0.038555015466195316,0.9914772727272727,0.03546177640300486,0.9119318181818182
62,0.03108695652173913,0.8125,0.035,0.9147727272727273,0.03771739130434783,0.9857954545454546,0.03771739130434783,0.9857954545454546,0.025652173913043478,0.6704545454545454,0.03206521739130435,0.8380681818181818,0.030869565217391304,0.8068181818181818,0.03358695652173913,0.8778409090909091,0.029130434782608697,0.7613636363636364,0.035217391304347825,0.9204545454545454,0.03239130434782609,0.8465909090909091,0.034239130434782605,0.8948863636363636,0.02641304347826087,0.6903409090909091,0.03402173913043478,0.8892045454545454,0.03695652173913044,0.9659090909090909,0.03706521739130435,0.96875,0.023369565217391305,0.6107954545454546,0.030543478260869564,0.7982954545454546,0.031195652173913044,0.8153409090909091,0.03195652173913043,0.8352272727272727,0.028695652173913042,0.75,0.03467391304347826,0.90625,0.03195652173913043,0.8352272727272727,0.03195652173913043,0.8352272727272727,0.030434782608695653,0.7954545454545454,0.0333695652173913,0.8721590909090909,0.03695652173913044,0.9659090909090909,0.036521739130434785,0.9545454545454546,0.025652173913043478,0.6704545454545454,0.03358695652173913,0.8778409090909091,0.03326086956521739,0.8693181818181818,0.0333695652173913,0.8721590909090909,0.035108695652173914,0.9176136363636364,0.0333695652173913,0.8721590909090909,0.030434782608695653,0.7954545454545454,0.03391304347826087,0.8863636363636364,0.02641304347826087,0.6903409090909091,0.03293478260869565,0.8607954545454546,0.03271739130434782,0.8551136363636364,0.03282608695652174,0.8579545454545454,0.020543478260869566,0.5369318181818182,0.029782608695652173,0.7784090909090909,0.02793478260869565,0.7301136363636364,0.0325,0.8494318181818182,0.034891304347826085,0.9119318181818182,0.03326086956521739,0.8693181818181818,0.035869565217391305,0.9375,0.03206521739130435,0.8380681818181818,0.030869565217391304,0.8068181818181818,0.034891304347826085,0.9119318181818182,0.0375,0.9801136363636364,0.03760869565217391,0.9829545454545454,0.03097826086956522,0.8096590909090909,0.03608695652173913,0.9431818181818182,0.03130434782608696,0.8181818181818182,0.03184782608695652,0.8323863636363636,0.029673913043478262,0.7755681818181818,0.035,0.9147727272727273,0.03097826086956522,0.8096590909090909,0.03717391304347826,0.9715909090909091,0.02434782608695652,0.6363636363636364,0.034239130434782605,0.8948863636363636,0.03739130434782609,0.9772727272727273,0.03728260869565218,0.9744318181818182,0.02032608695652174,0.53125,0.03358695652173913,0.8778409090909091,0.028804347826086957,0.7528409090909091,0.03206521739130435,0.8380681818181818,0.028804347826086957,0.7528409090909091,0.034891304347826085,0.9119318181818182,0.03271739130434782,0.8551136363636364,0.035326086956521736,0.9232954545454546,0.035217391304347825,0.9204545454545454,0.03706521739130435,0.96875,0.03739130434782609,0.9772727272727273,0.0375,0.9801136363636364,0.022608695652173914,0.5909090909090909,0.034891304347826085,0.9119318181818182,0.033804347826086954,0.8835227272727273,0.036195652173913045,0.9460227272727273,0.02326086956521739,0.6079545454545454,0.03717391304347826,0.9715909090909091,0.03793478260869565,0.9914772727272727,0.035217391304347825,0.9204545454545454,0.035,0.9147727272727273,0.03706521739130435,0.96875,0.03739130434782609,0.9772727272727273,0.0375,0.9801136363636364,0.023043478260869565,0.6022727272727273,0.034782608695652174,0.9090909090909091,0.034565217391304345,0.9034090909090909,0.036195652173913045,0.9460227272727273,0.023043478260869565,0.6022727272727273,0.03728260869565218,0.9744318181818182,0.03793478260869565,0.9914772727272727,0.035543478260869565,0.9289772727272727
63,0.030698470424644346,0.8153409090909091,0.03465611295325703,0.9204545454545454,0.037116269119691944,0.9857954545454546,0.037116269119691944,0.9857954545454546,0.02577815809177452,0.6846590909090909,0.031768103540485614,0.84375,0.030484543801476093,0.8096590909090909,0.03315862659107926,0.8806818181818182,0.02898705743929832,0.7698863636363636,0.03476307626484116,0.9232954545454546,0.032409883409990375,0.8607954545454546,0.0341212963953364,0.90625,0.026099048026526902,0.6931818181818182,0.03347951652583164,0.8892045454545454,0.03636752593860306,0.9659090909090909,0.03647448925018719,0.96875,0.02321103861375548,0.6164772727272727,0.03037758048989197,0.8068181818181818,0.0309123970478126,0.8210227272727273,0.031447213605733236,0.8352272727272727,0.028559204192961814,0.7585227272727273,0.034228259706920526,0.9090909090909091,0.031661140228901485,0.8409090909090909,0.03187506685206974,0.8465909090909091,0.030163653866723712,0.8011363636363636,0.03305166327949513,0.8778409090909091,0.03636752593860306,0.9659090909090909,0.035939672692266555,0.9545454545454546,0.025564231468606268,0.6789772727272727,0.03315862659107926,0.8806818181818182,0.03380040646058402,0.8977272727272727,0.03305166327949513,0.8778409090909091,0.034549149641672904,0.9176136363636364,0.03326558990266339,0.8835227272727273,0.030163653866723712,0.8011363636363636,0.033586479837415764,0.8920454545454546,0.026099048026526902,0.6931818181818182,0.032409883409990375,0.8607954545454546,0.03283773665632688,0.8721590909090909,0.03273077334474275,0.8693181818181818,0.020750882447320568,0.5511363636363636,0.029735800620387207,0.7897727272727273,0.0277034977002888,0.7357954545454546,0.03230292009840625,0.8579545454545454,0.034549149641672904,0.9176136363636364,0.03305166327949513,0.8778409090909091,0.035297892822761794,0.9375,0.03198203016365387,0.8494318181818182,0.03059150711306022,0.8125,0.034335223018504654,0.9119318181818182,0.036902342496523695,0.9801136363636364,0.037009305808107816,0.9829545454545454,0.030698470424644346,0.8153409090909091,0.03561878275751417,0.9460227272727273,0.031019360359396727,0.8238636363636364,0.03134025029414911,0.8323863636363636,0.029414910685634826,0.78125,0.03465611295325703,0.9204545454545454,0.031126323670980855,0.8267045454545454,0.03668841587335544,0.9744318181818182,0.024387635041180876,0.6477272727272727,0.03380040646058402,0.8977272727272727,0.03679537918493957,0.9772727272727273,0.03679537918493957,0.9772727272727273,0.020536955824152315,0.5454545454545454,0.03305166327949513,0.8778409090909091,0.028773130816130067,0.7642045454545454,0.03155417691731736,0.8380681818181818,0.028559204192961814,0.7585227272727273,0.03487003957642529,0.9261363636363636,0.03219595678682212,0.8551136363636364,0.03508396619959354,0.9318181818181818,0.03465611295325703,0.9204545454545454,0.03658145256177131,0.9715909090909091,0.036902342496523695,0.9801136363636364,0.036902342496523695,0.9801136363636364,0.022783185367418975,0.6051136363636364,0.03444218633008878,0.9147727272727273,0.033372553214247515,0.8863636363636364,0.03583270938068243,0.9517045454545454,0.022997111990587227,0.6107954545454546,0.03679537918493957,0.9772727272727273,0.0373301957428602,0.9914772727272727,0.03487003957642529,0.9261363636363636,0.03465611295325703,0.9204545454545454,0.03658145256177131,0.9715909090909091,0.036902342496523695,0.9801136363636364,0.036902342496523695,0.9801136363636364,0.022997111990587227,0.6107954545454546,0.034549149641672904,0.9176136363636364,0.0341212963953364,0.90625,0.03561878275751417,0.9460227272727273,0.023104075302171356,0.6136363636363636,0.03679537918493957,0.9772727272727273,0.0373301957428602,0.9914772727272727,0.03508396619959354,0.9318181818181818
64,0.030430662314415078,0.8210227272727273,0.03432662946193535,0.9261363636363636,0.03653785405917658,0.9857954545454546,0.03653785405917658,0.9857954545454546,0.025587027482362853,0.6903409090909091,0.03169421922712436,0.8551136363636364,0.030641255133199957,0.8267045454545454,0.03285247973044119,0.8863636363636364,0.028640623354743603,0.7727272727272727,0.03443192587132779,0.9289772727272727,0.03190481204590923,0.8607954545454546,0.03369485100558071,0.9090909090909091,0.02569232389175529,0.6931818181818182,0.03306307254922607,0.8920454545454546,0.03590607560282194,0.96875,0.03590607560282194,0.96875,0.022954617247551858,0.6193181818181818,0.0302200694956302,0.8153409090909091,0.03053595872380752,0.8238636363636364,0.031062440770769716,0.8380681818181818,0.028219437717173845,0.7613636363636364,0.03380014741497315,0.9119318181818182,0.031588922817731915,0.8522727272727273,0.031588922817731915,0.8522727272727273,0.0302200694956302,0.8153409090909091,0.03295777613983363,0.8892045454545454,0.035800779193429506,0.9659090909090909,0.03537959355585975,0.9545454545454546,0.02569232389175529,0.6931818181818182,0.03274718332104875,0.8835227272727273,0.03337896177740339,0.9005681818181818,0.032641886911656315,0.8806818181818182,0.03443192587132779,0.9289772727272727,0.03285247973044119,0.8863636363636364,0.03000947667684532,0.8096590909090909,0.03316836895861851,0.8948863636363636,0.02590291671054017,0.6988636363636364,0.032115404864694115,0.8664772727272727,0.03243129409287143,0.875,0.03243129409287143,0.875,0.021059281878487945,0.5681818181818182,0.029693587448668,0.8011363636363636,0.027271770032641886,0.7357954545454546,0.03232599768347899,0.8721590909090909,0.034116036643150466,0.9204545454545454,0.032536590502263874,0.8778409090909091,0.03485311150889755,0.9403409090909091,0.0317995156365168,0.8579545454545454,0.030430662314415078,0.8210227272727273,0.03390544382436559,0.9147727272727273,0.03643255764978414,0.9829545454545454,0.03643255764978414,0.9829545454545454,0.030641255133199957,0.8267045454545454,0.035169000737074865,0.9488636363636364,0.030957144361377278,0.8352272727272727,0.03137832999894703,0.8465909090909091,0.029377698220490682,0.7926136363636364,0.03422133305254291,0.9232954545454546,0.031062440770769716,0.8380681818181818,0.03611666842160682,0.9744318181818182,0.024534063388438453,0.6619318181818182,0.03348425818679583,0.9034090909090909,0.036221964830999265,0.9772727272727273,0.036221964830999265,0.9772727272727273,0.020322207012740866,0.5482954545454546,0.032536590502263874,0.8778409090909091,0.028324734126566282,0.7642045454545454,0.031167737180162157,0.8409090909090909,0.028430030535958724,0.7670454545454546,0.03432662946193535,0.9261363636363636,0.03190481204590923,0.8607954545454546,0.034642518690112666,0.9346590909090909,0.03443192587132779,0.9289772727272727,0.03601137201221438,0.9715909090909091,0.03643255764978414,0.9829545454545454,0.03653785405917658,0.9857954545454546,0.02274402442876698,0.6136363636363636,0.03422133305254291,0.9232954545454546,0.03316836895861851,0.8948863636363636,0.03527429714646731,0.9517045454545454,0.0230599136569443,0.6221590909090909,0.0363272612403917,0.9801136363636364,0.036748446877961465,0.9914772727272727,0.034537222280720224,0.9318181818181818,0.03422133305254291,0.9232954545454546,0.03601137201221438,0.9715909090909091,0.03643255764978414,0.9829545454545454,0.03653785405917658,0.9857954545454546,0.02284932083815942,0.6164772727272727,0.034116036643150466,0.9204545454545454,0.03390544382436559,0.9147727272727273,0.035169000737074865,0.9488636363636364,0.022954617247551858,0.6193181818181818,0.0363272612403917,0.9801136363636364,0.036748446877961465,0.9914772727272727,0.03485311150889755,0.9403409090909091
65,0.030064275347294216,0.8238636363636364,0.033900062201948994,0.9289772727272727,0.03607713041675306,0.9886363636363636,0.03607713041675306,0.9886363636363636,0.02550279908770475,0.6988636363636364,0.031411984242172925,0.8607954545454546,0.030789964752228904,0.84375,0.032552353307070285,0.8920454545454546,0.02819821687746216,0.7727272727272727,0.03400373211693966,0.9318181818181818,0.03151565415716359,0.8636363636363636,0.033589052456976985,0.9204545454545454,0.025813808832676758,0.7073863636363636,0.032552353307070285,0.8920454545454546,0.03545511092680904,0.9715909090909091,0.03545511092680904,0.9715909090909091,0.022807381297947335,0.625,0.030064275347294216,0.8238636363636364,0.030271615177275554,0.8295454545454546,0.030893634667219574,0.8465909090909091,0.02788720713249015,0.7642045454545454,0.033381712626995644,0.9147727272727273,0.031411984242172925,0.8607954545454546,0.031204644412191583,0.8551136363636364,0.029856935517312874,0.8181818181818182,0.03244868339207962,0.8892045454545454,0.0352477710968277,0.9659090909090909,0.03483309143686502,0.9545454545454546,0.025917478747667425,0.7102272727272727,0.032241343562098276,0.8835227272727273,0.0328633630520423,0.9005681818181818,0.03213767364710761,0.8806818181818182,0.03400373211693966,0.9318181818181818,0.03244868339207962,0.8892045454545454,0.029545925772340866,0.8096590909090909,0.032759693137051626,0.8977272727272727,0.025813808832676758,0.7073863636363636,0.03161932407215426,0.8664772727272727,0.032241343562098276,0.8835227272727273,0.032241343562098276,0.8835227272727273,0.02125233257308729,0.5823863636363636,0.0294422558573502,0.8068181818181818,0.026850507982583455,0.7357954545454546,0.03203400373211694,0.8778409090909091,0.03369272237196765,0.9232954545454546,0.032241343562098276,0.8835227272727273,0.03431474186191167,0.9403409090909091,0.03130831432718225,0.8579545454545454,0.030064275347294216,0.8238636363636364,0.033381712626995644,0.9147727272727273,0.03586979058677172,0.9829545454545454,0.03586979058677172,0.9829545454545454,0.030478955007256895,0.8352272727272727,0.034625751606883685,0.9488636363636364,0.030789964752228904,0.84375,0.031100974497200912,0.8522727272727273,0.02902757619738752,0.7954545454545454,0.03379639228695833,0.9261363636363636,0.030789964752228904,0.84375,0.03566245075679038,0.9772727272727273,0.02456976985278872,0.6732954545454546,0.033070702882023635,0.90625,0.03566245075679038,0.9772727272727273,0.03566245075679038,0.9772727272727273,0.02073398299813394,0.5681818181818182,0.03203400373211694,0.8778409090909091,0.027990877047480822,0.7670454545454546,0.030789964752228904,0.84375,0.0284055567074435,0.7784090909090909,0.03379639228695833,0.9261363636363636,0.03151565415716359,0.8636363636363636,0.034211071946921,0.9375,0.03400373211693966,0.9318181818181818,0.03545511092680904,0.9715909090909091,0.03607713041675306,0.9886363636363636,0.03607713041675306,0.9886363636363636,0.023014721127928676,0.6306818181818182,0.03379639228695833,0.9261363636363636,0.03296703296703297,0.9034090909090909,0.03483309143686502,0.9545454545454546,0.022807381297947335,0.625,0.035766120671781046,0.9801136363636364,0.036284470246734396,0.9943181818181818,0.034418411776902344,0.9431818181818182,0.03379639228695833,0.9261363636363636,0.03545511092680904,0.9715909090909091,0.03607713041675306,0.9886363636363636,0.03607713041675306,0.9886363636363636,0.023014721127928676,0.6306818181818182,0.03379639228695833,0.9261363636363636,0.033589052456976985,0.9204545454545454,0.03472942152187435,0.9517045454545454,0.022807381297947335,0.625,0.035766120671781046,0.9801136363636364,0.036284470246734396,0.9943181818181818,0.03431474186191167,0.9403409090909091
66,0.03001837859914233,0.8352272727272727,0.0333877884419032,0.9289772727272727,0.035531958341841946,0.9886363636363636,0.035531958341841946,0.9886363636363636,0.025730038799264856,0.7159090909090909,0.031039411884827447,0.8636363636363636,0.0306309985705534,0.8522727272727273,0.032060445170512555,0.8920454545454546,0.02828262201347764,0.7869318181818182,0.033489891770471715,0.9318181818181818,0.03134572187053298,0.8721590909090909,0.0332856851133347,0.9261363636363636,0.025730038799264856,0.7159090909090909,0.032060445170512555,0.8920454545454546,0.034919338370430875,0.9715909090909091,0.035021441698999387,0.9744318181818182,0.022564835613641004,0.6278409090909091,0.030120481927710843,0.8380681818181818,0.030120481927710843,0.8380681818181818,0.0306309985705534,0.8522727272727273,0.027772105370635083,0.7727272727272727,0.033183581784766186,0.9232954545454546,0.031243618541964467,0.8693181818181818,0.030835205227690423,0.8579545454545454,0.0297120686134368,0.8267045454545454,0.03195834184194405,0.8892045454545454,0.03471513171329385,0.9659090909090909,0.03481723504186236,0.96875,0.02593424545640188,0.7215909090909091,0.03185623851337554,0.8863636363636364,0.03236675515621809,0.9005681818181818,0.03195834184194405,0.8892045454545454,0.03359199509904023,0.9346590909090909,0.03195834184194405,0.8892045454545454,0.02909944864202573,0.8096590909090909,0.03277516847049214,0.9119318181818182,0.025627935470696344,0.7130681818181818,0.031141515213395955,0.8664772727272727,0.03185623851337554,0.8863636363636364,0.03185623851337554,0.8863636363636364,0.021645905656524404,0.6022727272727273,0.029201551970594243,0.8125,0.026444762099244436,0.7357954545454546,0.031652031856238515,0.8806818181818182,0.0332856851133347,0.9261363636363636,0.03185623851337554,0.8863636363636364,0.034000408413314274,0.9460227272727273,0.030835205227690423,0.8579545454545454,0.02991627527057382,0.8323863636363636,0.033081478456197674,0.9204545454545454,0.03532775168470492,0.9829545454545454,0.03532775168470492,0.9829545454545454,0.030324688584847867,0.84375,0.034102511741882786,0.9488636363636364,0.030528895241984887,0.8494318181818182,0.03073310189912191,0.8551136363636364,0.028691035327751684,0.7982954545454546,0.03369409842760874,0.9375,0.0306309985705534,0.8522727272727273,0.0351235450275679,0.9772727272727273,0.024402695527874208,0.6789772727272727,0.032570961813355115,0.90625,0.03532775168470492,0.9829545454545454,0.0351235450275679,0.9772727272727273,0.020829079027976313,0.5795454545454546,0.031652031856238515,0.8806818181818182,0.02767000204206657,0.7698863636363636,0.0306309985705534,0.8522727272727273,0.02828262201347764,0.7869318181818182,0.0333877884419032,0.9289772727272727,0.03144782519910149,0.875,0.034000408413314274,0.9460227272727273,0.03359199509904023,0.9346590909090909,0.035021441698999387,0.9744318181818182,0.035531958341841946,0.9886363636363636,0.035531958341841946,0.9886363636363636,0.02287114559934654,0.6363636363636364,0.0332856851133347,0.9261363636363636,0.03297937512762916,0.9176136363636364,0.03440882172758832,0.9573863636363636,0.022666938942209516,0.6306818181818182,0.03522564835613641,0.9801136363636364,0.03573616499897897,0.9943181818181818,0.0342046150704513,0.9517045454545454,0.033489891770471715,0.9318181818181818,0.034919338370430875,0.9715909090909091,0.035531958341841946,0.9886363636363636,0.035531958341841946,0.9886363636363636,0.023279558913620584,0.6477272727272727,0.0332856851133347,0.9261363636363636,0.033183581784766186,0.9232954545454546,0.0342046150704513,0.9517045454545454,0.02287114559934654,0.6363636363636364,0.035531958341841946,0.9886363636363636,0.03573616499897897,0.9943181818181818,0.03389830508474576,0.9431818181818182
67,0.02967209816938242,0.8380681818181818,0.032890766445383225,0.9289772727272727,0.03510360088513378,0.9914772727272727,0.03510360088513378,0.9914772727272727,0.025749346208006438,0.7272727272727273,0.030577348622007644,0.8636363636363636,0.03047676523838262,0.8607954545454546,0.03168376584188292,0.8948863636363636,0.02816334741500704,0.7954545454545454,0.03329309997988332,0.9403409090909091,0.03108026554013277,0.8778409090909091,0.032890766445383225,0.9289772727272727,0.025548179440756387,0.7215909090909091,0.03178434922550795,0.8977272727272727,0.034500100583383625,0.9744318181818182,0.034500100583383625,0.9744318181818182,0.022430094548380606,0.6335227272727273,0.029973848320257495,0.8465909090909091,0.029772681553007444,0.8409090909090909,0.030275598471132568,0.8551136363636364,0.027459263729631866,0.7755681818181818,0.032689599678133174,0.9232954545454546,0.03087909877288272,0.8721590909090909,0.030376181854757593,0.8579545454545454,0.029269764634882317,0.8267045454545454,0.03168376584188292,0.8948863636363636,0.03460068396700865,0.9772727272727273,0.034298933816133574,0.96875,0.02625226312613156,0.7414772727272727,0.03148259907463287,0.8892045454545454,0.032186682760008044,0.9090909090909091,0.03168376584188292,0.8948863636363636,0.03329309997988332,0.9403409090909091,0.03188493260913297,0.9005681818181818,0.028666264333132168,0.8096590909090909,0.032387849527258095,0.9147727272727273,0.025548179440756387,0.7215909090909091,0.030778515389257695,0.8693181818181818,0.03148259907463287,0.8892045454545454,0.03148259907463287,0.8892045454545454,0.021927177630255482,0.6193181818181818,0.028766847716757193,0.8125,0.026051096358881514,0.7357954545454546,0.031180848923757797,0.8806818181818182,0.032790183061758196,0.9261363636363636,0.0315831824582579,0.8920454545454546,0.0335948501307584,0.9488636363636364,0.030577348622007644,0.8636363636363636,0.02967209816938242,0.8380681818181818,0.032689599678133174,0.9232954545454546,0.0348018507342587,0.9829545454545454,0.0348018507342587,0.9829545454545454,0.030376181854757593,0.8579545454545454,0.03379601689800845,0.9545454545454546,0.030376181854757593,0.8579545454545454,0.03067793200563267,0.8664772727272727,0.028666264333132168,0.8096590909090909,0.03339368336350835,0.9431818181818182,0.03047676523838262,0.8607954545454546,0.03460068396700865,0.9772727272727273,0.024341178837256085,0.6875,0.03208609937638302,0.90625,0.0348018507342587,0.9829545454545454,0.034701267350633676,0.9801136363636364,0.02051901025950513,0.5795454545454546,0.03128143230738282,0.8835227272727273,0.027861597264131965,0.7869318181818182,0.03047676523838262,0.8607954545454546,0.02816334741500704,0.7954545454545454,0.03299134982900825,0.9318181818181818,0.03138201569100785,0.8863636363636364,0.03349426674713337,0.9460227272727273,0.033091933212633276,0.9346590909090909,0.03460068396700865,0.9772727272727273,0.03500301750150875,0.9886363636363636,0.03500301750150875,0.9886363636363636,0.022731844699255682,0.6420454545454546,0.032890766445383225,0.9289772727272727,0.032488432910883124,0.9176136363636364,0.03389660028163347,0.9573863636363636,0.022933011466505733,0.6477272727272727,0.03500301750150875,0.9886363636363636,0.03530476765238383,0.9971590909090909,0.03379601689800845,0.9545454545454546,0.033091933212633276,0.9346590909090909,0.034500100583383625,0.9744318181818182,0.03500301750150875,0.9886363636363636,0.03500301750150875,0.9886363636363636,0.02343592838463086,0.6619318181818182,0.03299134982900825,0.9318181818181818,0.03299134982900825,0.9318181818181818,0.03369543351438342,0.9517045454545454,0.022933011466505733,0.6477272727272727,0.03510360088513378,0.9914772727272727,0.03530476765238383,0.9971590909090909,0.03389660028163347,0.9573863636363636
68,0.029432167277772273,0.84375,0.032702408086413635,0.9375,0.03458527400654048,0.9914772727272727,0.03458527400654048,0.9914772727272727,0.026062828262808445,0.7471590909090909,0.03042314934099693,0.8721590909090909,0.030224952928351995,0.8664772727272727,0.03121593499157665,0.8948863636363636,0.028044792389257753,0.8039772727272727,0.032900604499058565,0.9431818181818182,0.03101773857893172,0.8892045454545454,0.03260330988009117,0.9346590909090909,0.025369140818551184,0.7272727272727273,0.03151322961054405,0.9034090909090909,0.033990684768605686,0.9744318181818182,0.033990684768605686,0.9744318181818182,0.02239619462887722,0.6420454545454546,0.029828560103062136,0.8551136363636364,0.03012585472202953,0.8636363636363636,0.0299276583093846,0.8579545454545454,0.02745020315132296,0.7869318181818182,0.03220691705480131,0.9232954545454546,0.030522247547319394,0.875,0.030026756515707066,0.8607954545454546,0.029134872658804874,0.8352272727272727,0.03121593499157665,0.8948863636363636,0.03408978297492815,0.9772727272727273,0.033792488355960756,0.96875,0.026261024675453375,0.7528409090909091,0.03101773857893172,0.8892045454545454,0.032306015261123776,0.9261363636363636,0.03121593499157665,0.8948863636363636,0.033098800911703495,0.9488636363636364,0.03151322961054405,0.9034090909090909,0.02854028342087008,0.8181818181818182,0.032107818848478846,0.9204545454545454,0.025369140818551184,0.7272727272727273,0.030522247547319394,0.875,0.031414131404221585,0.9005681818181818,0.03121593499157665,0.8948863636363636,0.021801605390942422,0.625,0.028738479833515015,0.8238636363636364,0.02566643543751858,0.7357954545454546,0.031414131404221585,0.9005681818181818,0.03240511346744624,0.9289772727272727,0.031414131404221585,0.9005681818181818,0.033098800911703495,0.9488636363636364,0.030324051134674464,0.8693181818181818,0.029630363690417202,0.8494318181818182,0.03240511346744624,0.9289772727272727,0.03428797938757309,0.9829545454545454,0.03458527400654048,0.9914772727272727,0.0299276583093846,0.8579545454545454,0.0333960955306709,0.9573863636363636,0.030224952928351995,0.8664772727272727,0.030720443959964323,0.8806818181818182,0.028639381627192546,0.8210227272727273,0.033098800911703495,0.9488636363636364,0.03012585472202953,0.8636363636363636,0.03408978297492815,0.9772727272727273,0.024378158755326527,0.6988636363636364,0.03171142602318898,0.9090909090909091,0.03428797938757309,0.9829545454545454,0.034188881181250616,0.9801136363636364,0.020612426915072837,0.5909090909090909,0.031116836785254186,0.8920454545454546,0.028738479833515015,0.8238636363636364,0.03012585472202953,0.8636363636363636,0.028044792389257753,0.8039772727272727,0.032900604499058565,0.9431818181818182,0.031116836785254186,0.8920454545454546,0.03299970270538103,0.9460227272727273,0.032702408086413635,0.9375,0.03408978297492815,0.9772727272727273,0.03448617580021802,0.9886363636363636,0.03448617580021802,0.9886363636363636,0.022693489247844614,0.6505681818181818,0.03260330988009117,0.9346590909090909,0.032107818848478846,0.9204545454545454,0.0333960955306709,0.9573863636363636,0.022693489247844614,0.6505681818181818,0.03458527400654048,0.9914772727272727,0.03478347041918541,0.9971590909090909,0.03349519373699336,0.9602272727272727,0.032702408086413635,0.9375,0.03408978297492815,0.9772727272727273,0.03448617580021802,0.9886363636363636,0.03448617580021802,0.9886363636363636,0.02348627489842434,0.6732954545454546,0.03260330988009117,0.9346590909090909,0.03299970270538103,0.9460227272727273,0.03329699732434843,0.9545454545454546,0.022990783866812012,0.6590909090909091,0.03468437221286295,0.9943181818181818,0.03478347041918541,0.9971590909090909,0.03349519373699336,0.9602272727272727
69,0.0292020705146987,0.8494318181818182,0.032327375720285184,0.9403409090909091,0.03408535989842758,0.9914772727272727,0.03408535989842758,0.9914772727272727,0.02597909952143764,0.7556818181818182,0.0300810626037699,0.875,0.030178728391444476,0.8778409090909091,0.030960054692841098,0.9005681818181818,0.02763941791190546,0.8039772727272727,0.03252270729563434,0.9460227272727273,0.030667057329817365,0.8920454545454546,0.03222970993261061,0.9375,0.025393104795390174,0.7386363636363636,0.031350717843539405,0.9119318181818182,0.03349936517238011,0.9744318181818182,0.03349936517238011,0.9744318181818182,0.02236546537747827,0.6505681818181818,0.02959273366539701,0.8607954545454546,0.030178728391444476,0.8778409090909091,0.029788065240746165,0.8664772727272727,0.027346420548881728,0.7954545454545454,0.031839046781912295,0.9261363636363636,0.030276394179119055,0.8806818181818182,0.029983396816095322,0.8721590909090909,0.029006738939349547,0.84375,0.03086238890516652,0.8977272727272727,0.033597030960054695,0.9772727272727273,0.03330403359703096,0.96875,0.026272096884461374,0.7642045454545454,0.030569391542142787,0.8892045454545454,0.03252270729563434,0.9460227272727273,0.030960054692841098,0.9005681818181818,0.03271803887098349,0.9517045454545454,0.03115538626819025,0.90625,0.028127746850278346,0.8181818181818182,0.03174138099423772,0.9232954545454546,0.025393104795390174,0.7386363636363636,0.030178728391444476,0.8778409090909091,0.03125305205586483,0.9090909090909091,0.03125305205586483,0.9090909090909091,0.021877136439105382,0.6363636363636364,0.028713741576325814,0.8352272727272727,0.025490770583064752,0.7414772727272727,0.031057720480515676,0.9034090909090909,0.03222970993261061,0.9375,0.03115538626819025,0.90625,0.03271803887098349,0.9517045454545454,0.0300810626037699,0.875,0.02929973630237328,0.8522727272727273,0.03203437835726145,0.9318181818181818,0.03389002832307843,0.9857954545454546,0.03408535989842758,0.9914772727272727,0.029885731028420744,0.8693181818181818,0.03291337044633265,0.9573863636363636,0.029983396816095322,0.8721590909090909,0.030569391542142787,0.8892045454545454,0.028323078425627504,0.8238636363636364,0.03291337044633265,0.9573863636363636,0.029885731028420744,0.8693181818181818,0.033597030960054695,0.9772727272727273,0.02470944428166813,0.71875,0.03125305205586483,0.9090909090909091,0.03389002832307843,0.9857954545454546,0.033792362535403846,0.9829545454545454,0.02109581013770876,0.6136363636363636,0.030960054692841098,0.9005681818181818,0.030178728391444476,0.8778409090909091,0.029788065240746165,0.8664772727272727,0.027932415274929193,0.8125,0.03252270729563434,0.9460227272727273,0.030764723117491944,0.8948863636363636,0.032620373083308916,0.9488636363636364,0.03222970993261061,0.9375,0.033597030960054695,0.9772727272727273,0.03408535989842758,0.9914772727272727,0.03408535989842758,0.9914772727272727,0.022658462740502,0.6590909090909091,0.03222970993261061,0.9375,0.03213204414493603,0.9346590909090909,0.03291337044633265,0.9573863636363636,0.02314679167887489,0.6732954545454546,0.03418302568610216,0.9943181818181818,0.034280691473776735,0.9971590909090909,0.033011036234007224,0.9602272727272727,0.03222970993261061,0.9375,0.03369469674772927,0.9801136363636364,0.03408535989842758,0.9914772727272727,0.03408535989842758,0.9914772727272727,0.02324445746654947,0.6761363636363636,0.032327375720285184,0.9403409090909091,0.032620373083308916,0.9488636363636364,0.032815704658658074,0.9545454545454546,0.022951460103525737,0.6676136363636364,0.03418302568610216,0.9943181818181818,0.034280691473776735,0.9971590909090909,0.03320636780935638,0.9659090909090909
70,0.028975741239892182,0.8551136363636364,0.03195995379283789,0.9431818181818182,0.03359645745090489,0.9914772727272727,0.03359645745090489,0.9914772727272727,0.025991528686946475,0.7670454545454546,0.029745860608394303,0.8778409090909091,0.029842125529457066,0.8806818181818182,0.030612244897959183,0.9034090909090909,0.027628032345013476,0.8153409090909091,0.03234501347708895,0.9545454545454546,0.030612244897959183,0.9034090909090909,0.031863688871775125,0.9403409090909091,0.025317674239507124,0.7471590909090909,0.03118983442433577,0.9204545454545454,0.0330188679245283,0.9744318181818182,0.0330188679245283,0.9744318181818182,0.022333461686561418,0.6590909090909091,0.029264536003080478,0.8636363636363636,0.030227185213708124,0.8920454545454546,0.029842125529457066,0.8806818181818182,0.027435502502887947,0.8096590909090909,0.03157489410858683,0.9318181818181818,0.030227185213708124,0.8920454545454546,0.029553330766268773,0.8721590909090909,0.02868694647670389,0.8465909090909091,0.030804774740084712,0.9090909090909091,0.03311513284559107,0.9772727272727273,0.032826338082402776,0.96875,0.02608779360800924,0.7698863636363636,0.03032345013477089,0.8948863636363636,0.03205621871390065,0.9460227272727273,0.030612244897959183,0.9034090909090909,0.032248748556026184,0.9517045454545454,0.03090103966114748,0.9119318181818182,0.028205621871390064,0.8323863636363636,0.03176742395071236,0.9375,0.025317674239507124,0.7471590909090909,0.029938390450519832,0.8835227272727273,0.03118983442433577,0.9204545454545454,0.031093569503273008,0.9176136363636364,0.02214093184443589,0.6534090909090909,0.028398151713515594,0.8380681818181818,0.025798998844820946,0.7613636363636364,0.030612244897959183,0.9034090909090909,0.03205621871390065,0.9460227272727273,0.03070850981902195,0.90625,0.03234501347708895,0.9545454545454546,0.029649595687331536,0.875,0.028975741239892182,0.8551136363636364,0.03167115902964959,0.9346590909090909,0.03350019252984213,0.9886363636363636,0.03359645745090489,0.9914772727272727,0.029745860608394303,0.8778409090909091,0.03273007316134001,0.9659090909090909,0.029938390450519832,0.8835227272727273,0.030227185213708124,0.8920454545454546,0.0281093569503273,0.8295454545454546,0.03244127839815172,0.9573863636363636,0.029842125529457066,0.8806818181818182,0.03311513284559107,0.9772727272727273,0.02464381979206777,0.7272727272727273,0.03099730458221024,0.9147727272727273,0.03340392760877936,0.9857954545454546,0.033307662687716594,0.9829545454545454,0.020985752791682712,0.6193181818181818,0.03090103966114748,0.9119318181818182,0.030419715055833654,0.8977272727272727,0.029457065845206007,0.8693181818181818,0.027916827108201772,0.8238636363636364,0.032248748556026184,0.9517045454545454,0.03070850981902195,0.90625,0.03215248363496342,0.9488636363636364,0.03176742395071236,0.9375,0.033211397766653834,0.9801136363636364,0.03369272237196765,0.9943181818181818,0.03369272237196765,0.9943181818181818,0.02242972660762418,0.6619318181818182,0.03195995379283789,0.9431818181818182,0.03176742395071236,0.9375,0.03244127839815172,0.9573863636363636,0.023103581055063535,0.6818181818181818,0.03369272237196765,0.9943181818181818,0.033885252214093185,1.0,0.03273007316134001,0.9659090909090909,0.031863688871775125,0.9403409090909091,0.033211397766653834,0.9801136363636364,0.03369272237196765,0.9943181818181818,0.03369272237196765,0.9943181818181818,0.02358490566037736,0.6960227272727273,0.031863688871775125,0.9403409090909091,0.032537543319214476,0.9602272727272727,0.03234501347708895,0.9545454545454546,0.02300731613400077,0.6789772727272727,0.03369272237196765,0.9943181818181818,0.03378898729303042,0.9971590909090909,0.032826338082402776,0.96875
71,0.02885345482156416,0.8636363636363636,0.03160592255125285,0.9460227272727273,0.03312452543659833,0.9914772727272727,0.03312452543659833,0.9914772727272727,0.026100987091875475,0.78125,0.02951784358390281,0.8835227272727273,0.029612756264236904,0.8863636363636364,0.030372057706909643,0.9090909090909091,0.027429764616552773,0.8210227272727273,0.03198557327258922,0.9573863636363636,0.03027714502657555,0.90625,0.03141609719058466,0.9403409090909091,0.02553151100987092,0.7642045454545454,0.030846621108580108,0.9232954545454546,0.032555049354593774,0.9744318181818182,0.032649962034927864,0.9772727272727273,0.02230447987851177,0.6676136363636364,0.029233105542900532,0.875,0.03018223234624146,0.9034090909090909,0.02951784358390281,0.8835227272727273,0.02733485193621868,0.8181818181818182,0.03151100987091875,0.9431818181818182,0.02999240698557327,0.8977272727272727,0.029328018223234623,0.8778409090909091,0.02847380410022779,0.8522727272727273,0.030561883067577827,0.9147727272727273,0.032649962034927864,0.9772727272727273,0.032365223993925586,0.96875,0.026100987091875475,0.78125,0.030087319665907365,0.9005681818181818,0.03160592255125285,0.9460227272727273,0.030372057706909643,0.9090909090909091,0.03189066059225513,0.9545454545454546,0.03065679574791192,0.9176136363636364,0.02780941533788914,0.8323863636363636,0.03132118451025057,0.9375,0.025436598329536826,0.7613636363636364,0.02989749430523918,0.8948863636363636,0.030751708428246014,0.9204545454545454,0.030751708428246014,0.9204545454545454,0.02268413059984814,0.6789772727272727,0.028189066059225512,0.84375,0.02600607441154138,0.7784090909090909,0.03027714502657555,0.90625,0.03170083523158694,0.9488636363636364,0.030466970387243737,0.9119318181818182,0.03198557327258922,0.9573863636363636,0.029802581624905088,0.8920454545454546,0.028758542141230067,0.8607954545454546,0.03132118451025057,0.9375,0.03312452543659833,0.9914772727272727,0.03321943811693242,0.9943181818181818,0.029422930903568716,0.8806818181818182,0.032365223993925586,0.96875,0.029707668944570994,0.8892045454545454,0.02989749430523918,0.8948863636363636,0.027999240698557328,0.8380681818181818,0.03198557327258922,0.9573863636363636,0.02951784358390281,0.8835227272727273,0.032649962034927864,0.9772727272727273,0.024677296886864084,0.7386363636363636,0.030561883067577827,0.9147727272727273,0.03293470007593014,0.9857954545454546,0.03293470007593014,0.9857954545454546,0.02116552771450266,0.6335227272727273,0.030751708428246014,0.9204545454545454,0.02999240698557327,0.8977272727272727,0.029233105542900532,0.875,0.02771450265755505,0.8295454545454546,0.03189066059225513,0.9545454545454546,0.030561883067577827,0.9147727272727273,0.03179574791192103,0.9517045454545454,0.03132118451025057,0.9375,0.03274487471526196,0.9801136363636364,0.03321943811693242,0.9943181818181818,0.03321943811693242,0.9943181818181818,0.022399392558845863,0.6704545454545454,0.03160592255125285,0.9460227272727273,0.03179574791192103,0.9517045454545454,0.03198557327258922,0.9573863636363636,0.022968868640850418,0.6875,0.03321943811693242,0.9943181818181818,0.033409263477600606,1.0,0.032555049354593774,0.9744318181818182,0.03141609719058466,0.9403409090909091,0.03274487471526196,0.9801136363636364,0.03321943811693242,0.9943181818181818,0.03321943811693242,0.9943181818181818,0.02372817008352316,0.7102272727272727,0.03170083523158694,0.9488636363636364,0.03208048595292331,0.9602272727272727,0.03198557327258922,0.9573863636363636,0.0231586940015186,0.6931818181818182,0.03321943811693242,0.9943181818181818,0.033409263477600606,1.0,0.03246013667425968,0.9715909090909091
72,0.028640958442530888,0.8693181818181818,0.03135529764133283,0.9517045454545454,0.03266566828903032,0.9914772727272727,0.03266566828903032,0.9914772727272727,0.026020217147135906,0.7897727272727273,0.029108947959565704,0.8835227272727273,0.02920254586297267,0.8863636363636364,0.030044926993635344,0.9119318181818182,0.027236989891426432,0.8267045454545454,0.03172968925496069,0.9630681818181818,0.02995132909022838,0.9090909090909091,0.031168101834518906,0.9460227272727273,0.02545862972669412,0.7727272727272727,0.03051291651067016,0.9261363636363636,0.03219767877199551,0.9772727272727273,0.03219767877199551,0.9772727272727273,0.02227630101085736,0.6761363636363636,0.02892175215275178,0.8778409090909091,0.030138524897042305,0.9147727272727273,0.029296143766379634,0.8892045454545454,0.027236989891426432,0.8267045454545454,0.03126169973792587,0.9488636363636364,0.029857731186821414,0.90625,0.029015350056158743,0.8806818181818182,0.028266566828903033,0.8579545454545454,0.030138524897042305,0.9147727272727273,0.03219767877199551,0.9772727272727273,0.03191688506177462,0.96875,0.026581804567577687,0.8068181818181818,0.02967053538000749,0.9005681818181818,0.031168101834518906,0.9460227272727273,0.030138524897042305,0.9147727272727273,0.03163609135155372,0.9602272727272727,0.030325720703856234,0.9204545454545454,0.027611381505054287,0.8380681818181818,0.030887308124298015,0.9375,0.025365031823287157,0.7698863636363636,0.029576937476600524,0.8977272727272727,0.030325720703856234,0.9204545454545454,0.030325720703856234,0.9204545454545454,0.022744290527892175,0.6903409090909091,0.027892175215275178,0.8465909090909091,0.026301010857356796,0.7982954545454546,0.030044926993635344,0.9119318181818182,0.0314488955447398,0.9545454545454546,0.03023212280044927,0.9176136363636364,0.03172968925496069,0.9630681818181818,0.029576937476600524,0.8977272727272727,0.028547360539123923,0.8664772727272727,0.030887308124298015,0.9375,0.03275926619243729,0.9943181818181818,0.03285286409584425,0.9971590909090909,0.029108947959565704,0.8835227272727273,0.03191688506177462,0.96875,0.029296143766379634,0.8892045454545454,0.02948333957319356,0.8948863636363636,0.02817296892549607,0.8551136363636364,0.03154249344814676,0.9573863636363636,0.029296143766379634,0.8892045454545454,0.03229127667540247,0.9801136363636364,0.024803444402845376,0.7528409090909091,0.03070011231748409,0.9318181818181818,0.0324784724822164,0.9857954545454546,0.0324784724822164,0.9857954545454546,0.021246724073380758,0.6448863636363636,0.03079371022089105,0.9346590909090909,0.029576937476600524,0.8977272727272727,0.02920254586297267,0.8863636363636364,0.027424185698240358,0.8323863636363636,0.03172968925496069,0.9630681818181818,0.03023212280044927,0.9176136363636364,0.03135529764133283,0.9517045454545454,0.03098090602770498,0.9403409090909091,0.03229127667540247,0.9801136363636364,0.03275926619243729,0.9943181818181818,0.03275926619243729,0.9943181818181818,0.022463496817671284,0.6818181818181818,0.03135529764133283,0.9517045454545454,0.03182328715836765,0.9659090909090909,0.03172968925496069,0.9630681818181818,0.022931486334706104,0.6960227272727273,0.03275926619243729,0.9943181818181818,0.03294646199925122,1.0,0.03219767877199551,0.9772727272727273,0.03098090602770498,0.9403409090909091,0.03238487457880943,0.9829545454545454,0.03275926619243729,0.9943181818181818,0.03275926619243729,0.9943181818181818,0.02386746536877574,0.7244318181818182,0.0314488955447398,0.9545454545454546,0.03191688506177462,0.96875,0.03163609135155372,0.9602272727272727,0.02311868214152003,0.7017045454545454,0.03285286409584425,0.9971590909090909,0.03294646199925122,1.0,0.03210408086858854,0.9744318181818182
73,0.028523954583217947,0.8778409090909091,0.031108649496907597,0.9573863636363636,0.03221637588848888,0.9914772727272727,0.03221637588848888,0.9914772727272727,0.02612388073479184,0.8039772727272727,0.02870857564848149,0.8835227272727273,0.028800886181113265,0.8863636363636364,0.029816302040062772,0.9176136363636364,0.027323917659004892,0.8409090909090909,0.03129327056217114,0.9630681818181818,0.03009323363795809,0.9261363636363636,0.030739407366380506,0.9460227272727273,0.02529308594110588,0.7784090909090909,0.030277854703221637,0.9318181818181818,0.03184713375796178,0.9801136363636364,0.03184713375796178,0.9801136363636364,0.022154527831625588,0.6818181818181818,0.028893196713745038,0.8892045454545454,0.031108649496907597,0.9573863636363636,0.028893196713745038,0.8892045454545454,0.027231607126373118,0.8380681818181818,0.031016338964275823,0.9545454545454546,0.029447059909535677,0.90625,0.028985507246376812,0.8920454545454546,0.028154712452690852,0.8664772727272727,0.03000092310532632,0.9232954545454546,0.03175482322533001,0.9772727272727273,0.03147789162743469,0.96875,0.026585433397950706,0.8181818181818182,0.029354749376903903,0.9034090909090909,0.030739407366380506,0.9460227272727273,0.030185544170589863,0.9289772727272727,0.03129327056217114,0.9630681818181818,0.03000092310532632,0.9232954545454546,0.027323917659004892,0.8409090909090909,0.030462475768485184,0.9375,0.025200775408474107,0.7755681818181818,0.029447059909535677,0.90625,0.03000092310532632,0.9232954545454546,0.030277854703221637,0.9318181818181818,0.022985322625311548,0.7073863636363636,0.027693159789531987,0.8522727272727273,0.027231607126373118,0.8380681818181818,0.029816302040062772,0.9176136363636364,0.03120096002953937,0.9602272727272727,0.029816302040062772,0.9176136363636364,0.031570202160066466,0.9715909090909091,0.029262438844272133,0.9005681818181818,0.028431644050586173,0.875,0.030462475768485184,0.9375,0.03230868642112065,0.9943181818181818,0.032400996953752426,0.9971590909090909,0.028800886181113265,0.8863636363636364,0.03147789162743469,0.96875,0.028985507246376812,0.8920454545454546,0.029262438844272133,0.9005681818181818,0.027970091387427305,0.8607954545454546,0.03120096002953937,0.9602272727272727,0.029723991507430998,0.9147727272727273,0.031939444290593554,0.9829545454545454,0.024739222745315242,0.7613636363636364,0.030462475768485184,0.9375,0.03203175482322533,0.9857954545454546,0.03203175482322533,0.9857954545454546,0.021323733037939628,0.65625,0.03037016523585341,0.9346590909090909,0.029262438844272133,0.9005681818181818,0.028985507246376812,0.8920454545454546,0.027416228191636666,0.84375,0.03129327056217114,0.9630681818181818,0.029908612572694546,0.9204545454545454,0.031108649496907597,0.9573863636363636,0.030554786301116958,0.9403409090909091,0.031939444290593554,0.9829545454545454,0.03230868642112065,0.9943181818181818,0.03230868642112065,0.9943181818181818,0.022523769962152683,0.6931818181818182,0.031108649496907597,0.9573863636363636,0.03138558109480292,0.9659090909090909,0.03138558109480292,0.9659090909090909,0.022893012092679774,0.7045454545454546,0.032400996953752426,0.9971590909090909,0.032493307486384196,1.0,0.031939444290593554,0.9829545454545454,0.030554786301116958,0.9403409090909091,0.031939444290593554,0.9829545454545454,0.03230868642112065,0.9943181818181818,0.03230868642112065,0.9943181818181818,0.02363149635373396,0.7272727272727273,0.031016338964275823,0.9545454545454546,0.031662512692698236,0.9744318181818182,0.03129327056217114,0.9630681818181818,0.023077633157943322,0.7102272727272727,0.032400996953752426,0.9971590909090909,0.032493307486384196,1.0,0.03175482322533001,0.9772727272727273
74,0.028321646480284127,0.8835227272727273,0.030689372552590837,0.9573863636363636,0.03187323558874419,0.9943181818181818,0.03187323558874419,0.9943181818181818,0.02613605318277024,0.8153409090909091,0.028321646480284127,0.8835227272727273,0.028594845642473363,0.8920454545454546,0.029505509516437482,0.9204545454545454,0.027137783444130772,0.8465909090909091,0.030962571714780073,0.9659090909090909,0.02977870867862672,0.9289772727272727,0.03032510700300519,0.9460227272727273,0.02531645569620253,0.7897727272727273,0.029960841453419543,0.9346590909090909,0.03150897003915855,0.9829545454545454,0.03150897003915855,0.9829545454545454,0.022220198524724524,0.6931818181818182,0.028685912029869774,0.8948863636363636,0.030871505327383662,0.9630681818181818,0.028594845642473363,0.8920454545454546,0.026955650669337947,0.8409090909090909,0.030598306165194426,0.9545454545454546,0.029232310354248246,0.9119318181818182,0.02877697841726619,0.8977272727272727,0.027866314543302066,0.8693181818181818,0.029687642291230307,0.9261363636363636,0.03132683726436572,0.9772727272727273,0.031053638102176487,0.96875,0.026500318732355886,0.8267045454545454,0.029050177579455425,0.90625,0.030507239777798015,0.9517045454545454,0.030142974228212365,0.9403409090909091,0.0311447044895729,0.9715909090909091,0.029869775066023133,0.9318181818181818,0.027319916218923594,0.8522727272727273,0.030051907840815954,0.9375,0.02522538930880612,0.7869318181818182,0.029050177579455425,0.90625,0.030142974228212365,0.9403409090909091,0.03032510700300519,0.9460227272727273,0.02331299517348147,0.7272727272727273,0.02759311538111283,0.8607954545454546,0.02750204899371642,0.8579545454545454,0.02977870867862672,0.9289772727272727,0.030871505327383662,0.9630681818181818,0.02977870867862672,0.9289772727272727,0.0311447044895729,0.9715909090909091,0.029141243966851835,0.9090909090909091,0.028230580092887717,0.8806818181818182,0.03023404061560878,0.9431818181818182,0.03187323558874419,0.9943181818181818,0.031964301976140606,0.9971590909090909,0.028503779255076953,0.8892045454545454,0.031053638102176487,0.96875,0.028685912029869774,0.8948863636363636,0.02895911119205901,0.9034090909090909,0.027866314543302066,0.8693181818181818,0.030962571714780073,0.9659090909090909,0.029505509516437482,0.9204545454545454,0.031600036426554956,0.9857954545454546,0.024496858209634823,0.7642045454545454,0.030142974228212365,0.9403409090909091,0.031600036426554956,0.9857954545454546,0.031600036426554956,0.9857954545454546,0.021400601038156816,0.6676136363636364,0.030051907840815954,0.9375,0.02895911119205901,0.9034090909090909,0.028685912029869774,0.8948863636363636,0.02741098260632001,0.8551136363636364,0.030871505327383662,0.9630681818181818,0.029687642291230307,0.9261363636363636,0.030871505327383662,0.9630681818181818,0.030507239777798015,0.9517045454545454,0.031600036426554956,0.9857954545454546,0.03187323558874419,0.9943181818181818,0.03187323558874419,0.9943181818181818,0.02249339768691376,0.7017045454545454,0.030871505327383662,0.9630681818181818,0.03123577087696931,0.9744318181818182,0.030962571714780073,0.9659090909090909,0.022857663236499407,0.7130681818181818,0.031964301976140606,0.9971590909090909,0.03205536836353702,1.0,0.031600036426554956,0.9857954545454546,0.030142974228212365,0.9403409090909091,0.03150897003915855,0.9829545454545454,0.03187323558874419,0.9943181818181818,0.03187323558874419,0.9943181818181818,0.024041526272652766,0.75,0.030598306165194426,0.9545454545454546,0.031782169201347785,0.9914772727272727,0.030962571714780073,0.9659090909090909,0.022857663236499407,0.7130681818181818,0.031964301976140606,0.9971590909090909,0.03205536836353702,1.0,0.03150897003915855,0.9829545454545454
75,0.028032345013477088,0.8863636363636364,0.03036837376460018,0.9602272727272727,0.031446540880503145,0.9943181818181818,0.031446540880503145,0.9943181818181818,0.02578616352201258,0.8153409090909091,0.028032345013477088,0.8863636363636364,0.02830188679245283,0.8948863636363636,0.029290206648697213,0.9261363636363636,0.027133872416891285,0.8579545454545454,0.030817610062893082,0.9744318181818182,0.029469901168014376,0.9318181818181818,0.03009883198562444,0.9517045454545454,0.025426774483378257,0.8039772727272727,0.029739442946990116,0.9403409090909091,0.03108715184186882,0.9829545454545454,0.03108715184186882,0.9829545454545454,0.022371967654986523,0.7073863636363636,0.02848158131176999,0.9005681818181818,0.03045822102425876,0.9630681818181818,0.02839173405211141,0.8977272727272727,0.027044025157232705,0.8551136363636364,0.0302785265049416,0.9573863636363636,0.028930817610062894,0.9147727272727273,0.02866127583108715,0.90625,0.027493261455525605,0.8693181818181818,0.029469901168014376,0.9318181818181818,0.030907457322551662,0.9772727272727273,0.030637915543575922,0.96875,0.026415094339622643,0.8352272727272727,0.02866127583108715,0.90625,0.03009883198562444,0.9517045454545454,0.029829290206648696,0.9431818181818182,0.030817610062893082,0.9744318181818182,0.029649595687331536,0.9375,0.027133872416891285,0.8579545454545454,0.029829290206648696,0.9431818181818182,0.025247079964061097,0.7982954545454546,0.028840970350404314,0.9119318181818182,0.029919137466307276,0.9460227272727273,0.03000898472596586,0.9488636363636364,0.02398921832884097,0.7585227272727273,0.027403414195867025,0.8664772727272727,0.02812219227313567,0.8892045454545454,0.029380053908355797,0.9289772727272727,0.030727762803234502,0.9715909090909091,0.029559748427672956,0.9346590909090909,0.030727762803234502,0.9715909090909091,0.028930817610062894,0.9147727272727273,0.027852650494159928,0.8806818181818182,0.029919137466307276,0.9460227272727273,0.03153638814016173,0.9971590909090909,0.03153638814016173,0.9971590909090909,0.02821203953279425,0.8920454545454546,0.030637915543575922,0.96875,0.02848158131176999,0.9005681818181818,0.02866127583108715,0.90625,0.027942497753818508,0.8835227272727273,0.030637915543575922,0.96875,0.029469901168014376,0.9318181818181818,0.031176999101527405,0.9857954545454546,0.024618149146451034,0.7784090909090909,0.029739442946990116,0.9403409090909091,0.031266846361185985,0.9886363636363636,0.031176999101527405,0.9857954545454546,0.02147349505840072,0.6789772727272727,0.029739442946990116,0.9403409090909091,0.02866127583108715,0.90625,0.02830188679245283,0.8948863636363636,0.027672955974842768,0.875,0.030727762803234502,0.9715909090909091,0.029380053908355797,0.9289772727272727,0.030548068283917342,0.9659090909090909,0.03009883198562444,0.9517045454545454,0.031176999101527405,0.9857954545454546,0.03153638814016173,0.9971590909090909,0.03153638814016173,0.9971590909090909,0.022551662174303683,0.7130681818181818,0.030727762803234502,0.9715909090909091,0.03108715184186882,0.9829545454545454,0.030637915543575922,0.96875,0.022911051212938006,0.7244318181818182,0.031626235399820304,1.0,0.031626235399820304,1.0,0.031176999101527405,0.9857954545454546,0.03009883198562444,0.9517045454545454,0.03108715184186882,0.9829545454545454,0.03153638814016173,0.9971590909090909,0.03153638814016173,0.9971590909090909,0.02398921832884097,0.7585227272727273,0.03036837376460018,0.9602272727272727,0.031626235399820304,1.0,0.030637915543575922,0.96875,0.022911051212938006,0.7244318181818182,0.031626235399820304,1.0,0.031626235399820304,1.0,0.031176999101527405,0.9857954545454546
76,0.027841815924809363,0.8920454545454546,0.029969852810782054,0.9602272727272727,0.0310338712537684,0.9943181818181818,0.0310338712537684,0.9943181818181818,0.025891115446001065,0.8295454545454546,0.02766447951764497,0.8863636363636364,0.028196488739138145,0.9034090909090909,0.029171838978542294,0.9346590909090909,0.026866465685405214,0.8607954545454546,0.030501862032275225,0.9772727272727273,0.02926050718212449,0.9375,0.02970384820003547,0.9517045454545454,0.025270438020925694,0.8096590909090909,0.029349175385706687,0.9403409090909091,0.030679198439439618,0.9829545454545454,0.03076786664302181,0.9857954545454546,0.022433055506295443,0.71875,0.028196488739138145,0.9034090909090909,0.03005852101436425,0.9630681818181818,0.02810782053555595,0.9005681818181818,0.026777797481823018,0.8579545454545454,0.030147189217946443,0.9659090909090909,0.028551161553466927,0.9147727272727273,0.028551161553466927,0.9147727272727273,0.027398474906898385,0.8778409090909091,0.029083170774960098,0.9318181818181818,0.030501862032275225,0.9772727272727273,0.03023585742152864,0.96875,0.026423124667494236,0.8465909090909091,0.028373825146302534,0.9090909090909091,0.02970384820003547,0.9517045454545454,0.029526511792871076,0.9460227272727273,0.03059053023585742,0.9801136363636364,0.029349175385706687,0.9403409090909091,0.026777797481823018,0.8579545454545454,0.029615179996453272,0.9488636363636364,0.0251817698173435,0.8068181818181818,0.028639829757049123,0.9176136363636364,0.029615179996453272,0.9488636363636364,0.029615179996453272,0.9488636363636364,0.02438375598510374,0.78125,0.0271324702961518,0.8693181818181818,0.02828515694272034,0.90625,0.029171838978542294,0.9346590909090909,0.03041319382869303,0.9744318181818182,0.029349175385706687,0.9403409090909091,0.030324525625110836,0.9715909090909091,0.028994502571377905,0.9289772727272727,0.027753147721227167,0.8892045454545454,0.02979251640361766,0.9545454545454546,0.031122539457350593,0.9971590909090909,0.031122539457350593,0.9971590909090909,0.02810782053555595,0.9005681818181818,0.030324525625110836,0.9715909090909091,0.02810782053555595,0.9005681818181818,0.028551161553466927,0.9147727272727273,0.027753147721227167,0.8892045454545454,0.030324525625110836,0.9715909090909091,0.029526511792871076,0.9460227272727273,0.03076786664302181,0.9857954545454546,0.024649760595850327,0.7897727272727273,0.02943784358928888,0.9431818181818182,0.030945203050186203,0.9914772727272727,0.030856534846604007,0.9886363636363636,0.021812378081220076,0.6988636363636364,0.029349175385706687,0.9403409090909091,0.02846249334988473,0.9119318181818182,0.02810782053555595,0.9005681818181818,0.02748714311048058,0.8806818181818182,0.03041319382869303,0.9744318181818182,0.029171838978542294,0.9346590909090909,0.03023585742152864,0.96875,0.02970384820003547,0.9517045454545454,0.03076786664302181,0.9857954545454546,0.031122539457350593,0.9971590909090909,0.031122539457350593,0.9971590909090909,0.022787728320624225,0.7301136363636364,0.030324525625110836,0.9715909090909091,0.03076786664302181,0.9857954545454546,0.03023585742152864,0.96875,0.023142401134953007,0.7414772727272727,0.03121120766093279,1.0,0.03121120766093279,1.0,0.03076786664302181,0.9857954545454546,0.02970384820003547,0.9517045454545454,0.03076786664302181,0.9857954545454546,0.031122539457350593,0.9971590909090909,0.031122539457350593,0.9971590909090909,0.02402908317077496,0.7698863636363636,0.029969852810782054,0.9602272727272727,0.03121120766093279,1.0,0.03023585742152864,0.96875,0.0232310693385352,0.7443181818181818,0.03121120766093279,1.0,0.03121120766093279,1.0,0.03076786664302181,0.9857954545454546
77,0.027568702958165586,0.8948863636363636,0.029669175564502014,0.9630681818181818,0.030631892175739542,0.9943181818181818,0.030631892175739542,0.9943181818181818,0.025730789427621213,0.8352272727272727,0.027568702958165586,0.8948863636363636,0.028356380185541746,0.9204545454545454,0.028969018029056538,0.9403409090909091,0.027131104498512165,0.8806818181818182,0.030281813408016802,0.9829545454545454,0.028881498337125854,0.9375,0.02940661648870996,0.9545454545454546,0.02520567127603711,0.8181818181818182,0.02923157710484859,0.9488636363636364,0.03036933309994749,0.9857954545454546,0.03036933309994749,0.9857954545454546,0.022317521442324524,0.7244318181818182,0.02800630141781901,0.9090909090909091,0.029669175564502014,0.9630681818181818,0.028181340801680378,0.9147727272727273,0.026693506038858745,0.8664772727272727,0.029756695256432698,0.9659090909090909,0.02826886049361106,0.9176136363636364,0.028356380185541746,0.9204545454545454,0.02721862419044285,0.8835227272727273,0.028969018029056538,0.9403409090909091,0.030106774024155434,0.9772727272727273,0.02984421494836338,0.96875,0.026343427271136005,0.8551136363636364,0.02844389987747243,0.9232954545454546,0.02940661648870996,0.9545454545454546,0.02923157710484859,0.9488636363636364,0.030194293716086118,0.9801136363636364,0.02923157710484859,0.9488636363636364,0.026605986346928057,0.8636363636363636,0.02940661648870996,0.9545454545454546,0.025118151584106425,0.8153409090909091,0.028531419569403117,0.9261363636363636,0.02923157710484859,0.9488636363636364,0.029319096796779274,0.9517045454545454,0.02441799404866095,0.7926136363636364,0.026956065114650797,0.875,0.028706458953264485,0.9318181818181818,0.028969018029056538,0.9403409090909091,0.030106774024155434,0.9772727272727273,0.02923157710484859,0.9488636363636364,0.029931734640294066,0.9715909090909091,0.028881498337125854,0.9375,0.027568702958165586,0.8948863636363636,0.029669175564502014,0.9630681818181818,0.030719411867670226,0.9971590909090909,0.030719411867670226,0.9971590909090909,0.02826886049361106,0.9176136363636364,0.029931734640294066,0.9715909090909091,0.027918781725888325,0.90625,0.02826886049361106,0.9176136363636364,0.027656222650096273,0.8977272727272727,0.030281813408016802,0.9829545454545454,0.029319096796779274,0.9517045454545454,0.030544372483808858,0.9914772727272727,0.02441799404866095,0.7926136363636364,0.02923157710484859,0.9488636363636364,0.030631892175739542,0.9943181818181818,0.030544372483808858,0.9914772727272727,0.021617363906879048,0.7017045454545454,0.028969018029056538,0.9403409090909091,0.028093821109749693,0.9119318181818182,0.028093821109749693,0.9119318181818182,0.027131104498512165,0.8806818181818182,0.03001925433222475,0.9744318181818182,0.028969018029056538,0.9403409090909091,0.029931734640294066,0.9715909090909091,0.029319096796779274,0.9517045454545454,0.03036933309994749,0.9857954545454546,0.03080693155960091,1.0,0.03080693155960091,1.0,0.02266760021004726,0.7357954545454546,0.029931734640294066,0.9715909090909091,0.030456852791878174,0.9886363636363636,0.02984421494836338,0.96875,0.023105198669700684,0.75,0.03080693155960091,1.0,0.03080693155960091,1.0,0.03036933309994749,0.9857954545454546,0.029319096796779274,0.9517045454545454,0.03036933309994749,0.9857954545454546,0.03080693155960091,1.0,0.03080693155960091,1.0,0.02424295466479958,0.7869318181818182,0.02984421494836338,0.96875,0.03080693155960091,1.0,0.02984421494836338,0.96875,0.023017678977769997,0.7471590909090909,0.03080693155960091,1.0,0.03080693155960091,1.0,0.03036933309994749,0.9857954545454546
78,0.027300215982721383,0.8977272727272727,0.029460043196544276,0.96875,0.030323974082073435,0.9971590909090909,0.030323974082073435,0.9971590909090909,0.02591792656587473,0.8522727272727273,0.027213822894168467,0.8948863636363636,0.02816414686825054,0.9261363636363636,0.028682505399568035,0.9431818181818182,0.027213822894168467,0.8948863636363636,0.029892008639308857,0.9829545454545454,0.02859611231101512,0.9403409090909091,0.029028077753779698,0.9545454545454546,0.02514038876889849,0.8267045454545454,0.029114470842332613,0.9573863636363636,0.029978401727861773,0.9857954545454546,0.029978401727861773,0.9857954545454546,0.022116630669546437,0.7272727272727273,0.02773218142548596,0.9119318181818182,0.029287257019438444,0.9630681818181818,0.027991360691144707,0.9204545454545454,0.026436285097192223,0.8693181818181818,0.029460043196544276,0.96875,0.027991360691144707,0.9204545454545454,0.028077753779697623,0.9232954545454546,0.02712742980561555,0.8920454545454546,0.02876889848812095,0.9460227272727273,0.029719222462203022,0.9772727272727273,0.029460043196544276,0.96875,0.026436285097192223,0.8693181818181818,0.028336933045356373,0.9318181818181818,0.029028077753779698,0.9545454545454546,0.029028077753779698,0.9545454545454546,0.029805615550755938,0.9801136363636364,0.029028077753779698,0.9545454545454546,0.02652267818574514,0.8721590909090909,0.029114470842332613,0.9573863636363636,0.025053995680345574,0.8238636363636364,0.028250539956803454,0.9289772727272727,0.029028077753779698,0.9545454545454546,0.029028077753779698,0.9545454545454546,0.024535637149028077,0.8068181818181818,0.026695464362850974,0.8778409090909091,0.028509719222462204,0.9375,0.028941684665226782,0.9517045454545454,0.029805615550755938,0.9801136363636364,0.029114470842332613,0.9573863636363636,0.02954643628509719,0.9715909090909091,0.02876889848812095,0.9460227272727273,0.027386609071274298,0.9005681818181818,0.02937365010799136,0.9659090909090909,0.030323974082073435,0.9971590909090909,0.030323974082073435,0.9971590909090909,0.028077753779697623,0.9232954545454546,0.029632829373650107,0.9744318181818182,0.027645788336933045,0.9090909090909091,0.028077753779697623,0.9232954545454546,0.027645788336933045,0.9090909090909091,0.029892008639308857,0.9829545454545454,0.028941684665226782,0.9517045454545454,0.030151187904967604,0.9914772727272727,0.024622030237580993,0.8096590909090909,0.029028077753779698,0.9545454545454546,0.03023758099352052,0.9943181818181818,0.03023758099352052,0.9943181818181818,0.02185745140388769,0.71875,0.028682505399568035,0.9431818181818182,0.027818574514038876,0.9147727272727273,0.027991360691144707,0.9204545454545454,0.02712742980561555,0.8920454545454546,0.029805615550755938,0.9801136363636364,0.028682505399568035,0.9431818181818182,0.02954643628509719,0.9715909090909091,0.028941684665226782,0.9517045454545454,0.030064794816414688,0.9886363636363636,0.03041036717062635,1.0,0.03041036717062635,1.0,0.022721382289416846,0.7471590909090909,0.02954643628509719,0.9715909090909091,0.030151187904967604,0.9914772727272727,0.029460043196544276,0.96875,0.02323974082073434,0.7642045454545454,0.03041036717062635,1.0,0.03041036717062635,1.0,0.029978401727861773,0.9857954545454546,0.028941684665226782,0.9517045454545454,0.029978401727861773,0.9857954545454546,0.03041036717062635,1.0,0.03041036717062635,1.0,0.02427645788336933,0.7982954545454546,0.029460043196544276,0.96875,0.03041036717062635,1.0,0.029460043196544276,0.96875,0.023153347732181424,0.7613636363636364,0.03041036717062635,1.0,0.03041036717062635,1.0,0.030064794816414688,0.9886363636363636
79,0.027211464642156444,0.90625,0.029173419773095625,0.9715909090909091,0.029941141346071825,0.9971590909090909,0.029941141346071825,0.9971590909090909,0.025676021496204043,0.8551136363636364,0.026955557451164378,0.8977272727272727,0.028149791009127356,0.9375,0.02849100059711678,0.9488636363636364,0.026955557451164378,0.8977272727272727,0.029514629361085048,0.9829545454545454,0.028576302994114136,0.9517045454545454,0.02866160539111149,0.9545454545454546,0.024822997526230486,0.8267045454545454,0.028746907788108844,0.9573863636363636,0.029599931758082402,0.9857954545454546,0.029599931758082402,0.9857954545454546,0.021922716028320396,0.7301136363636364,0.027382069436151155,0.9119318181818182,0.028917512582103556,0.9630681818181818,0.02789388381813529,0.9289772727272727,0.02635844067218289,0.8778409090909091,0.02925872217009298,0.9744318181818182,0.02772327902414058,0.9232954545454546,0.02789388381813529,0.9289772727272727,0.02687025505416702,0.8948863636363636,0.02849100059711678,0.9488636363636364,0.029344024567090336,0.9772727272727273,0.029088117376098267,0.96875,0.026614347863174955,0.8863636363636364,0.028405698200119425,0.9460227272727273,0.02866160539111149,0.9545454545454546,0.028746907788108844,0.9573863636363636,0.029514629361085048,0.9829545454545454,0.028746907788108844,0.9573863636363636,0.026443743069180244,0.8806818181818182,0.028746907788108844,0.9573863636363636,0.024822997526230486,0.8267045454545454,0.027979186215132644,0.9318181818181818,0.028746907788108844,0.9573863636363636,0.028746907788108844,0.9573863636363636,0.024652392732235774,0.8210227272727273,0.026614347863174955,0.8863636363636364,0.028149791009127356,0.9375,0.02866160539111149,0.9545454545454546,0.029514629361085048,0.9829545454545454,0.029002814979100913,0.9659090909090909,0.02925872217009298,0.9744318181818182,0.028405698200119425,0.9460227272727273,0.02712616224515909,0.9034090909090909,0.029088117376098267,0.96875,0.029941141346071825,0.9971590909090909,0.029941141346071825,0.9971590909090909,0.027979186215132644,0.9318181818181818,0.029344024567090336,0.9772727272727273,0.0272967670391538,0.9090909090909091,0.027808581421137932,0.9261363636363636,0.027382069436151155,0.9119318181818182,0.029599931758082402,0.9857954545454546,0.0288322101851062,0.9602272727272727,0.029770536552077113,0.9914772727272727,0.02456709033523842,0.8181818181818182,0.0288322101851062,0.9602272727272727,0.029941141346071825,0.9971590909090909,0.029855838949074467,0.9943181818181818,0.02183741363132304,0.7272727272727273,0.028405698200119425,0.9460227272727273,0.027552674230145867,0.9176136363636364,0.02789388381813529,0.9289772727272727,0.027040859848161732,0.9005681818181818,0.029514629361085048,0.9829545454545454,0.028320395803122067,0.9431818181818182,0.02925872217009298,0.9744318181818182,0.02866160539111149,0.9545454545454546,0.02968523415507976,0.9886363636363636,0.03002644374306918,1.0,0.03002644374306918,1.0,0.022519832807301885,0.75,0.029173419773095625,0.9715909090909091,0.03002644374306918,1.0,0.029088117376098267,0.96875,0.023287554380278085,0.7755681818181818,0.03002644374306918,1.0,0.03002644374306918,1.0,0.029599931758082402,0.9857954545454546,0.028576302994114136,0.9517045454545454,0.02968523415507976,0.9886363636363636,0.03002644374306918,1.0,0.03002644374306918,1.0,0.024311183144246355,0.8096590909090909,0.029088117376098267,0.96875,0.03002644374306918,1.0,0.029088117376098267,0.96875,0.023372856777275443,0.7784090909090909,0.03002644374306918,1.0,0.03002644374306918,1.0,0.02968523415507976,0.9886363636363636
80,0.02720687331536388,0.9176136363636364,0.028891509433962265,0.9744318181818182,0.029565363881401616,0.9971590909090909,0.029565363881401616,0.9971590909090909,0.025774932614555258,0.8693181818181818,0.026785714285714284,0.9034090909090909,0.027964959568733155,0.9431818181818182,0.02821765498652291,0.9517045454545454,0.026617250673854446,0.8977272727272727,0.02922843665768194,0.9857954545454546,0.028386118598382748,0.9573863636363636,0.02830188679245283,0.9545454545454546,0.025016846361185983,0.84375,0.028386118598382748,0.9573863636363636,0.02922843665768194,0.9857954545454546,0.02922843665768194,0.9857954545454546,0.021816037735849055,0.7357954545454546,0.027375336927223718,0.9232954545454546,0.028638814016172506,0.9659090909090909,0.027628032345013476,0.9318181818181818,0.026111859838274933,0.8806818181818182,0.029059973045822102,0.9801136363636364,0.027712264150943397,0.9346590909090909,0.02754380053908356,0.9289772727272727,0.026701482479784367,0.9005681818181818,0.028386118598382748,0.9573863636363636,0.028975741239892182,0.9772727272727273,0.028723045822102427,0.96875,0.02644878706199461,0.8920454545454546,0.028133423180592993,0.9488636363636364,0.02830188679245283,0.9545454545454546,0.02855458221024259,0.9630681818181818,0.029144204851752023,0.9829545454545454,0.028723045822102427,0.96875,0.02619609164420485,0.8835227272727273,0.02847035040431267,0.9602272727272727,0.024848382749326145,0.8380681818181818,0.027880727762803235,0.9403409090909091,0.02855458221024259,0.9630681818181818,0.02855458221024259,0.9630681818181818,0.024679919137466307,0.8323863636363636,0.02644878706199461,0.8920454545454546,0.027796495956873314,0.9375,0.02830188679245283,0.9545454545454546,0.029144204851752023,0.9829545454545454,0.028723045822102427,0.96875,0.028975741239892182,0.9772727272727273,0.028133423180592993,0.9488636363636364,0.027038409703504043,0.9119318181818182,0.028975741239892182,0.9772727272727273,0.029565363881401616,0.9971590909090909,0.029565363881401616,0.9971590909090909,0.027964959568733155,0.9431818181818182,0.028975741239892182,0.9772727272727273,0.027038409703504043,0.9119318181818182,0.027628032345013476,0.9318181818181818,0.02720687331536388,0.9176136363636364,0.02931266846361186,0.9886363636363636,0.02847035040431267,0.9602272727272727,0.029396900269541778,0.9914772727272727,0.024595687331536387,0.8295454545454546,0.02855458221024259,0.9630681818181818,0.029565363881401616,0.9971590909090909,0.0294811320754717,0.9943181818181818,0.021731805929919138,0.7329545454545454,0.028049191374663072,0.9460227272727273,0.02720687331536388,0.9176136363636364,0.027628032345013476,0.9318181818181818,0.026785714285714284,0.9034090909090909,0.029144204851752023,0.9829545454545454,0.028133423180592993,0.9488636363636364,0.028975741239892182,0.9772727272727273,0.02847035040431267,0.9602272727272727,0.02931266846361186,0.9886363636363636,0.029649595687331536,1.0,0.029649595687331536,1.0,0.02248989218328841,0.7585227272727273,0.028807277628032344,0.9715909090909091,0.029649595687331536,1.0,0.028807277628032344,0.9715909090909091,0.023163746630727764,0.78125,0.029649595687331536,1.0,0.029649595687331536,1.0,0.02922843665768194,0.9857954545454546,0.028386118598382748,0.9573863636363636,0.02931266846361186,0.9886363636363636,0.029649595687331536,1.0,0.029649595687331536,1.0,0.02425876010781671,0.8181818181818182,0.028807277628032344,0.9715909090909091,0.029649595687331536,1.0,0.028807277628032344,0.9715909090909091,0.023163746630727764,0.78125,0.029649595687331536,1.0,0.029649595687331536,1.0,0.029396900269541778,0.9914772727272727
81,0.027038269550748752,0.9232954545454546,0.028618968386023295,0.9772727272727273,0.029201331114808653,0.9971590909090909,0.029201331114808653,0.9971590909090909,0.02545757071547421,0.8693181818181818,0.026455906821963394,0.9034090909090909,0.02762063227953411,0.9431818181818182,0.027870216306156406,0.9517045454545454,0.026455906821963394,0.9034090909090909,0.028951747088186357,0.9886363636363636,0.0281198003327787,0.9602272727272727,0.027953410981697173,0.9545454545454546,0.024792013311148088,0.8465909090909091,0.028202995008319468,0.9630681818181818,0.028951747088186357,0.9886363636363636,0.02886855241264559,0.9857954545454546,0.021713810316139767,0.7414772727272727,0.027121464226289516,0.9261363636363636,0.028286189683860232,0.9659090909090909,0.027537437603993343,0.9403409090909091,0.0259567387687188,0.8863636363636364,0.02870216306156406,0.9801136363636364,0.02762063227953411,0.9431818181818182,0.027371048252911815,0.9346590909090909,0.02653910149750416,0.90625,0.028286189683860232,0.9659090909090909,0.028618968386023295,0.9772727272727273,0.028369384359401,0.96875,0.02637271214642263,0.9005681818181818,0.027870216306156406,0.9517045454545454,0.027953410981697173,0.9545454545454546,0.028286189683860232,0.9659090909090909,0.028785357737104826,0.9829545454545454,0.02853577371048253,0.9744318181818182,0.0262063227953411,0.8948863636363636,0.028202995008319468,0.9630681818181818,0.02470881863560732,0.84375,0.02778702163061564,0.9488636363636364,0.028286189683860232,0.9659090909090909,0.028369384359401,0.96875,0.024875207986688852,0.8494318181818182,0.026289517470881863,0.8977272727272727,0.02745424292845258,0.9375,0.028036605657237937,0.9573863636363636,0.028785357737104826,0.9829545454545454,0.028452579034941763,0.9715909090909091,0.028618968386023295,0.9772727272727273,0.027870216306156406,0.9517045454545454,0.02687188019966722,0.9176136363636364,0.02870216306156406,0.9801136363636364,0.029201331114808653,0.9971590909090909,0.029201331114808653,0.9971590909090909,0.027870216306156406,0.9517045454545454,0.02870216306156406,0.9801136363636364,0.02670549084858569,0.9119318181818182,0.02745424292845258,0.9375,0.027287853577371048,0.9318181818181818,0.028951747088186357,0.9886363636363636,0.0281198003327787,0.9602272727272727,0.02903494176372712,0.9914772727272727,0.024625623960066557,0.8409090909090909,0.028369384359401,0.96875,0.029201331114808653,0.9971590909090909,0.029201331114808653,0.9971590909090909,0.0218801996672213,0.7471590909090909,0.027870216306156406,0.9517045454545454,0.02687188019966722,0.9176136363636364,0.027371048252911815,0.9346590909090909,0.026455906821963394,0.9034090909090909,0.028785357737104826,0.9829545454545454,0.027870216306156406,0.9517045454545454,0.028618968386023295,0.9772727272727273,0.028202995008319468,0.9630681818181818,0.028951747088186357,0.9886363636363636,0.029284525790349417,1.0,0.029284525790349417,1.0,0.02254575707154742,0.7698863636363636,0.02853577371048253,0.9744318181818182,0.029284525790349417,1.0,0.028452579034941763,0.9715909090909091,0.022961730449251247,0.7840909090909091,0.029284525790349417,1.0,0.029284525790349417,1.0,0.02886855241264559,0.9857954545454546,0.0281198003327787,0.9602272727272727,0.028951747088186357,0.9886363636363636,0.029284525790349417,1.0,0.029284525790349417,1.0,0.024292845257903494,0.8295454545454546,0.02853577371048253,0.9744318181818182,0.029284525790349417,1.0,0.02853577371048253,0.9744318181818182,0.022961730449251247,0.7840909090909091,0.029284525790349417,1.0,0.029284525790349417,1.0,0.02903494176372712,0.9914772727272727
82,0.027038132807363578,0.9346590909090909,0.028517422748191978,0.9857954545454546,0.028928336620644313,1.0,0.028928336620644313,1.0,0.025394477317554242,0.8778409090909091,0.02621630506245891,0.90625,0.027366863905325445,0.9460227272727273,0.027777777777777776,0.9602272727272727,0.02621630506245891,0.90625,0.028599605522682446,0.9886363636363636,0.027859960552268245,0.9630681818181818,0.027613412228796843,0.9545454545454546,0.02465483234714004,0.8522727272727273,0.028106508875739646,0.9715909090909091,0.02868178829717291,0.9914772727272727,0.028599605522682446,0.9886363636363636,0.021696252465483234,0.75,0.027120315581854043,0.9375,0.028024326101249178,0.96875,0.027613412228796843,0.9545454545454546,0.025887573964497042,0.8948863636363636,0.028435239973701513,0.9829545454545454,0.027284681130834976,0.9431818181818182,0.027366863905325445,0.9460227272727273,0.026709401709401708,0.9232954545454546,0.028106508875739646,0.9715909090909091,0.02827087442472058,0.9772727272727273,0.02827087442472058,0.9772727272727273,0.02638067061143984,0.9119318181818182,0.027613412228796843,0.9545454545454546,0.027777777777777776,0.9602272727272727,0.028024326101249178,0.96875,0.028517422748191978,0.9857954545454546,0.028435239973701513,0.9829545454545454,0.026051939513477975,0.9005681818181818,0.027859960552268245,0.9630681818181818,0.024490466798159107,0.8465909090909091,0.027613412228796843,0.9545454545454546,0.028024326101249178,0.96875,0.028024326101249178,0.96875,0.024737015121630505,0.8551136363636364,0.026051939513477975,0.9005681818181818,0.027120315581854043,0.9375,0.02769559500328731,0.9573863636363636,0.028517422748191978,0.9857954545454546,0.028353057199211044,0.9801136363636364,0.02827087442472058,0.9772727272727273,0.027531229454306378,0.9517045454545454,0.02687376725838264,0.9289772727272727,0.028435239973701513,0.9829545454545454,0.028846153846153848,0.9971590909090909,0.028846153846153848,0.9971590909090909,0.02769559500328731,0.9573863636363636,0.028517422748191978,0.9857954545454546,0.02646285338593031,0.9147727272727273,0.027284681130834976,0.9431818181818182,0.027038132807363578,0.9346590909090909,0.028599605522682446,0.9886363636363636,0.027859960552268245,0.9630681818181818,0.02876397107166338,0.9943181818181818,0.02440828402366864,0.84375,0.02827087442472058,0.9772727272727273,0.028846153846153848,0.9971590909090909,0.028846153846153848,0.9971590909090909,0.0220249835634451,0.7613636363636364,0.027613412228796843,0.9545454545454546,0.026545036160420775,0.9176136363636364,0.02720249835634451,0.9403409090909091,0.02621630506245891,0.90625,0.028517422748191978,0.9857954545454546,0.027777777777777776,0.9602272727272727,0.02827087442472058,0.9772727272727273,0.027942143326758713,0.9659090909090909,0.02868178829717291,0.9914772727272727,0.028928336620644313,1.0,0.028928336620644313,1.0,0.022435897435897436,0.7755681818181818,0.028353057199211044,0.9801136363636364,0.028928336620644313,1.0,0.02827087442472058,0.9772727272727273,0.022928994082840236,0.7926136363636364,0.028928336620644313,1.0,0.028928336620644313,1.0,0.02868178829717291,0.9914772727272727,0.027859960552268245,0.9630681818181818,0.028599605522682446,0.9886363636363636,0.028928336620644313,1.0,0.028928336620644313,1.0,0.024490466798159107,0.8465909090909091,0.02827087442472058,0.9772727272727273,0.028928336620644313,1.0,0.02827087442472058,0.9772727272727273,0.023011176857330704,0.7954545454545454,0.028928336620644313,1.0,0.028928336620644313,1.0,0.02876397107166338,0.9943181818181818
83,0.02679223836973289,0.9375,0.028172444588779735,0.9857954545454546,0.02857838759438175,1.0,0.02857838759438175,1.0,0.025168466347324836,0.8806818181818182,0.025899163757408458,0.90625,0.027035804173094098,0.9460227272727273,0.027522935779816515,0.9630681818181818,0.026142729560769667,0.9147727272727273,0.028253633189900138,0.9886363636363636,0.027604124380936918,0.9659090909090909,0.027279369976455307,0.9545454545454546,0.02468133474060242,0.8636363636363636,0.027928878785418526,0.9772727272727273,0.02833482179102054,0.9914772727272727,0.02833482179102054,0.9914772727272727,0.02167735649914752,0.7585227272727273,0.027035804173094098,0.9460227272727273,0.027685312982057318,0.96875,0.027441747178696112,0.9602272727272727,0.025736786555167656,0.9005681818181818,0.028172444588779735,0.9857954545454546,0.0271169927742145,0.9488636363636364,0.027279369976455307,0.9545454545454546,0.026629861167492084,0.9318181818181818,0.027847690184298123,0.9744318181818182,0.027928878785418526,0.9772727272727273,0.027928878785418526,0.9772727272727273,0.026305106763010472,0.9204545454545454,0.027279369976455307,0.9545454545454546,0.027604124380936918,0.9659090909090909,0.02776650158317772,0.9715909090909091,0.028172444588779735,0.9857954545454546,0.028253633189900138,0.9886363636363636,0.026061540959649264,0.9119318181818182,0.027522935779816515,0.9630681818181818,0.024843711942843225,0.8693181818181818,0.027441747178696112,0.9602272727272727,0.027685312982057318,0.96875,0.027685312982057318,0.96875,0.024600146139482016,0.8607954545454546,0.02581797515628806,0.9034090909090909,0.02679223836973289,0.9375,0.02736055857757571,0.9573863636363636,0.028172444588779735,0.9857954545454546,0.02801006738653893,0.9801136363636364,0.027928878785418526,0.9772727272727273,0.02736055857757571,0.9573863636363636,0.026629861167492084,0.9318181818181818,0.028172444588779735,0.9857954545454546,0.028497198993261346,0.9971590909090909,0.028497198993261346,0.9971590909090909,0.027441747178696112,0.9602272727272727,0.028172444588779735,0.9857954545454546,0.026142729560769667,0.9147727272727273,0.026954615571973695,0.9431818181818182,0.026873426970853292,0.9403409090909091,0.02833482179102054,0.9914772727272727,0.027522935779816515,0.9630681818181818,0.028416010392140943,0.9943181818181818,0.02443776893724121,0.8551136363636364,0.027928878785418526,0.9772727272727273,0.028497198993261346,0.9971590909090909,0.028497198993261346,0.9971590909090909,0.02200211090362913,0.7698863636363636,0.027441747178696112,0.9602272727272727,0.02622391816189007,0.9176136363636364,0.026954615571973695,0.9431818181818182,0.02598035235852886,0.9090909090909091,0.028253633189900138,0.9886363636363636,0.027685312982057318,0.96875,0.027928878785418526,0.9772727272727273,0.027685312982057318,0.96875,0.02833482179102054,0.9914772727272727,0.02857838759438175,1.0,0.02857838759438175,1.0,0.022489242510351545,0.7869318181818182,0.02801006738653893,0.9801136363636364,0.02857838759438175,1.0,0.02801006738653893,0.9801136363636364,0.023138751319314768,0.8096590909090909,0.02857838759438175,1.0,0.02857838759438175,1.0,0.028416010392140943,0.9943181818181818,0.027685312982057318,0.96875,0.02833482179102054,0.9914772727272727,0.02857838759438175,1.0,0.02857838759438175,1.0,0.024356580336120807,0.8522727272727273,0.028091255987659332,0.9829545454545454,0.02857838759438175,1.0,0.02801006738653893,0.9801136363636364,0.023057562718194365,0.8068181818181818,0.02857838759438175,1.0,0.02857838759438175,1.0,0.028416010392140943,0.9943181818181818
84,0.02655435218612114,0.9403409090909091,0.027918170878459686,0.9886363636363636,0.02823906939430405,1.0,0.02823906939430405,1.0,0.025431207380665864,0.9005681818181818,0.02591255515443241,0.9176136363636364,0.02735659847573205,0.96875,0.027196149217809867,0.9630681818181818,0.02591255515443241,0.9176136363636364,0.027918170878459686,0.9886363636363636,0.02751704773365423,0.9744318181818182,0.026955475330926595,0.9545454545454546,0.024628961091054953,0.8721590909090909,0.027597272362615322,0.9772727272727273,0.027998395507420778,0.9914772727272727,0.027998395507420778,0.9914772727272727,0.021660649819494584,0.7670454545454546,0.026714801444043323,0.9460227272727273,0.02735659847573205,0.96875,0.02735659847573205,0.96875,0.025591656638588048,0.90625,0.027837946249498598,0.9857954545454546,0.02679502607300441,0.9488636363636364,0.027115924588848775,0.9602272727272727,0.026313678299237867,0.9318181818181818,0.027757721620537506,0.9829545454545454,0.027597272362615322,0.9772727272727273,0.027597272362615322,0.9772727272727273,0.026073004412354592,0.9232954545454546,0.027196149217809867,0.9630681818181818,0.027597272362615322,0.9772727272727273,0.02751704773365423,0.9744318181818182,0.02807862013638187,0.9943181818181818,0.027998395507420778,0.9914772727272727,0.02591255515443241,0.9176136363636364,0.027196149217809867,0.9630681818181818,0.024709185720016045,0.875,0.02735659847573205,0.96875,0.02735659847573205,0.96875,0.02751704773365423,0.9744318181818182,0.02454873646209386,0.8693181818181818,0.025591656638588048,0.90625,0.026474127557160047,0.9375,0.027035699959887687,0.9573863636363636,0.027837946249498598,0.9857954545454546,0.027757721620537506,0.9829545454545454,0.027597272362615322,0.9772727272727273,0.027035699959887687,0.9573863636363636,0.026313678299237867,0.9318181818181818,0.027918170878459686,0.9886363636363636,0.02815884476534296,0.9971590909090909,0.02815884476534296,0.9971590909090909,0.02735659847573205,0.96875,0.027998395507420778,0.9914772727272727,0.02591255515443241,0.9176136363636364,0.02679502607300441,0.9488636363636364,0.02663457681508223,0.9431818181818182,0.027998395507420778,0.9914772727272727,0.02735659847573205,0.96875,0.02807862013638187,0.9943181818181818,0.02454873646209386,0.8693181818181818,0.027677496991576414,0.9801136363636364,0.02815884476534296,0.9971590909090909,0.02815884476534296,0.9971590909090909,0.02206177296430004,0.78125,0.02727637384677096,0.9659090909090909,0.025992779783393503,0.9204545454545454,0.02663457681508223,0.9431818181818182,0.026073004412354592,0.9232954545454546,0.027998395507420778,0.9914772727272727,0.027436823104693142,0.9715909090909091,0.027677496991576414,0.9801136363636364,0.02735659847573205,0.96875,0.027998395507420778,0.9914772727272727,0.02823906939430405,1.0,0.02823906939430405,1.0,0.02262334536702768,0.8011363636363636,0.027918170878459686,0.9886363636363636,0.02823906939430405,1.0,0.027757721620537506,0.9829545454545454,0.023345367027677498,0.8267045454545454,0.02823906939430405,1.0,0.02823906939430405,1.0,0.02807862013638187,0.9943181818181818,0.027436823104693142,0.9715909090909091,0.027998395507420778,0.9914772727272727,0.02823906939430405,1.0,0.02823906939430405,1.0,0.024468511833132773,0.8664772727272727,0.027757721620537506,0.9829545454545454,0.02823906939430405,1.0,0.027757721620537506,0.9829545454545454,0.023104693140794223,0.8181818181818182,0.02823906939430405,1.0,0.02823906939430405,1.0,0.02815884476534296,0.9971590909090909
85,0.026319961947042968,0.9431818181818182,0.027667670841921673,0.9914772727272727,0.027905501823370857,1.0,0.027905501823370857,1.0,0.025368638021246233,0.9090909090909091,0.025765022990328207,0.9232954545454546,0.02719200887902331,0.9744318181818182,0.026954177897574125,0.9659090909090909,0.0258442999841446,0.9261363636363636,0.02758839384810528,0.9886363636363636,0.027271285872839703,0.9772727272727273,0.026954177897574125,0.9659090909090909,0.02457586808308229,0.8806818181818182,0.027509116854288886,0.9857954545454546,0.02774694783573807,0.9943181818181818,0.027667670841921673,0.9914772727272727,0.0215633423180593,0.7727272727272727,0.02655779292849215,0.9517045454545454,0.02703345489139052,0.96875,0.027112731885206912,0.9715909090909091,0.02528936102742984,0.90625,0.02758839384810528,0.9886363636363636,0.026637069922308545,0.9545454545454546,0.02687490090375773,0.9630681818181818,0.026082130965593784,0.9346590909090909,0.02742983986047249,0.9829545454545454,0.027271285872839703,0.9772727272727273,0.027271285872839703,0.9772727272727273,0.02600285397177739,0.9318181818181818,0.026954177897574125,0.9659090909090909,0.02742983986047249,0.9829545454545454,0.02719200887902331,0.9744318181818182,0.02774694783573807,0.9943181818181818,0.027667670841921673,0.9914772727272727,0.025606469002695417,0.9176136363636364,0.02687490090375773,0.9630681818181818,0.024655145076898685,0.8835227272727273,0.027112731885206912,0.9715909090909091,0.027350562866656096,0.9801136363636364,0.027350562866656096,0.9801136363636364,0.024655145076898685,0.8835227272727273,0.025527192008879023,0.9147727272727273,0.02616140795941018,0.9375,0.026954177897574125,0.9659090909090909,0.027509116854288886,0.9857954545454546,0.027667670841921673,0.9914772727272727,0.027271285872839703,0.9772727272727273,0.02687490090375773,0.9630681818181818,0.02600285397177739,0.9318181818181818,0.027667670841921673,0.9914772727272727,0.027826224829554463,0.9971590909090909,0.027826224829554463,0.9971590909090909,0.02703345489139052,0.96875,0.02774694783573807,0.9943181818181818,0.025685745996511813,0.9204545454545454,0.026478515934675758,0.9488636363636364,0.026478515934675758,0.9488636363636364,0.027667670841921673,0.9914772727272727,0.02719200887902331,0.9744318181818182,0.02774694783573807,0.9943181818181818,0.02457586808308229,0.8806818181818182,0.02742983986047249,0.9829545454545454,0.027826224829554463,0.9971590909090909,0.027826224829554463,0.9971590909090909,0.02195972728714127,0.7869318181818182,0.026954177897574125,0.9659090909090909,0.0258442999841446,0.9261363636363636,0.026319961947042968,0.9431818181818182,0.0258442999841446,0.9261363636363636,0.027667670841921673,0.9914772727272727,0.027112731885206912,0.9715909090909091,0.02742983986047249,0.9829545454545454,0.02719200887902331,0.9744318181818182,0.02774694783573807,0.9943181818181818,0.027905501823370857,1.0,0.027905501823370857,1.0,0.022514666243856032,0.8068181818181818,0.027667670841921673,0.9914772727272727,0.027905501823370857,1.0,0.027509116854288886,0.9857954545454546,0.02354526716346916,0.84375,0.027905501823370857,1.0,0.027905501823370857,1.0,0.027826224829554463,0.9971590909090909,0.027112731885206912,0.9715909090909091,0.027667670841921673,0.9914772727272727,0.027905501823370857,1.0,0.027905501823370857,1.0,0.024338037101633105,0.8721590909090909,0.027509116854288886,0.9857954545454546,0.027905501823370857,1.0,0.027509116854288886,0.9857954545454546,0.02354526716346916,0.84375,0.027905501823370857,1.0,0.027905501823370857,1.0,0.027826224829554463,0.9971590909090909
86,0.02624980410593951,0.9517045454545454,0.027346810844695188,0.9914772727272727,0.02758188371728569,1.0,0.02758188371728569,1.0,0.02538787023977433,0.9204545454545454,0.02562294311236483,0.9289772727272727,0.026876665099514183,0.9744318181818182,0.02664159222692368,0.9659090909090909,0.025779658360758503,0.9346590909090909,0.027346810844695188,0.9914772727272727,0.026955022723711017,0.9772727272727273,0.02664159222692368,0.9659090909090909,0.024604293997805986,0.8920454545454546,0.02719009559630152,0.9857954545454546,0.027425168468892022,0.9943181818181818,0.027346810844695188,0.9914772727272727,0.021626704278326282,0.7840909090909091,0.026563234602726846,0.9630681818181818,0.02703338034790785,0.9801136363636364,0.026876665099514183,0.9744318181818182,0.02523115499138066,0.9147727272727273,0.027268453220498354,0.9886363636363636,0.02648487697853001,0.9602272727272727,0.026719949851120514,0.96875,0.025936373609152172,0.9403409090909091,0.027268453220498354,0.9886363636363636,0.02703338034790785,0.9801136363636364,0.02703338034790785,0.9801136363636364,0.025858015984955338,0.9375,0.02664159222692368,0.9659090909090909,0.027111737972104685,0.9829545454545454,0.026876665099514183,0.9744318181818182,0.027425168468892022,0.9943181818181818,0.027425168468892022,0.9943181818181818,0.02562294311236483,0.9289772727272727,0.026563234602726846,0.9630681818181818,0.02468265162200282,0.8948863636363636,0.026876665099514183,0.9744318181818182,0.02703338034790785,0.9801136363636364,0.02703338034790785,0.9801136363636364,0.024604293997805986,0.8920454545454546,0.025309512615577495,0.9176136363636364,0.025858015984955338,0.9375,0.02664159222692368,0.9659090909090909,0.02719009559630152,0.9857954545454546,0.027346810844695188,0.9914772727272727,0.026955022723711017,0.9772727272727273,0.026563234602726846,0.9630681818181818,0.02609308885754584,0.9460227272727273,0.027346810844695188,0.9914772727272727,0.027503526093088856,0.9971590909090909,0.027503526093088856,0.9971590909090909,0.02679830747531735,0.9715909090909091,0.027425168468892022,0.9943181818181818,0.025544585488167997,0.9261363636363636,0.026171446481742675,0.9488636363636364,0.026406519354333177,0.9573863636363636,0.027425168468892022,0.9943181818181818,0.026876665099514183,0.9744318181818182,0.027425168468892022,0.9943181818181818,0.024761009246199655,0.8977272727272727,0.027268453220498354,0.9886363636363636,0.027503526093088856,0.9971590909090909,0.027503526093088856,0.9971590909090909,0.021861777150916785,0.7926136363636364,0.02679830747531735,0.9715909090909091,0.025544585488167997,0.9261363636363636,0.02609308885754584,0.9460227272727273,0.025544585488167997,0.9261363636363636,0.027346810844695188,0.9914772727272727,0.026876665099514183,0.9744318181818182,0.027111737972104685,0.9829545454545454,0.026876665099514183,0.9744318181818182,0.027425168468892022,0.9943181818181818,0.02758188371728569,1.0,0.02758188371728569,1.0,0.022410280520294625,0.8125,0.027425168468892022,0.9943181818181818,0.02758188371728569,1.0,0.02719009559630152,0.9857954545454546,0.02374236013164081,0.8607954545454546,0.02758188371728569,1.0,0.02758188371728569,1.0,0.027503526093088856,0.9971590909090909,0.026955022723711017,0.9772727272727273,0.027346810844695188,0.9914772727272727,0.02758188371728569,1.0,0.02758188371728569,1.0,0.02429086350101865,0.8806818181818182,0.02719009559630152,0.9857954545454546,0.02758188371728569,1.0,0.02719009559630152,0.9857954545454546,0.023664002507443976,0.8579545454545454,0.02758188371728569,1.0,0.02758188371728569,1.0,0.027503526093088856,0.9971590909090909
87,0.025948876839659178,0.9517045454545454,0.027110766847405113,0.9943181818181818,0.02726568551510457,1.0,0.02726568551510457,1.0,0.02517428350116189,0.9232954545454546,0.025639039504260264,0.9403409090909091,0.02656855151045701,0.9744318181818182,0.026336173508907823,0.9659090909090909,0.025484120836560806,0.9346590909090909,0.027110766847405113,0.9943181818181818,0.026723470178156468,0.9801136363636364,0.02649109217660728,0.9715909090909091,0.02463206816421379,0.9034090909090909,0.026955848179705654,0.9886363636363636,0.027110766847405113,0.9943181818181818,0.027110766847405113,0.9943181818181818,0.021378776142525174,0.7840909090909091,0.02649109217660728,0.9715909090909091,0.026800929512006195,0.9829545454545454,0.026723470178156468,0.9801136363636364,0.025329202168861347,0.9289772727272727,0.027110766847405113,0.9943181818181818,0.02641363284275755,0.96875,0.02664601084430674,0.9772727272727273,0.02579395817195972,0.9460227272727273,0.02703330751355538,0.9914772727272727,0.026723470178156468,0.9801136363636364,0.026723470178156468,0.9801136363636364,0.02587141750580945,0.9488636363636364,0.02649109217660728,0.9715909090909091,0.026800929512006195,0.9829545454545454,0.02656855151045701,0.9744318181818182,0.027110766847405113,0.9943181818181818,0.027110766847405113,0.9943181818181818,0.025329202168861347,0.9289772727272727,0.026258714175058095,0.9630681818181818,0.024786986831913247,0.9090909090909091,0.026723470178156468,0.9801136363636364,0.026723470178156468,0.9801136363636364,0.026800929512006195,0.9829545454545454,0.02447714949651433,0.8977272727272727,0.02517428350116189,0.9232954545454546,0.025716498838109992,0.9431818181818182,0.026336173508907823,0.9659090909090909,0.02718822618125484,0.9971590909090909,0.027110766847405113,0.9943181818181818,0.026800929512006195,0.9829545454545454,0.02649109217660728,0.9715909090909091,0.025948876839659178,0.9517045454545454,0.02703330751355538,0.9914772727272727,0.02718822618125484,0.9971590909090909,0.02726568551510457,1.0,0.02656855151045701,0.9744318181818182,0.027110766847405113,0.9943181818181818,0.02525174283501162,0.9261363636363636,0.025948876839659178,0.9517045454545454,0.026258714175058095,0.9630681818181818,0.027110766847405113,0.9943181818181818,0.02664601084430674,0.9772727272727273,0.027110766847405113,0.9943181818181818,0.024709527498063516,0.90625,0.026955848179705654,0.9886363636363636,0.02718822618125484,0.9971590909090909,0.02718822618125484,0.9971590909090909,0.021843532145623547,0.8011363636363636,0.02656855151045701,0.9744318181818182,0.02525174283501162,0.9261363636363636,0.026103795507358637,0.9573863636363636,0.025484120836560806,0.9346590909090909,0.02703330751355538,0.9914772727272727,0.02664601084430674,0.9772727272727273,0.026800929512006195,0.9829545454545454,0.02664601084430674,0.9772727272727273,0.027110766847405113,0.9943181818181818,0.02726568551510457,1.0,0.02726568551510457,1.0,0.022618125484120837,0.8295454545454546,0.027110766847405113,0.9943181818181818,0.02726568551510457,1.0,0.026878388845855927,0.9857954545454546,0.02370255615801704,0.8693181818181818,0.02726568551510457,1.0,0.02726568551510457,1.0,0.02718822618125484,0.9971590909090909,0.02664601084430674,0.9772727272727273,0.027110766847405113,0.9943181818181818,0.02726568551510457,1.0,0.02726568551510457,1.0,0.024089852827265685,0.8835227272727273,0.02703330751355538,0.9914772727272727,0.02726568551510457,1.0,0.026878388845855927,0.9857954545454546,0.02378001549186677,0.8721590909090909,0.02726568551510457,1.0,0.02726568551510457,1.0,0.02718822618125484,0.9971590909090909
88,0.0257293820353779,0.9545454545454546,0.026878015161957272,0.9971590909090909,0.026954590703729228,1.0,0.026954590703729228,1.0,0.02496362661765832,0.9261363636363636,0.02542307986829007,0.9431818181818182,0.026265410827781607,0.9744318181818182,0.02603568420246573,0.9659090909090909,0.02534650432651811,0.9403409090909091,0.026878015161957272,0.9971590909090909,0.02649513745309748,0.9829545454545454,0.026265410827781607,0.9744318181818182,0.02458074890879853,0.9119318181818182,0.026724864078413353,0.9914772727272727,0.026878015161957272,0.9971590909090909,0.026801439620185313,0.9943181818181818,0.021288000612604333,0.7897727272727273,0.026265410827781607,0.9744318181818182,0.026571712994869438,0.9857954545454546,0.02649513745309748,0.9829545454545454,0.02526992878474615,0.9375,0.026801439620185313,0.9943181818181818,0.026265410827781607,0.9744318181818182,0.026571712994869438,0.9857954545454546,0.025576230951833985,0.9488636363636364,0.026724864078413353,0.9914772727272727,0.02649513745309748,0.9829545454545454,0.02649513745309748,0.9829545454545454,0.025882533118921816,0.9602272727272727,0.026188835286009647,0.9715909090909091,0.026571712994869438,0.9857954545454546,0.026265410827781607,0.9744318181818182,0.026801439620185313,0.9943181818181818,0.026801439620185313,0.9943181818181818,0.02534650432651811,0.9403409090909091,0.025959108660693776,0.9630681818181818,0.02458074890879853,0.9119318181818182,0.026571712994869438,0.9857954545454546,0.02649513745309748,0.9829545454545454,0.02649513745309748,0.9829545454545454,0.02465732445057049,0.9147727272727273,0.025193353242974195,0.9346590909090909,0.025499655410062026,0.9460227272727273,0.02611225974423769,0.96875,0.026954590703729228,1.0,0.026801439620185313,0.9943181818181818,0.02649513745309748,0.9829545454545454,0.026265410827781607,0.9744318181818182,0.0257293820353779,0.9545454545454546,0.026724864078413353,0.9914772727272727,0.026954590703729228,1.0,0.026954590703729228,1.0,0.026265410827781607,0.9744318181818182,0.026801439620185313,0.9943181818181818,0.02534650432651811,0.9403409090909091,0.025959108660693776,0.9630681818181818,0.02603568420246573,0.9659090909090909,0.026801439620185313,0.9943181818181818,0.026418561911325522,0.9801136363636364,0.026878015161957272,0.9971590909090909,0.024504173367026573,0.9090909090909091,0.026648288536641397,0.9886363636363636,0.026954590703729228,1.0,0.026954590703729228,1.0,0.02190060494678,0.8125,0.026341986369553566,0.9772727272727273,0.02496362661765832,0.9261363636363636,0.025959108660693776,0.9630681818181818,0.02534650432651811,0.9403409090909091,0.026801439620185313,0.9943181818181818,0.02649513745309748,0.9829545454545454,0.026571712994869438,0.9857954545454546,0.026418561911325522,0.9801136363636364,0.026878015161957272,0.9971590909090909,0.026954590703729228,1.0,0.026954590703729228,1.0,0.022513209280955664,0.8352272727272727,0.026878015161957272,0.9971590909090909,0.026954590703729228,1.0,0.026571712994869438,0.9857954545454546,0.023968144574622867,0.8892045454545454,0.026954590703729228,1.0,0.026954590703729228,1.0,0.026954590703729228,1.0,0.026341986369553566,0.9772727272727273,0.026878015161957272,0.9971590909090909,0.026954590703729228,1.0,0.026954590703729228,1.0,0.024274446741710698,0.9005681818181818,0.026801439620185313,0.9943181818181818,0.026954590703729228,1.0,0.026571712994869438,0.9857954545454546,0.023968144574622867,0.8892045454545454,0.026954590703729228,1.0,0.026954590703729228,1.0,0.026878015161957272,0.9971590909090909
89,0.025516771409101233,0.9573863636363636,0.02657681532520633,0.9971590909090909,0.026652532747785264,1.0,0.026652532747785264,1.0,0.02491103202846975,0.9346590909090909,0.025289619141364426,0.9488636363636364,0.025971075944574845,0.9744318181818182,0.025971075944574845,0.9744318181818182,0.025365336563943363,0.9517045454545454,0.02657681532520633,0.9971590909090909,0.026273945634890588,0.9857954545454546,0.026273945634890588,0.9857954545454546,0.024532444915575075,0.9204545454545454,0.026425380480048458,0.9914772727272727,0.02657681532520633,0.9971590909090909,0.02657681532520633,0.9971590909090909,0.021655182857575526,0.8125,0.02619822821231165,0.9829545454545454,0.026273945634890588,0.9857954545454546,0.026349663057469525,0.9886363636363636,0.02506246687362762,0.9403409090909091,0.026501097902627394,0.9943181818181818,0.025971075944574845,0.9744318181818182,0.026425380480048458,0.9914772727272727,0.02559248883168017,0.9602272727272727,0.026501097902627394,0.9943181818181818,0.02619822821231165,0.9829545454545454,0.02619822821231165,0.9829545454545454,0.025819641099416975,0.96875,0.025895358521995912,0.9715909090909091,0.026349663057469525,0.9886363636363636,0.025971075944574845,0.9744318181818182,0.026501097902627394,0.9943181818181818,0.026501097902627394,0.9943181818181818,0.025365336563943363,0.9517045454545454,0.02574392367683804,0.9659090909090909,0.024456727492996138,0.9176136363636364,0.026349663057469525,0.9886363636363636,0.02619822821231165,0.9829545454545454,0.02619822821231165,0.9829545454545454,0.02475959718331188,0.9289772727272727,0.025289619141364426,0.9488636363636364,0.0254410539865223,0.9545454545454546,0.025819641099416975,0.96875,0.026652532747785264,1.0,0.026501097902627394,0.9943181818181818,0.02619822821231165,0.9829545454545454,0.02604679336715378,0.9772727272727273,0.02559248883168017,0.9602272727272727,0.026501097902627394,0.9943181818181818,0.026652532747785264,1.0,0.026652532747785264,1.0,0.02604679336715378,0.9772727272727273,0.026501097902627394,0.9943181818181818,0.025138184296206557,0.9431818181818182,0.025971075944574845,0.9744318181818182,0.025819641099416975,0.96875,0.026501097902627394,0.9943181818181818,0.02619822821231165,0.9829545454545454,0.02657681532520633,0.9971590909090909,0.0243810100704172,0.9147727272727273,0.026425380480048458,0.9914772727272727,0.026652532747785264,1.0,0.026652532747785264,1.0,0.022033769970470206,0.8267045454545454,0.02604679336715378,0.9772727272727273,0.024683879760732944,0.9261363636363636,0.025895358521995912,0.9715909090909091,0.025365336563943363,0.9517045454545454,0.026501097902627394,0.9943181818181818,0.026273945634890588,0.9857954545454546,0.026273945634890588,0.9857954545454546,0.02612251078973272,0.9801136363636364,0.02657681532520633,0.9971590909090909,0.026652532747785264,1.0,0.026652532747785264,1.0,0.022412357083364882,0.8409090909090909,0.026652532747785264,1.0,0.026652532747785264,1.0,0.026273945634890588,0.9857954545454546,0.02377527068978572,0.8920454545454546,0.026652532747785264,1.0,0.026652532747785264,1.0,0.026652532747785264,1.0,0.02612251078973272,0.9801136363636364,0.02657681532520633,0.9971590909090909,0.026652532747785264,1.0,0.026652532747785264,1.0,0.024153857802680395,0.90625,0.026501097902627394,0.9943181818181818,0.026652532747785264,1.0,0.026273945634890588,0.9857954545454546,0.023850988112364656,0.8948863636363636,0.026652532747785264,1.0,0.026652532747785264,1.0,0.02657681532520633,0.9971590909090909
90,0.02553159628631327,0.96875,0.02628032345013477,0.9971590909090909,0.026355196166516923,1.0,0.026355196166516923,1.0,0.025082359988020365,0.9517045454545454,0.025306978137166817,0.9602272727272727,0.025831087151841868,0.9801136363636364,0.02575621443545972,0.9772727272727273,0.025082359988020365,0.9517045454545454,0.02628032345013477,0.9971590909090909,0.02605570530098832,0.9886363636363636,0.02613057801737047,0.9914772727272727,0.024333632824198863,0.9232954545454546,0.02613057801737047,0.9914772727272727,0.02628032345013477,0.9971590909090909,0.02628032345013477,0.9971590909090909,0.0215633423180593,0.8181818181818182,0.02613057801737047,0.9914772727272727,0.025980832584606168,0.9857954545454546,0.02613057801737047,0.9914772727272727,0.024782869122491762,0.9403409090909091,0.02620545073375262,0.9943181818181818,0.02575621443545972,0.9772727272727273,0.02613057801737047,0.9914772727272727,0.025381850853548965,0.9630681818181818,0.02620545073375262,0.9943181818181818,0.02590595986822402,0.9829545454545454,0.02590595986822402,0.9829545454545454,0.025606469002695417,0.9715909090909091,0.025681341719077568,0.9744318181818182,0.02620545073375262,0.9943181818181818,0.025681341719077568,0.9744318181818182,0.02620545073375262,0.9943181818181818,0.02620545073375262,0.9943181818181818,0.025232105420784665,0.9573863636363636,0.025606469002695417,0.9715909090909091,0.024333632824198863,0.9232954545454546,0.02620545073375262,0.9943181818181818,0.02590595986822402,0.9829545454545454,0.02590595986822402,0.9829545454545454,0.024633123689727462,0.9346590909090909,0.025157232704402517,0.9545454545454546,0.025157232704402517,0.9545454545454546,0.025681341719077568,0.9744318181818182,0.026355196166516923,1.0,0.02628032345013477,0.9971590909090909,0.025980832584606168,0.9857954545454546,0.02590595986822402,0.9829545454545454,0.02553159628631327,0.96875,0.02620545073375262,0.9943181818181818,0.026355196166516923,1.0,0.026355196166516923,1.0,0.02575621443545972,0.9772727272727273,0.02620545073375262,0.9943181818181818,0.024932614555256066,0.9460227272727273,0.025681341719077568,0.9744318181818182,0.025681341719077568,0.9744318181818182,0.02628032345013477,0.9971590909090909,0.025980832584606168,0.9857954545454546,0.02628032345013477,0.9971590909090909,0.02440850554058101,0.9261363636363636,0.02613057801737047,0.9914772727272727,0.026355196166516923,1.0,0.026355196166516923,1.0,0.02208745133273435,0.8380681818181818,0.025831087151841868,0.9801136363636364,0.02440850554058101,0.9261363636363636,0.02575621443545972,0.9772727272727273,0.025306978137166817,0.9602272727272727,0.02620545073375262,0.9943181818181818,0.025980832584606168,0.9857954545454546,0.02605570530098832,0.9886363636363636,0.025831087151841868,0.9801136363636364,0.02628032345013477,0.9971590909090909,0.026355196166516923,1.0,0.026355196166516923,1.0,0.022611560347409403,0.8579545454545454,0.026355196166516923,1.0,0.026355196166516923,1.0,0.025980832584606168,0.9857954545454546,0.02388439652590596,0.90625,0.026355196166516923,1.0,0.026355196166516923,1.0,0.026355196166516923,1.0,0.02590595986822402,0.9829545454545454,0.02628032345013477,0.9971590909090909,0.026355196166516923,1.0,0.026355196166516923,1.0,0.02403414195867026,0.9119318181818182,0.02628032345013477,0.9971590909090909,0.026355196166516923,1.0,0.025980832584606168,0.9857954545454546,0.02373465109314166,0.9005681818181818,0.026355196166516923,1.0,0.026355196166516923,1.0,0.02628032345013477,0.9971590909090909
91,0.025325829383886257,0.9715909090909091,0.02599229857819905,0.9971590909090909,0.026066350710900472,1.0,0.026066350710900472,1.0,0.02502962085308057,0.9602272727272727,0.025251777251184833,0.96875,0.02554798578199052,0.9801136363636364,0.02554798578199052,0.9801136363636364,0.024955568720379146,0.9573863636363636,0.02599229857819905,0.9971590909090909,0.025770142180094786,0.9886363636363636,0.02584419431279621,0.9914772727272727,0.02428909952606635,0.9318181818181818,0.02599229857819905,0.9971590909090909,0.02599229857819905,0.9971590909090909,0.02599229857819905,0.9971590909090909,0.021623222748815167,0.8295454545454546,0.02591824644549763,0.9943181818181818,0.025770142180094786,0.9886363636363636,0.02591824644549763,0.9943181818181818,0.02473341232227488,0.9488636363636364,0.02591824644549763,0.9943181818181818,0.025622037914691944,0.9829545454545454,0.026066350710900472,1.0,0.025177725118483412,0.9659090909090909,0.02591824644549763,0.9943181818181818,0.025622037914691944,0.9829545454545454,0.025622037914691944,0.9829545454545454,0.025325829383886257,0.9715909090909091,0.02554798578199052,0.9801136363636364,0.02591824644549763,0.9943181818181818,0.0254739336492891,0.9772727272727273,0.026066350710900472,1.0,0.02599229857819905,0.9971590909090909,0.02502962085308057,0.9602272727272727,0.025325829383886257,0.9715909090909091,0.024437203791469193,0.9375,0.02591824644549763,0.9943181818181818,0.025622037914691944,0.9829545454545454,0.025622037914691944,0.9829545454545454,0.024511255924170618,0.9403409090909091,0.024881516587677725,0.9545454545454546,0.024881516587677725,0.9545454545454546,0.0254739336492891,0.9772727272727273,0.026066350710900472,1.0,0.02599229857819905,0.9971590909090909,0.025696090047393365,0.9857954545454546,0.025696090047393365,0.9857954545454546,0.025325829383886257,0.9715909090909091,0.02599229857819905,0.9971590909090909,0.026066350710900472,1.0,0.026066350710900472,1.0,0.0254739336492891,0.9772727272727273,0.02599229857819905,0.9971590909090909,0.02473341232227488,0.9488636363636364,0.02554798578199052,0.9801136363636364,0.0254739336492891,0.9772727272727273,0.026066350710900472,1.0,0.025696090047393365,0.9857954545454546,0.02599229857819905,0.9971590909090909,0.02428909952606635,0.9318181818181818,0.02591824644549763,0.9943181818181818,0.026066350710900472,1.0,0.026066350710900472,1.0,0.02214158767772512,0.8494318181818182,0.02554798578199052,0.9801136363636364,0.024140995260663507,0.9261363636363636,0.025770142180094786,0.9886363636363636,0.025177725118483412,0.9659090909090909,0.02599229857819905,0.9971590909090909,0.025696090047393365,0.9857954545454546,0.02599229857819905,0.9971590909090909,0.025696090047393365,0.9857954545454546,0.02599229857819905,0.9971590909090909,0.026066350710900472,1.0,0.026066350710900472,1.0,0.02258590047393365,0.8664772727272727,0.026066350710900472,1.0,0.026066350710900472,1.0,0.025770142180094786,0.9886363636363636,0.02391883886255924,0.9176136363636364,0.026066350710900472,1.0,0.026066350710900472,1.0,0.026066350710900472,1.0,0.025696090047393365,0.9857954545454546,0.02599229857819905,0.9971590909090909,0.026066350710900472,1.0,0.026066350710900472,1.0,0.02391883886255924,0.9176136363636364,0.02599229857819905,0.9971590909090909,0.026066350710900472,1.0,0.025770142180094786,0.9886363636363636,0.02384478672985782,0.9147727272727273,0.026066350710900472,1.0,0.026066350710900472,1.0,0.02599229857819905,0.9971590909090909
92,0.025344271901552886,0.9829545454545454,0.025710518605332553,0.9971590909090909,0.025783767946088484,1.0,0.025783767946088484,1.0,0.02497802519777322,0.96875,0.025051274538529154,0.9715909090909091,0.025344271901552886,0.9829545454545454,0.02541752124230882,0.9857954545454546,0.02475827717550542,0.9602272727272727,0.025783767946088484,1.0,0.025490770583064752,0.9886363636363636,0.025564019923820687,0.9914772727272727,0.02446527981248169,0.9488636363636364,0.025710518605332553,0.9971590909090909,0.025710518605332553,0.9971590909090909,0.025710518605332553,0.9971590909090909,0.02175505420451216,0.84375,0.025710518605332553,0.9971590909090909,0.025490770583064752,0.9886363636363636,0.025710518605332553,0.9971590909090909,0.024831526516261353,0.9630681818181818,0.02563726926457662,0.9943181818181818,0.02541752124230882,0.9857954545454546,0.025783767946088484,1.0,0.025124523879285085,0.9744318181818182,0.02563726926457662,0.9943181818181818,0.025344271901552886,0.9829545454545454,0.025344271901552886,0.9829545454545454,0.02519777322004102,0.9772727272727273,0.02541752124230882,0.9857954545454546,0.02563726926457662,0.9943181818181818,0.02519777322004102,0.9772727272727273,0.025783767946088484,1.0,0.025710518605332553,0.9971590909090909,0.02497802519777322,0.96875,0.02527102256079695,0.9801136363636364,0.024318781130969823,0.9431818181818182,0.02563726926457662,0.9943181818181818,0.025344271901552886,0.9829545454545454,0.025344271901552886,0.9829545454545454,0.024318781130969823,0.9431818181818182,0.02475827717550542,0.9602272727272727,0.024904775857017288,0.9659090909090909,0.02519777322004102,0.9772727272727273,0.025783767946088484,1.0,0.025710518605332553,0.9971590909090909,0.02563726926457662,0.9943181818181818,0.025490770583064752,0.9886363636363636,0.02527102256079695,0.9801136363636364,0.025710518605332553,0.9971590909090909,0.025783767946088484,1.0,0.025783767946088484,1.0,0.025490770583064752,0.9886363636363636,0.025710518605332553,0.9971590909090909,0.02475827717550542,0.9602272727272727,0.02527102256079695,0.9801136363636364,0.02519777322004102,0.9772727272727273,0.025783767946088484,1.0,0.02541752124230882,0.9857954545454546,0.025710518605332553,0.9971590909090909,0.024318781130969823,0.9431818181818182,0.02563726926457662,0.9943181818181818,0.025783767946088484,1.0,0.025783767946088484,1.0,0.022341048930559625,0.8664772727272727,0.025344271901552886,0.9829545454545454,0.02387928508643422,0.9261363636363636,0.025564019923820687,0.9914772727272727,0.025124523879285085,0.9744318181818182,0.025710518605332553,0.9971590909090909,0.02541752124230882,0.9857954545454546,0.025710518605332553,0.9971590909090909,0.02541752124230882,0.9857954545454546,0.025783767946088484,1.0,0.025783767946088484,1.0,0.025783767946088484,1.0,0.02241429827131556,0.8693181818181818,0.025783767946088484,1.0,0.025783767946088484,1.0,0.025490770583064752,0.9886363636363636,0.02380603574567829,0.9232954545454546,0.025783767946088484,1.0,0.025783767946088484,1.0,0.025783767946088484,1.0,0.02541752124230882,0.9857954545454546,0.025710518605332553,0.9971590909090909,0.025783767946088484,1.0,0.025783767946088484,1.0,0.02380603574567829,0.9232954545454546,0.025783767946088484,1.0,0.025783767946088484,1.0,0.025490770583064752,0.9886363636363636,0.02387928508643422,0.9261363636363636,0.025783767946088484,1.0,0.025783767946088484,1.0,0.025710518605332553,0.9971590909090909
93,0.025143105572059996,0.9857954545454546,0.025432939642054925,0.9971590909090909,0.025505398159553657,1.0,0.025505398159553657,1.0,0.024780812984566337,0.9715909090909091,0.0249257300195638,0.9772727272727273,0.025360481124556192,0.9943181818181818,0.025143105572059996,0.9857954545454546,0.024635895949568873,0.9659090909090909,0.025505398159553657,1.0,0.025360481124556192,0.9943181818181818,0.025360481124556192,0.9943181818181818,0.024418520397072676,0.9573863636363636,0.025432939642054925,0.9971590909090909,0.025432939642054925,0.9971590909090909,0.025432939642054925,0.9971590909090909,0.021737555249619595,0.8522727272727273,0.025432939642054925,0.9971590909090909,0.025215564089558728,0.9886363636363636,0.025505398159553657,1.0,0.02456343743207014,0.9630681818181818,0.025432939642054925,0.9971590909090909,0.025215564089558728,0.9886363636363636,0.025505398159553657,1.0,0.025070647054561263,0.9829545454545454,0.025432939642054925,0.9971590909090909,0.025360481124556192,0.9943181818181818,0.025360481124556192,0.9943181818181818,0.025070647054561263,0.9829545454545454,0.025215564089558728,0.9886363636363636,0.025505398159553657,1.0,0.025070647054561263,0.9829545454545454,0.025505398159553657,1.0,0.025432939642054925,0.9971590909090909,0.024853271502065066,0.9744318181818182,0.025070647054561263,0.9829545454545454,0.02427360336207521,0.9517045454545454,0.025360481124556192,0.9943181818181818,0.025143105572059996,0.9857954545454546,0.025143105572059996,0.9857954545454546,0.024346061879573944,0.9545454545454546,0.024635895949568873,0.9659090909090909,0.02499818853706253,0.9801136363636364,0.025143105572059996,0.9857954545454546,0.025505398159553657,1.0,0.025432939642054925,0.9971590909090909,0.025360481124556192,0.9943181818181818,0.02528802260705746,0.9914772727272727,0.025070647054561263,0.9829545454545454,0.025505398159553657,1.0,0.025505398159553657,1.0,0.025505398159553657,1.0,0.025215564089558728,0.9886363636363636,0.025432939642054925,0.9971590909090909,0.02456343743207014,0.9630681818181818,0.02499818853706253,0.9801136363636364,0.02499818853706253,0.9801136363636364,0.025505398159553657,1.0,0.025215564089558728,0.9886363636363636,0.025505398159553657,1.0,0.024418520397072676,0.9573863636363636,0.025432939642054925,0.9971590909090909,0.025505398159553657,1.0,0.025505398159553657,1.0,0.02231722338960945,0.875,0.025143105572059996,0.9857954545454546,0.023621476704586624,0.9261363636363636,0.025432939642054925,0.9971590909090909,0.0249257300195638,0.9772727272727273,0.025432939642054925,0.9971590909090909,0.025143105572059996,0.9857954545454546,0.025432939642054925,0.9971590909090909,0.025215564089558728,0.9886363636363636,0.025505398159553657,1.0,0.025505398159553657,1.0,0.025505398159553657,1.0,0.022534598942105643,0.8835227272727273,0.025505398159553657,1.0,0.025505398159553657,1.0,0.025215564089558728,0.9886363636363636,0.023693935222085356,0.9289772727272727,0.025505398159553657,1.0,0.025505398159553657,1.0,0.025505398159553657,1.0,0.025143105572059996,0.9857954545454546,0.025505398159553657,1.0,0.025505398159553657,1.0,0.025505398159553657,1.0,0.02383885225708282,0.9346590909090909,0.025505398159553657,1.0,0.025505398159553657,1.0,0.025215564089558728,0.9886363636363636,0.023693935222085356,0.9289772727272727,0.025505398159553657,1.0,0.025505398159553657,1.0,0.025432939642054925,0.9971590909090909
94,0.02509140440174923,0.9943181818181818,0.02523478385547351,1.0,0.02523478385547351,1.0,0.02523478385547351,1.0,0.024517886586852104,0.9715909090909091,0.024732955767438527,0.9801136363636364,0.02523478385547351,1.0,0.024876335221162806,0.9857954545454546,0.024517886586852104,0.9715909090909091,0.02523478385547351,1.0,0.02509140440174923,0.9943181818181818,0.02516309412861137,0.9971590909090909,0.02437450713312782,0.9659090909090909,0.02516309412861137,0.9971590909090909,0.02516309412861137,0.9971590909090909,0.02516309412861137,0.9971590909090909,0.02193705641981504,0.8693181818181818,0.02516309412861137,0.9971590909090909,0.02494802494802495,0.9886363636363636,0.02523478385547351,1.0,0.02437450713312782,0.9659090909090909,0.02516309412861137,0.9971590909090909,0.02501971467488709,0.9914772727272727,0.02523478385547351,1.0,0.02509140440174923,0.9943181818181818,0.02523478385547351,1.0,0.02516309412861137,0.9971590909090909,0.02523478385547351,1.0,0.024876335221162806,0.9857954545454546,0.02501971467488709,0.9914772727272727,0.02523478385547351,1.0,0.024876335221162806,0.9857954545454546,0.02523478385547351,1.0,0.02523478385547351,1.0,0.024732955767438527,0.9801136363636364,0.024804645494300667,0.9829545454545454,0.02437450713312782,0.9659090909090909,0.02516309412861137,0.9971590909090909,0.02516309412861137,0.9971590909090909,0.02509140440174923,0.9943181818181818,0.02430281740626568,0.9630681818181818,0.024589576313714244,0.9744318181818182,0.02494802494802495,0.9886363636363636,0.02509140440174923,0.9943181818181818,0.02523478385547351,1.0,0.02523478385547351,1.0,0.02509140440174923,0.9943181818181818,0.02501971467488709,0.9914772727272727,0.02501971467488709,0.9914772727272727,0.02523478385547351,1.0,0.02523478385547351,1.0,0.02523478385547351,1.0,0.02494802494802495,0.9886363636363636,0.02516309412861137,0.9971590909090909,0.024446196859989965,0.96875,0.024804645494300667,0.9829545454545454,0.024876335221162806,0.9857954545454546,0.02523478385547351,1.0,0.02494802494802495,0.9886363636363636,0.02523478385547351,1.0,0.02437450713312782,0.9659090909090909,0.02523478385547351,1.0,0.02523478385547351,1.0,0.02523478385547351,1.0,0.022582263961574308,0.8948863636363636,0.02494802494802495,0.9886363636363636,0.023370850957057855,0.9261363636363636,0.02523478385547351,1.0,0.024732955767438527,0.9801136363636364,0.02516309412861137,0.9971590909090909,0.02494802494802495,0.9886363636363636,0.02516309412861137,0.9971590909090909,0.02501971467488709,0.9914772727272727,0.02523478385547351,1.0,0.02523478385547351,1.0,0.02523478385547351,1.0,0.022653953688436448,0.8977272727272727,0.02523478385547351,1.0,0.02523478385547351,1.0,0.02494802494802495,0.9886363636363636,0.023657609864506417,0.9375,0.02523478385547351,1.0,0.02523478385547351,1.0,0.02523478385547351,1.0,0.02501971467488709,0.9914772727272727,0.02523478385547351,1.0,0.02523478385547351,1.0,0.02523478385547351,1.0,0.02394436877195498,0.9488636363636364,0.02523478385547351,1.0,0.02523478385547351,1.0,0.02494802494802495,0.9886363636363636,0.023585920137644274,0.9346590909090909,0.02523478385547351,1.0,0.02523478385547351,1.0,0.02516309412861137,0.9971590909090909
95,0.024897148531706624,0.9971590909090909,0.024968080578805504,1.0,0.024968080578805504,1.0,0.024968080578805504,1.0,0.02447155624911335,0.9801136363636364,0.02468435239040999,0.9886363636363636,0.024968080578805504,1.0,0.024755284437508865,0.9914772727272727,0.02454248829621223,0.9829545454545454,0.024968080578805504,1.0,0.024826216484607744,0.9943181818181818,0.024897148531706624,0.9971590909090909,0.02432969215491559,0.9744318181818182,0.024897148531706624,0.9971590909090909,0.024968080578805504,1.0,0.024968080578805504,1.0,0.021988934600652574,0.8806818181818182,0.024968080578805504,1.0,0.024755284437508865,0.9914772727272727,0.024968080578805504,1.0,0.02432969215491559,0.9744318181818182,0.024968080578805504,1.0,0.024755284437508865,0.9914772727272727,0.024968080578805504,1.0,0.024897148531706624,0.9971590909090909,0.024968080578805504,1.0,0.024968080578805504,1.0,0.024968080578805504,1.0,0.024755284437508865,0.9914772727272727,0.024826216484607744,0.9943181818181818,0.024968080578805504,1.0,0.02468435239040999,0.9886363636363636,0.024968080578805504,1.0,0.024968080578805504,1.0,0.02454248829621223,0.9829545454545454,0.02461342034331111,0.9857954545454546,0.02425876010781671,0.9715909090909091,0.024968080578805504,1.0,0.024968080578805504,1.0,0.024968080578805504,1.0,0.02418782806071783,0.96875,0.02440062420201447,0.9772727272727273,0.024755284437508865,0.9914772727272727,0.024968080578805504,1.0,0.024968080578805504,1.0,0.024968080578805504,1.0,0.024826216484607744,0.9943181818181818,0.024755284437508865,0.9914772727272727,0.024897148531706624,0.9971590909090909,0.024968080578805504,1.0,0.024968080578805504,1.0,0.024968080578805504,1.0,0.02468435239040999,0.9886363636363636,0.024897148531706624,0.9971590909090909,0.02432969215491559,0.9744318181818182,0.02461342034331111,0.9857954545454546,0.024755284437508865,0.9914772727272727,0.024968080578805504,1.0,0.024755284437508865,0.9914772727272727,0.024968080578805504,1.0,0.02447155624911335,0.9801136363636364,0.024968080578805504,1.0,0.024968080578805504,1.0,0.024968080578805504,1.0,0.022698255071641367,0.9090909090909091,0.024755284437508865,0.9914772727272727,0.023123847354234645,0.9261363636363636,0.024968080578805504,1.0,0.02447155624911335,0.9801136363636364,0.024968080578805504,1.0,0.024755284437508865,0.9914772727272727,0.024897148531706624,0.9971590909090909,0.024755284437508865,0.9914772727272727,0.024968080578805504,1.0,0.024968080578805504,1.0,0.024968080578805504,1.0,0.022840119165839126,0.9147727272727273,0.024968080578805504,1.0,0.024968080578805504,1.0,0.024755284437508865,0.9914772727272727,0.02354943963682792,0.9431818181818182,0.024968080578805504,1.0,0.024968080578805504,1.0,0.024968080578805504,1.0,0.024826216484607744,0.9943181818181818,0.024968080578805504,1.0,0.024968080578805504,1.0,0.024968080578805504,1.0,0.023904099872322317,0.9573863636363636,0.024968080578805504,1.0,0.024968080578805504,1.0,0.024755284437508865,0.9914772727272727,0.02354943963682792,0.9431818181818182,0.024968080578805504,1.0,0.024968080578805504,1.0,0.024897148531706624,0.9971590909090909
96,0.024708690158641022,1.0,0.024708690158641022,1.0,0.024708690158641022,1.0,0.024708690158641022,1.0,0.024498104731152603,0.9914772727272727,0.024498104731152603,0.9914772727272727,0.024708690158641022,1.0,0.024708690158641022,1.0,0.024427909588656465,0.9886363636363636,0.024708690158641022,1.0,0.024568299873648742,0.9943181818181818,0.024638495016144884,0.9971590909090909,0.024287519303664188,0.9829545454545454,0.024708690158641022,1.0,0.024708690158641022,1.0,0.024708690158641022,1.0,0.02197107960129159,0.8892045454545454,0.024708690158641022,1.0,0.024498104731152603,0.9914772727272727,0.024708690158641022,1.0,0.024287519303664188,0.9829545454545454,0.024708690158641022,1.0,0.024638495016144884,0.9971590909090909,0.024708690158641022,1.0,0.024708690158641022,1.0,0.024708690158641022,1.0,0.024708690158641022,1.0,0.024708690158641022,1.0,0.024498104731152603,0.9914772727272727,0.024568299873648742,0.9943181818181818,0.024708690158641022,1.0,0.024498104731152603,0.9914772727272727,0.024708690158641022,1.0,0.024708690158641022,1.0,0.024427909588656465,0.9886363636363636,0.024498104731152603,0.9914772727272727,0.024357714446160326,0.9857954545454546,0.024708690158641022,1.0,0.024708690158641022,1.0,0.024708690158641022,1.0,0.024287519303664188,0.9829545454545454,0.024217324161168046,0.9801136363636364,0.024498104731152603,0.9914772727272727,0.024708690158641022,1.0,0.024708690158641022,1.0,0.024708690158641022,1.0,0.024638495016144884,0.9971590909090909,0.024498104731152603,0.9914772727272727,0.024708690158641022,1.0,0.024708690158641022,1.0,0.024708690158641022,1.0,0.024708690158641022,1.0,0.024498104731152603,0.9914772727272727,0.024638495016144884,0.9971590909090909,0.024357714446160326,0.9857954545454546,0.024357714446160326,0.9857954545454546,0.024498104731152603,0.9914772727272727,0.024708690158641022,1.0,0.024498104731152603,0.9914772727272727,0.024708690158641022,1.0,0.024427909588656465,0.9886363636363636,0.024708690158641022,1.0,0.024708690158641022,1.0,0.024708690158641022,1.0,0.022743226168749124,0.9204545454545454,0.024568299873648742,0.9943181818181818,0.0228836164537414,0.9261363636363636,0.024708690158641022,1.0,0.024217324161168046,0.9801136363636364,0.024708690158641022,1.0,0.024568299873648742,0.9943181818181818,0.024638495016144884,0.9971590909090909,0.024568299873648742,0.9943181818181818,0.024708690158641022,1.0,0.024708690158641022,1.0,0.024708690158641022,1.0,0.023024006738733678,0.9318181818181818,0.024708690158641022,1.0,0.024708690158641022,1.0,0.024568299873648742,0.9943181818181818,0.023585567878702793,0.9545454545454546,0.024708690158641022,1.0,0.024708690158641022,1.0,0.024708690158641022,1.0,0.024568299873648742,0.9943181818181818,0.024708690158641022,1.0,0.024708690158641022,1.0,0.024708690158641022,1.0,0.02407693387617577,0.9744318181818182,0.024708690158641022,1.0,0.024708690158641022,1.0,0.024498104731152603,0.9914772727272727,0.023585567878702793,0.9545454545454546,0.024708690158641022,1.0,0.024708690158641022,1.0,0.024638495016144884,0.9971590909090909
97,0.024454633875225788,1.0,0.024454633875225788,1.0,0.024454633875225788,1.0,0.024454633875225788,1.0,0.024454633875225788,1.0,0.024454633875225788,1.0,0.024454633875225788,1.0,0.024454633875225788,1.0,0.02424621370015284,0.9914772727272727,0.024454633875225788,1.0,0.024315687091843823,0.9943181818181818,0.024454633875225788,1.0,0.02417674030846186,0.9886363636363636,0.024454633875225788,1.0,0.024454633875225788,1.0,0.024454633875225788,1.0,0.022231485341114354,0.9090909090909091,0.024454633875225788,1.0,0.024385160483534805,0.9971590909090909,0.024454633875225788,1.0,0.02424621370015284,0.9914772727272727,0.024454633875225788,1.0,0.024385160483534805,0.9971590909090909,0.024454633875225788,1.0,0.024454633875225788,1.0,0.024454633875225788,1.0,0.024454633875225788,1.0,0.024454633875225788,1.0,0.024315687091843823,0.9943181818181818,0.024315687091843823,0.9943181818181818,0.024454633875225788,1.0,0.024315687091843823,0.9943181818181818,0.024454633875225788,1.0,0.024454633875225788,1.0,0.02424621370015284,0.9914772727272727,0.024315687091843823,0.9943181818181818,0.02417674030846186,0.9886363636363636,0.024454633875225788,1.0,0.024454633875225788,1.0,0.024454633875225788,1.0,0.02424621370015284,0.9914772727272727,0.024037793525079895,0.9829545454545454,0.024315687091843823,0.9943181818181818,0.024454633875225788,1.0,0.024454633875225788,1.0,0.024454633875225788,1.0,0.024385160483534805,0.9971590909090909,0.024315687091843823,0.9943181818181818,0.024454633875225788,1.0,0.024454633875225788,1.0,0.024454633875225788,1.0,0.024454633875225788,1.0,0.024315687091843823,0.9943181818181818,0.024385160483534805,0.9971590909090909,0.02424621370015284,0.9914772727272727,0.024315687091843823,0.9943181818181818,0.024315687091843823,0.9943181818181818,0.024454633875225788,1.0,0.02424621370015284,0.9914772727272727,0.024454633875225788,1.0,0.02417674030846186,0.9886363636363636,0.024454633875225788,1.0,0.024454633875225788,1.0,0.024454633875225788,1.0,0.022648325691260247,0.9261363636363636,0.024385160483534805,0.9971590909090909,0.022648325691260247,0.9261363636363636,0.024454633875225788,1.0,0.02417674030846186,0.9886363636363636,0.024454633875225788,1.0,0.024385160483534805,0.9971590909090909,0.024454633875225788,1.0,0.024315687091843823,0.9943181818181818,0.024454633875225788,1.0,0.024454633875225788,1.0,0.024454633875225788,1.0,0.023204112824788105,0.9488636363636364,0.024454633875225788,1.0,0.024454633875225788,1.0,0.024315687091843823,0.9943181818181818,0.023829373350006948,0.9744318181818182,0.024454633875225788,1.0,0.024454633875225788,1.0,0.024454633875225788,1.0,0.024315687091843823,0.9943181818181818,0.024454633875225788,1.0,0.024454633875225788,1.0,0.024454633875225788,1.0,0.023968320133388912,0.9801136363636364,0.024454633875225788,1.0,0.024454633875225788,1.0,0.024315687091843823,0.9943181818181818,0.023829373350006948,0.9744318181818182,0.024454633875225788,1.0,0.024454633875225788,1.0,0.024385160483534805,0.9971590909090909
98,0.024204084439249124,1.0,0.024204084439249124,1.0,0.024204084439249124,1.0,0.024204084439249124,1.0,0.024204084439249124,1.0,0.024204084439249124,1.0,0.024204084439249124,1.0,0.024204084439249124,1.0,0.024066561232207934,0.9943181818181818,0.024204084439249124,1.0,0.024204084439249124,1.0,0.024204084439249124,1.0,0.023929038025166747,0.9886363636363636,0.024204084439249124,1.0,0.024204084439249124,1.0,0.024204084439249124,1.0,0.02248504435123427,0.9289772727272727,0.024204084439249124,1.0,0.024204084439249124,1.0,0.024204084439249124,1.0,0.023997799628687342,0.9914772727272727,0.024204084439249124,1.0,0.024204084439249124,1.0,0.024204084439249124,1.0,0.024204084439249124,1.0,0.024204084439249124,1.0,0.024204084439249124,1.0,0.024204084439249124,1.0,0.024204084439249124,1.0,0.024066561232207934,0.9943181818181818,0.024204084439249124,1.0,0.024204084439249124,1.0,0.024204084439249124,1.0,0.024204084439249124,1.0,0.02413532283572853,0.9971590909090909,0.02413532283572853,0.9971590909090909,0.023929038025166747,0.9886363636363636,0.024204084439249124,1.0,0.024204084439249124,1.0,0.024204084439249124,1.0,0.02413532283572853,0.9971590909090909,0.023929038025166747,0.9886363636363636,0.02413532283572853,0.9971590909090909,0.024204084439249124,1.0,0.024204084439249124,1.0,0.024204084439249124,1.0,0.024204084439249124,1.0,0.024066561232207934,0.9943181818181818,0.024204084439249124,1.0,0.024204084439249124,1.0,0.024204084439249124,1.0,0.024204084439249124,1.0,0.024204084439249124,1.0,0.02413532283572853,0.9971590909090909,0.024204084439249124,1.0,0.02413532283572853,0.9971590909090909,0.024066561232207934,0.9943181818181818,0.024204084439249124,1.0,0.024066561232207934,0.9943181818181818,0.024204084439249124,1.0,0.023929038025166747,0.9886363636363636,0.024204084439249124,1.0,0.024204084439249124,1.0,0.024204084439249124,1.0,0.022828852368837242,0.9431818181818182,0.024204084439249124,1.0,0.02241628274771368,0.9261363636363636,0.024204084439249124,1.0,0.02413532283572853,0.9971590909090909,0.024204084439249124,1.0,0.02413532283572853,0.9971590909090909,0.024204084439249124,1.0,0.024066561232207934,0.9943181818181818,0.024204084439249124,1.0,0.024204084439249124,1.0,0.024204084439249124,1.0,0.023516468404043183,0.9715909090909091,0.024204084439249124,1.0,0.024204084439249124,1.0,0.02413532283572853,0.9971590909090909,0.023722753214604965,0.9801136363636364,0.024204084439249124,1.0,0.024204084439249124,1.0,0.024204084439249124,1.0,0.02413532283572853,0.9971590909090909,0.024204084439249124,1.0,0.024204084439249124,1.0,0.024204084439249124,1.0,0.02386027642164615,0.9857954545454546,0.024204084439249124,1.0,0.024204084439249124,1.0,0.02413532283572853,0.9971590909090909,0.023722753214604965,0.9801136363636364,0.024204084439249124,1.0,0.024204084439249124,1.0,0.024204084439249124,1.0
99,0.023960247770743993,1.0,0.023960247770743993,1.0,0.023960247770743993,1.0,0.023960247770743993,1.0,0.023960247770743993,1.0,0.023960247770743993,1.0,0.023960247770743993,1.0,0.023960247770743993,1.0,0.023892178885031652,0.9971590909090909,0.023960247770743993,1.0,0.023960247770743993,1.0,0.023960247770743993,1.0,0.02375604111360697,0.9914772727272727,0.023960247770743993,1.0,0.023960247770743993,1.0,0.023960247770743993,1.0,0.02307535225648356,0.9630681818181818,0.023960247770743993,1.0,0.023960247770743993,1.0,0.023960247770743993,1.0,0.023892178885031652,0.9971590909090909,0.023960247770743993,1.0,0.023960247770743993,1.0,0.023960247770743993,1.0,0.023960247770743993,1.0,0.023960247770743993,1.0,0.023960247770743993,1.0,0.023960247770743993,1.0,0.023960247770743993,1.0,0.023892178885031652,0.9971590909090909,0.023960247770743993,1.0,0.023960247770743993,1.0,0.023960247770743993,1.0,0.023960247770743993,1.0,0.023960247770743993,1.0,0.023960247770743993,1.0,0.02382410999931931,0.9943181818181818,0.023960247770743993,1.0,0.023960247770743993,1.0,0.023960247770743993,1.0,0.023960247770743993,1.0,0.02382410999931931,0.9943181818181818,0.023960247770743993,1.0,0.023960247770743993,1.0,0.023960247770743993,1.0,0.023960247770743993,1.0,0.023960247770743993,1.0,0.02382410999931931,0.9943181818181818,0.023960247770743993,1.0,0.023960247770743993,1.0,0.023960247770743993,1.0,0.023960247770743993,1.0,0.023960247770743993,1.0,0.023892178885031652,0.9971590909090909,0.023960247770743993,1.0,0.023960247770743993,1.0,0.02382410999931931,0.9943181818181818,0.023960247770743993,1.0,0.023960247770743993,1.0,0.023960247770743993,1.0,0.02382410999931931,0.9943181818181818,0.023960247770743993,1.0,0.023960247770743993,1.0,0.023960247770743993,1.0,0.022939214485058878,0.9573863636363636,0.023960247770743993,1.0,0.02307535225648356,0.9630681818181818,0.023960247770743993,1.0,0.023892178885031652,0.9971590909090909,0.023960247770743993,1.0,0.023960247770743993,1.0,0.023960247770743993,1.0,0.023892178885031652,0.9971590909090909,0.023960247770743993,1.0,0.023960247770743993,1.0,0.023960247770743993,1.0,0.02355183445646995,0.9829545454545454,0.023960247770743993,1.0,0.023960247770743993,1.0,0.023960247770743993,1.0,0.02382410999931931,0.9943181818181818,0.023960247770743993,1.0,0.023960247770743993,1.0,0.023960247770743993,1.0,0.023892178885031652,0.9971590909090909,0.023960247770743993,1.0,0.023960247770743993,1.0,0.023960247770743993,1.0,0.02368797222789463,0.9886363636363636,0.023960247770743993,1.0,0.023960247770743993,1.0,0.023960247770743993,1.0,0.02382410999931931,0.9943181818181818,0.023960247770743993,1.0,0.023960247770743993,1.0,0.023960247770743993,1.0
100,0.02371967654986523,1.0,0.02371967654986523,1.0,0.02371967654986523,1.0,0.02371967654986523,1.0,0.02371967654986523,1.0,0.02371967654986523,1.0,0.02371967654986523,1.0,0.02371967654986523,1.0,0.02371967654986523,1.0,0.02371967654986523,1.0,0.02371967654986523,1.0,0.02371967654986523,1.0,0.02371967654986523,1.0,0.02371967654986523,1.0,0.02371967654986523,1.0,0.02371967654986523,1.0,0.02371967654986523,1.0,0.02371967654986523,1.0,0.02371967654986523,1.0,0.02371967654986523,1.0,0.02371967654986523,1.0,0.02371967654986523,1.0,0.02371967654986523,1.0,0.02371967654986523,1.0,0.02371967654986523,1.0,0.02371967654986523,1.0,0.02371967654986523,1.0,0.02371967654986523,1.0,0.02371967654986523,1.0,0.02371967654986523,1.0,0.02371967654986523,1.0,0.02371967654986523,1.0,0.02371967654986523,1.0,0.02371967654986523,1.0,0.02371967654986523,1.0,0.02371967654986523,1.0,0.02371967654986523,1.0,0.02371967654986523,1.0,0.02371967654986523,1.0,0.02371967654986523,1.0,0.02371967654986523,1.0,0.02371967654986523,1.0,0.02371967654986523,1.0,0.02371967654986523,1.0,0.02371967654986523,1.0,0.02371967654986523,1.0,0.02371967654986523,1.0,0.02371967654986523,1.0,0.02371967654986523,1.0,0.02371967654986523,1.0,0.02371967654986523,1.0,0.02371967654986523,1.0,0.02371967654986523,1.0,0.02371967654986523,1.0,0.02371967654986523,1.0,0.02371967654986523,1.0,0.02371967654986523,1.0,0.02371967654986523,1.0,0.02371967654986523,1.0,0.02371967654986523,1.0,0.02371967654986523,1.0,0.02371967654986523,1.0,0.02371967654986523,1.0,0.02371967654986523,1.0,0.02371967654986523,1.0,0.02371967654986523,1.0,0.02371967654986523,1.0,0.02371967654986523,1.0,0.02371967654986523,1.0,0.02371967654986523,1.0,0.02371967654986523,1.0,0.02371967654986523,1.0,0.02371967654986523,1.0,0.02371967654986523,1.0,0.02371967654986523,1.0,0.02371967654986523,1.0,0.02371967654986523,1.0,0.02371967654986523,1.0,0.02371967654986523,1.0,0.02371967654986523,1.0,0.02371967654986523,1.0,0.02371967654986523,1.0,0.02371967654986523,1.0,0.02371967654986523,1.0,0.02371967654986523,1.0,0.02371967654986523,1.0,0.02371967654986523,1.0,0.02371967654986523,1.0,0.02371967654986523,1.0,0.02371967654986523,1.0,0.02371967654986523,1.0,0.02371967654986523,1.0,0.02371967654986523,1.0,0.02371967654986523,1.0,0.02371967654986523,1.0,0.02371967654986523,1.0
